ISO-10303-21;
HEADER;
/*Generated by software containing ST-Developer
 * from STEP Tools, Inc. (www.steptools.com) 
 */
/*OPTION: using custom renumber hook */
/*description */
/*implementation_level */
FILE_DESCRIPTION(('STEP AP242 Edition 2','STEP AP242 Edition 2''CAx-IF Rec.Pracs.---Representation and Presentation of Product Manufa
cturing Information (PMI)---4.0---2014-10-13','STEP AP242 Edition 2''CAx-IF Rec.Pracs.---Representation and Presentation of Product Manufa
cturing Information (PMI)---4.0---2014-10-13''CAx-IF Rec.Pracs.---3D Tessellated Geometry---0.4---2014-09-14','STEP AP242 Edition 2''CAx-IF Rec.Pracs.---Representation and Presentation of Product Manufa
cturing Information (PMI)---4.0---2014-10-13''CAx-IF Rec.Pracs.---3D Tessellated Geometry---0.4---2014-09-14''2;1','STEP AP242 Edition 2''CAx-IF Rec.Pracs.---Representation and Presentation of Product Manufa
cturing Information (PMI)---4.0---2014-10-13''CAx-IF Rec.Pracs.---3D Tessellated Geometry---0.4---2014-09-14''2;1''CAx-IF Rec.Pracs.---User Defined Attributes---1.5---2016-08-15'),'2;1');
/*name */
/*time_stamp */
/*author */
/*organization */
/*preprocessor_version */
/*originating_system */
/*authorisation */
FILE_NAME('/vol/tmp/translate-8836797972462374559/5+r-shift-gate.step','2026-07-08T16:40:28',(''),(''),'ST-DEVELOPER v20','ONSHAPE BY PTC INC, 1.217','  ');
FILE_SCHEMA(('AP242_MANAGED_MODEL_BASED_3D_ENGINEERING_MIM_LF { 1 0 10303 442 3 1 4 }'));
ENDSEC;
DATA;
#10=SHAPE_REPRESENTATION_RELATIONSHIP('','',#2096,#11);
#11=ADVANCED_BREP_SHAPE_REPRESENTATION('',(#2094),#3544);
#12=CONICAL_SURFACE('',#2224,0.002,0.785398163397448);
#13=CONICAL_SURFACE('',#2227,0.002,0.785398163397448);
#14=CONICAL_SURFACE('',#2228,0.007,0.785398163397449);
#15=CONICAL_SURFACE('',#2231,0.007,0.785398163397448);
#16=CONICAL_SURFACE('',#2232,0.007,0.785398163397449);
#17=CONICAL_SURFACE('',#2235,0.007,0.785398163397449);
#18=CONICAL_SURFACE('',#2236,0.007,0.785398163397448);
#19=CONICAL_SURFACE('',#2239,0.002,0.785398163397448);
#20=CONICAL_SURFACE('',#2240,0.007,0.785398163397448);
#21=CONICAL_SURFACE('',#2243,0.002,0.785398163397448);
#22=CONICAL_SURFACE('',#2244,0.002,0.785398163397448);
#23=CONICAL_SURFACE('',#2247,0.007,0.785398163397448);
#24=CONICAL_SURFACE('',#2248,0.002,0.785398163397448);
#25=CONICAL_SURFACE('',#2251,0.007,0.785398163397449);
#26=CONICAL_SURFACE('',#2252,0.007,0.785398163397448);
#27=CONICAL_SURFACE('',#2255,0.002,0.785398163397448);
#28=CONICAL_SURFACE('',#2257,0.007,0.785398163397448);
#29=CONICAL_SURFACE('',#2260,0.002,0.785398163397448);
#30=CONICAL_SURFACE('',#2262,0.002,0.785398163397448);
#31=CONICAL_SURFACE('',#2265,0.007,0.785398163397448);
#32=CONICAL_SURFACE('',#2267,0.002,0.785398163397448);
#33=CONICAL_SURFACE('',#2270,0.007,0.785398163397449);
#34=CONICAL_SURFACE('',#2272,0.007,0.785398163397448);
#35=CONICAL_SURFACE('',#2275,0.007,0.785398163397448);
#36=CONICAL_SURFACE('',#2277,0.007,0.785398163397448);
#37=CONICAL_SURFACE('',#2280,0.007,0.785398163397448);
#38=CONICAL_SURFACE('',#2282,0.002,0.785398163397448);
#39=CONICAL_SURFACE('',#2286,0.002,0.785398163397448);
#40=CIRCLE('',#2100,0.01);
#41=CIRCLE('',#2101,0.01);
#42=CIRCLE('',#2104,0.01);
#43=CIRCLE('',#2105,0.01);
#44=CIRCLE('',#2108,0.01);
#45=CIRCLE('',#2109,0.01);
#46=CIRCLE('',#2113,0.002);
#47=CIRCLE('',#2114,0.002);
#48=CIRCLE('',#2117,0.005);
#49=CIRCLE('',#2118,0.005);
#50=CIRCLE('',#2121,0.005);
#51=CIRCLE('',#2122,0.005);
#52=CIRCLE('',#2125,0.002);
#53=CIRCLE('',#2126,0.002);
#54=CIRCLE('',#2129,0.002);
#55=CIRCLE('',#2130,0.002);
#56=CIRCLE('',#2133,0.005);
#57=CIRCLE('',#2134,0.005);
#58=CIRCLE('',#2137,0.005);
#59=CIRCLE('',#2138,0.005);
#60=CIRCLE('',#2141,0.005);
#61=CIRCLE('',#2142,0.005);
#62=CIRCLE('',#2145,0.005);
#63=CIRCLE('',#2146,0.005);
#64=CIRCLE('',#2149,0.002);
#65=CIRCLE('',#2150,0.002);
#66=CIRCLE('',#2153,0.002);
#67=CIRCLE('',#2154,0.002);
#68=CIRCLE('',#2157,0.005);
#69=CIRCLE('',#2158,0.005);
#70=CIRCLE('',#2161,0.005);
#71=CIRCLE('',#2162,0.005);
#72=CIRCLE('',#2165,0.002);
#73=CIRCLE('',#2166,0.002);
#74=CIRCLE('',#2169,0.002);
#75=CIRCLE('',#2170,0.002);
#76=CIRCLE('',#2173,0.005);
#77=CIRCLE('',#2174,0.005);
#78=CIRCLE('',#2177,0.005);
#79=CIRCLE('',#2178,0.005);
#80=CIRCLE('',#2181,0.005);
#81=CIRCLE('',#2182,0.005);
#82=CIRCLE('',#2185,0.005);
#83=CIRCLE('',#2186,0.005);
#84=CIRCLE('',#2189,0.002);
#85=CIRCLE('',#2190,0.002);
#86=CIRCLE('',#2192,0.01);
#87=CIRCLE('',#2193,0.01);
#88=CIRCLE('',#2195,0.004125);
#89=CIRCLE('',#2196,0.004125);
#90=CIRCLE('',#2197,0.004125);
#91=CIRCLE('',#2198,0.004125);
#92=CIRCLE('',#2199,0.004125);
#93=CIRCLE('',#2200,0.004125);
#94=CIRCLE('',#2202,0.002);
#95=CIRCLE('',#2203,0.002);
#96=CIRCLE('',#2204,0.002);
#97=CIRCLE('',#2205,0.002);
#98=CIRCLE('',#2206,0.002);
#99=CIRCLE('',#2207,0.002);
#100=CIRCLE('',#2208,0.007);
#101=CIRCLE('',#2209,0.007);
#102=CIRCLE('',#2210,0.007);
#103=CIRCLE('',#2211,0.007);
#104=CIRCLE('',#2212,0.007);
#105=CIRCLE('',#2213,0.007);
#106=CIRCLE('',#2214,0.007);
#107=CIRCLE('',#2215,0.007);
#108=CIRCLE('',#2216,0.007);
#109=CIRCLE('',#2217,0.007);
#110=CIRCLE('',#2218,0.007);
#111=CIRCLE('',#2219,0.007);
#112=CIRCLE('',#2220,0.007);
#113=CIRCLE('',#2221,0.007);
#114=CIRCLE('',#2222,0.007);
#115=CIRCLE('',#2223,0.007);
#116=CIRCLE('',#2256,0.002);
#117=CIRCLE('',#2261,0.002);
#118=CIRCLE('',#2266,0.005);
#119=CIRCLE('',#2271,0.005);
#120=CIRCLE('',#2276,0.005);
#121=CIRCLE('',#2281,0.005);
#122=CIRCLE('',#2283,0.002);
#123=CIRCLE('',#2287,0.002);
#124=CIRCLE('',#2289,0.002);
#125=CIRCLE('',#2291,0.004125);
#126=CIRCLE('',#2294,0.002);
#127=CIRCLE('',#2296,0.004125);
#128=CIRCLE('',#2299,0.002);
#129=CIRCLE('',#2301,0.004125);
#130=CIRCLE('',#2304,0.002);
#131=CIRCLE('',#2306,0.004125);
#132=CIRCLE('',#2309,0.002);
#133=CIRCLE('',#2311,0.004125);
#134=CIRCLE('',#2314,0.002);
#135=CIRCLE('',#2316,0.004125);
#136=CYLINDRICAL_SURFACE('',#2099,0.01);
#137=CYLINDRICAL_SURFACE('',#2103,0.01);
#138=CYLINDRICAL_SURFACE('',#2107,0.01);
#139=CYLINDRICAL_SURFACE('',#2112,0.002);
#140=CYLINDRICAL_SURFACE('',#2116,0.005);
#141=CYLINDRICAL_SURFACE('',#2120,0.005);
#142=CYLINDRICAL_SURFACE('',#2124,0.002);
#143=CYLINDRICAL_SURFACE('',#2128,0.002);
#144=CYLINDRICAL_SURFACE('',#2132,0.005);
#145=CYLINDRICAL_SURFACE('',#2136,0.005);
#146=CYLINDRICAL_SURFACE('',#2140,0.005);
#147=CYLINDRICAL_SURFACE('',#2144,0.005);
#148=CYLINDRICAL_SURFACE('',#2148,0.002);
#149=CYLINDRICAL_SURFACE('',#2152,0.002);
#150=CYLINDRICAL_SURFACE('',#2156,0.005);
#151=CYLINDRICAL_SURFACE('',#2160,0.005);
#152=CYLINDRICAL_SURFACE('',#2164,0.002);
#153=CYLINDRICAL_SURFACE('',#2168,0.002);
#154=CYLINDRICAL_SURFACE('',#2172,0.005);
#155=CYLINDRICAL_SURFACE('',#2176,0.005);
#156=CYLINDRICAL_SURFACE('',#2180,0.005);
#157=CYLINDRICAL_SURFACE('',#2184,0.005);
#158=CYLINDRICAL_SURFACE('',#2188,0.002);
#159=CYLINDRICAL_SURFACE('',#2191,0.01);
#160=CYLINDRICAL_SURFACE('',#2288,0.002);
#161=CYLINDRICAL_SURFACE('',#2292,0.004125);
#162=CYLINDRICAL_SURFACE('',#2293,0.002);
#163=CYLINDRICAL_SURFACE('',#2297,0.004125);
#164=CYLINDRICAL_SURFACE('',#2298,0.002);
#165=CYLINDRICAL_SURFACE('',#2302,0.004125);
#166=CYLINDRICAL_SURFACE('',#2303,0.002);
#167=CYLINDRICAL_SURFACE('',#2307,0.004125);
#168=CYLINDRICAL_SURFACE('',#2308,0.002);
#169=CYLINDRICAL_SURFACE('',#2312,0.004125);
#170=CYLINDRICAL_SURFACE('',#2313,0.002);
#171=CYLINDRICAL_SURFACE('',#2317,0.004125);
#172=ORIENTED_EDGE('',*,*,#742,.F.);
#173=ORIENTED_EDGE('',*,*,#743,.F.);
#174=ORIENTED_EDGE('',*,*,#744,.T.);
#175=ORIENTED_EDGE('',*,*,#745,.T.);
#176=ORIENTED_EDGE('',*,*,#746,.T.);
#177=ORIENTED_EDGE('',*,*,#747,.F.);
#178=ORIENTED_EDGE('',*,*,#748,.F.);
#179=ORIENTED_EDGE('',*,*,#743,.T.);
#180=ORIENTED_EDGE('',*,*,#749,.F.);
#181=ORIENTED_EDGE('',*,*,#750,.F.);
#182=ORIENTED_EDGE('',*,*,#751,.T.);
#183=ORIENTED_EDGE('',*,*,#747,.T.);
#184=ORIENTED_EDGE('',*,*,#752,.T.);
#185=ORIENTED_EDGE('',*,*,#753,.F.);
#186=ORIENTED_EDGE('',*,*,#754,.F.);
#187=ORIENTED_EDGE('',*,*,#750,.T.);
#188=ORIENTED_EDGE('',*,*,#755,.T.);
#189=ORIENTED_EDGE('',*,*,#756,.F.);
#190=ORIENTED_EDGE('',*,*,#757,.F.);
#191=ORIENTED_EDGE('',*,*,#753,.T.);
#192=ORIENTED_EDGE('',*,*,#758,.T.);
#193=ORIENTED_EDGE('',*,*,#759,.F.);
#194=ORIENTED_EDGE('',*,*,#760,.F.);
#195=ORIENTED_EDGE('',*,*,#756,.T.);
#196=ORIENTED_EDGE('',*,*,#761,.T.);
#197=ORIENTED_EDGE('',*,*,#762,.F.);
#198=ORIENTED_EDGE('',*,*,#763,.F.);
#199=ORIENTED_EDGE('',*,*,#759,.T.);
#200=ORIENTED_EDGE('',*,*,#764,.T.);
#201=ORIENTED_EDGE('',*,*,#765,.T.);
#202=ORIENTED_EDGE('',*,*,#766,.F.);
#203=ORIENTED_EDGE('',*,*,#767,.T.);
#204=ORIENTED_EDGE('',*,*,#766,.T.);
#205=ORIENTED_EDGE('',*,*,#768,.T.);
#206=ORIENTED_EDGE('',*,*,#769,.F.);
#207=ORIENTED_EDGE('',*,*,#770,.F.);
#208=ORIENTED_EDGE('',*,*,#769,.T.);
#209=ORIENTED_EDGE('',*,*,#771,.T.);
#210=ORIENTED_EDGE('',*,*,#772,.F.);
#211=ORIENTED_EDGE('',*,*,#773,.T.);
#212=ORIENTED_EDGE('',*,*,#772,.T.);
#213=ORIENTED_EDGE('',*,*,#774,.T.);
#214=ORIENTED_EDGE('',*,*,#775,.F.);
#215=ORIENTED_EDGE('',*,*,#776,.T.);
#216=ORIENTED_EDGE('',*,*,#775,.T.);
#217=ORIENTED_EDGE('',*,*,#777,.T.);
#218=ORIENTED_EDGE('',*,*,#778,.F.);
#219=ORIENTED_EDGE('',*,*,#779,.T.);
#220=ORIENTED_EDGE('',*,*,#778,.T.);
#221=ORIENTED_EDGE('',*,*,#780,.T.);
#222=ORIENTED_EDGE('',*,*,#781,.F.);
#223=ORIENTED_EDGE('',*,*,#782,.T.);
#224=ORIENTED_EDGE('',*,*,#781,.T.);
#225=ORIENTED_EDGE('',*,*,#783,.T.);
#226=ORIENTED_EDGE('',*,*,#784,.F.);
#227=ORIENTED_EDGE('',*,*,#785,.F.);
#228=ORIENTED_EDGE('',*,*,#784,.T.);
#229=ORIENTED_EDGE('',*,*,#786,.T.);
#230=ORIENTED_EDGE('',*,*,#787,.F.);
#231=ORIENTED_EDGE('',*,*,#788,.F.);
#232=ORIENTED_EDGE('',*,*,#787,.T.);
#233=ORIENTED_EDGE('',*,*,#789,.T.);
#234=ORIENTED_EDGE('',*,*,#790,.F.);
#235=ORIENTED_EDGE('',*,*,#791,.F.);
#236=ORIENTED_EDGE('',*,*,#790,.T.);
#237=ORIENTED_EDGE('',*,*,#792,.T.);
#238=ORIENTED_EDGE('',*,*,#793,.F.);
#239=ORIENTED_EDGE('',*,*,#794,.F.);
#240=ORIENTED_EDGE('',*,*,#793,.T.);
#241=ORIENTED_EDGE('',*,*,#795,.T.);
#242=ORIENTED_EDGE('',*,*,#796,.F.);
#243=ORIENTED_EDGE('',*,*,#797,.T.);
#244=ORIENTED_EDGE('',*,*,#796,.T.);
#245=ORIENTED_EDGE('',*,*,#798,.T.);
#246=ORIENTED_EDGE('',*,*,#799,.F.);
#247=ORIENTED_EDGE('',*,*,#800,.T.);
#248=ORIENTED_EDGE('',*,*,#799,.T.);
#249=ORIENTED_EDGE('',*,*,#801,.T.);
#250=ORIENTED_EDGE('',*,*,#802,.F.);
#251=ORIENTED_EDGE('',*,*,#803,.T.);
#252=ORIENTED_EDGE('',*,*,#802,.T.);
#253=ORIENTED_EDGE('',*,*,#804,.T.);
#254=ORIENTED_EDGE('',*,*,#805,.F.);
#255=ORIENTED_EDGE('',*,*,#806,.T.);
#256=ORIENTED_EDGE('',*,*,#807,.F.);
#257=ORIENTED_EDGE('',*,*,#808,.F.);
#258=ORIENTED_EDGE('',*,*,#805,.T.);
#259=ORIENTED_EDGE('',*,*,#809,.T.);
#260=ORIENTED_EDGE('',*,*,#810,.F.);
#261=ORIENTED_EDGE('',*,*,#811,.T.);
#262=ORIENTED_EDGE('',*,*,#807,.T.);
#263=ORIENTED_EDGE('',*,*,#812,.T.);
#264=ORIENTED_EDGE('',*,*,#813,.F.);
#265=ORIENTED_EDGE('',*,*,#814,.T.);
#266=ORIENTED_EDGE('',*,*,#813,.T.);
#267=ORIENTED_EDGE('',*,*,#815,.T.);
#268=ORIENTED_EDGE('',*,*,#816,.F.);
#269=ORIENTED_EDGE('',*,*,#817,.F.);
#270=ORIENTED_EDGE('',*,*,#816,.T.);
#271=ORIENTED_EDGE('',*,*,#818,.T.);
#272=ORIENTED_EDGE('',*,*,#819,.F.);
#273=ORIENTED_EDGE('',*,*,#820,.T.);
#274=ORIENTED_EDGE('',*,*,#819,.T.);
#275=ORIENTED_EDGE('',*,*,#821,.T.);
#276=ORIENTED_EDGE('',*,*,#822,.F.);
#277=ORIENTED_EDGE('',*,*,#823,.F.);
#278=ORIENTED_EDGE('',*,*,#822,.T.);
#279=ORIENTED_EDGE('',*,*,#824,.T.);
#280=ORIENTED_EDGE('',*,*,#825,.F.);
#281=ORIENTED_EDGE('',*,*,#826,.F.);
#282=ORIENTED_EDGE('',*,*,#825,.T.);
#283=ORIENTED_EDGE('',*,*,#827,.T.);
#284=ORIENTED_EDGE('',*,*,#828,.F.);
#285=ORIENTED_EDGE('',*,*,#829,.F.);
#286=ORIENTED_EDGE('',*,*,#828,.T.);
#287=ORIENTED_EDGE('',*,*,#830,.T.);
#288=ORIENTED_EDGE('',*,*,#831,.F.);
#289=ORIENTED_EDGE('',*,*,#832,.F.);
#290=ORIENTED_EDGE('',*,*,#831,.T.);
#291=ORIENTED_EDGE('',*,*,#833,.T.);
#292=ORIENTED_EDGE('',*,*,#834,.F.);
#293=ORIENTED_EDGE('',*,*,#835,.T.);
#294=ORIENTED_EDGE('',*,*,#834,.T.);
#295=ORIENTED_EDGE('',*,*,#836,.T.);
#296=ORIENTED_EDGE('',*,*,#837,.F.);
#297=ORIENTED_EDGE('',*,*,#838,.T.);
#298=ORIENTED_EDGE('',*,*,#837,.T.);
#299=ORIENTED_EDGE('',*,*,#839,.T.);
#300=ORIENTED_EDGE('',*,*,#840,.F.);
#301=ORIENTED_EDGE('',*,*,#841,.F.);
#302=ORIENTED_EDGE('',*,*,#840,.T.);
#303=ORIENTED_EDGE('',*,*,#842,.T.);
#304=ORIENTED_EDGE('',*,*,#843,.F.);
#305=ORIENTED_EDGE('',*,*,#844,.T.);
#306=ORIENTED_EDGE('',*,*,#843,.T.);
#307=ORIENTED_EDGE('',*,*,#845,.T.);
#308=ORIENTED_EDGE('',*,*,#846,.F.);
#309=ORIENTED_EDGE('',*,*,#847,.F.);
#310=ORIENTED_EDGE('',*,*,#846,.T.);
#311=ORIENTED_EDGE('',*,*,#848,.T.);
#312=ORIENTED_EDGE('',*,*,#849,.F.);
#313=ORIENTED_EDGE('',*,*,#850,.F.);
#314=ORIENTED_EDGE('',*,*,#849,.T.);
#315=ORIENTED_EDGE('',*,*,#851,.T.);
#316=ORIENTED_EDGE('',*,*,#852,.F.);
#317=ORIENTED_EDGE('',*,*,#853,.F.);
#318=ORIENTED_EDGE('',*,*,#852,.T.);
#319=ORIENTED_EDGE('',*,*,#854,.T.);
#320=ORIENTED_EDGE('',*,*,#855,.F.);
#321=ORIENTED_EDGE('',*,*,#856,.F.);
#322=ORIENTED_EDGE('',*,*,#855,.T.);
#323=ORIENTED_EDGE('',*,*,#857,.T.);
#324=ORIENTED_EDGE('',*,*,#858,.F.);
#325=ORIENTED_EDGE('',*,*,#859,.T.);
#326=ORIENTED_EDGE('',*,*,#858,.T.);
#327=ORIENTED_EDGE('',*,*,#860,.T.);
#328=ORIENTED_EDGE('',*,*,#861,.F.);
#329=ORIENTED_EDGE('',*,*,#862,.T.);
#330=ORIENTED_EDGE('',*,*,#861,.T.);
#331=ORIENTED_EDGE('',*,*,#863,.T.);
#332=ORIENTED_EDGE('',*,*,#864,.F.);
#333=ORIENTED_EDGE('',*,*,#865,.F.);
#334=ORIENTED_EDGE('',*,*,#864,.T.);
#335=ORIENTED_EDGE('',*,*,#866,.T.);
#336=ORIENTED_EDGE('',*,*,#867,.F.);
#337=ORIENTED_EDGE('',*,*,#868,.T.);
#338=ORIENTED_EDGE('',*,*,#867,.T.);
#339=ORIENTED_EDGE('',*,*,#869,.T.);
#340=ORIENTED_EDGE('',*,*,#870,.F.);
#341=ORIENTED_EDGE('',*,*,#871,.F.);
#342=ORIENTED_EDGE('',*,*,#870,.T.);
#343=ORIENTED_EDGE('',*,*,#872,.T.);
#344=ORIENTED_EDGE('',*,*,#873,.F.);
#345=ORIENTED_EDGE('',*,*,#874,.T.);
#346=ORIENTED_EDGE('',*,*,#873,.T.);
#347=ORIENTED_EDGE('',*,*,#875,.T.);
#348=ORIENTED_EDGE('',*,*,#876,.F.);
#349=ORIENTED_EDGE('',*,*,#877,.T.);
#350=ORIENTED_EDGE('',*,*,#876,.T.);
#351=ORIENTED_EDGE('',*,*,#878,.T.);
#352=ORIENTED_EDGE('',*,*,#879,.F.);
#353=ORIENTED_EDGE('',*,*,#880,.T.);
#354=ORIENTED_EDGE('',*,*,#879,.T.);
#355=ORIENTED_EDGE('',*,*,#881,.T.);
#356=ORIENTED_EDGE('',*,*,#882,.F.);
#357=ORIENTED_EDGE('',*,*,#883,.T.);
#358=ORIENTED_EDGE('',*,*,#882,.T.);
#359=ORIENTED_EDGE('',*,*,#884,.T.);
#360=ORIENTED_EDGE('',*,*,#764,.F.);
#361=ORIENTED_EDGE('',*,*,#885,.F.);
#362=ORIENTED_EDGE('',*,*,#886,.T.);
#363=ORIENTED_EDGE('',*,*,#745,.F.);
#364=ORIENTED_EDGE('',*,*,#887,.F.);
#365=ORIENTED_EDGE('',*,*,#762,.T.);
#366=ORIENTED_EDGE('',*,*,#808,.T.);
#367=ORIENTED_EDGE('',*,*,#814,.F.);
#368=ORIENTED_EDGE('',*,*,#817,.T.);
#369=ORIENTED_EDGE('',*,*,#820,.F.);
#370=ORIENTED_EDGE('',*,*,#823,.T.);
#371=ORIENTED_EDGE('',*,*,#826,.T.);
#372=ORIENTED_EDGE('',*,*,#829,.T.);
#373=ORIENTED_EDGE('',*,*,#832,.T.);
#374=ORIENTED_EDGE('',*,*,#835,.F.);
#375=ORIENTED_EDGE('',*,*,#838,.F.);
#376=ORIENTED_EDGE('',*,*,#841,.T.);
#377=ORIENTED_EDGE('',*,*,#844,.F.);
#378=ORIENTED_EDGE('',*,*,#847,.T.);
#379=ORIENTED_EDGE('',*,*,#850,.T.);
#380=ORIENTED_EDGE('',*,*,#853,.T.);
#381=ORIENTED_EDGE('',*,*,#856,.T.);
#382=ORIENTED_EDGE('',*,*,#859,.F.);
#383=ORIENTED_EDGE('',*,*,#862,.F.);
#384=ORIENTED_EDGE('',*,*,#865,.T.);
#385=ORIENTED_EDGE('',*,*,#868,.F.);
#386=ORIENTED_EDGE('',*,*,#871,.T.);
#387=ORIENTED_EDGE('',*,*,#874,.F.);
#388=ORIENTED_EDGE('',*,*,#877,.F.);
#389=ORIENTED_EDGE('',*,*,#880,.F.);
#390=ORIENTED_EDGE('',*,*,#883,.F.);
#391=ORIENTED_EDGE('',*,*,#885,.T.);
#392=ORIENTED_EDGE('',*,*,#767,.F.);
#393=ORIENTED_EDGE('',*,*,#770,.T.);
#394=ORIENTED_EDGE('',*,*,#773,.F.);
#395=ORIENTED_EDGE('',*,*,#776,.F.);
#396=ORIENTED_EDGE('',*,*,#779,.F.);
#397=ORIENTED_EDGE('',*,*,#782,.F.);
#398=ORIENTED_EDGE('',*,*,#785,.T.);
#399=ORIENTED_EDGE('',*,*,#788,.T.);
#400=ORIENTED_EDGE('',*,*,#791,.T.);
#401=ORIENTED_EDGE('',*,*,#794,.T.);
#402=ORIENTED_EDGE('',*,*,#797,.F.);
#403=ORIENTED_EDGE('',*,*,#800,.F.);
#404=ORIENTED_EDGE('',*,*,#803,.F.);
#405=ORIENTED_EDGE('',*,*,#806,.F.);
#406=ORIENTED_EDGE('',*,*,#888,.T.);
#407=ORIENTED_EDGE('',*,*,#889,.T.);
#408=ORIENTED_EDGE('',*,*,#890,.T.);
#409=ORIENTED_EDGE('',*,*,#891,.T.);
#410=ORIENTED_EDGE('',*,*,#892,.T.);
#411=ORIENTED_EDGE('',*,*,#893,.T.);
#412=ORIENTED_EDGE('',*,*,#744,.F.);
#413=ORIENTED_EDGE('',*,*,#748,.T.);
#414=ORIENTED_EDGE('',*,*,#751,.F.);
#415=ORIENTED_EDGE('',*,*,#754,.T.);
#416=ORIENTED_EDGE('',*,*,#757,.T.);
#417=ORIENTED_EDGE('',*,*,#760,.T.);
#418=ORIENTED_EDGE('',*,*,#763,.T.);
#419=ORIENTED_EDGE('',*,*,#887,.T.);
#420=ORIENTED_EDGE('',*,*,#894,.F.);
#421=ORIENTED_EDGE('',*,*,#895,.F.);
#422=ORIENTED_EDGE('',*,*,#896,.F.);
#423=ORIENTED_EDGE('',*,*,#897,.F.);
#424=ORIENTED_EDGE('',*,*,#898,.F.);
#425=ORIENTED_EDGE('',*,*,#899,.F.);
#426=ORIENTED_EDGE('',*,*,#900,.T.);
#427=ORIENTED_EDGE('',*,*,#901,.T.);
#428=ORIENTED_EDGE('',*,*,#902,.T.);
#429=ORIENTED_EDGE('',*,*,#903,.T.);
#430=ORIENTED_EDGE('',*,*,#904,.T.);
#431=ORIENTED_EDGE('',*,*,#905,.T.);
#432=ORIENTED_EDGE('',*,*,#906,.T.);
#433=ORIENTED_EDGE('',*,*,#907,.T.);
#434=ORIENTED_EDGE('',*,*,#908,.T.);
#435=ORIENTED_EDGE('',*,*,#909,.T.);
#436=ORIENTED_EDGE('',*,*,#910,.T.);
#437=ORIENTED_EDGE('',*,*,#911,.T.);
#438=ORIENTED_EDGE('',*,*,#912,.T.);
#439=ORIENTED_EDGE('',*,*,#913,.T.);
#440=ORIENTED_EDGE('',*,*,#914,.T.);
#441=ORIENTED_EDGE('',*,*,#915,.T.);
#442=ORIENTED_EDGE('',*,*,#916,.T.);
#443=ORIENTED_EDGE('',*,*,#917,.T.);
#444=ORIENTED_EDGE('',*,*,#918,.T.);
#445=ORIENTED_EDGE('',*,*,#919,.T.);
#446=ORIENTED_EDGE('',*,*,#920,.T.);
#447=ORIENTED_EDGE('',*,*,#921,.T.);
#448=ORIENTED_EDGE('',*,*,#922,.T.);
#449=ORIENTED_EDGE('',*,*,#923,.T.);
#450=ORIENTED_EDGE('',*,*,#924,.T.);
#451=ORIENTED_EDGE('',*,*,#925,.T.);
#452=ORIENTED_EDGE('',*,*,#926,.T.);
#453=ORIENTED_EDGE('',*,*,#927,.T.);
#454=ORIENTED_EDGE('',*,*,#928,.T.);
#455=ORIENTED_EDGE('',*,*,#929,.T.);
#456=ORIENTED_EDGE('',*,*,#930,.T.);
#457=ORIENTED_EDGE('',*,*,#931,.T.);
#458=ORIENTED_EDGE('',*,*,#932,.T.);
#459=ORIENTED_EDGE('',*,*,#933,.T.);
#460=ORIENTED_EDGE('',*,*,#934,.T.);
#461=ORIENTED_EDGE('',*,*,#935,.T.);
#462=ORIENTED_EDGE('',*,*,#936,.T.);
#463=ORIENTED_EDGE('',*,*,#937,.T.);
#464=ORIENTED_EDGE('',*,*,#938,.T.);
#465=ORIENTED_EDGE('',*,*,#939,.T.);
#466=ORIENTED_EDGE('',*,*,#940,.T.);
#467=ORIENTED_EDGE('',*,*,#941,.T.);
#468=ORIENTED_EDGE('',*,*,#942,.T.);
#469=ORIENTED_EDGE('',*,*,#943,.T.);
#470=ORIENTED_EDGE('',*,*,#742,.T.);
#471=ORIENTED_EDGE('',*,*,#886,.F.);
#472=ORIENTED_EDGE('',*,*,#761,.F.);
#473=ORIENTED_EDGE('',*,*,#758,.F.);
#474=ORIENTED_EDGE('',*,*,#755,.F.);
#475=ORIENTED_EDGE('',*,*,#752,.F.);
#476=ORIENTED_EDGE('',*,*,#749,.T.);
#477=ORIENTED_EDGE('',*,*,#746,.F.);
#478=ORIENTED_EDGE('',*,*,#944,.F.);
#479=ORIENTED_EDGE('',*,*,#945,.F.);
#480=ORIENTED_EDGE('',*,*,#884,.F.);
#481=ORIENTED_EDGE('',*,*,#945,.T.);
#482=ORIENTED_EDGE('',*,*,#922,.F.);
#483=ORIENTED_EDGE('',*,*,#946,.F.);
#484=ORIENTED_EDGE('',*,*,#765,.F.);
#485=ORIENTED_EDGE('',*,*,#944,.T.);
#486=ORIENTED_EDGE('',*,*,#881,.F.);
#487=ORIENTED_EDGE('',*,*,#947,.F.);
#488=ORIENTED_EDGE('',*,*,#923,.F.);
#489=ORIENTED_EDGE('',*,*,#768,.F.);
#490=ORIENTED_EDGE('',*,*,#946,.T.);
#491=ORIENTED_EDGE('',*,*,#948,.F.);
#492=ORIENTED_EDGE('',*,*,#947,.T.);
#493=ORIENTED_EDGE('',*,*,#878,.F.);
#494=ORIENTED_EDGE('',*,*,#949,.F.);
#495=ORIENTED_EDGE('',*,*,#924,.F.);
#496=ORIENTED_EDGE('',*,*,#948,.T.);
#497=ORIENTED_EDGE('',*,*,#921,.F.);
#498=ORIENTED_EDGE('',*,*,#950,.F.);
#499=ORIENTED_EDGE('',*,*,#771,.F.);
#500=ORIENTED_EDGE('',*,*,#949,.T.);
#501=ORIENTED_EDGE('',*,*,#875,.F.);
#502=ORIENTED_EDGE('',*,*,#951,.F.);
#503=ORIENTED_EDGE('',*,*,#925,.F.);
#504=ORIENTED_EDGE('',*,*,#950,.T.);
#505=ORIENTED_EDGE('',*,*,#920,.F.);
#506=ORIENTED_EDGE('',*,*,#952,.F.);
#507=ORIENTED_EDGE('',*,*,#774,.F.);
#508=ORIENTED_EDGE('',*,*,#951,.T.);
#509=ORIENTED_EDGE('',*,*,#872,.F.);
#510=ORIENTED_EDGE('',*,*,#953,.F.);
#511=ORIENTED_EDGE('',*,*,#926,.F.);
#512=ORIENTED_EDGE('',*,*,#952,.T.);
#513=ORIENTED_EDGE('',*,*,#919,.F.);
#514=ORIENTED_EDGE('',*,*,#954,.F.);
#515=ORIENTED_EDGE('',*,*,#777,.F.);
#516=ORIENTED_EDGE('',*,*,#953,.T.);
#517=ORIENTED_EDGE('',*,*,#869,.F.);
#518=ORIENTED_EDGE('',*,*,#955,.F.);
#519=ORIENTED_EDGE('',*,*,#927,.F.);
#520=ORIENTED_EDGE('',*,*,#954,.T.);
#521=ORIENTED_EDGE('',*,*,#918,.F.);
#522=ORIENTED_EDGE('',*,*,#956,.F.);
#523=ORIENTED_EDGE('',*,*,#780,.F.);
#524=ORIENTED_EDGE('',*,*,#955,.T.);
#525=ORIENTED_EDGE('',*,*,#866,.F.);
#526=ORIENTED_EDGE('',*,*,#957,.F.);
#527=ORIENTED_EDGE('',*,*,#928,.F.);
#528=ORIENTED_EDGE('',*,*,#956,.T.);
#529=ORIENTED_EDGE('',*,*,#917,.F.);
#530=ORIENTED_EDGE('',*,*,#958,.F.);
#531=ORIENTED_EDGE('',*,*,#783,.F.);
#532=ORIENTED_EDGE('',*,*,#957,.T.);
#533=ORIENTED_EDGE('',*,*,#863,.F.);
#534=ORIENTED_EDGE('',*,*,#959,.F.);
#535=ORIENTED_EDGE('',*,*,#929,.F.);
#536=ORIENTED_EDGE('',*,*,#786,.F.);
#537=ORIENTED_EDGE('',*,*,#958,.T.);
#538=ORIENTED_EDGE('',*,*,#960,.F.);
#539=ORIENTED_EDGE('',*,*,#959,.T.);
#540=ORIENTED_EDGE('',*,*,#860,.F.);
#541=ORIENTED_EDGE('',*,*,#961,.F.);
#542=ORIENTED_EDGE('',*,*,#930,.F.);
#543=ORIENTED_EDGE('',*,*,#960,.T.);
#544=ORIENTED_EDGE('',*,*,#916,.F.);
#545=ORIENTED_EDGE('',*,*,#962,.F.);
#546=ORIENTED_EDGE('',*,*,#789,.F.);
#547=ORIENTED_EDGE('',*,*,#961,.T.);
#548=ORIENTED_EDGE('',*,*,#857,.F.);
#549=ORIENTED_EDGE('',*,*,#963,.F.);
#550=ORIENTED_EDGE('',*,*,#931,.F.);
#551=ORIENTED_EDGE('',*,*,#792,.F.);
#552=ORIENTED_EDGE('',*,*,#962,.T.);
#553=ORIENTED_EDGE('',*,*,#964,.F.);
#554=ORIENTED_EDGE('',*,*,#963,.T.);
#555=ORIENTED_EDGE('',*,*,#854,.F.);
#556=ORIENTED_EDGE('',*,*,#965,.F.);
#557=ORIENTED_EDGE('',*,*,#964,.T.);
#558=ORIENTED_EDGE('',*,*,#915,.F.);
#559=ORIENTED_EDGE('',*,*,#966,.F.);
#560=ORIENTED_EDGE('',*,*,#795,.F.);
#561=ORIENTED_EDGE('',*,*,#965,.T.);
#562=ORIENTED_EDGE('',*,*,#851,.F.);
#563=ORIENTED_EDGE('',*,*,#967,.F.);
#564=ORIENTED_EDGE('',*,*,#932,.F.);
#565=ORIENTED_EDGE('',*,*,#966,.T.);
#566=ORIENTED_EDGE('',*,*,#914,.F.);
#567=ORIENTED_EDGE('',*,*,#968,.F.);
#568=ORIENTED_EDGE('',*,*,#798,.F.);
#569=ORIENTED_EDGE('',*,*,#967,.T.);
#570=ORIENTED_EDGE('',*,*,#848,.F.);
#571=ORIENTED_EDGE('',*,*,#969,.F.);
#572=ORIENTED_EDGE('',*,*,#968,.T.);
#573=ORIENTED_EDGE('',*,*,#913,.F.);
#574=ORIENTED_EDGE('',*,*,#970,.F.);
#575=ORIENTED_EDGE('',*,*,#801,.F.);
#576=ORIENTED_EDGE('',*,*,#969,.T.);
#577=ORIENTED_EDGE('',*,*,#845,.F.);
#578=ORIENTED_EDGE('',*,*,#971,.F.);
#579=ORIENTED_EDGE('',*,*,#933,.F.);
#580=ORIENTED_EDGE('',*,*,#970,.T.);
#581=ORIENTED_EDGE('',*,*,#912,.F.);
#582=ORIENTED_EDGE('',*,*,#972,.F.);
#583=ORIENTED_EDGE('',*,*,#804,.F.);
#584=ORIENTED_EDGE('',*,*,#971,.T.);
#585=ORIENTED_EDGE('',*,*,#842,.F.);
#586=ORIENTED_EDGE('',*,*,#973,.F.);
#587=ORIENTED_EDGE('',*,*,#934,.F.);
#588=ORIENTED_EDGE('',*,*,#972,.T.);
#589=ORIENTED_EDGE('',*,*,#911,.F.);
#590=ORIENTED_EDGE('',*,*,#974,.F.);
#591=ORIENTED_EDGE('',*,*,#809,.F.);
#592=ORIENTED_EDGE('',*,*,#973,.T.);
#593=ORIENTED_EDGE('',*,*,#839,.F.);
#594=ORIENTED_EDGE('',*,*,#975,.F.);
#595=ORIENTED_EDGE('',*,*,#935,.F.);
#596=ORIENTED_EDGE('',*,*,#976,.F.);
#597=ORIENTED_EDGE('',*,*,#974,.T.);
#598=ORIENTED_EDGE('',*,*,#977,.F.);
#599=ORIENTED_EDGE('',*,*,#975,.T.);
#600=ORIENTED_EDGE('',*,*,#836,.F.);
#601=ORIENTED_EDGE('',*,*,#978,.F.);
#602=ORIENTED_EDGE('',*,*,#936,.F.);
#603=ORIENTED_EDGE('',*,*,#977,.T.);
#604=ORIENTED_EDGE('',*,*,#910,.F.);
#605=ORIENTED_EDGE('',*,*,#979,.F.);
#606=ORIENTED_EDGE('',*,*,#980,.F.);
#607=ORIENTED_EDGE('',*,*,#978,.T.);
#608=ORIENTED_EDGE('',*,*,#833,.F.);
#609=ORIENTED_EDGE('',*,*,#981,.F.);
#610=ORIENTED_EDGE('',*,*,#937,.F.);
#611=ORIENTED_EDGE('',*,*,#982,.F.);
#612=ORIENTED_EDGE('',*,*,#979,.T.);
#613=ORIENTED_EDGE('',*,*,#983,.F.);
#614=ORIENTED_EDGE('',*,*,#981,.T.);
#615=ORIENTED_EDGE('',*,*,#830,.F.);
#616=ORIENTED_EDGE('',*,*,#984,.F.);
#617=ORIENTED_EDGE('',*,*,#983,.T.);
#618=ORIENTED_EDGE('',*,*,#909,.F.);
#619=ORIENTED_EDGE('',*,*,#985,.F.);
#620=ORIENTED_EDGE('',*,*,#986,.F.);
#621=ORIENTED_EDGE('',*,*,#984,.T.);
#622=ORIENTED_EDGE('',*,*,#827,.F.);
#623=ORIENTED_EDGE('',*,*,#987,.F.);
#624=ORIENTED_EDGE('',*,*,#938,.F.);
#625=ORIENTED_EDGE('',*,*,#985,.T.);
#626=ORIENTED_EDGE('',*,*,#908,.F.);
#627=ORIENTED_EDGE('',*,*,#988,.F.);
#628=ORIENTED_EDGE('',*,*,#989,.F.);
#629=ORIENTED_EDGE('',*,*,#987,.T.);
#630=ORIENTED_EDGE('',*,*,#824,.F.);
#631=ORIENTED_EDGE('',*,*,#990,.F.);
#632=ORIENTED_EDGE('',*,*,#988,.T.);
#633=ORIENTED_EDGE('',*,*,#907,.F.);
#634=ORIENTED_EDGE('',*,*,#991,.F.);
#635=ORIENTED_EDGE('',*,*,#992,.F.);
#636=ORIENTED_EDGE('',*,*,#990,.T.);
#637=ORIENTED_EDGE('',*,*,#821,.F.);
#638=ORIENTED_EDGE('',*,*,#993,.F.);
#639=ORIENTED_EDGE('',*,*,#939,.F.);
#640=ORIENTED_EDGE('',*,*,#991,.T.);
#641=ORIENTED_EDGE('',*,*,#906,.F.);
#642=ORIENTED_EDGE('',*,*,#994,.F.);
#643=ORIENTED_EDGE('',*,*,#995,.F.);
#644=ORIENTED_EDGE('',*,*,#993,.T.);
#645=ORIENTED_EDGE('',*,*,#818,.F.);
#646=ORIENTED_EDGE('',*,*,#996,.F.);
#647=ORIENTED_EDGE('',*,*,#940,.F.);
#648=ORIENTED_EDGE('',*,*,#994,.T.);
#649=ORIENTED_EDGE('',*,*,#905,.F.);
#650=ORIENTED_EDGE('',*,*,#997,.F.);
#651=ORIENTED_EDGE('',*,*,#998,.F.);
#652=ORIENTED_EDGE('',*,*,#996,.T.);
#653=ORIENTED_EDGE('',*,*,#815,.F.);
#654=ORIENTED_EDGE('',*,*,#999,.F.);
#655=ORIENTED_EDGE('',*,*,#941,.F.);
#656=ORIENTED_EDGE('',*,*,#997,.T.);
#657=ORIENTED_EDGE('',*,*,#904,.F.);
#658=ORIENTED_EDGE('',*,*,#1000,.F.);
#659=ORIENTED_EDGE('',*,*,#1001,.F.);
#660=ORIENTED_EDGE('',*,*,#999,.T.);
#661=ORIENTED_EDGE('',*,*,#812,.F.);
#662=ORIENTED_EDGE('',*,*,#1002,.F.);
#663=ORIENTED_EDGE('',*,*,#942,.F.);
#664=ORIENTED_EDGE('',*,*,#1000,.T.);
#665=ORIENTED_EDGE('',*,*,#903,.F.);
#666=ORIENTED_EDGE('',*,*,#1003,.F.);
#667=ORIENTED_EDGE('',*,*,#1004,.F.);
#668=ORIENTED_EDGE('',*,*,#1002,.T.);
#669=ORIENTED_EDGE('',*,*,#811,.F.);
#670=ORIENTED_EDGE('',*,*,#1005,.F.);
#671=ORIENTED_EDGE('',*,*,#943,.F.);
#672=ORIENTED_EDGE('',*,*,#1003,.T.);
#673=ORIENTED_EDGE('',*,*,#902,.F.);
#674=ORIENTED_EDGE('',*,*,#1006,.F.);
#675=ORIENTED_EDGE('',*,*,#1007,.F.);
#676=ORIENTED_EDGE('',*,*,#1005,.T.);
#677=ORIENTED_EDGE('',*,*,#1008,.F.);
#678=ORIENTED_EDGE('',*,*,#1009,.F.);
#679=ORIENTED_EDGE('',*,*,#1006,.T.);
#680=ORIENTED_EDGE('',*,*,#901,.F.);
#681=ORIENTED_EDGE('',*,*,#1010,.F.);
#682=ORIENTED_EDGE('',*,*,#1011,.F.);
#683=ORIENTED_EDGE('',*,*,#1009,.T.);
#684=ORIENTED_EDGE('',*,*,#1012,.F.);
#685=ORIENTED_EDGE('',*,*,#1013,.F.);
#686=ORIENTED_EDGE('',*,*,#900,.F.);
#687=ORIENTED_EDGE('',*,*,#1014,.F.);
#688=ORIENTED_EDGE('',*,*,#1010,.T.);
#689=ORIENTED_EDGE('',*,*,#1013,.T.);
#690=ORIENTED_EDGE('',*,*,#1015,.F.);
#691=ORIENTED_EDGE('',*,*,#899,.T.);
#692=ORIENTED_EDGE('',*,*,#1015,.T.);
#693=ORIENTED_EDGE('',*,*,#1016,.F.);
#694=ORIENTED_EDGE('',*,*,#1016,.T.);
#695=ORIENTED_EDGE('',*,*,#893,.F.);
#696=ORIENTED_EDGE('',*,*,#1017,.F.);
#697=ORIENTED_EDGE('',*,*,#898,.T.);
#698=ORIENTED_EDGE('',*,*,#1017,.T.);
#699=ORIENTED_EDGE('',*,*,#1018,.F.);
#700=ORIENTED_EDGE('',*,*,#1018,.T.);
#701=ORIENTED_EDGE('',*,*,#892,.F.);
#702=ORIENTED_EDGE('',*,*,#1019,.F.);
#703=ORIENTED_EDGE('',*,*,#897,.T.);
#704=ORIENTED_EDGE('',*,*,#1019,.T.);
#705=ORIENTED_EDGE('',*,*,#1020,.F.);
#706=ORIENTED_EDGE('',*,*,#1020,.T.);
#707=ORIENTED_EDGE('',*,*,#891,.F.);
#708=ORIENTED_EDGE('',*,*,#1021,.F.);
#709=ORIENTED_EDGE('',*,*,#896,.T.);
#710=ORIENTED_EDGE('',*,*,#1021,.T.);
#711=ORIENTED_EDGE('',*,*,#1022,.F.);
#712=ORIENTED_EDGE('',*,*,#1022,.T.);
#713=ORIENTED_EDGE('',*,*,#890,.F.);
#714=ORIENTED_EDGE('',*,*,#1023,.F.);
#715=ORIENTED_EDGE('',*,*,#895,.T.);
#716=ORIENTED_EDGE('',*,*,#1023,.T.);
#717=ORIENTED_EDGE('',*,*,#1024,.F.);
#718=ORIENTED_EDGE('',*,*,#1024,.T.);
#719=ORIENTED_EDGE('',*,*,#889,.F.);
#720=ORIENTED_EDGE('',*,*,#1025,.F.);
#721=ORIENTED_EDGE('',*,*,#894,.T.);
#722=ORIENTED_EDGE('',*,*,#1025,.T.);
#723=ORIENTED_EDGE('',*,*,#1026,.F.);
#724=ORIENTED_EDGE('',*,*,#1026,.T.);
#725=ORIENTED_EDGE('',*,*,#888,.F.);
#726=ORIENTED_EDGE('',*,*,#1011,.T.);
#727=ORIENTED_EDGE('',*,*,#1014,.T.);
#728=ORIENTED_EDGE('',*,*,#1012,.T.);
#729=ORIENTED_EDGE('',*,*,#1008,.T.);
#730=ORIENTED_EDGE('',*,*,#810,.T.);
#731=ORIENTED_EDGE('',*,*,#976,.T.);
#732=ORIENTED_EDGE('',*,*,#980,.T.);
#733=ORIENTED_EDGE('',*,*,#982,.T.);
#734=ORIENTED_EDGE('',*,*,#986,.T.);
#735=ORIENTED_EDGE('',*,*,#989,.T.);
#736=ORIENTED_EDGE('',*,*,#992,.T.);
#737=ORIENTED_EDGE('',*,*,#995,.T.);
#738=ORIENTED_EDGE('',*,*,#998,.T.);
#739=ORIENTED_EDGE('',*,*,#1001,.T.);
#740=ORIENTED_EDGE('',*,*,#1004,.T.);
#741=ORIENTED_EDGE('',*,*,#1007,.T.);
#742=EDGE_CURVE('',#1027,#1028,#1207,.T.);
#743=EDGE_CURVE('',#1029,#1027,#1208,.T.);
#744=EDGE_CURVE('',#1029,#1030,#1209,.T.);
#745=EDGE_CURVE('',#1030,#1028,#1210,.T.);
#746=EDGE_CURVE('',#1027,#1031,#40,.T.);
#747=EDGE_CURVE('',#1032,#1031,#1211,.T.);
#748=EDGE_CURVE('',#1029,#1032,#41,.T.);
#749=EDGE_CURVE('',#1033,#1031,#1212,.T.);
#750=EDGE_CURVE('',#1034,#1033,#1213,.T.);
#751=EDGE_CURVE('',#1034,#1032,#1214,.T.);
#752=EDGE_CURVE('',#1033,#1035,#42,.T.);
#753=EDGE_CURVE('',#1036,#1035,#1215,.T.);
#754=EDGE_CURVE('',#1034,#1036,#43,.T.);
#755=EDGE_CURVE('',#1035,#1037,#1216,.T.);
#756=EDGE_CURVE('',#1038,#1037,#1217,.T.);
#757=EDGE_CURVE('',#1036,#1038,#1218,.T.);
#758=EDGE_CURVE('',#1037,#1039,#44,.T.);
#759=EDGE_CURVE('',#1040,#1039,#1219,.T.);
#760=EDGE_CURVE('',#1038,#1040,#45,.T.);
#761=EDGE_CURVE('',#1039,#1041,#1220,.T.);
#762=EDGE_CURVE('',#1042,#1041,#1221,.T.);
#763=EDGE_CURVE('',#1040,#1042,#1222,.T.);
#764=EDGE_CURVE('',#1043,#1044,#1223,.T.);
#765=EDGE_CURVE('',#1044,#1045,#1224,.T.);
#766=EDGE_CURVE('',#1046,#1045,#1225,.T.);
#767=EDGE_CURVE('',#1046,#1043,#1226,.T.);
#768=EDGE_CURVE('',#1045,#1047,#46,.T.);
#769=EDGE_CURVE('',#1048,#1047,#1227,.T.);
#770=EDGE_CURVE('',#1046,#1048,#47,.T.);
#771=EDGE_CURVE('',#1047,#1049,#1228,.T.);
#772=EDGE_CURVE('',#1050,#1049,#1229,.T.);
#773=EDGE_CURVE('',#1050,#1048,#1230,.T.);
#774=EDGE_CURVE('',#1049,#1051,#48,.F.);
#775=EDGE_CURVE('',#1052,#1051,#1231,.T.);
#776=EDGE_CURVE('',#1052,#1050,#49,.T.);
#777=EDGE_CURVE('',#1051,#1053,#1232,.T.);
#778=EDGE_CURVE('',#1054,#1053,#1233,.T.);
#779=EDGE_CURVE('',#1054,#1052,#1234,.T.);
#780=EDGE_CURVE('',#1053,#1055,#50,.F.);
#781=EDGE_CURVE('',#1056,#1055,#1235,.T.);
#782=EDGE_CURVE('',#1056,#1054,#51,.T.);
#783=EDGE_CURVE('',#1055,#1057,#1236,.T.);
#784=EDGE_CURVE('',#1058,#1057,#1237,.T.);
#785=EDGE_CURVE('',#1056,#1058,#1238,.T.);
#786=EDGE_CURVE('',#1057,#1059,#52,.T.);
#787=EDGE_CURVE('',#1060,#1059,#1239,.T.);
#788=EDGE_CURVE('',#1058,#1060,#53,.T.);
#789=EDGE_CURVE('',#1059,#1061,#1240,.T.);
#790=EDGE_CURVE('',#1062,#1061,#1241,.T.);
#791=EDGE_CURVE('',#1060,#1062,#1242,.T.);
#792=EDGE_CURVE('',#1061,#1063,#54,.T.);
#793=EDGE_CURVE('',#1064,#1063,#1243,.T.);
#794=EDGE_CURVE('',#1062,#1064,#55,.T.);
#795=EDGE_CURVE('',#1063,#1065,#1244,.T.);
#796=EDGE_CURVE('',#1066,#1065,#1245,.T.);
#797=EDGE_CURVE('',#1066,#1064,#1246,.T.);
#798=EDGE_CURVE('',#1065,#1067,#56,.F.);
#799=EDGE_CURVE('',#1068,#1067,#1247,.T.);
#800=EDGE_CURVE('',#1068,#1066,#57,.T.);
#801=EDGE_CURVE('',#1067,#1069,#1248,.T.);
#802=EDGE_CURVE('',#1070,#1069,#1249,.T.);
#803=EDGE_CURVE('',#1070,#1068,#1250,.T.);
#804=EDGE_CURVE('',#1069,#1071,#58,.F.);
#805=EDGE_CURVE('',#1072,#1071,#1251,.T.);
#806=EDGE_CURVE('',#1072,#1070,#59,.T.);
#807=EDGE_CURVE('',#1073,#1074,#1252,.T.);
#808=EDGE_CURVE('',#1072,#1073,#1253,.T.);
#809=EDGE_CURVE('',#1071,#1075,#1254,.T.);
#810=EDGE_CURVE('',#1076,#1075,#1255,.T.);
#811=EDGE_CURVE('',#1076,#1074,#1256,.T.);
#812=EDGE_CURVE('',#1074,#1077,#60,.F.);
#813=EDGE_CURVE('',#1078,#1077,#1257,.T.);
#814=EDGE_CURVE('',#1078,#1073,#61,.T.);
#815=EDGE_CURVE('',#1077,#1079,#1258,.T.);
#816=EDGE_CURVE('',#1080,#1079,#1259,.T.);
#817=EDGE_CURVE('',#1078,#1080,#1260,.T.);
#818=EDGE_CURVE('',#1079,#1081,#62,.F.);
#819=EDGE_CURVE('',#1082,#1081,#1261,.T.);
#820=EDGE_CURVE('',#1082,#1080,#63,.T.);
#821=EDGE_CURVE('',#1081,#1083,#1262,.T.);
#822=EDGE_CURVE('',#1084,#1083,#1263,.T.);
#823=EDGE_CURVE('',#1082,#1084,#1264,.T.);
#824=EDGE_CURVE('',#1083,#1085,#64,.T.);
#825=EDGE_CURVE('',#1086,#1085,#1265,.T.);
#826=EDGE_CURVE('',#1084,#1086,#65,.T.);
#827=EDGE_CURVE('',#1085,#1087,#1266,.T.);
#828=EDGE_CURVE('',#1088,#1087,#1267,.T.);
#829=EDGE_CURVE('',#1086,#1088,#1268,.T.);
#830=EDGE_CURVE('',#1087,#1089,#66,.T.);
#831=EDGE_CURVE('',#1090,#1089,#1269,.T.);
#832=EDGE_CURVE('',#1088,#1090,#67,.T.);
#833=EDGE_CURVE('',#1089,#1091,#1270,.T.);
#834=EDGE_CURVE('',#1092,#1091,#1271,.T.);
#835=EDGE_CURVE('',#1092,#1090,#1272,.T.);
#836=EDGE_CURVE('',#1091,#1093,#68,.F.);
#837=EDGE_CURVE('',#1094,#1093,#1273,.T.);
#838=EDGE_CURVE('',#1094,#1092,#69,.T.);
#839=EDGE_CURVE('',#1093,#1095,#1274,.T.);
#840=EDGE_CURVE('',#1096,#1095,#1275,.T.);
#841=EDGE_CURVE('',#1094,#1096,#1276,.T.);
#842=EDGE_CURVE('',#1095,#1097,#70,.F.);
#843=EDGE_CURVE('',#1098,#1097,#1277,.T.);
#844=EDGE_CURVE('',#1098,#1096,#71,.T.);
#845=EDGE_CURVE('',#1097,#1099,#1278,.T.);
#846=EDGE_CURVE('',#1100,#1099,#1279,.T.);
#847=EDGE_CURVE('',#1098,#1100,#1280,.T.);
#848=EDGE_CURVE('',#1099,#1101,#72,.T.);
#849=EDGE_CURVE('',#1102,#1101,#1281,.T.);
#850=EDGE_CURVE('',#1100,#1102,#73,.T.);
#851=EDGE_CURVE('',#1101,#1103,#1282,.T.);
#852=EDGE_CURVE('',#1104,#1103,#1283,.T.);
#853=EDGE_CURVE('',#1102,#1104,#1284,.T.);
#854=EDGE_CURVE('',#1103,#1105,#74,.T.);
#855=EDGE_CURVE('',#1106,#1105,#1285,.T.);
#856=EDGE_CURVE('',#1104,#1106,#75,.T.);
#857=EDGE_CURVE('',#1105,#1107,#1286,.T.);
#858=EDGE_CURVE('',#1108,#1107,#1287,.T.);
#859=EDGE_CURVE('',#1108,#1106,#1288,.T.);
#860=EDGE_CURVE('',#1107,#1109,#76,.F.);
#861=EDGE_CURVE('',#1110,#1109,#1289,.T.);
#862=EDGE_CURVE('',#1110,#1108,#77,.T.);
#863=EDGE_CURVE('',#1109,#1111,#1290,.T.);
#864=EDGE_CURVE('',#1112,#1111,#1291,.T.);
#865=EDGE_CURVE('',#1110,#1112,#1292,.T.);
#866=EDGE_CURVE('',#1111,#1113,#78,.F.);
#867=EDGE_CURVE('',#1114,#1113,#1293,.T.);
#868=EDGE_CURVE('',#1114,#1112,#79,.T.);
#869=EDGE_CURVE('',#1113,#1115,#1294,.T.);
#870=EDGE_CURVE('',#1116,#1115,#1295,.T.);
#871=EDGE_CURVE('',#1114,#1116,#1296,.T.);
#872=EDGE_CURVE('',#1115,#1117,#80,.F.);
#873=EDGE_CURVE('',#1118,#1117,#1297,.T.);
#874=EDGE_CURVE('',#1118,#1116,#81,.T.);
#875=EDGE_CURVE('',#1117,#1119,#1298,.T.);
#876=EDGE_CURVE('',#1120,#1119,#1299,.T.);
#877=EDGE_CURVE('',#1120,#1118,#1300,.T.);
#878=EDGE_CURVE('',#1119,#1121,#82,.F.);
#879=EDGE_CURVE('',#1122,#1121,#1301,.T.);
#880=EDGE_CURVE('',#1122,#1120,#83,.T.);
#881=EDGE_CURVE('',#1121,#1123,#1302,.T.);
#882=EDGE_CURVE('',#1124,#1123,#1303,.T.);
#883=EDGE_CURVE('',#1124,#1122,#1304,.T.);
#884=EDGE_CURVE('',#1123,#1044,#84,.T.);
#885=EDGE_CURVE('',#1124,#1043,#85,.T.);
#886=EDGE_CURVE('',#1041,#1028,#86,.T.);
#887=EDGE_CURVE('',#1042,#1030,#87,.T.);
#888=EDGE_CURVE('',#1125,#1125,#88,.T.);
#889=EDGE_CURVE('',#1126,#1126,#89,.T.);
#890=EDGE_CURVE('',#1127,#1127,#90,.T.);
#891=EDGE_CURVE('',#1128,#1128,#91,.T.);
#892=EDGE_CURVE('',#1129,#1129,#92,.T.);
#893=EDGE_CURVE('',#1130,#1130,#93,.T.);
#894=EDGE_CURVE('',#1131,#1131,#94,.F.);
#895=EDGE_CURVE('',#1132,#1132,#95,.F.);
#896=EDGE_CURVE('',#1133,#1133,#96,.F.);
#897=EDGE_CURVE('',#1134,#1134,#97,.F.);
#898=EDGE_CURVE('',#1135,#1135,#98,.F.);
#899=EDGE_CURVE('',#1136,#1136,#99,.F.);
#900=EDGE_CURVE('',#1137,#1138,#1305,.T.);
#901=EDGE_CURVE('',#1138,#1139,#1306,.T.);
#902=EDGE_CURVE('',#1139,#1140,#100,.T.);
#903=EDGE_CURVE('',#1140,#1141,#1307,.T.);
#904=EDGE_CURVE('',#1141,#1142,#101,.T.);
#905=EDGE_CURVE('',#1142,#1143,#1308,.T.);
#906=EDGE_CURVE('',#1143,#1144,#102,.T.);
#907=EDGE_CURVE('',#1144,#1145,#1309,.T.);
#908=EDGE_CURVE('',#1145,#1146,#103,.T.);
#909=EDGE_CURVE('',#1146,#1147,#1310,.T.);
#910=EDGE_CURVE('',#1147,#1148,#1311,.T.);
#911=EDGE_CURVE('',#1148,#1149,#1312,.T.);
#912=EDGE_CURVE('',#1149,#1150,#104,.T.);
#913=EDGE_CURVE('',#1150,#1151,#1313,.T.);
#914=EDGE_CURVE('',#1151,#1152,#105,.T.);
#915=EDGE_CURVE('',#1152,#1153,#1314,.T.);
#916=EDGE_CURVE('',#1153,#1154,#1315,.T.);
#917=EDGE_CURVE('',#1154,#1155,#1316,.T.);
#918=EDGE_CURVE('',#1155,#1156,#106,.T.);
#919=EDGE_CURVE('',#1156,#1157,#1317,.T.);
#920=EDGE_CURVE('',#1157,#1158,#107,.T.);
#921=EDGE_CURVE('',#1158,#1159,#1318,.T.);
#922=EDGE_CURVE('',#1159,#1160,#1319,.T.);
#923=EDGE_CURVE('',#1160,#1161,#1320,.T.);
#924=EDGE_CURVE('',#1161,#1162,#108,.T.);
#925=EDGE_CURVE('',#1162,#1163,#1321,.T.);
#926=EDGE_CURVE('',#1163,#1164,#109,.T.);
#927=EDGE_CURVE('',#1164,#1165,#1322,.T.);
#928=EDGE_CURVE('',#1165,#1166,#110,.T.);
#929=EDGE_CURVE('',#1166,#1167,#1323,.T.);
#930=EDGE_CURVE('',#1167,#1168,#111,.T.);
#931=EDGE_CURVE('',#1168,#1169,#1324,.T.);
#932=EDGE_CURVE('',#1169,#1170,#1325,.T.);
#933=EDGE_CURVE('',#1170,#1171,#1326,.T.);
#934=EDGE_CURVE('',#1171,#1172,#112,.T.);
#935=EDGE_CURVE('',#1172,#1173,#1327,.T.);
#936=EDGE_CURVE('',#1173,#1174,#113,.T.);
#937=EDGE_CURVE('',#1174,#1175,#1328,.T.);
#938=EDGE_CURVE('',#1175,#1176,#1329,.T.);
#939=EDGE_CURVE('',#1176,#1177,#1330,.T.);
#940=EDGE_CURVE('',#1177,#1178,#114,.T.);
#941=EDGE_CURVE('',#1178,#1179,#1331,.T.);
#942=EDGE_CURVE('',#1179,#1180,#115,.T.);
#943=EDGE_CURVE('',#1180,#1137,#1332,.T.);
#944=EDGE_CURVE('',#1160,#1123,#1333,.T.);
#945=EDGE_CURVE('',#1044,#1160,#1334,.T.);
#946=EDGE_CURVE('',#1045,#1159,#1335,.T.);
#947=EDGE_CURVE('',#1161,#1121,#1336,.T.);
#948=EDGE_CURVE('',#1047,#1159,#1337,.T.);
#949=EDGE_CURVE('',#1162,#1119,#1338,.T.);
#950=EDGE_CURVE('',#1049,#1158,#1339,.T.);
#951=EDGE_CURVE('',#1163,#1117,#1340,.T.);
#952=EDGE_CURVE('',#1051,#1157,#1341,.T.);
#953=EDGE_CURVE('',#1164,#1115,#1342,.T.);
#954=EDGE_CURVE('',#1053,#1156,#1343,.T.);
#955=EDGE_CURVE('',#1165,#1113,#1344,.T.);
#956=EDGE_CURVE('',#1055,#1155,#1345,.T.);
#957=EDGE_CURVE('',#1166,#1111,#1346,.T.);
#958=EDGE_CURVE('',#1057,#1154,#1347,.T.);
#959=EDGE_CURVE('',#1167,#1109,#1348,.T.);
#960=EDGE_CURVE('',#1059,#1154,#1349,.T.);
#961=EDGE_CURVE('',#1168,#1107,#1350,.T.);
#962=EDGE_CURVE('',#1061,#1153,#1351,.T.);
#963=EDGE_CURVE('',#1169,#1105,#1352,.T.);
#964=EDGE_CURVE('',#1063,#1153,#1353,.T.);
#965=EDGE_CURVE('',#1169,#1103,#1354,.T.);
#966=EDGE_CURVE('',#1065,#1152,#1355,.T.);
#967=EDGE_CURVE('',#1170,#1101,#1356,.T.);
#968=EDGE_CURVE('',#1067,#1151,#1357,.T.);
#969=EDGE_CURVE('',#1170,#1099,#1358,.T.);
#970=EDGE_CURVE('',#1069,#1150,#1359,.T.);
#971=EDGE_CURVE('',#1171,#1097,#1360,.T.);
#972=EDGE_CURVE('',#1071,#1149,#1361,.T.);
#973=EDGE_CURVE('',#1172,#1095,#1362,.T.);
#974=EDGE_CURVE('',#1075,#1148,#1363,.T.);
#975=EDGE_CURVE('',#1173,#1093,#1364,.T.);
#976=EDGE_CURVE('',#1075,#1181,#116,.T.);
#977=EDGE_CURVE('',#1181,#1148,#1365,.T.);
#978=EDGE_CURVE('',#1174,#1091,#1366,.T.);
#979=EDGE_CURVE('',#1182,#1147,#1367,.T.);
#980=EDGE_CURVE('',#1181,#1182,#1368,.T.);
#981=EDGE_CURVE('',#1175,#1089,#1369,.T.);
#982=EDGE_CURVE('',#1182,#1183,#117,.T.);
#983=EDGE_CURVE('',#1183,#1147,#1370,.T.);
#984=EDGE_CURVE('',#1175,#1087,#1371,.T.);
#985=EDGE_CURVE('',#1184,#1146,#1372,.T.);
#986=EDGE_CURVE('',#1183,#1184,#1373,.T.);
#987=EDGE_CURVE('',#1176,#1085,#1374,.T.);
#988=EDGE_CURVE('',#1185,#1145,#1375,.T.);
#989=EDGE_CURVE('',#1184,#1185,#118,.F.);
#990=EDGE_CURVE('',#1176,#1083,#1376,.T.);
#991=EDGE_CURVE('',#1186,#1144,#1377,.T.);
#992=EDGE_CURVE('',#1185,#1186,#1378,.T.);
#993=EDGE_CURVE('',#1177,#1081,#1379,.T.);
#994=EDGE_CURVE('',#1187,#1143,#1380,.T.);
#995=EDGE_CURVE('',#1186,#1187,#119,.F.);
#996=EDGE_CURVE('',#1178,#1079,#1381,.T.);
#997=EDGE_CURVE('',#1188,#1142,#1382,.T.);
#998=EDGE_CURVE('',#1187,#1188,#1383,.T.);
#999=EDGE_CURVE('',#1179,#1077,#1384,.T.);
#1000=EDGE_CURVE('',#1189,#1141,#1385,.T.);
#1001=EDGE_CURVE('',#1188,#1189,#120,.F.);
#1002=EDGE_CURVE('',#1180,#1074,#1386,.T.);
#1003=EDGE_CURVE('',#1190,#1140,#1387,.T.);
#1004=EDGE_CURVE('',#1189,#1190,#1388,.T.);
#1005=EDGE_CURVE('',#1137,#1076,#1389,.T.);
#1006=EDGE_CURVE('',#1191,#1139,#1390,.T.);
#1007=EDGE_CURVE('',#1190,#1191,#121,.F.);
#1008=EDGE_CURVE('',#1192,#1076,#122,.T.);
#1009=EDGE_CURVE('',#1137,#1192,#1391,.T.);
#1010=EDGE_CURVE('',#1193,#1138,#1392,.T.);
#1011=EDGE_CURVE('',#1191,#1193,#1393,.T.);
#1012=EDGE_CURVE('',#1194,#1192,#1394,.T.);
#1013=EDGE_CURVE('',#1138,#1194,#1395,.T.);
#1014=EDGE_CURVE('',#1193,#1194,#123,.T.);
#1015=EDGE_CURVE('',#1195,#1195,#124,.T.);
#1016=EDGE_CURVE('',#1196,#1196,#125,.T.);
#1017=EDGE_CURVE('',#1197,#1197,#126,.T.);
#1018=EDGE_CURVE('',#1198,#1198,#127,.T.);
#1019=EDGE_CURVE('',#1199,#1199,#128,.T.);
#1020=EDGE_CURVE('',#1200,#1200,#129,.T.);
#1021=EDGE_CURVE('',#1201,#1201,#130,.T.);
#1022=EDGE_CURVE('',#1202,#1202,#131,.T.);
#1023=EDGE_CURVE('',#1203,#1203,#132,.T.);
#1024=EDGE_CURVE('',#1204,#1204,#133,.T.);
#1025=EDGE_CURVE('',#1205,#1205,#134,.T.);
#1026=EDGE_CURVE('',#1206,#1206,#135,.T.);
#1027=VERTEX_POINT('',#2955);
#1028=VERTEX_POINT('',#2956);
#1029=VERTEX_POINT('',#2958);
#1030=VERTEX_POINT('',#2960);
#1031=VERTEX_POINT('',#2964);
#1032=VERTEX_POINT('',#2966);
#1033=VERTEX_POINT('',#2970);
#1034=VERTEX_POINT('',#2972);
#1035=VERTEX_POINT('',#2976);
#1036=VERTEX_POINT('',#2978);
#1037=VERTEX_POINT('',#2982);
#1038=VERTEX_POINT('',#2984);
#1039=VERTEX_POINT('',#2988);
#1040=VERTEX_POINT('',#2990);
#1041=VERTEX_POINT('',#2994);
#1042=VERTEX_POINT('',#2996);
#1043=VERTEX_POINT('',#3000);
#1044=VERTEX_POINT('',#3001);
#1045=VERTEX_POINT('',#3003);
#1046=VERTEX_POINT('',#3005);
#1047=VERTEX_POINT('',#3009);
#1048=VERTEX_POINT('',#3011);
#1049=VERTEX_POINT('',#3015);
#1050=VERTEX_POINT('',#3017);
#1051=VERTEX_POINT('',#3021);
#1052=VERTEX_POINT('',#3023);
#1053=VERTEX_POINT('',#3027);
#1054=VERTEX_POINT('',#3029);
#1055=VERTEX_POINT('',#3033);
#1056=VERTEX_POINT('',#3035);
#1057=VERTEX_POINT('',#3039);
#1058=VERTEX_POINT('',#3041);
#1059=VERTEX_POINT('',#3045);
#1060=VERTEX_POINT('',#3047);
#1061=VERTEX_POINT('',#3051);
#1062=VERTEX_POINT('',#3053);
#1063=VERTEX_POINT('',#3057);
#1064=VERTEX_POINT('',#3059);
#1065=VERTEX_POINT('',#3063);
#1066=VERTEX_POINT('',#3065);
#1067=VERTEX_POINT('',#3069);
#1068=VERTEX_POINT('',#3071);
#1069=VERTEX_POINT('',#3075);
#1070=VERTEX_POINT('',#3077);
#1071=VERTEX_POINT('',#3081);
#1072=VERTEX_POINT('',#3083);
#1073=VERTEX_POINT('',#3087);
#1074=VERTEX_POINT('',#3088);
#1075=VERTEX_POINT('',#3091);
#1076=VERTEX_POINT('',#3093);
#1077=VERTEX_POINT('',#3097);
#1078=VERTEX_POINT('',#3099);
#1079=VERTEX_POINT('',#3103);
#1080=VERTEX_POINT('',#3105);
#1081=VERTEX_POINT('',#3109);
#1082=VERTEX_POINT('',#3111);
#1083=VERTEX_POINT('',#3115);
#1084=VERTEX_POINT('',#3117);
#1085=VERTEX_POINT('',#3121);
#1086=VERTEX_POINT('',#3123);
#1087=VERTEX_POINT('',#3127);
#1088=VERTEX_POINT('',#3129);
#1089=VERTEX_POINT('',#3133);
#1090=VERTEX_POINT('',#3135);
#1091=VERTEX_POINT('',#3139);
#1092=VERTEX_POINT('',#3141);
#1093=VERTEX_POINT('',#3145);
#1094=VERTEX_POINT('',#3147);
#1095=VERTEX_POINT('',#3151);
#1096=VERTEX_POINT('',#3153);
#1097=VERTEX_POINT('',#3157);
#1098=VERTEX_POINT('',#3159);
#1099=VERTEX_POINT('',#3163);
#1100=VERTEX_POINT('',#3165);
#1101=VERTEX_POINT('',#3169);
#1102=VERTEX_POINT('',#3171);
#1103=VERTEX_POINT('',#3175);
#1104=VERTEX_POINT('',#3177);
#1105=VERTEX_POINT('',#3181);
#1106=VERTEX_POINT('',#3183);
#1107=VERTEX_POINT('',#3187);
#1108=VERTEX_POINT('',#3189);
#1109=VERTEX_POINT('',#3193);
#1110=VERTEX_POINT('',#3195);
#1111=VERTEX_POINT('',#3199);
#1112=VERTEX_POINT('',#3201);
#1113=VERTEX_POINT('',#3205);
#1114=VERTEX_POINT('',#3207);
#1115=VERTEX_POINT('',#3211);
#1116=VERTEX_POINT('',#3213);
#1117=VERTEX_POINT('',#3217);
#1118=VERTEX_POINT('',#3219);
#1119=VERTEX_POINT('',#3223);
#1120=VERTEX_POINT('',#3225);
#1121=VERTEX_POINT('',#3229);
#1122=VERTEX_POINT('',#3231);
#1123=VERTEX_POINT('',#3235);
#1124=VERTEX_POINT('',#3237);
#1125=VERTEX_POINT('',#3247);
#1126=VERTEX_POINT('',#3249);
#1127=VERTEX_POINT('',#3251);
#1128=VERTEX_POINT('',#3253);
#1129=VERTEX_POINT('',#3255);
#1130=VERTEX_POINT('',#3257);
#1131=VERTEX_POINT('',#3260);
#1132=VERTEX_POINT('',#3262);
#1133=VERTEX_POINT('',#3264);
#1134=VERTEX_POINT('',#3266);
#1135=VERTEX_POINT('',#3268);
#1136=VERTEX_POINT('',#3270);
#1137=VERTEX_POINT('',#3272);
#1138=VERTEX_POINT('',#3273);
#1139=VERTEX_POINT('',#3275);
#1140=VERTEX_POINT('',#3277);
#1141=VERTEX_POINT('',#3279);
#1142=VERTEX_POINT('',#3281);
#1143=VERTEX_POINT('',#3283);
#1144=VERTEX_POINT('',#3285);
#1145=VERTEX_POINT('',#3287);
#1146=VERTEX_POINT('',#3289);
#1147=VERTEX_POINT('',#3291);
#1148=VERTEX_POINT('',#3293);
#1149=VERTEX_POINT('',#3295);
#1150=VERTEX_POINT('',#3297);
#1151=VERTEX_POINT('',#3299);
#1152=VERTEX_POINT('',#3301);
#1153=VERTEX_POINT('',#3303);
#1154=VERTEX_POINT('',#3305);
#1155=VERTEX_POINT('',#3307);
#1156=VERTEX_POINT('',#3309);
#1157=VERTEX_POINT('',#3311);
#1158=VERTEX_POINT('',#3313);
#1159=VERTEX_POINT('',#3315);
#1160=VERTEX_POINT('',#3317);
#1161=VERTEX_POINT('',#3319);
#1162=VERTEX_POINT('',#3321);
#1163=VERTEX_POINT('',#3323);
#1164=VERTEX_POINT('',#3325);
#1165=VERTEX_POINT('',#3327);
#1166=VERTEX_POINT('',#3329);
#1167=VERTEX_POINT('',#3331);
#1168=VERTEX_POINT('',#3333);
#1169=VERTEX_POINT('',#3335);
#1170=VERTEX_POINT('',#3337);
#1171=VERTEX_POINT('',#3339);
#1172=VERTEX_POINT('',#3341);
#1173=VERTEX_POINT('',#3343);
#1174=VERTEX_POINT('',#3345);
#1175=VERTEX_POINT('',#3347);
#1176=VERTEX_POINT('',#3349);
#1177=VERTEX_POINT('',#3351);
#1178=VERTEX_POINT('',#3353);
#1179=VERTEX_POINT('',#3355);
#1180=VERTEX_POINT('',#3357);
#1181=VERTEX_POINT('',#3424);
#1182=VERTEX_POINT('',#3430);
#1183=VERTEX_POINT('',#3436);
#1184=VERTEX_POINT('',#3442);
#1185=VERTEX_POINT('',#3448);
#1186=VERTEX_POINT('',#3454);
#1187=VERTEX_POINT('',#3460);
#1188=VERTEX_POINT('',#3466);
#1189=VERTEX_POINT('',#3472);
#1190=VERTEX_POINT('',#3478);
#1191=VERTEX_POINT('',#3484);
#1192=VERTEX_POINT('',#3488);
#1193=VERTEX_POINT('',#3492);
#1194=VERTEX_POINT('',#3496);
#1195=VERTEX_POINT('',#3502);
#1196=VERTEX_POINT('',#3505);
#1197=VERTEX_POINT('',#3509);
#1198=VERTEX_POINT('',#3512);
#1199=VERTEX_POINT('',#3516);
#1200=VERTEX_POINT('',#3519);
#1201=VERTEX_POINT('',#3523);
#1202=VERTEX_POINT('',#3526);
#1203=VERTEX_POINT('',#3530);
#1204=VERTEX_POINT('',#3533);
#1205=VERTEX_POINT('',#3537);
#1206=VERTEX_POINT('',#3540);
#1207=LINE('',#2954,#1396);
#1208=LINE('',#2957,#1397);
#1209=LINE('',#2959,#1398);
#1210=LINE('',#2961,#1399);
#1211=LINE('',#2965,#1400);
#1212=LINE('',#2969,#1401);
#1213=LINE('',#2971,#1402);
#1214=LINE('',#2973,#1403);
#1215=LINE('',#2977,#1404);
#1216=LINE('',#2981,#1405);
#1217=LINE('',#2983,#1406);
#1218=LINE('',#2985,#1407);
#1219=LINE('',#2989,#1408);
#1220=LINE('',#2993,#1409);
#1221=LINE('',#2995,#1410);
#1222=LINE('',#2997,#1411);
#1223=LINE('',#2999,#1412);
#1224=LINE('',#3002,#1413);
#1225=LINE('',#3004,#1414);
#1226=LINE('',#3006,#1415);
#1227=LINE('',#3010,#1416);
#1228=LINE('',#3014,#1417);
#1229=LINE('',#3016,#1418);
#1230=LINE('',#3018,#1419);
#1231=LINE('',#3022,#1420);
#1232=LINE('',#3026,#1421);
#1233=LINE('',#3028,#1422);
#1234=LINE('',#3030,#1423);
#1235=LINE('',#3034,#1424);
#1236=LINE('',#3038,#1425);
#1237=LINE('',#3040,#1426);
#1238=LINE('',#3042,#1427);
#1239=LINE('',#3046,#1428);
#1240=LINE('',#3050,#1429);
#1241=LINE('',#3052,#1430);
#1242=LINE('',#3054,#1431);
#1243=LINE('',#3058,#1432);
#1244=LINE('',#3062,#1433);
#1245=LINE('',#3064,#1434);
#1246=LINE('',#3066,#1435);
#1247=LINE('',#3070,#1436);
#1248=LINE('',#3074,#1437);
#1249=LINE('',#3076,#1438);
#1250=LINE('',#3078,#1439);
#1251=LINE('',#3082,#1440);
#1252=LINE('',#3086,#1441);
#1253=LINE('',#3089,#1442);
#1254=LINE('',#3090,#1443);
#1255=LINE('',#3092,#1444);
#1256=LINE('',#3094,#1445);
#1257=LINE('',#3098,#1446);
#1258=LINE('',#3102,#1447);
#1259=LINE('',#3104,#1448);
#1260=LINE('',#3106,#1449);
#1261=LINE('',#3110,#1450);
#1262=LINE('',#3114,#1451);
#1263=LINE('',#3116,#1452);
#1264=LINE('',#3118,#1453);
#1265=LINE('',#3122,#1454);
#1266=LINE('',#3126,#1455);
#1267=LINE('',#3128,#1456);
#1268=LINE('',#3130,#1457);
#1269=LINE('',#3134,#1458);
#1270=LINE('',#3138,#1459);
#1271=LINE('',#3140,#1460);
#1272=LINE('',#3142,#1461);
#1273=LINE('',#3146,#1462);
#1274=LINE('',#3150,#1463);
#1275=LINE('',#3152,#1464);
#1276=LINE('',#3154,#1465);
#1277=LINE('',#3158,#1466);
#1278=LINE('',#3162,#1467);
#1279=LINE('',#3164,#1468);
#1280=LINE('',#3166,#1469);
#1281=LINE('',#3170,#1470);
#1282=LINE('',#3174,#1471);
#1283=LINE('',#3176,#1472);
#1284=LINE('',#3178,#1473);
#1285=LINE('',#3182,#1474);
#1286=LINE('',#3186,#1475);
#1287=LINE('',#3188,#1476);
#1288=LINE('',#3190,#1477);
#1289=LINE('',#3194,#1478);
#1290=LINE('',#3198,#1479);
#1291=LINE('',#3200,#1480);
#1292=LINE('',#3202,#1481);
#1293=LINE('',#3206,#1482);
#1294=LINE('',#3210,#1483);
#1295=LINE('',#3212,#1484);
#1296=LINE('',#3214,#1485);
#1297=LINE('',#3218,#1486);
#1298=LINE('',#3222,#1487);
#1299=LINE('',#3224,#1488);
#1300=LINE('',#3226,#1489);
#1301=LINE('',#3230,#1490);
#1302=LINE('',#3234,#1491);
#1303=LINE('',#3236,#1492);
#1304=LINE('',#3238,#1493);
#1305=LINE('',#3271,#1494);
#1306=LINE('',#3274,#1495);
#1307=LINE('',#3278,#1496);
#1308=LINE('',#3282,#1497);
#1309=LINE('',#3286,#1498);
#1310=LINE('',#3290,#1499);
#1311=LINE('',#3292,#1500);
#1312=LINE('',#3294,#1501);
#1313=LINE('',#3298,#1502);
#1314=LINE('',#3302,#1503);
#1315=LINE('',#3304,#1504);
#1316=LINE('',#3306,#1505);
#1317=LINE('',#3310,#1506);
#1318=LINE('',#3314,#1507);
#1319=LINE('',#3316,#1508);
#1320=LINE('',#3318,#1509);
#1321=LINE('',#3322,#1510);
#1322=LINE('',#3326,#1511);
#1323=LINE('',#3330,#1512);
#1324=LINE('',#3334,#1513);
#1325=LINE('',#3336,#1514);
#1326=LINE('',#3338,#1515);
#1327=LINE('',#3342,#1516);
#1328=LINE('',#3346,#1517);
#1329=LINE('',#3348,#1518);
#1330=LINE('',#3350,#1519);
#1331=LINE('',#3354,#1520);
#1332=LINE('',#3358,#1521);
#1333=LINE('',#3360,#1522);
#1334=LINE('',#3361,#1523);
#1335=LINE('',#3363,#1524);
#1336=LINE('',#3365,#1525);
#1337=LINE('',#3367,#1526);
#1338=LINE('',#3369,#1527);
#1339=LINE('',#3371,#1528);
#1340=LINE('',#3373,#1529);
#1341=LINE('',#3375,#1530);
#1342=LINE('',#3377,#1531);
#1343=LINE('',#3379,#1532);
#1344=LINE('',#3381,#1533);
#1345=LINE('',#3383,#1534);
#1346=LINE('',#3385,#1535);
#1347=LINE('',#3387,#1536);
#1348=LINE('',#3389,#1537);
#1349=LINE('',#3391,#1538);
#1350=LINE('',#3393,#1539);
#1351=LINE('',#3395,#1540);
#1352=LINE('',#3397,#1541);
#1353=LINE('',#3399,#1542);
#1354=LINE('',#3401,#1543);
#1355=LINE('',#3403,#1544);
#1356=LINE('',#3405,#1545);
#1357=LINE('',#3407,#1546);
#1358=LINE('',#3409,#1547);
#1359=LINE('',#3411,#1548);
#1360=LINE('',#3413,#1549);
#1361=LINE('',#3415,#1550);
#1362=LINE('',#3417,#1551);
#1363=LINE('',#3419,#1552);
#1364=LINE('',#3421,#1553);
#1365=LINE('',#3425,#1554);
#1366=LINE('',#3427,#1555);
#1367=LINE('',#3429,#1556);
#1368=LINE('',#3431,#1557);
#1369=LINE('',#3433,#1558);
#1370=LINE('',#3437,#1559);
#1371=LINE('',#3439,#1560);
#1372=LINE('',#3441,#1561);
#1373=LINE('',#3443,#1562);
#1374=LINE('',#3445,#1563);
#1375=LINE('',#3447,#1564);
#1376=LINE('',#3451,#1565);
#1377=LINE('',#3453,#1566);
#1378=LINE('',#3455,#1567);
#1379=LINE('',#3457,#1568);
#1380=LINE('',#3459,#1569);
#1381=LINE('',#3463,#1570);
#1382=LINE('',#3465,#1571);
#1383=LINE('',#3467,#1572);
#1384=LINE('',#3469,#1573);
#1385=LINE('',#3471,#1574);
#1386=LINE('',#3475,#1575);
#1387=LINE('',#3477,#1576);
#1388=LINE('',#3479,#1577);
#1389=LINE('',#3481,#1578);
#1390=LINE('',#3483,#1579);
#1391=LINE('',#3489,#1580);
#1392=LINE('',#3491,#1581);
#1393=LINE('',#3493,#1582);
#1394=LINE('',#3495,#1583);
#1395=LINE('',#3497,#1584);
#1396=VECTOR('',#2323,1.);
#1397=VECTOR('',#2324,1.);
#1398=VECTOR('',#2325,1.);
#1399=VECTOR('',#2326,1.);
#1400=VECTOR('',#2331,1.);
#1401=VECTOR('',#2336,1.);
#1402=VECTOR('',#2337,1.);
#1403=VECTOR('',#2338,1.);
#1404=VECTOR('',#2343,1.);
#1405=VECTOR('',#2348,1.);
#1406=VECTOR('',#2349,1.);
#1407=VECTOR('',#2350,1.);
#1408=VECTOR('',#2355,1.);
#1409=VECTOR('',#2360,1.);
#1410=VECTOR('',#2361,1.);
#1411=VECTOR('',#2362,1.);
#1412=VECTOR('',#2365,1.);
#1413=VECTOR('',#2366,1.);
#1414=VECTOR('',#2367,1.);
#1415=VECTOR('',#2368,1.);
#1416=VECTOR('',#2373,1.);
#1417=VECTOR('',#2378,1.);
#1418=VECTOR('',#2379,1.);
#1419=VECTOR('',#2380,1.);
#1420=VECTOR('',#2385,1.);
#1421=VECTOR('',#2390,1.);
#1422=VECTOR('',#2391,1.);
#1423=VECTOR('',#2392,1.);
#1424=VECTOR('',#2397,1.);
#1425=VECTOR('',#2402,1.);
#1426=VECTOR('',#2403,1.);
#1427=VECTOR('',#2404,1.);
#1428=VECTOR('',#2409,1.);
#1429=VECTOR('',#2414,1.);
#1430=VECTOR('',#2415,1.);
#1431=VECTOR('',#2416,1.);
#1432=VECTOR('',#2421,1.);
#1433=VECTOR('',#2426,1.);
#1434=VECTOR('',#2427,1.);
#1435=VECTOR('',#2428,1.);
#1436=VECTOR('',#2433,1.);
#1437=VECTOR('',#2438,1.);
#1438=VECTOR('',#2439,1.);
#1439=VECTOR('',#2440,1.);
#1440=VECTOR('',#2445,1.);
#1441=VECTOR('',#2450,1.);
#1442=VECTOR('',#2451,1.);
#1443=VECTOR('',#2452,1.);
#1444=VECTOR('',#2453,1.);
#1445=VECTOR('',#2454,1.);
#1446=VECTOR('',#2459,1.);
#1447=VECTOR('',#2464,1.);
#1448=VECTOR('',#2465,1.);
#1449=VECTOR('',#2466,1.);
#1450=VECTOR('',#2471,1.);
#1451=VECTOR('',#2476,1.);
#1452=VECTOR('',#2477,1.);
#1453=VECTOR('',#2478,1.);
#1454=VECTOR('',#2483,1.);
#1455=VECTOR('',#2488,1.);
#1456=VECTOR('',#2489,1.);
#1457=VECTOR('',#2490,1.);
#1458=VECTOR('',#2495,1.);
#1459=VECTOR('',#2500,1.);
#1460=VECTOR('',#2501,1.);
#1461=VECTOR('',#2502,1.);
#1462=VECTOR('',#2507,1.);
#1463=VECTOR('',#2512,1.);
#1464=VECTOR('',#2513,1.);
#1465=VECTOR('',#2514,1.);
#1466=VECTOR('',#2519,1.);
#1467=VECTOR('',#2524,1.);
#1468=VECTOR('',#2525,1.);
#1469=VECTOR('',#2526,1.);
#1470=VECTOR('',#2531,1.);
#1471=VECTOR('',#2536,1.);
#1472=VECTOR('',#2537,1.);
#1473=VECTOR('',#2538,1.);
#1474=VECTOR('',#2543,1.);
#1475=VECTOR('',#2548,1.);
#1476=VECTOR('',#2549,1.);
#1477=VECTOR('',#2550,1.);
#1478=VECTOR('',#2555,1.);
#1479=VECTOR('',#2560,1.);
#1480=VECTOR('',#2561,1.);
#1481=VECTOR('',#2562,1.);
#1482=VECTOR('',#2567,1.);
#1483=VECTOR('',#2572,1.);
#1484=VECTOR('',#2573,1.);
#1485=VECTOR('',#2574,1.);
#1486=VECTOR('',#2579,1.);
#1487=VECTOR('',#2584,1.);
#1488=VECTOR('',#2585,1.);
#1489=VECTOR('',#2586,1.);
#1490=VECTOR('',#2591,1.);
#1491=VECTOR('',#2596,1.);
#1492=VECTOR('',#2597,1.);
#1493=VECTOR('',#2598,1.);
#1494=VECTOR('',#2639,1.);
#1495=VECTOR('',#2640,1.);
#1496=VECTOR('',#2643,1.);
#1497=VECTOR('',#2646,1.);
#1498=VECTOR('',#2649,1.);
#1499=VECTOR('',#2652,1.);
#1500=VECTOR('',#2653,1.);
#1501=VECTOR('',#2654,1.);
#1502=VECTOR('',#2657,1.);
#1503=VECTOR('',#2660,1.);
#1504=VECTOR('',#2661,1.);
#1505=VECTOR('',#2662,1.);
#1506=VECTOR('',#2665,1.);
#1507=VECTOR('',#2668,1.);
#1508=VECTOR('',#2669,1.);
#1509=VECTOR('',#2670,1.);
#1510=VECTOR('',#2673,1.);
#1511=VECTOR('',#2676,1.);
#1512=VECTOR('',#2679,1.);
#1513=VECTOR('',#2682,1.);
#1514=VECTOR('',#2683,1.);
#1515=VECTOR('',#2684,1.);
#1516=VECTOR('',#2687,1.);
#1517=VECTOR('',#2690,1.);
#1518=VECTOR('',#2691,1.);
#1519=VECTOR('',#2692,1.);
#1520=VECTOR('',#2695,1.);
#1521=VECTOR('',#2698,1.);
#1522=VECTOR('',#2701,1.);
#1523=VECTOR('',#2702,1.);
#1524=VECTOR('',#2705,1.);
#1525=VECTOR('',#2708,1.);
#1526=VECTOR('',#2711,1.);
#1527=VECTOR('',#2714,1.);
#1528=VECTOR('',#2717,1.);
#1529=VECTOR('',#2720,1.);
#1530=VECTOR('',#2723,1.);
#1531=VECTOR('',#2726,1.);
#1532=VECTOR('',#2729,1.);
#1533=VECTOR('',#2732,1.);
#1534=VECTOR('',#2735,1.);
#1535=VECTOR('',#2738,1.);
#1536=VECTOR('',#2741,1.);
#1537=VECTOR('',#2744,1.);
#1538=VECTOR('',#2747,1.);
#1539=VECTOR('',#2750,1.);
#1540=VECTOR('',#2753,1.);
#1541=VECTOR('',#2756,1.);
#1542=VECTOR('',#2759,1.);
#1543=VECTOR('',#2762,1.);
#1544=VECTOR('',#2765,1.);
#1545=VECTOR('',#2768,1.);
#1546=VECTOR('',#2771,1.);
#1547=VECTOR('',#2774,1.);
#1548=VECTOR('',#2777,1.);
#1549=VECTOR('',#2780,1.);
#1550=VECTOR('',#2783,1.);
#1551=VECTOR('',#2786,1.);
#1552=VECTOR('',#2789,1.);
#1553=VECTOR('',#2792,1.);
#1554=VECTOR('',#2797,1.);
#1555=VECTOR('',#2800,1.);
#1556=VECTOR('',#2803,1.);
#1557=VECTOR('',#2804,1.);
#1558=VECTOR('',#2807,1.);
#1559=VECTOR('',#2812,1.);
#1560=VECTOR('',#2815,1.);
#1561=VECTOR('',#2818,1.);
#1562=VECTOR('',#2819,1.);
#1563=VECTOR('',#2822,1.);
#1564=VECTOR('',#2825,1.);
#1565=VECTOR('',#2830,1.);
#1566=VECTOR('',#2833,1.);
#1567=VECTOR('',#2834,1.);
#1568=VECTOR('',#2837,1.);
#1569=VECTOR('',#2840,1.);
#1570=VECTOR('',#2845,1.);
#1571=VECTOR('',#2848,1.);
#1572=VECTOR('',#2849,1.);
#1573=VECTOR('',#2852,1.);
#1574=VECTOR('',#2855,1.);
#1575=VECTOR('',#2860,1.);
#1576=VECTOR('',#2863,1.);
#1577=VECTOR('',#2864,1.);
#1578=VECTOR('',#2867,1.);
#1579=VECTOR('',#2870,1.);
#1580=VECTOR('',#2877,1.);
#1581=VECTOR('',#2880,1.);
#1582=VECTOR('',#2881,1.);
#1583=VECTOR('',#2884,1.);
#1584=VECTOR('',#2885,1.);
#1585=EDGE_LOOP('',(#172,#173,#174,#175));
#1586=EDGE_LOOP('',(#176,#177,#178,#179));
#1587=EDGE_LOOP('',(#180,#181,#182,#183));
#1588=EDGE_LOOP('',(#184,#185,#186,#187));
#1589=EDGE_LOOP('',(#188,#189,#190,#191));
#1590=EDGE_LOOP('',(#192,#193,#194,#195));
#1591=EDGE_LOOP('',(#196,#197,#198,#199));
#1592=EDGE_LOOP('',(#200,#201,#202,#203));
#1593=EDGE_LOOP('',(#204,#205,#206,#207));
#1594=EDGE_LOOP('',(#208,#209,#210,#211));
#1595=EDGE_LOOP('',(#212,#213,#214,#215));
#1596=EDGE_LOOP('',(#216,#217,#218,#219));
#1597=EDGE_LOOP('',(#220,#221,#222,#223));
#1598=EDGE_LOOP('',(#224,#225,#226,#227));
#1599=EDGE_LOOP('',(#228,#229,#230,#231));
#1600=EDGE_LOOP('',(#232,#233,#234,#235));
#1601=EDGE_LOOP('',(#236,#237,#238,#239));
#1602=EDGE_LOOP('',(#240,#241,#242,#243));
#1603=EDGE_LOOP('',(#244,#245,#246,#247));
#1604=EDGE_LOOP('',(#248,#249,#250,#251));
#1605=EDGE_LOOP('',(#252,#253,#254,#255));
#1606=EDGE_LOOP('',(#256,#257,#258,#259,#260,#261));
#1607=EDGE_LOOP('',(#262,#263,#264,#265));
#1608=EDGE_LOOP('',(#266,#267,#268,#269));
#1609=EDGE_LOOP('',(#270,#271,#272,#273));
#1610=EDGE_LOOP('',(#274,#275,#276,#277));
#1611=EDGE_LOOP('',(#278,#279,#280,#281));
#1612=EDGE_LOOP('',(#282,#283,#284,#285));
#1613=EDGE_LOOP('',(#286,#287,#288,#289));
#1614=EDGE_LOOP('',(#290,#291,#292,#293));
#1615=EDGE_LOOP('',(#294,#295,#296,#297));
#1616=EDGE_LOOP('',(#298,#299,#300,#301));
#1617=EDGE_LOOP('',(#302,#303,#304,#305));
#1618=EDGE_LOOP('',(#306,#307,#308,#309));
#1619=EDGE_LOOP('',(#310,#311,#312,#313));
#1620=EDGE_LOOP('',(#314,#315,#316,#317));
#1621=EDGE_LOOP('',(#318,#319,#320,#321));
#1622=EDGE_LOOP('',(#322,#323,#324,#325));
#1623=EDGE_LOOP('',(#326,#327,#328,#329));
#1624=EDGE_LOOP('',(#330,#331,#332,#333));
#1625=EDGE_LOOP('',(#334,#335,#336,#337));
#1626=EDGE_LOOP('',(#338,#339,#340,#341));
#1627=EDGE_LOOP('',(#342,#343,#344,#345));
#1628=EDGE_LOOP('',(#346,#347,#348,#349));
#1629=EDGE_LOOP('',(#350,#351,#352,#353));
#1630=EDGE_LOOP('',(#354,#355,#356,#357));
#1631=EDGE_LOOP('',(#358,#359,#360,#361));
#1632=EDGE_LOOP('',(#362,#363,#364,#365));
#1633=EDGE_LOOP('',(#366,#367,#368,#369,#370,#371,#372,#373,#374,#375,#376,#377,#378,#379,#380,#381,#382,#383,#384,#385,#386,#387,#388,#389,#390,#391,#392,#393,#394,#395,#396,#397,#398,#399,#400,#401,#402,#403,#404,#405));
#1634=EDGE_LOOP('',(#406));
#1635=EDGE_LOOP('',(#407));
#1636=EDGE_LOOP('',(#408));
#1637=EDGE_LOOP('',(#409));
#1638=EDGE_LOOP('',(#410));
#1639=EDGE_LOOP('',(#411));
#1640=EDGE_LOOP('',(#412,#413,#414,#415,#416,#417,#418,#419));
#1641=EDGE_LOOP('',(#420));
#1642=EDGE_LOOP('',(#421));
#1643=EDGE_LOOP('',(#422));
#1644=EDGE_LOOP('',(#423));
#1645=EDGE_LOOP('',(#424));
#1646=EDGE_LOOP('',(#425));
#1647=EDGE_LOOP('',(#426,#427,#428,#429,#430,#431,#432,#433,#434,#435,#436,#437,#438,#439,#440,#441,#442,#443,#444,#445,#446,#447,#448,#449,#450,#451,#452,#453,#454,#455,#456,#457,#458,#459,#460,#461,#462,#463,#464,#465,#466,#467,#468,#469));
#1648=EDGE_LOOP('',(#470,#471,#472,#473,#474,#475,#476,#477));
#1649=EDGE_LOOP('',(#478,#479,#480));
#1650=EDGE_LOOP('',(#481,#482,#483,#484));
#1651=EDGE_LOOP('',(#485,#486,#487,#488));
#1652=EDGE_LOOP('',(#489,#490,#491));
#1653=EDGE_LOOP('',(#492,#493,#494,#495));
#1654=EDGE_LOOP('',(#496,#497,#498,#499));
#1655=EDGE_LOOP('',(#500,#501,#502,#503));
#1656=EDGE_LOOP('',(#504,#505,#506,#507));
#1657=EDGE_LOOP('',(#508,#509,#510,#511));
#1658=EDGE_LOOP('',(#512,#513,#514,#515));
#1659=EDGE_LOOP('',(#516,#517,#518,#519));
#1660=EDGE_LOOP('',(#520,#521,#522,#523));
#1661=EDGE_LOOP('',(#524,#525,#526,#527));
#1662=EDGE_LOOP('',(#528,#529,#530,#531));
#1663=EDGE_LOOP('',(#532,#533,#534,#535));
#1664=EDGE_LOOP('',(#536,#537,#538));
#1665=EDGE_LOOP('',(#539,#540,#541,#542));
#1666=EDGE_LOOP('',(#543,#544,#545,#546));
#1667=EDGE_LOOP('',(#547,#548,#549,#550));
#1668=EDGE_LOOP('',(#551,#552,#553));
#1669=EDGE_LOOP('',(#554,#555,#556));
#1670=EDGE_LOOP('',(#557,#558,#559,#560));
#1671=EDGE_LOOP('',(#561,#562,#563,#564));
#1672=EDGE_LOOP('',(#565,#566,#567,#568));
#1673=EDGE_LOOP('',(#569,#570,#571));
#1674=EDGE_LOOP('',(#572,#573,#574,#575));
#1675=EDGE_LOOP('',(#576,#577,#578,#579));
#1676=EDGE_LOOP('',(#580,#581,#582,#583));
#1677=EDGE_LOOP('',(#584,#585,#586,#587));
#1678=EDGE_LOOP('',(#588,#589,#590,#591));
#1679=EDGE_LOOP('',(#592,#593,#594,#595));
#1680=EDGE_LOOP('',(#596,#597,#598));
#1681=EDGE_LOOP('',(#599,#600,#601,#602));
#1682=EDGE_LOOP('',(#603,#604,#605,#606));
#1683=EDGE_LOOP('',(#607,#608,#609,#610));
#1684=EDGE_LOOP('',(#611,#612,#613));
#1685=EDGE_LOOP('',(#614,#615,#616));
#1686=EDGE_LOOP('',(#617,#618,#619,#620));
#1687=EDGE_LOOP('',(#621,#622,#623,#624));
#1688=EDGE_LOOP('',(#625,#626,#627,#628));
#1689=EDGE_LOOP('',(#629,#630,#631));
#1690=EDGE_LOOP('',(#632,#633,#634,#635));
#1691=EDGE_LOOP('',(#636,#637,#638,#639));
#1692=EDGE_LOOP('',(#640,#641,#642,#643));
#1693=EDGE_LOOP('',(#644,#645,#646,#647));
#1694=EDGE_LOOP('',(#648,#649,#650,#651));
#1695=EDGE_LOOP('',(#652,#653,#654,#655));
#1696=EDGE_LOOP('',(#656,#657,#658,#659));
#1697=EDGE_LOOP('',(#660,#661,#662,#663));
#1698=EDGE_LOOP('',(#664,#665,#666,#667));
#1699=EDGE_LOOP('',(#668,#669,#670,#671));
#1700=EDGE_LOOP('',(#672,#673,#674,#675));
#1701=EDGE_LOOP('',(#676,#677,#678));
#1702=EDGE_LOOP('',(#679,#680,#681,#682));
#1703=EDGE_LOOP('',(#683,#684,#685,#686));
#1704=EDGE_LOOP('',(#687,#688,#689));
#1705=EDGE_LOOP('',(#690));
#1706=EDGE_LOOP('',(#691));
#1707=EDGE_LOOP('',(#692));
#1708=EDGE_LOOP('',(#693));
#1709=EDGE_LOOP('',(#694));
#1710=EDGE_LOOP('',(#695));
#1711=EDGE_LOOP('',(#696));
#1712=EDGE_LOOP('',(#697));
#1713=EDGE_LOOP('',(#698));
#1714=EDGE_LOOP('',(#699));
#1715=EDGE_LOOP('',(#700));
#1716=EDGE_LOOP('',(#701));
#1717=EDGE_LOOP('',(#702));
#1718=EDGE_LOOP('',(#703));
#1719=EDGE_LOOP('',(#704));
#1720=EDGE_LOOP('',(#705));
#1721=EDGE_LOOP('',(#706));
#1722=EDGE_LOOP('',(#707));
#1723=EDGE_LOOP('',(#708));
#1724=EDGE_LOOP('',(#709));
#1725=EDGE_LOOP('',(#710));
#1726=EDGE_LOOP('',(#711));
#1727=EDGE_LOOP('',(#712));
#1728=EDGE_LOOP('',(#713));
#1729=EDGE_LOOP('',(#714));
#1730=EDGE_LOOP('',(#715));
#1731=EDGE_LOOP('',(#716));
#1732=EDGE_LOOP('',(#717));
#1733=EDGE_LOOP('',(#718));
#1734=EDGE_LOOP('',(#719));
#1735=EDGE_LOOP('',(#720));
#1736=EDGE_LOOP('',(#721));
#1737=EDGE_LOOP('',(#722));
#1738=EDGE_LOOP('',(#723));
#1739=EDGE_LOOP('',(#724));
#1740=EDGE_LOOP('',(#725));
#1741=EDGE_LOOP('',(#726,#727,#728,#729,#730,#731,#732,#733,#734,#735,#736,#737,#738,#739,#740,#741));
#1742=FACE_BOUND('',#1585,.T.);
#1743=FACE_BOUND('',#1586,.T.);
#1744=FACE_BOUND('',#1587,.T.);
#1745=FACE_BOUND('',#1588,.T.);
#1746=FACE_BOUND('',#1589,.T.);
#1747=FACE_BOUND('',#1590,.T.);
#1748=FACE_BOUND('',#1591,.T.);
#1749=FACE_BOUND('',#1592,.T.);
#1750=FACE_BOUND('',#1593,.T.);
#1751=FACE_BOUND('',#1594,.T.);
#1752=FACE_BOUND('',#1595,.T.);
#1753=FACE_BOUND('',#1596,.T.);
#1754=FACE_BOUND('',#1597,.T.);
#1755=FACE_BOUND('',#1598,.T.);
#1756=FACE_BOUND('',#1599,.T.);
#1757=FACE_BOUND('',#1600,.T.);
#1758=FACE_BOUND('',#1601,.T.);
#1759=FACE_BOUND('',#1602,.T.);
#1760=FACE_BOUND('',#1603,.T.);
#1761=FACE_BOUND('',#1604,.T.);
#1762=FACE_BOUND('',#1605,.T.);
#1763=FACE_BOUND('',#1606,.T.);
#1764=FACE_BOUND('',#1607,.T.);
#1765=FACE_BOUND('',#1608,.T.);
#1766=FACE_BOUND('',#1609,.T.);
#1767=FACE_BOUND('',#1610,.T.);
#1768=FACE_BOUND('',#1611,.T.);
#1769=FACE_BOUND('',#1612,.T.);
#1770=FACE_BOUND('',#1613,.T.);
#1771=FACE_BOUND('',#1614,.T.);
#1772=FACE_BOUND('',#1615,.T.);
#1773=FACE_BOUND('',#1616,.T.);
#1774=FACE_BOUND('',#1617,.T.);
#1775=FACE_BOUND('',#1618,.T.);
#1776=FACE_BOUND('',#1619,.T.);
#1777=FACE_BOUND('',#1620,.T.);
#1778=FACE_BOUND('',#1621,.T.);
#1779=FACE_BOUND('',#1622,.T.);
#1780=FACE_BOUND('',#1623,.T.);
#1781=FACE_BOUND('',#1624,.T.);
#1782=FACE_BOUND('',#1625,.T.);
#1783=FACE_BOUND('',#1626,.T.);
#1784=FACE_BOUND('',#1627,.T.);
#1785=FACE_BOUND('',#1628,.T.);
#1786=FACE_BOUND('',#1629,.T.);
#1787=FACE_BOUND('',#1630,.T.);
#1788=FACE_BOUND('',#1631,.T.);
#1789=FACE_BOUND('',#1632,.T.);
#1790=FACE_BOUND('',#1633,.T.);
#1791=FACE_BOUND('',#1634,.T.);
#1792=FACE_BOUND('',#1635,.T.);
#1793=FACE_BOUND('',#1636,.T.);
#1794=FACE_BOUND('',#1637,.T.);
#1795=FACE_BOUND('',#1638,.T.);
#1796=FACE_BOUND('',#1639,.T.);
#1797=FACE_BOUND('',#1640,.T.);
#1798=FACE_BOUND('',#1641,.T.);
#1799=FACE_BOUND('',#1642,.T.);
#1800=FACE_BOUND('',#1643,.T.);
#1801=FACE_BOUND('',#1644,.T.);
#1802=FACE_BOUND('',#1645,.T.);
#1803=FACE_BOUND('',#1646,.T.);
#1804=FACE_BOUND('',#1647,.T.);
#1805=FACE_BOUND('',#1648,.T.);
#1806=FACE_BOUND('',#1649,.T.);
#1807=FACE_BOUND('',#1650,.T.);
#1808=FACE_BOUND('',#1651,.T.);
#1809=FACE_BOUND('',#1652,.T.);
#1810=FACE_BOUND('',#1653,.T.);
#1811=FACE_BOUND('',#1654,.T.);
#1812=FACE_BOUND('',#1655,.T.);
#1813=FACE_BOUND('',#1656,.T.);
#1814=FACE_BOUND('',#1657,.T.);
#1815=FACE_BOUND('',#1658,.T.);
#1816=FACE_BOUND('',#1659,.T.);
#1817=FACE_BOUND('',#1660,.T.);
#1818=FACE_BOUND('',#1661,.T.);
#1819=FACE_BOUND('',#1662,.T.);
#1820=FACE_BOUND('',#1663,.T.);
#1821=FACE_BOUND('',#1664,.T.);
#1822=FACE_BOUND('',#1665,.T.);
#1823=FACE_BOUND('',#1666,.T.);
#1824=FACE_BOUND('',#1667,.T.);
#1825=FACE_BOUND('',#1668,.T.);
#1826=FACE_BOUND('',#1669,.T.);
#1827=FACE_BOUND('',#1670,.T.);
#1828=FACE_BOUND('',#1671,.T.);
#1829=FACE_BOUND('',#1672,.T.);
#1830=FACE_BOUND('',#1673,.T.);
#1831=FACE_BOUND('',#1674,.T.);
#1832=FACE_BOUND('',#1675,.T.);
#1833=FACE_BOUND('',#1676,.T.);
#1834=FACE_BOUND('',#1677,.T.);
#1835=FACE_BOUND('',#1678,.T.);
#1836=FACE_BOUND('',#1679,.T.);
#1837=FACE_BOUND('',#1680,.T.);
#1838=FACE_BOUND('',#1681,.T.);
#1839=FACE_BOUND('',#1682,.T.);
#1840=FACE_BOUND('',#1683,.T.);
#1841=FACE_BOUND('',#1684,.T.);
#1842=FACE_BOUND('',#1685,.T.);
#1843=FACE_BOUND('',#1686,.T.);
#1844=FACE_BOUND('',#1687,.T.);
#1845=FACE_BOUND('',#1688,.T.);
#1846=FACE_BOUND('',#1689,.T.);
#1847=FACE_BOUND('',#1690,.T.);
#1848=FACE_BOUND('',#1691,.T.);
#1849=FACE_BOUND('',#1692,.T.);
#1850=FACE_BOUND('',#1693,.T.);
#1851=FACE_BOUND('',#1694,.T.);
#1852=FACE_BOUND('',#1695,.T.);
#1853=FACE_BOUND('',#1696,.T.);
#1854=FACE_BOUND('',#1697,.T.);
#1855=FACE_BOUND('',#1698,.T.);
#1856=FACE_BOUND('',#1699,.T.);
#1857=FACE_BOUND('',#1700,.T.);
#1858=FACE_BOUND('',#1701,.T.);
#1859=FACE_BOUND('',#1702,.T.);
#1860=FACE_BOUND('',#1703,.T.);
#1861=FACE_BOUND('',#1704,.T.);
#1862=FACE_BOUND('',#1705,.T.);
#1863=FACE_BOUND('',#1706,.T.);
#1864=FACE_BOUND('',#1707,.T.);
#1865=FACE_BOUND('',#1708,.T.);
#1866=FACE_BOUND('',#1709,.T.);
#1867=FACE_BOUND('',#1710,.T.);
#1868=FACE_BOUND('',#1711,.T.);
#1869=FACE_BOUND('',#1712,.T.);
#1870=FACE_BOUND('',#1713,.T.);
#1871=FACE_BOUND('',#1714,.T.);
#1872=FACE_BOUND('',#1715,.T.);
#1873=FACE_BOUND('',#1716,.T.);
#1874=FACE_BOUND('',#1717,.T.);
#1875=FACE_BOUND('',#1718,.T.);
#1876=FACE_BOUND('',#1719,.T.);
#1877=FACE_BOUND('',#1720,.T.);
#1878=FACE_BOUND('',#1721,.T.);
#1879=FACE_BOUND('',#1722,.T.);
#1880=FACE_BOUND('',#1723,.T.);
#1881=FACE_BOUND('',#1724,.T.);
#1882=FACE_BOUND('',#1725,.T.);
#1883=FACE_BOUND('',#1726,.T.);
#1884=FACE_BOUND('',#1727,.T.);
#1885=FACE_BOUND('',#1728,.T.);
#1886=FACE_BOUND('',#1729,.T.);
#1887=FACE_BOUND('',#1730,.T.);
#1888=FACE_BOUND('',#1731,.T.);
#1889=FACE_BOUND('',#1732,.T.);
#1890=FACE_BOUND('',#1733,.T.);
#1891=FACE_BOUND('',#1734,.T.);
#1892=FACE_BOUND('',#1735,.T.);
#1893=FACE_BOUND('',#1736,.T.);
#1894=FACE_BOUND('',#1737,.T.);
#1895=FACE_BOUND('',#1738,.T.);
#1896=FACE_BOUND('',#1739,.T.);
#1897=FACE_BOUND('',#1740,.T.);
#1898=FACE_BOUND('',#1741,.T.);
#1899=PLANE('',#2098);
#1900=PLANE('',#2102);
#1901=PLANE('',#2106);
#1902=PLANE('',#2110);
#1903=PLANE('',#2111);
#1904=PLANE('',#2115);
#1905=PLANE('',#2119);
#1906=PLANE('',#2123);
#1907=PLANE('',#2127);
#1908=PLANE('',#2131);
#1909=PLANE('',#2135);
#1910=PLANE('',#2139);
#1911=PLANE('',#2143);
#1912=PLANE('',#2147);
#1913=PLANE('',#2151);
#1914=PLANE('',#2155);
#1915=PLANE('',#2159);
#1916=PLANE('',#2163);
#1917=PLANE('',#2167);
#1918=PLANE('',#2171);
#1919=PLANE('',#2175);
#1920=PLANE('',#2179);
#1921=PLANE('',#2183);
#1922=PLANE('',#2187);
#1923=PLANE('',#2194);
#1924=PLANE('',#2201);
#1925=PLANE('',#2225);
#1926=PLANE('',#2226);
#1927=PLANE('',#2229);
#1928=PLANE('',#2230);
#1929=PLANE('',#2233);
#1930=PLANE('',#2234);
#1931=PLANE('',#2237);
#1932=PLANE('',#2238);
#1933=PLANE('',#2241);
#1934=PLANE('',#2242);
#1935=PLANE('',#2245);
#1936=PLANE('',#2246);
#1937=PLANE('',#2249);
#1938=PLANE('',#2250);
#1939=PLANE('',#2253);
#1940=PLANE('',#2254);
#1941=PLANE('',#2258);
#1942=PLANE('',#2259);
#1943=PLANE('',#2263);
#1944=PLANE('',#2264);
#1945=PLANE('',#2268);
#1946=PLANE('',#2269);
#1947=PLANE('',#2273);
#1948=PLANE('',#2274);
#1949=PLANE('',#2278);
#1950=PLANE('',#2279);
#1951=PLANE('',#2284);
#1952=PLANE('',#2285);
#1953=PLANE('',#2290);
#1954=PLANE('',#2295);
#1955=PLANE('',#2300);
#1956=PLANE('',#2305);
#1957=PLANE('',#2310);
#1958=PLANE('',#2315);
#1959=PLANE('',#2318);
#1960=ADVANCED_FACE('',(#1742),#1899,.T.);
#1961=ADVANCED_FACE('',(#1743),#136,.T.);
#1962=ADVANCED_FACE('',(#1744),#1900,.T.);
#1963=ADVANCED_FACE('',(#1745),#137,.T.);
#1964=ADVANCED_FACE('',(#1746),#1901,.F.);
#1965=ADVANCED_FACE('',(#1747),#138,.T.);
#1966=ADVANCED_FACE('',(#1748),#1902,.F.);
#1967=ADVANCED_FACE('',(#1749),#1903,.T.);
#1968=ADVANCED_FACE('',(#1750),#139,.T.);
#1969=ADVANCED_FACE('',(#1751),#1904,.T.);
#1970=ADVANCED_FACE('',(#1752),#140,.F.);
#1971=ADVANCED_FACE('',(#1753),#1905,.T.);
#1972=ADVANCED_FACE('',(#1754),#141,.F.);
#1973=ADVANCED_FACE('',(#1755),#1906,.F.);
#1974=ADVANCED_FACE('',(#1756),#142,.T.);
#1975=ADVANCED_FACE('',(#1757),#1907,.F.);
#1976=ADVANCED_FACE('',(#1758),#143,.T.);
#1977=ADVANCED_FACE('',(#1759),#1908,.T.);
#1978=ADVANCED_FACE('',(#1760),#144,.F.);
#1979=ADVANCED_FACE('',(#1761),#1909,.T.);
#1980=ADVANCED_FACE('',(#1762),#145,.F.);
#1981=ADVANCED_FACE('',(#1763),#1910,.T.);
#1982=ADVANCED_FACE('',(#1764),#146,.F.);
#1983=ADVANCED_FACE('',(#1765),#1911,.F.);
#1984=ADVANCED_FACE('',(#1766),#147,.F.);
#1985=ADVANCED_FACE('',(#1767),#1912,.F.);
#1986=ADVANCED_FACE('',(#1768),#148,.T.);
#1987=ADVANCED_FACE('',(#1769),#1913,.F.);
#1988=ADVANCED_FACE('',(#1770),#149,.T.);
#1989=ADVANCED_FACE('',(#1771),#1914,.T.);
#1990=ADVANCED_FACE('',(#1772),#150,.F.);
#1991=ADVANCED_FACE('',(#1773),#1915,.F.);
#1992=ADVANCED_FACE('',(#1774),#151,.F.);
#1993=ADVANCED_FACE('',(#1775),#1916,.F.);
#1994=ADVANCED_FACE('',(#1776),#152,.T.);
#1995=ADVANCED_FACE('',(#1777),#1917,.F.);
#1996=ADVANCED_FACE('',(#1778),#153,.T.);
#1997=ADVANCED_FACE('',(#1779),#1918,.T.);
#1998=ADVANCED_FACE('',(#1780),#154,.F.);
#1999=ADVANCED_FACE('',(#1781),#1919,.F.);
#2000=ADVANCED_FACE('',(#1782),#155,.F.);
#2001=ADVANCED_FACE('',(#1783),#1920,.F.);
#2002=ADVANCED_FACE('',(#1784),#156,.F.);
#2003=ADVANCED_FACE('',(#1785),#1921,.T.);
#2004=ADVANCED_FACE('',(#1786),#157,.F.);
#2005=ADVANCED_FACE('',(#1787),#1922,.T.);
#2006=ADVANCED_FACE('',(#1788),#158,.T.);
#2007=ADVANCED_FACE('',(#1789),#159,.T.);
#2008=ADVANCED_FACE('',(#1790,#1791,#1792,#1793,#1794,#1795,#1796,#1797),#1923,.T.);
#2009=ADVANCED_FACE('',(#1798,#1799,#1800,#1801,#1802,#1803,#1804,#1805),#1924,.F.);
#2010=ADVANCED_FACE('',(#1806),#12,.T.);
#2011=ADVANCED_FACE('',(#1807),#1925,.T.);
#2012=ADVANCED_FACE('',(#1808),#1926,.T.);
#2013=ADVANCED_FACE('',(#1809),#13,.T.);
#2014=ADVANCED_FACE('',(#1810),#14,.F.);
#2015=ADVANCED_FACE('',(#1811),#1927,.T.);
#2016=ADVANCED_FACE('',(#1812),#1928,.T.);
#2017=ADVANCED_FACE('',(#1813),#15,.F.);
#2018=ADVANCED_FACE('',(#1814),#16,.F.);
#2019=ADVANCED_FACE('',(#1815),#1929,.T.);
#2020=ADVANCED_FACE('',(#1816),#1930,.F.);
#2021=ADVANCED_FACE('',(#1817),#17,.F.);
#2022=ADVANCED_FACE('',(#1818),#18,.F.);
#2023=ADVANCED_FACE('',(#1819),#1931,.F.);
#2024=ADVANCED_FACE('',(#1820),#1932,.F.);
#2025=ADVANCED_FACE('',(#1821),#19,.T.);
#2026=ADVANCED_FACE('',(#1822),#20,.F.);
#2027=ADVANCED_FACE('',(#1823),#1933,.F.);
#2028=ADVANCED_FACE('',(#1824),#1934,.T.);
#2029=ADVANCED_FACE('',(#1825),#21,.T.);
#2030=ADVANCED_FACE('',(#1826),#22,.T.);
#2031=ADVANCED_FACE('',(#1827),#1935,.T.);
#2032=ADVANCED_FACE('',(#1828),#1936,.F.);
#2033=ADVANCED_FACE('',(#1829),#23,.F.);
#2034=ADVANCED_FACE('',(#1830),#24,.T.);
#2035=ADVANCED_FACE('',(#1831),#1937,.T.);
#2036=ADVANCED_FACE('',(#1832),#1938,.F.);
#2037=ADVANCED_FACE('',(#1833),#25,.F.);
#2038=ADVANCED_FACE('',(#1834),#26,.F.);
#2039=ADVANCED_FACE('',(#1835),#1939,.F.);
#2040=ADVANCED_FACE('',(#1836),#1940,.F.);
#2041=ADVANCED_FACE('',(#1837),#27,.T.);
#2042=ADVANCED_FACE('',(#1838),#28,.F.);
#2043=ADVANCED_FACE('',(#1839),#1941,.F.);
#2044=ADVANCED_FACE('',(#1840),#1942,.T.);
#2045=ADVANCED_FACE('',(#1841),#29,.T.);
#2046=ADVANCED_FACE('',(#1842),#30,.T.);
#2047=ADVANCED_FACE('',(#1843),#1943,.T.);
#2048=ADVANCED_FACE('',(#1844),#1944,.F.);
#2049=ADVANCED_FACE('',(#1845),#31,.F.);
#2050=ADVANCED_FACE('',(#1846),#32,.T.);
#2051=ADVANCED_FACE('',(#1847),#1945,.T.);
#2052=ADVANCED_FACE('',(#1848),#1946,.F.);
#2053=ADVANCED_FACE('',(#1849),#33,.F.);
#2054=ADVANCED_FACE('',(#1850),#34,.F.);
#2055=ADVANCED_FACE('',(#1851),#1947,.F.);
#2056=ADVANCED_FACE('',(#1852),#1948,.F.);
#2057=ADVANCED_FACE('',(#1853),#35,.F.);
#2058=ADVANCED_FACE('',(#1854),#36,.F.);
#2059=ADVANCED_FACE('',(#1855),#1949,.F.);
#2060=ADVANCED_FACE('',(#1856),#1950,.T.);
#2061=ADVANCED_FACE('',(#1857),#37,.F.);
#2062=ADVANCED_FACE('',(#1858),#38,.T.);
#2063=ADVANCED_FACE('',(#1859),#1951,.F.);
#2064=ADVANCED_FACE('',(#1860),#1952,.T.);
#2065=ADVANCED_FACE('',(#1861),#39,.T.);
#2066=ADVANCED_FACE('',(#1862,#1863),#160,.F.);
#2067=ADVANCED_FACE('',(#1864,#1865),#1953,.T.);
#2068=ADVANCED_FACE('',(#1866,#1867),#161,.F.);
#2069=ADVANCED_FACE('',(#1868,#1869),#162,.F.);
#2070=ADVANCED_FACE('',(#1870,#1871),#1954,.T.);
#2071=ADVANCED_FACE('',(#1872,#1873),#163,.F.);
#2072=ADVANCED_FACE('',(#1874,#1875),#164,.F.);
#2073=ADVANCED_FACE('',(#1876,#1877),#1955,.T.);
#2074=ADVANCED_FACE('',(#1878,#1879),#165,.F.);
#2075=ADVANCED_FACE('',(#1880,#1881),#166,.F.);
#2076=ADVANCED_FACE('',(#1882,#1883),#1956,.T.);
#2077=ADVANCED_FACE('',(#1884,#1885),#167,.F.);
#2078=ADVANCED_FACE('',(#1886,#1887),#168,.F.);
#2079=ADVANCED_FACE('',(#1888,#1889),#1957,.T.);
#2080=ADVANCED_FACE('',(#1890,#1891),#169,.F.);
#2081=ADVANCED_FACE('',(#1892,#1893),#170,.F.);
#2082=ADVANCED_FACE('',(#1894,#1895),#1958,.T.);
#2083=ADVANCED_FACE('',(#1896,#1897),#171,.F.);
#2084=ADVANCED_FACE('',(#1898),#1959,.F.);
#2085=CLOSED_SHELL('',(#1960,#1961,#1962,#1963,#1964,#1965,#1966,#1967,#1968,#1969,#1970,#1971,#1972,#1973,#1974,#1975,#1976,#1977,#1978,#1979,#1980,#1981,#1982,#1983,#1984,#1985,#1986,#1987,#1988,#1989,#1990,#1991,#1992,#1993,#1994,#1995,#1996,#1997,#1998,#1999,#2000,#2001,#2002,#2003,#2004,#2005,#2006,#2007,#2008,#2009,#2010,#2011,#2012,#2013,#2014,#2015,#2016,#2017,#2018,#2019,#2020,#2021,#2022,#2023,#2024,#2025,#2026,#2027,#2028,#2029,#2030,#2031,#2032,#2033,#2034,#2035,#2036,#2037,#2038,#2039,#2040,#2041,#2042,#2043,#2044,#2045,#2046,#2047,#2048,#2049,#2050,#2051,#2052,#2053,#2054,#2055,#2056,#2057,#2058,#2059,#2060,#2061,#2062,#2063,#2064,#2065,#2066,#2067,#2068,#2069,#2070,#2071,#2072,#2073,#2074,#2075,#2076,#2077,#2078,#2079,#2080,#2081,#2082,#2083,#2084));
#2086=STYLED_ITEM('',(#2087),#2094);
#2087=PRESENTATION_STYLE_ASSIGNMENT((#2088));
#2088=SURFACE_STYLE_USAGE(.BOTH.,#2089);
#2089=SURFACE_SIDE_STYLE('',(#2090));
#2090=SURFACE_STYLE_FILL_AREA(#2091);
#2091=FILL_AREA_STYLE('',(#2092));
#2092=FILL_AREA_STYLE_COLOUR('',#2093);
#2093=COLOUR_RGB('',0.701960784313725,0.701960784313725,0.701960784313725);
#2094=MANIFOLD_SOLID_BREP('Part 1',#2085);
#2095=SHAPE_DEFINITION_REPRESENTATION(#3549,#2096);
#2096=SHAPE_REPRESENTATION('Part 1',(#2097),#3544);
#2097=AXIS2_PLACEMENT_3D('',#2952,#2319,#2320);
#2098=AXIS2_PLACEMENT_3D('',#2953,#2321,#2322);
#2099=AXIS2_PLACEMENT_3D('',#2962,#2327,#2328);
#2100=AXIS2_PLACEMENT_3D('',#2963,#2329,#2330);
#2101=AXIS2_PLACEMENT_3D('',#2967,#2332,#2333);
#2102=AXIS2_PLACEMENT_3D('',#2968,#2334,#2335);
#2103=AXIS2_PLACEMENT_3D('',#2974,#2339,#2340);
#2104=AXIS2_PLACEMENT_3D('',#2975,#2341,#2342);
#2105=AXIS2_PLACEMENT_3D('',#2979,#2344,#2345);
#2106=AXIS2_PLACEMENT_3D('',#2980,#2346,#2347);
#2107=AXIS2_PLACEMENT_3D('',#2986,#2351,#2352);
#2108=AXIS2_PLACEMENT_3D('',#2987,#2353,#2354);
#2109=AXIS2_PLACEMENT_3D('',#2991,#2356,#2357);
#2110=AXIS2_PLACEMENT_3D('',#2992,#2358,#2359);
#2111=AXIS2_PLACEMENT_3D('',#2998,#2363,#2364);
#2112=AXIS2_PLACEMENT_3D('',#3007,#2369,#2370);
#2113=AXIS2_PLACEMENT_3D('',#3008,#2371,#2372);
#2114=AXIS2_PLACEMENT_3D('',#3012,#2374,#2375);
#2115=AXIS2_PLACEMENT_3D('',#3013,#2376,#2377);
#2116=AXIS2_PLACEMENT_3D('',#3019,#2381,#2382);
#2117=AXIS2_PLACEMENT_3D('',#3020,#2383,#2384);
#2118=AXIS2_PLACEMENT_3D('',#3024,#2386,#2387);
#2119=AXIS2_PLACEMENT_3D('',#3025,#2388,#2389);
#2120=AXIS2_PLACEMENT_3D('',#3031,#2393,#2394);
#2121=AXIS2_PLACEMENT_3D('',#3032,#2395,#2396);
#2122=AXIS2_PLACEMENT_3D('',#3036,#2398,#2399);
#2123=AXIS2_PLACEMENT_3D('',#3037,#2400,#2401);
#2124=AXIS2_PLACEMENT_3D('',#3043,#2405,#2406);
#2125=AXIS2_PLACEMENT_3D('',#3044,#2407,#2408);
#2126=AXIS2_PLACEMENT_3D('',#3048,#2410,#2411);
#2127=AXIS2_PLACEMENT_3D('',#3049,#2412,#2413);
#2128=AXIS2_PLACEMENT_3D('',#3055,#2417,#2418);
#2129=AXIS2_PLACEMENT_3D('',#3056,#2419,#2420);
#2130=AXIS2_PLACEMENT_3D('',#3060,#2422,#2423);
#2131=AXIS2_PLACEMENT_3D('',#3061,#2424,#2425);
#2132=AXIS2_PLACEMENT_3D('',#3067,#2429,#2430);
#2133=AXIS2_PLACEMENT_3D('',#3068,#2431,#2432);
#2134=AXIS2_PLACEMENT_3D('',#3072,#2434,#2435);
#2135=AXIS2_PLACEMENT_3D('',#3073,#2436,#2437);
#2136=AXIS2_PLACEMENT_3D('',#3079,#2441,#2442);
#2137=AXIS2_PLACEMENT_3D('',#3080,#2443,#2444);
#2138=AXIS2_PLACEMENT_3D('',#3084,#2446,#2447);
#2139=AXIS2_PLACEMENT_3D('',#3085,#2448,#2449);
#2140=AXIS2_PLACEMENT_3D('',#3095,#2455,#2456);
#2141=AXIS2_PLACEMENT_3D('',#3096,#2457,#2458);
#2142=AXIS2_PLACEMENT_3D('',#3100,#2460,#2461);
#2143=AXIS2_PLACEMENT_3D('',#3101,#2462,#2463);
#2144=AXIS2_PLACEMENT_3D('',#3107,#2467,#2468);
#2145=AXIS2_PLACEMENT_3D('',#3108,#2469,#2470);
#2146=AXIS2_PLACEMENT_3D('',#3112,#2472,#2473);
#2147=AXIS2_PLACEMENT_3D('',#3113,#2474,#2475);
#2148=AXIS2_PLACEMENT_3D('',#3119,#2479,#2480);
#2149=AXIS2_PLACEMENT_3D('',#3120,#2481,#2482);
#2150=AXIS2_PLACEMENT_3D('',#3124,#2484,#2485);
#2151=AXIS2_PLACEMENT_3D('',#3125,#2486,#2487);
#2152=AXIS2_PLACEMENT_3D('',#3131,#2491,#2492);
#2153=AXIS2_PLACEMENT_3D('',#3132,#2493,#2494);
#2154=AXIS2_PLACEMENT_3D('',#3136,#2496,#2497);
#2155=AXIS2_PLACEMENT_3D('',#3137,#2498,#2499);
#2156=AXIS2_PLACEMENT_3D('',#3143,#2503,#2504);
#2157=AXIS2_PLACEMENT_3D('',#3144,#2505,#2506);
#2158=AXIS2_PLACEMENT_3D('',#3148,#2508,#2509);
#2159=AXIS2_PLACEMENT_3D('',#3149,#2510,#2511);
#2160=AXIS2_PLACEMENT_3D('',#3155,#2515,#2516);
#2161=AXIS2_PLACEMENT_3D('',#3156,#2517,#2518);
#2162=AXIS2_PLACEMENT_3D('',#3160,#2520,#2521);
#2163=AXIS2_PLACEMENT_3D('',#3161,#2522,#2523);
#2164=AXIS2_PLACEMENT_3D('',#3167,#2527,#2528);
#2165=AXIS2_PLACEMENT_3D('',#3168,#2529,#2530);
#2166=AXIS2_PLACEMENT_3D('',#3172,#2532,#2533);
#2167=AXIS2_PLACEMENT_3D('',#3173,#2534,#2535);
#2168=AXIS2_PLACEMENT_3D('',#3179,#2539,#2540);
#2169=AXIS2_PLACEMENT_3D('',#3180,#2541,#2542);
#2170=AXIS2_PLACEMENT_3D('',#3184,#2544,#2545);
#2171=AXIS2_PLACEMENT_3D('',#3185,#2546,#2547);
#2172=AXIS2_PLACEMENT_3D('',#3191,#2551,#2552);
#2173=AXIS2_PLACEMENT_3D('',#3192,#2553,#2554);
#2174=AXIS2_PLACEMENT_3D('',#3196,#2556,#2557);
#2175=AXIS2_PLACEMENT_3D('',#3197,#2558,#2559);
#2176=AXIS2_PLACEMENT_3D('',#3203,#2563,#2564);
#2177=AXIS2_PLACEMENT_3D('',#3204,#2565,#2566);
#2178=AXIS2_PLACEMENT_3D('',#3208,#2568,#2569);
#2179=AXIS2_PLACEMENT_3D('',#3209,#2570,#2571);
#2180=AXIS2_PLACEMENT_3D('',#3215,#2575,#2576);
#2181=AXIS2_PLACEMENT_3D('',#3216,#2577,#2578);
#2182=AXIS2_PLACEMENT_3D('',#3220,#2580,#2581);
#2183=AXIS2_PLACEMENT_3D('',#3221,#2582,#2583);
#2184=AXIS2_PLACEMENT_3D('',#3227,#2587,#2588);
#2185=AXIS2_PLACEMENT_3D('',#3228,#2589,#2590);
#2186=AXIS2_PLACEMENT_3D('',#3232,#2592,#2593);
#2187=AXIS2_PLACEMENT_3D('',#3233,#2594,#2595);
#2188=AXIS2_PLACEMENT_3D('',#3239,#2599,#2600);
#2189=AXIS2_PLACEMENT_3D('',#3240,#2601,#2602);
#2190=AXIS2_PLACEMENT_3D('',#3241,#2603,#2604);
#2191=AXIS2_PLACEMENT_3D('',#3242,#2605,#2606);
#2192=AXIS2_PLACEMENT_3D('',#3243,#2607,#2608);
#2193=AXIS2_PLACEMENT_3D('',#3244,#2609,#2610);
#2194=AXIS2_PLACEMENT_3D('',#3245,#2611,#2612);
#2195=AXIS2_PLACEMENT_3D('',#3246,#2613,#2614);
#2196=AXIS2_PLACEMENT_3D('',#3248,#2615,#2616);
#2197=AXIS2_PLACEMENT_3D('',#3250,#2617,#2618);
#2198=AXIS2_PLACEMENT_3D('',#3252,#2619,#2620);
#2199=AXIS2_PLACEMENT_3D('',#3254,#2621,#2622);
#2200=AXIS2_PLACEMENT_3D('',#3256,#2623,#2624);
#2201=AXIS2_PLACEMENT_3D('',#3258,#2625,#2626);
#2202=AXIS2_PLACEMENT_3D('',#3259,#2627,#2628);
#2203=AXIS2_PLACEMENT_3D('',#3261,#2629,#2630);
#2204=AXIS2_PLACEMENT_3D('',#3263,#2631,#2632);
#2205=AXIS2_PLACEMENT_3D('',#3265,#2633,#2634);
#2206=AXIS2_PLACEMENT_3D('',#3267,#2635,#2636);
#2207=AXIS2_PLACEMENT_3D('',#3269,#2637,#2638);
#2208=AXIS2_PLACEMENT_3D('',#3276,#2641,#2642);
#2209=AXIS2_PLACEMENT_3D('',#3280,#2644,#2645);
#2210=AXIS2_PLACEMENT_3D('',#3284,#2647,#2648);
#2211=AXIS2_PLACEMENT_3D('',#3288,#2650,#2651);
#2212=AXIS2_PLACEMENT_3D('',#3296,#2655,#2656);
#2213=AXIS2_PLACEMENT_3D('',#3300,#2658,#2659);
#2214=AXIS2_PLACEMENT_3D('',#3308,#2663,#2664);
#2215=AXIS2_PLACEMENT_3D('',#3312,#2666,#2667);
#2216=AXIS2_PLACEMENT_3D('',#3320,#2671,#2672);
#2217=AXIS2_PLACEMENT_3D('',#3324,#2674,#2675);
#2218=AXIS2_PLACEMENT_3D('',#3328,#2677,#2678);
#2219=AXIS2_PLACEMENT_3D('',#3332,#2680,#2681);
#2220=AXIS2_PLACEMENT_3D('',#3340,#2685,#2686);
#2221=AXIS2_PLACEMENT_3D('',#3344,#2688,#2689);
#2222=AXIS2_PLACEMENT_3D('',#3352,#2693,#2694);
#2223=AXIS2_PLACEMENT_3D('',#3356,#2696,#2697);
#2224=AXIS2_PLACEMENT_3D('',#3359,#2699,#2700);
#2225=AXIS2_PLACEMENT_3D('',#3362,#2703,#2704);
#2226=AXIS2_PLACEMENT_3D('',#3364,#2706,#2707);
#2227=AXIS2_PLACEMENT_3D('',#3366,#2709,#2710);
#2228=AXIS2_PLACEMENT_3D('',#3368,#2712,#2713);
#2229=AXIS2_PLACEMENT_3D('',#3370,#2715,#2716);
#2230=AXIS2_PLACEMENT_3D('',#3372,#2718,#2719);
#2231=AXIS2_PLACEMENT_3D('',#3374,#2721,#2722);
#2232=AXIS2_PLACEMENT_3D('',#3376,#2724,#2725);
#2233=AXIS2_PLACEMENT_3D('',#3378,#2727,#2728);
#2234=AXIS2_PLACEMENT_3D('',#3380,#2730,#2731);
#2235=AXIS2_PLACEMENT_3D('',#3382,#2733,#2734);
#2236=AXIS2_PLACEMENT_3D('',#3384,#2736,#2737);
#2237=AXIS2_PLACEMENT_3D('',#3386,#2739,#2740);
#2238=AXIS2_PLACEMENT_3D('',#3388,#2742,#2743);
#2239=AXIS2_PLACEMENT_3D('',#3390,#2745,#2746);
#2240=AXIS2_PLACEMENT_3D('',#3392,#2748,#2749);
#2241=AXIS2_PLACEMENT_3D('',#3394,#2751,#2752);
#2242=AXIS2_PLACEMENT_3D('',#3396,#2754,#2755);
#2243=AXIS2_PLACEMENT_3D('',#3398,#2757,#2758);
#2244=AXIS2_PLACEMENT_3D('',#3400,#2760,#2761);
#2245=AXIS2_PLACEMENT_3D('',#3402,#2763,#2764);
#2246=AXIS2_PLACEMENT_3D('',#3404,#2766,#2767);
#2247=AXIS2_PLACEMENT_3D('',#3406,#2769,#2770);
#2248=AXIS2_PLACEMENT_3D('',#3408,#2772,#2773);
#2249=AXIS2_PLACEMENT_3D('',#3410,#2775,#2776);
#2250=AXIS2_PLACEMENT_3D('',#3412,#2778,#2779);
#2251=AXIS2_PLACEMENT_3D('',#3414,#2781,#2782);
#2252=AXIS2_PLACEMENT_3D('',#3416,#2784,#2785);
#2253=AXIS2_PLACEMENT_3D('',#3418,#2787,#2788);
#2254=AXIS2_PLACEMENT_3D('',#3420,#2790,#2791);
#2255=AXIS2_PLACEMENT_3D('',#3422,#2793,#2794);
#2256=AXIS2_PLACEMENT_3D('',#3423,#2795,#2796);
#2257=AXIS2_PLACEMENT_3D('',#3426,#2798,#2799);
#2258=AXIS2_PLACEMENT_3D('',#3428,#2801,#2802);
#2259=AXIS2_PLACEMENT_3D('',#3432,#2805,#2806);
#2260=AXIS2_PLACEMENT_3D('',#3434,#2808,#2809);
#2261=AXIS2_PLACEMENT_3D('',#3435,#2810,#2811);
#2262=AXIS2_PLACEMENT_3D('',#3438,#2813,#2814);
#2263=AXIS2_PLACEMENT_3D('',#3440,#2816,#2817);
#2264=AXIS2_PLACEMENT_3D('',#3444,#2820,#2821);
#2265=AXIS2_PLACEMENT_3D('',#3446,#2823,#2824);
#2266=AXIS2_PLACEMENT_3D('',#3449,#2826,#2827);
#2267=AXIS2_PLACEMENT_3D('',#3450,#2828,#2829);
#2268=AXIS2_PLACEMENT_3D('',#3452,#2831,#2832);
#2269=AXIS2_PLACEMENT_3D('',#3456,#2835,#2836);
#2270=AXIS2_PLACEMENT_3D('',#3458,#2838,#2839);
#2271=AXIS2_PLACEMENT_3D('',#3461,#2841,#2842);
#2272=AXIS2_PLACEMENT_3D('',#3462,#2843,#2844);
#2273=AXIS2_PLACEMENT_3D('',#3464,#2846,#2847);
#2274=AXIS2_PLACEMENT_3D('',#3468,#2850,#2851);
#2275=AXIS2_PLACEMENT_3D('',#3470,#2853,#2854);
#2276=AXIS2_PLACEMENT_3D('',#3473,#2856,#2857);
#2277=AXIS2_PLACEMENT_3D('',#3474,#2858,#2859);
#2278=AXIS2_PLACEMENT_3D('',#3476,#2861,#2862);
#2279=AXIS2_PLACEMENT_3D('',#3480,#2865,#2866);
#2280=AXIS2_PLACEMENT_3D('',#3482,#2868,#2869);
#2281=AXIS2_PLACEMENT_3D('',#3485,#2871,#2872);
#2282=AXIS2_PLACEMENT_3D('',#3486,#2873,#2874);
#2283=AXIS2_PLACEMENT_3D('',#3487,#2875,#2876);
#2284=AXIS2_PLACEMENT_3D('',#3490,#2878,#2879);
#2285=AXIS2_PLACEMENT_3D('',#3494,#2882,#2883);
#2286=AXIS2_PLACEMENT_3D('',#3498,#2886,#2887);
#2287=AXIS2_PLACEMENT_3D('',#3499,#2888,#2889);
#2288=AXIS2_PLACEMENT_3D('',#3500,#2890,#2891);
#2289=AXIS2_PLACEMENT_3D('',#3501,#2892,#2893);
#2290=AXIS2_PLACEMENT_3D('',#3503,#2894,#2895);
#2291=AXIS2_PLACEMENT_3D('',#3504,#2896,#2897);
#2292=AXIS2_PLACEMENT_3D('',#3506,#2898,#2899);
#2293=AXIS2_PLACEMENT_3D('',#3507,#2900,#2901);
#2294=AXIS2_PLACEMENT_3D('',#3508,#2902,#2903);
#2295=AXIS2_PLACEMENT_3D('',#3510,#2904,#2905);
#2296=AXIS2_PLACEMENT_3D('',#3511,#2906,#2907);
#2297=AXIS2_PLACEMENT_3D('',#3513,#2908,#2909);
#2298=AXIS2_PLACEMENT_3D('',#3514,#2910,#2911);
#2299=AXIS2_PLACEMENT_3D('',#3515,#2912,#2913);
#2300=AXIS2_PLACEMENT_3D('',#3517,#2914,#2915);
#2301=AXIS2_PLACEMENT_3D('',#3518,#2916,#2917);
#2302=AXIS2_PLACEMENT_3D('',#3520,#2918,#2919);
#2303=AXIS2_PLACEMENT_3D('',#3521,#2920,#2921);
#2304=AXIS2_PLACEMENT_3D('',#3522,#2922,#2923);
#2305=AXIS2_PLACEMENT_3D('',#3524,#2924,#2925);
#2306=AXIS2_PLACEMENT_3D('',#3525,#2926,#2927);
#2307=AXIS2_PLACEMENT_3D('',#3527,#2928,#2929);
#2308=AXIS2_PLACEMENT_3D('',#3528,#2930,#2931);
#2309=AXIS2_PLACEMENT_3D('',#3529,#2932,#2933);
#2310=AXIS2_PLACEMENT_3D('',#3531,#2934,#2935);
#2311=AXIS2_PLACEMENT_3D('',#3532,#2936,#2937);
#2312=AXIS2_PLACEMENT_3D('',#3534,#2938,#2939);
#2313=AXIS2_PLACEMENT_3D('',#3535,#2940,#2941);
#2314=AXIS2_PLACEMENT_3D('',#3536,#2942,#2943);
#2315=AXIS2_PLACEMENT_3D('',#3538,#2944,#2945);
#2316=AXIS2_PLACEMENT_3D('',#3539,#2946,#2947);
#2317=AXIS2_PLACEMENT_3D('',#3541,#2948,#2949);
#2318=AXIS2_PLACEMENT_3D('',#3542,#2950,#2951);
#2319=DIRECTION('',(0.,0.,1.));
#2320=DIRECTION('',(1.,0.,0.));
#2321=DIRECTION('',(1.,0.,0.));
#2322=DIRECTION('',(0.,0.,-1.));
#2323=DIRECTION('',(0.,-1.,0.));
#2324=DIRECTION('',(0.,0.,-1.));
#2325=DIRECTION('',(0.,-1.,0.));
#2326=DIRECTION('',(0.,0.,-1.));
#2327=DIRECTION('',(0.,0.,-1.));
#2328=DIRECTION('',(-1.,0.,0.));
#2329=DIRECTION('',(0.,0.,1.));
#2330=DIRECTION('',(1.,0.,0.));
#2331=DIRECTION('',(0.,0.,-1.));
#2332=DIRECTION('',(0.,0.,1.));
#2333=DIRECTION('',(1.,0.,0.));
#2334=DIRECTION('',(0.,1.,0.));
#2335=DIRECTION('',(0.,0.,1.));
#2336=DIRECTION('',(1.,0.,0.));
#2337=DIRECTION('',(0.,0.,-1.));
#2338=DIRECTION('',(1.,0.,0.));
#2339=DIRECTION('',(0.,0.,-1.));
#2340=DIRECTION('',(-1.,0.,0.));
#2341=DIRECTION('',(0.,0.,1.));
#2342=DIRECTION('',(1.,0.,0.));
#2343=DIRECTION('',(0.,0.,-1.));
#2344=DIRECTION('',(0.,0.,1.));
#2345=DIRECTION('',(1.,0.,0.));
#2346=DIRECTION('',(1.,0.,0.));
#2347=DIRECTION('',(0.,0.,-1.));
#2348=DIRECTION('',(0.,-1.,0.));
#2349=DIRECTION('',(0.,0.,-1.));
#2350=DIRECTION('',(0.,-1.,0.));
#2351=DIRECTION('',(0.,0.,-1.));
#2352=DIRECTION('',(-1.,0.,0.));
#2353=DIRECTION('',(0.,0.,1.));
#2354=DIRECTION('',(1.,0.,0.));
#2355=DIRECTION('',(0.,0.,-1.));
#2356=DIRECTION('',(0.,0.,1.));
#2357=DIRECTION('',(1.,0.,0.));
#2358=DIRECTION('',(0.,1.,0.));
#2359=DIRECTION('',(0.,0.,1.));
#2360=DIRECTION('',(1.,0.,0.));
#2361=DIRECTION('',(0.,0.,-1.));
#2362=DIRECTION('',(1.,0.,0.));
#2363=DIRECTION('',(-4.33680868994203E-16,-1.,0.));
#2364=DIRECTION('',(1.,-4.33680868994203E-16,0.));
#2365=DIRECTION('',(0.,0.,-1.));
#2366=DIRECTION('',(1.,-4.33680868994203E-16,0.));
#2367=DIRECTION('',(0.,0.,-1.));
#2368=DIRECTION('',(-1.,4.33680868994203E-16,0.));
#2369=DIRECTION('',(0.,0.,-1.));
#2370=DIRECTION('',(-1.,0.,0.));
#2371=DIRECTION('',(0.,0.,1.));
#2372=DIRECTION('',(1.,0.,0.));
#2373=DIRECTION('',(0.,0.,-1.));
#2374=DIRECTION('',(0.,0.,1.));
#2375=DIRECTION('',(1.,0.,0.));
#2376=DIRECTION('',(1.,-2.04085114820801E-16,0.));
#2377=DIRECTION('',(2.04085114820801E-16,1.,0.));
#2378=DIRECTION('',(2.04085114820801E-16,1.,0.));
#2379=DIRECTION('',(0.,0.,-1.));
#2380=DIRECTION('',(-2.04085114820801E-16,-1.,0.));
#2381=DIRECTION('',(0.,0.,-1.));
#2382=DIRECTION('',(-1.,0.,0.));
#2383=DIRECTION('',(0.,0.,1.));
#2384=DIRECTION('',(1.,0.,0.));
#2385=DIRECTION('',(0.,0.,-1.));
#2386=DIRECTION('',(0.,0.,1.));
#2387=DIRECTION('',(1.,0.,0.));
#2388=DIRECTION('',(0.,-1.,0.));
#2389=DIRECTION('',(0.,0.,-1.));
#2390=DIRECTION('',(1.,0.,0.));
#2391=DIRECTION('',(0.,0.,-1.));
#2392=DIRECTION('',(-1.,0.,0.));
#2393=DIRECTION('',(0.,0.,-1.));
#2394=DIRECTION('',(-1.,0.,0.));
#2395=DIRECTION('',(0.,0.,1.));
#2396=DIRECTION('',(1.,0.,0.));
#2397=DIRECTION('',(0.,0.,-1.));
#2398=DIRECTION('',(0.,0.,1.));
#2399=DIRECTION('',(1.,0.,0.));
#2400=DIRECTION('',(1.,-2.04085114820801E-16,0.));
#2401=DIRECTION('',(2.04085114820801E-16,1.,0.));
#2402=DIRECTION('',(-2.04085114820801E-16,-1.,0.));
#2403=DIRECTION('',(0.,0.,-1.));
#2404=DIRECTION('',(-2.04085114820801E-16,-1.,0.));
#2405=DIRECTION('',(0.,0.,-1.));
#2406=DIRECTION('',(-1.,0.,0.));
#2407=DIRECTION('',(0.,0.,1.));
#2408=DIRECTION('',(1.,0.,0.));
#2409=DIRECTION('',(0.,0.,-1.));
#2410=DIRECTION('',(0.,0.,1.));
#2411=DIRECTION('',(1.,0.,0.));
#2412=DIRECTION('',(0.,1.,0.));
#2413=DIRECTION('',(0.,0.,1.));
#2414=DIRECTION('',(1.,0.,0.));
#2415=DIRECTION('',(0.,0.,-1.));
#2416=DIRECTION('',(1.,0.,0.));
#2417=DIRECTION('',(0.,0.,-1.));
#2418=DIRECTION('',(-1.,0.,0.));
#2419=DIRECTION('',(0.,0.,1.));
#2420=DIRECTION('',(1.,0.,0.));
#2421=DIRECTION('',(0.,0.,-1.));
#2422=DIRECTION('',(0.,0.,1.));
#2423=DIRECTION('',(1.,0.,0.));
#2424=DIRECTION('',(1.,7.65319180578002E-17,0.));
#2425=DIRECTION('',(-7.65319180578002E-17,1.,0.));
#2426=DIRECTION('',(-7.65319180578002E-17,1.,0.));
#2427=DIRECTION('',(0.,0.,-1.));
#2428=DIRECTION('',(7.65319180578002E-17,-1.,0.));
#2429=DIRECTION('',(0.,0.,-1.));
#2430=DIRECTION('',(-1.,0.,0.));
#2431=DIRECTION('',(0.,0.,1.));
#2432=DIRECTION('',(1.,0.,0.));
#2433=DIRECTION('',(0.,0.,-1.));
#2434=DIRECTION('',(0.,0.,1.));
#2435=DIRECTION('',(1.,0.,0.));
#2436=DIRECTION('',(0.,-1.,0.));
#2437=DIRECTION('',(0.,0.,-1.));
#2438=DIRECTION('',(1.,0.,0.));
#2439=DIRECTION('',(0.,0.,-1.));
#2440=DIRECTION('',(-1.,0.,0.));
#2441=DIRECTION('',(0.,0.,-1.));
#2442=DIRECTION('',(-1.,0.,0.));
#2443=DIRECTION('',(0.,0.,1.));
#2444=DIRECTION('',(1.,0.,0.));
#2445=DIRECTION('',(0.,0.,-1.));
#2446=DIRECTION('',(0.,0.,1.));
#2447=DIRECTION('',(1.,0.,0.));
#2448=DIRECTION('',(-1.,0.,0.));
#2449=DIRECTION('',(0.,0.,1.));
#2450=DIRECTION('',(0.,0.,-1.));
#2451=DIRECTION('',(0.,-1.,0.));
#2452=DIRECTION('',(0.,-1.,0.));
#2453=DIRECTION('',(0.,1.,0.));
#2454=DIRECTION('',(0.,-1.,0.));
#2455=DIRECTION('',(0.,0.,-1.));
#2456=DIRECTION('',(-1.,0.,0.));
#2457=DIRECTION('',(0.,0.,1.));
#2458=DIRECTION('',(1.,0.,0.));
#2459=DIRECTION('',(0.,0.,-1.));
#2460=DIRECTION('',(0.,0.,1.));
#2461=DIRECTION('',(1.,0.,0.));
#2462=DIRECTION('',(0.,-1.,0.));
#2463=DIRECTION('',(0.,0.,-1.));
#2464=DIRECTION('',(-1.,0.,0.));
#2465=DIRECTION('',(0.,0.,-1.));
#2466=DIRECTION('',(-1.,0.,0.));
#2467=DIRECTION('',(0.,0.,-1.));
#2468=DIRECTION('',(-1.,0.,0.));
#2469=DIRECTION('',(0.,0.,1.));
#2470=DIRECTION('',(1.,0.,0.));
#2471=DIRECTION('',(0.,0.,-1.));
#2472=DIRECTION('',(0.,0.,1.));
#2473=DIRECTION('',(1.,0.,0.));
#2474=DIRECTION('',(-1.,-2.29595754173401E-16,0.));
#2475=DIRECTION('',(2.29595754173401E-16,-1.,0.));
#2476=DIRECTION('',(-2.29595754173401E-16,1.,0.));
#2477=DIRECTION('',(0.,0.,-1.));
#2478=DIRECTION('',(-2.29595754173401E-16,1.,0.));
#2479=DIRECTION('',(0.,0.,-1.));
#2480=DIRECTION('',(-1.,0.,0.));
#2481=DIRECTION('',(0.,0.,1.));
#2482=DIRECTION('',(1.,0.,0.));
#2483=DIRECTION('',(0.,0.,-1.));
#2484=DIRECTION('',(0.,0.,1.));
#2485=DIRECTION('',(1.,0.,0.));
#2486=DIRECTION('',(0.,-1.,0.));
#2487=DIRECTION('',(0.,0.,-1.));
#2488=DIRECTION('',(-1.,0.,0.));
#2489=DIRECTION('',(0.,0.,-1.));
#2490=DIRECTION('',(-1.,0.,0.));
#2491=DIRECTION('',(0.,0.,-1.));
#2492=DIRECTION('',(-1.,0.,0.));
#2493=DIRECTION('',(0.,0.,1.));
#2494=DIRECTION('',(1.,0.,0.));
#2495=DIRECTION('',(0.,0.,-1.));
#2496=DIRECTION('',(0.,0.,1.));
#2497=DIRECTION('',(1.,0.,0.));
#2498=DIRECTION('',(-1.,2.04085114820801E-16,0.));
#2499=DIRECTION('',(-2.04085114820801E-16,-1.,0.));
#2500=DIRECTION('',(-2.04085114820801E-16,-1.,0.));
#2501=DIRECTION('',(0.,0.,-1.));
#2502=DIRECTION('',(2.04085114820801E-16,1.,0.));
#2503=DIRECTION('',(0.,0.,-1.));
#2504=DIRECTION('',(-1.,0.,0.));
#2505=DIRECTION('',(0.,0.,1.));
#2506=DIRECTION('',(1.,0.,0.));
#2507=DIRECTION('',(0.,0.,-1.));
#2508=DIRECTION('',(0.,0.,1.));
#2509=DIRECTION('',(1.,0.,0.));
#2510=DIRECTION('',(0.,-1.,0.));
#2511=DIRECTION('',(0.,0.,-1.));
#2512=DIRECTION('',(-1.,0.,0.));
#2513=DIRECTION('',(0.,0.,-1.));
#2514=DIRECTION('',(-1.,0.,0.));
#2515=DIRECTION('',(0.,0.,-1.));
#2516=DIRECTION('',(-1.,0.,0.));
#2517=DIRECTION('',(0.,0.,1.));
#2518=DIRECTION('',(1.,0.,0.));
#2519=DIRECTION('',(0.,0.,-1.));
#2520=DIRECTION('',(0.,0.,1.));
#2521=DIRECTION('',(1.,0.,0.));
#2522=DIRECTION('',(-1.,0.,0.));
#2523=DIRECTION('',(0.,0.,1.));
#2524=DIRECTION('',(0.,1.,0.));
#2525=DIRECTION('',(0.,0.,-1.));
#2526=DIRECTION('',(0.,1.,0.));
#2527=DIRECTION('',(0.,0.,-1.));
#2528=DIRECTION('',(-1.,0.,0.));
#2529=DIRECTION('',(0.,0.,1.));
#2530=DIRECTION('',(1.,0.,0.));
#2531=DIRECTION('',(0.,0.,-1.));
#2532=DIRECTION('',(0.,0.,1.));
#2533=DIRECTION('',(1.,0.,0.));
#2534=DIRECTION('',(0.,-1.,0.));
#2535=DIRECTION('',(0.,0.,-1.));
#2536=DIRECTION('',(-1.,0.,0.));
#2537=DIRECTION('',(0.,0.,-1.));
#2538=DIRECTION('',(-1.,0.,0.));
#2539=DIRECTION('',(0.,0.,-1.));
#2540=DIRECTION('',(-1.,0.,0.));
#2541=DIRECTION('',(0.,0.,1.));
#2542=DIRECTION('',(1.,0.,0.));
#2543=DIRECTION('',(0.,0.,-1.));
#2544=DIRECTION('',(0.,0.,1.));
#2545=DIRECTION('',(1.,0.,0.));
#2546=DIRECTION('',(-1.,8.16340459283203E-16,0.));
#2547=DIRECTION('',(-8.16340459283203E-16,-1.,0.));
#2548=DIRECTION('',(-8.16340459283203E-16,-1.,0.));
#2549=DIRECTION('',(0.,0.,-1.));
#2550=DIRECTION('',(8.16340459283203E-16,1.,0.));
#2551=DIRECTION('',(0.,0.,-1.));
#2552=DIRECTION('',(-1.,0.,0.));
#2553=DIRECTION('',(0.,0.,1.));
#2554=DIRECTION('',(1.,0.,0.));
#2555=DIRECTION('',(0.,0.,-1.));
#2556=DIRECTION('',(0.,0.,1.));
#2557=DIRECTION('',(1.,0.,0.));
#2558=DIRECTION('',(0.,-1.,0.));
#2559=DIRECTION('',(0.,0.,-1.));
#2560=DIRECTION('',(-1.,0.,0.));
#2561=DIRECTION('',(0.,0.,-1.));
#2562=DIRECTION('',(-1.,0.,0.));
#2563=DIRECTION('',(0.,0.,-1.));
#2564=DIRECTION('',(-1.,0.,0.));
#2565=DIRECTION('',(0.,0.,1.));
#2566=DIRECTION('',(1.,0.,0.));
#2567=DIRECTION('',(0.,0.,-1.));
#2568=DIRECTION('',(0.,0.,1.));
#2569=DIRECTION('',(1.,0.,0.));
#2570=DIRECTION('',(-1.,2.77555756156289E-16,0.));
#2571=DIRECTION('',(-2.77555756156289E-16,-1.,0.));
#2572=DIRECTION('',(2.77555756156289E-16,1.,0.));
#2573=DIRECTION('',(0.,0.,-1.));
#2574=DIRECTION('',(2.77555756156289E-16,1.,0.));
#2575=DIRECTION('',(0.,0.,-1.));
#2576=DIRECTION('',(-1.,0.,0.));
#2577=DIRECTION('',(0.,0.,1.));
#2578=DIRECTION('',(1.,0.,0.));
#2579=DIRECTION('',(0.,0.,-1.));
#2580=DIRECTION('',(0.,0.,1.));
#2581=DIRECTION('',(1.,0.,0.));
#2582=DIRECTION('',(0.,-1.,0.));
#2583=DIRECTION('',(0.,0.,-1.));
#2584=DIRECTION('',(1.,0.,0.));
#2585=DIRECTION('',(0.,0.,-1.));
#2586=DIRECTION('',(-1.,0.,0.));
#2587=DIRECTION('',(0.,0.,-1.));
#2588=DIRECTION('',(-1.,0.,0.));
#2589=DIRECTION('',(0.,0.,1.));
#2590=DIRECTION('',(1.,0.,0.));
#2591=DIRECTION('',(0.,0.,-1.));
#2592=DIRECTION('',(0.,0.,1.));
#2593=DIRECTION('',(1.,0.,0.));
#2594=DIRECTION('',(-1.,2.04085114820801E-16,0.));
#2595=DIRECTION('',(-2.04085114820801E-16,-1.,0.));
#2596=DIRECTION('',(-2.04085114820801E-16,-1.,0.));
#2597=DIRECTION('',(0.,0.,-1.));
#2598=DIRECTION('',(2.04085114820801E-16,1.,0.));
#2599=DIRECTION('',(0.,0.,-1.));
#2600=DIRECTION('',(-1.,0.,0.));
#2601=DIRECTION('',(0.,0.,1.));
#2602=DIRECTION('',(1.,0.,0.));
#2603=DIRECTION('',(0.,0.,1.));
#2604=DIRECTION('',(1.,0.,0.));
#2605=DIRECTION('',(0.,0.,-1.));
#2606=DIRECTION('',(-1.,0.,0.));
#2607=DIRECTION('',(0.,0.,1.));
#2608=DIRECTION('',(1.,0.,0.));
#2609=DIRECTION('',(0.,0.,1.));
#2610=DIRECTION('',(1.,0.,0.));
#2611=DIRECTION('',(0.,0.,1.));
#2612=DIRECTION('',(1.,0.,0.));
#2613=DIRECTION('',(0.,0.,-1.));
#2614=DIRECTION('',(-1.,0.,0.));
#2615=DIRECTION('',(0.,0.,-1.));
#2616=DIRECTION('',(-1.,0.,0.));
#2617=DIRECTION('',(0.,0.,-1.));
#2618=DIRECTION('',(-1.,0.,0.));
#2619=DIRECTION('',(0.,0.,-1.));
#2620=DIRECTION('',(-1.,0.,0.));
#2621=DIRECTION('',(0.,0.,-1.));
#2622=DIRECTION('',(-1.,0.,0.));
#2623=DIRECTION('',(0.,0.,-1.));
#2624=DIRECTION('',(-1.,0.,0.));
#2625=DIRECTION('',(0.,0.,1.));
#2626=DIRECTION('',(1.,0.,0.));
#2627=DIRECTION('',(0.,0.,1.));
#2628=DIRECTION('',(1.,0.,0.));
#2629=DIRECTION('',(0.,0.,1.));
#2630=DIRECTION('',(1.,0.,0.));
#2631=DIRECTION('',(0.,0.,1.));
#2632=DIRECTION('',(1.,0.,0.));
#2633=DIRECTION('',(0.,0.,1.));
#2634=DIRECTION('',(1.,0.,0.));
#2635=DIRECTION('',(0.,0.,1.));
#2636=DIRECTION('',(1.,0.,0.));
#2637=DIRECTION('',(0.,0.,1.));
#2638=DIRECTION('',(1.,0.,0.));
#2639=DIRECTION('',(1.,0.,0.));
#2640=DIRECTION('',(0.,-1.,0.));
#2641=DIRECTION('',(0.,0.,1.));
#2642=DIRECTION('',(1.,0.,0.));
#2643=DIRECTION('',(1.,0.,0.));
#2644=DIRECTION('',(0.,0.,1.));
#2645=DIRECTION('',(1.,0.,0.));
#2646=DIRECTION('',(0.,1.,0.));
#2647=DIRECTION('',(0.,0.,1.));
#2648=DIRECTION('',(1.,0.,0.));
#2649=DIRECTION('',(-1.,0.,0.));
#2650=DIRECTION('',(0.,0.,1.));
#2651=DIRECTION('',(1.,0.,0.));
#2652=DIRECTION('',(2.04085114820801E-16,-1.,0.));
#2653=DIRECTION('',(-1.,0.,0.));
#2654=DIRECTION('',(0.,1.,0.));
#2655=DIRECTION('',(0.,0.,1.));
#2656=DIRECTION('',(1.,0.,0.));
#2657=DIRECTION('',(-1.,0.,0.));
#2658=DIRECTION('',(0.,0.,1.));
#2659=DIRECTION('',(1.,0.,0.));
#2660=DIRECTION('',(7.65319180578002E-17,-1.,0.));
#2661=DIRECTION('',(-1.,0.,0.));
#2662=DIRECTION('',(2.04085114820801E-16,1.,0.));
#2663=DIRECTION('',(0.,0.,1.));
#2664=DIRECTION('',(1.,0.,0.));
#2665=DIRECTION('',(-1.,0.,0.));
#2666=DIRECTION('',(0.,0.,1.));
#2667=DIRECTION('',(1.,0.,0.));
#2668=DIRECTION('',(-2.04085114820801E-16,-1.,0.));
#2669=DIRECTION('',(-1.,4.33680868994203E-16,0.));
#2670=DIRECTION('',(2.04085114820801E-16,1.,0.));
#2671=DIRECTION('',(0.,0.,1.));
#2672=DIRECTION('',(1.,0.,0.));
#2673=DIRECTION('',(-1.,0.,0.));
#2674=DIRECTION('',(0.,0.,1.));
#2675=DIRECTION('',(1.,0.,0.));
#2676=DIRECTION('',(-2.77555756156289E-16,-1.,0.));
#2677=DIRECTION('',(0.,0.,1.));
#2678=DIRECTION('',(1.,0.,0.));
#2679=DIRECTION('',(1.,0.,0.));
#2680=DIRECTION('',(0.,0.,1.));
#2681=DIRECTION('',(1.,0.,0.));
#2682=DIRECTION('',(8.16340459283203E-16,1.,0.));
#2683=DIRECTION('',(1.,0.,0.));
#2684=DIRECTION('',(0.,-1.,0.));
#2685=DIRECTION('',(0.,0.,1.));
#2686=DIRECTION('',(1.,0.,0.));
#2687=DIRECTION('',(1.,0.,0.));
#2688=DIRECTION('',(0.,0.,1.));
#2689=DIRECTION('',(1.,0.,0.));
#2690=DIRECTION('',(2.04085114820801E-16,1.,0.));
#2691=DIRECTION('',(1.,0.,0.));
#2692=DIRECTION('',(2.29595754173401E-16,-1.,0.));
#2693=DIRECTION('',(0.,0.,1.));
#2694=DIRECTION('',(1.,0.,0.));
#2695=DIRECTION('',(1.,0.,0.));
#2696=DIRECTION('',(0.,0.,1.));
#2697=DIRECTION('',(1.,0.,0.));
#2698=DIRECTION('',(0.,1.,0.));
#2699=DIRECTION('',(0.,0.,1.));
#2700=DIRECTION('',(1.,0.,0.));
#2701=DIRECTION('',(-0.707106781186547,0.,0.707106781186548));
#2702=DIRECTION('',(0.,0.707106781186547,-0.707106781186548));
#2703=DIRECTION('',(-3.06658683336675E-16,-0.707106781186548,-0.707106781186548));
#2704=DIRECTION('',(1.,-4.33680868994203E-16,0.));
#2705=DIRECTION('',(0.,0.707106781186547,-0.707106781186548));
#2706=DIRECTION('',(-0.707106781186547,1.44309968629023E-16,-0.707106781186548));
#2707=DIRECTION('',(-2.04085114820801E-16,-1.,0.));
#2708=DIRECTION('',(-0.707106781186548,0.,0.707106781186547));
#2709=DIRECTION('',(0.,0.,1.));
#2710=DIRECTION('',(1.,0.,0.));
#2711=DIRECTION('',(-0.707106781186548,0.,-0.707106781186547));
#2712=DIRECTION('',(0.,0.,-1.));
#2713=DIRECTION('',(-1.,0.,0.));
#2714=DIRECTION('',(0.,-0.707106781186548,0.707106781186547));
#2715=DIRECTION('',(0.707106781186547,-1.44309968629023E-16,-0.707106781186548));
#2716=DIRECTION('',(2.04085114820801E-16,1.,0.));
#2717=DIRECTION('',(-0.707106781186548,0.,-0.707106781186547));
#2718=DIRECTION('',(0.,-0.707106781186547,-0.707106781186548));
#2719=DIRECTION('',(1.,0.,0.));
#2720=DIRECTION('',(0.,-0.707106781186548,0.707106781186547));
#2721=DIRECTION('',(0.,0.,-1.));
#2722=DIRECTION('',(-1.,0.,0.));
#2723=DIRECTION('',(0.,0.707106781186548,-0.707106781186547));
#2724=DIRECTION('',(0.,0.,-1.));
#2725=DIRECTION('',(-1.,0.,0.));
#2726=DIRECTION('',(0.707106781186548,-2.4532694666934E-15,0.707106781186547));
#2727=DIRECTION('',(0.,-0.707106781186547,-0.707106781186548));
#2728=DIRECTION('',(1.,0.,0.));
#2729=DIRECTION('',(0.,0.707106781186548,-0.707106781186547));
#2730=DIRECTION('',(-0.707106781186547,1.96261557335471E-16,0.707106781186548));
#2731=DIRECTION('',(2.77555756156289E-16,1.,0.));
#2732=DIRECTION('',(0.707106781186549,0.,0.707106781186546));
#2733=DIRECTION('',(0.,0.,-1.));
#2734=DIRECTION('',(-1.,0.,0.));
#2735=DIRECTION('',(0.707106781186548,0.,-0.707106781186548));
#2736=DIRECTION('',(0.,0.,-1.));
#2737=DIRECTION('',(-1.,0.,0.));
#2738=DIRECTION('',(0.,0.707106781186547,0.707106781186548));
#2739=DIRECTION('',(0.707106781186548,-1.44309968629023E-16,0.707106781186548));
#2740=DIRECTION('',(-2.04085114820801E-16,-1.,0.));
#2741=DIRECTION('',(0.707106781186548,1.2266347333467E-15,-0.707106781186548));
#2742=DIRECTION('',(0.,-0.707106781186547,0.707106781186548));
#2743=DIRECTION('',(-1.,0.,0.));
#2744=DIRECTION('',(0.,0.707106781186548,0.707106781186547));
#2745=DIRECTION('',(0.,0.,1.));
#2746=DIRECTION('',(1.,0.,0.));
#2747=DIRECTION('',(0.,0.707106781186547,-0.707106781186549));
#2748=DIRECTION('',(0.,0.,-1.));
#2749=DIRECTION('',(-1.,0.,0.));
#2750=DIRECTION('',(-0.707106781186547,2.4532694666934E-15,0.707106781186548));
#2751=DIRECTION('',(0.,0.707106781186548,0.707106781186548));
#2752=DIRECTION('',(1.,0.,0.));
#2753=DIRECTION('',(6.1331736667335E-16,0.707106781186548,-0.707106781186548));
#2754=DIRECTION('',(-0.707106781186547,5.77239874516093E-16,-0.707106781186548));
#2755=DIRECTION('',(-8.16340459283203E-16,-1.,0.));
#2756=DIRECTION('',(-0.707106781186548,6.13317366673349E-16,0.707106781186547));
#2757=DIRECTION('',(0.,0.,1.));
#2758=DIRECTION('',(1.,0.,0.));
#2759=DIRECTION('',(-0.707106781186547,0.,-0.707106781186548));
#2760=DIRECTION('',(0.,0.,1.));
#2761=DIRECTION('',(1.,0.,0.));
#2762=DIRECTION('',(0.,0.707106781186548,0.707106781186548));
#2763=DIRECTION('',(0.707106781186548,5.41162382358837E-17,-0.707106781186547));
#2764=DIRECTION('',(-7.65319180578002E-17,1.,0.));
#2765=DIRECTION('',(-0.707106781186547,0.,-0.707106781186548));
#2766=DIRECTION('',(0.,-0.707106781186548,0.707106781186548));
#2767=DIRECTION('',(-1.,0.,0.));
#2768=DIRECTION('',(0.,0.707106781186548,0.707106781186548));
#2769=DIRECTION('',(0.,0.,-1.));
#2770=DIRECTION('',(-1.,0.,0.));
#2771=DIRECTION('',(0.,0.707106781186548,-0.707106781186547));
#2772=DIRECTION('',(0.,0.,1.));
#2773=DIRECTION('',(1.,0.,0.));
#2774=DIRECTION('',(0.707106781186548,-2.4532694666934E-15,0.707106781186547));
#2775=DIRECTION('',(0.,-0.707106781186547,-0.707106781186548));
#2776=DIRECTION('',(1.,0.,0.));
#2777=DIRECTION('',(0.,0.707106781186548,-0.707106781186547));
#2778=DIRECTION('',(-0.707106781186547,0.,0.707106781186548));
#2779=DIRECTION('',(0.,1.,0.));
#2780=DIRECTION('',(0.707106781186548,0.,0.707106781186547));
#2781=DIRECTION('',(0.,0.,-1.));
#2782=DIRECTION('',(-1.,0.,0.));
#2783=DIRECTION('',(0.707106781186548,0.,-0.707106781186547));
#2784=DIRECTION('',(0.,0.,-1.));
#2785=DIRECTION('',(-1.,0.,0.));
#2786=DIRECTION('',(0.,0.707106781186547,0.707106781186548));
#2787=DIRECTION('',(0.707106781186547,0.,0.707106781186548));
#2788=DIRECTION('',(0.,-1.,0.));
#2789=DIRECTION('',(0.707106781186548,0.,-0.707106781186547));
#2790=DIRECTION('',(0.,-0.707106781186548,0.707106781186547));
#2791=DIRECTION('',(-1.,0.,0.));
#2792=DIRECTION('',(0.,0.707106781186547,0.707106781186548));
#2793=DIRECTION('',(0.,0.,1.));
#2794=DIRECTION('',(1.,0.,0.));
#2795=DIRECTION('',(0.,0.,1.));
#2796=DIRECTION('',(1.,0.,0.));
#2797=DIRECTION('',(0.,0.707106781186547,-0.707106781186548));
#2798=DIRECTION('',(0.,0.,-1.));
#2799=DIRECTION('',(-1.,0.,0.));
#2800=DIRECTION('',(-0.707106781186548,0.,0.707106781186548));
#2801=DIRECTION('',(0.,0.707106781186547,0.707106781186548));
#2802=DIRECTION('',(1.,0.,0.));
#2803=DIRECTION('',(0.,0.707106781186548,-0.707106781186547));
#2804=DIRECTION('',(1.,0.,0.));
#2805=DIRECTION('',(-0.707106781186548,1.44309968629023E-16,-0.707106781186548));
#2806=DIRECTION('',(-2.04085114820801E-16,-1.,0.));
#2807=DIRECTION('',(-0.707106781186548,0.,0.707106781186548));
#2808=DIRECTION('',(0.,0.,1.));
#2809=DIRECTION('',(1.,0.,0.));
#2810=DIRECTION('',(0.,0.,1.));
#2811=DIRECTION('',(1.,0.,0.));
#2812=DIRECTION('',(-0.707106781186547,0.,-0.707106781186548));
#2813=DIRECTION('',(0.,0.,1.));
#2814=DIRECTION('',(1.,0.,0.));
#2815=DIRECTION('',(0.,0.707106781186548,0.707106781186548));
#2816=DIRECTION('',(0.707106781186548,1.44309968629023E-16,-0.707106781186547));
#2817=DIRECTION('',(-2.04085114820801E-16,1.,0.));
#2818=DIRECTION('',(-0.707106781186548,0.,-0.707106781186548));
#2819=DIRECTION('',(-2.04085114820801E-16,1.,0.));
#2820=DIRECTION('',(0.,-0.707106781186548,0.707106781186548));
#2821=DIRECTION('',(-1.,0.,0.));
#2822=DIRECTION('',(0.,0.707106781186548,0.707106781186548));
#2823=DIRECTION('',(0.,0.,-1.));
#2824=DIRECTION('',(-1.,0.,0.));
#2825=DIRECTION('',(0.,0.707106781186548,-0.707106781186547));
#2826=DIRECTION('',(0.,0.,1.));
#2827=DIRECTION('',(1.,0.,0.));
#2828=DIRECTION('',(0.,0.,1.));
#2829=DIRECTION('',(1.,0.,0.));
#2830=DIRECTION('',(0.707106781186548,-3.06658683336675E-16,0.707106781186548));
#2831=DIRECTION('',(0.,-0.707106781186547,-0.707106781186548));
#2832=DIRECTION('',(1.,0.,0.));
#2833=DIRECTION('',(0.,0.707106781186548,-0.707106781186547));
#2834=DIRECTION('',(1.,0.,0.));
#2835=DIRECTION('',(-0.707106781186548,-1.62348714707652E-16,0.707106781186548));
#2836=DIRECTION('',(-2.29595754173401E-16,1.,0.));
#2837=DIRECTION('',(0.707106781186548,0.,0.707106781186548));
#2838=DIRECTION('',(0.,0.,-1.));
#2839=DIRECTION('',(-1.,0.,0.));
#2840=DIRECTION('',(0.707106781186549,0.,-0.707106781186546));
#2841=DIRECTION('',(0.,0.,1.));
#2842=DIRECTION('',(1.,0.,0.));
#2843=DIRECTION('',(0.,0.,-1.));
#2844=DIRECTION('',(-1.,0.,0.));
#2845=DIRECTION('',(-1.53329341668337E-16,0.707106781186547,0.707106781186548));
#2846=DIRECTION('',(0.707106781186547,0.,0.707106781186548));
#2847=DIRECTION('',(0.,-1.,0.));
#2848=DIRECTION('',(0.707106781186548,0.,-0.707106781186547));
#2849=DIRECTION('',(0.,-1.,0.));
#2850=DIRECTION('',(0.,-0.707106781186548,0.707106781186547));
#2851=DIRECTION('',(-1.,0.,0.));
#2852=DIRECTION('',(0.,0.707106781186547,0.707106781186548));
#2853=DIRECTION('',(0.,0.,-1.));
#2854=DIRECTION('',(-1.,0.,0.));
#2855=DIRECTION('',(0.,-0.707106781186547,-0.707106781186548));
#2856=DIRECTION('',(0.,0.,1.));
#2857=DIRECTION('',(1.,0.,0.));
#2858=DIRECTION('',(0.,0.,-1.));
#2859=DIRECTION('',(-1.,0.,0.));
#2860=DIRECTION('',(-0.707106781186547,0.,0.707106781186548));
#2861=DIRECTION('',(0.,-0.707106781186547,0.707106781186548));
#2862=DIRECTION('',(-1.,0.,0.));
#2863=DIRECTION('',(0.,-0.707106781186548,-0.707106781186547));
#2864=DIRECTION('',(-1.,0.,0.));
#2865=DIRECTION('',(-0.707106781186548,0.,-0.707106781186547));
#2866=DIRECTION('',(0.,-1.,0.));
#2867=DIRECTION('',(-0.707106781186547,0.,0.707106781186548));
#2868=DIRECTION('',(0.,0.,-1.));
#2869=DIRECTION('',(-1.,0.,0.));
#2870=DIRECTION('',(-0.707106781186548,0.,-0.707106781186547));
#2871=DIRECTION('',(0.,0.,1.));
#2872=DIRECTION('',(1.,0.,0.));
#2873=DIRECTION('',(0.,0.,1.));
#2874=DIRECTION('',(1.,0.,0.));
#2875=DIRECTION('',(0.,0.,1.));
#2876=DIRECTION('',(1.,0.,0.));
#2877=DIRECTION('',(0.,0.707106781186548,0.707106781186548));
#2878=DIRECTION('',(-0.707106781186548,0.,0.707106781186547));
#2879=DIRECTION('',(0.,1.,0.));
#2880=DIRECTION('',(-0.707106781186547,0.,-0.707106781186548));
#2881=DIRECTION('',(0.,1.,0.));
#2882=DIRECTION('',(0.,0.707106781186548,-0.707106781186548));
#2883=DIRECTION('',(-1.,0.,0.));
#2884=DIRECTION('',(-1.,0.,0.));
#2885=DIRECTION('',(0.,0.707106781186548,0.707106781186548));
#2886=DIRECTION('',(0.,0.,1.));
#2887=DIRECTION('',(1.,0.,0.));
#2888=DIRECTION('',(0.,0.,1.));
#2889=DIRECTION('',(1.,0.,0.));
#2890=DIRECTION('',(0.,0.,-1.));
#2891=DIRECTION('',(-1.,0.,0.));
#2892=DIRECTION('',(0.,0.,-1.));
#2893=DIRECTION('',(-1.,0.,0.));
#2894=DIRECTION('',(0.,0.,1.));
#2895=DIRECTION('',(1.,0.,0.));
#2896=DIRECTION('',(0.,0.,-1.));
#2897=DIRECTION('',(-1.,0.,0.));
#2898=DIRECTION('',(0.,0.,-1.));
#2899=DIRECTION('',(-1.,0.,0.));
#2900=DIRECTION('',(0.,0.,-1.));
#2901=DIRECTION('',(-1.,0.,0.));
#2902=DIRECTION('',(0.,0.,-1.));
#2903=DIRECTION('',(-1.,0.,0.));
#2904=DIRECTION('',(0.,0.,1.));
#2905=DIRECTION('',(1.,0.,0.));
#2906=DIRECTION('',(0.,0.,-1.));
#2907=DIRECTION('',(-1.,0.,0.));
#2908=DIRECTION('',(0.,0.,-1.));
#2909=DIRECTION('',(-1.,0.,0.));
#2910=DIRECTION('',(0.,0.,-1.));
#2911=DIRECTION('',(-1.,0.,0.));
#2912=DIRECTION('',(0.,0.,-1.));
#2913=DIRECTION('',(-1.,0.,0.));
#2914=DIRECTION('',(0.,0.,1.));
#2915=DIRECTION('',(1.,0.,0.));
#2916=DIRECTION('',(0.,0.,-1.));
#2917=DIRECTION('',(-1.,0.,0.));
#2918=DIRECTION('',(0.,0.,-1.));
#2919=DIRECTION('',(-1.,0.,0.));
#2920=DIRECTION('',(0.,0.,-1.));
#2921=DIRECTION('',(-1.,0.,0.));
#2922=DIRECTION('',(0.,0.,-1.));
#2923=DIRECTION('',(-1.,0.,0.));
#2924=DIRECTION('',(0.,0.,1.));
#2925=DIRECTION('',(1.,0.,0.));
#2926=DIRECTION('',(0.,0.,-1.));
#2927=DIRECTION('',(-1.,0.,0.));
#2928=DIRECTION('',(0.,0.,-1.));
#2929=DIRECTION('',(-1.,0.,0.));
#2930=DIRECTION('',(0.,0.,-1.));
#2931=DIRECTION('',(-1.,0.,0.));
#2932=DIRECTION('',(0.,0.,-1.));
#2933=DIRECTION('',(-1.,0.,0.));
#2934=DIRECTION('',(0.,0.,1.));
#2935=DIRECTION('',(1.,0.,0.));
#2936=DIRECTION('',(0.,0.,-1.));
#2937=DIRECTION('',(-1.,0.,0.));
#2938=DIRECTION('',(0.,0.,-1.));
#2939=DIRECTION('',(-1.,0.,0.));
#2940=DIRECTION('',(0.,0.,-1.));
#2941=DIRECTION('',(-1.,0.,0.));
#2942=DIRECTION('',(0.,0.,-1.));
#2943=DIRECTION('',(-1.,0.,0.));
#2944=DIRECTION('',(0.,0.,1.));
#2945=DIRECTION('',(1.,0.,0.));
#2946=DIRECTION('',(0.,0.,-1.));
#2947=DIRECTION('',(-1.,0.,0.));
#2948=DIRECTION('',(0.,0.,-1.));
#2949=DIRECTION('',(-1.,0.,0.));
#2950=DIRECTION('',(0.,0.,1.));
#2951=DIRECTION('',(1.,0.,0.));
#2952=CARTESIAN_POINT('',(0.,0.,0.));
#2953=CARTESIAN_POINT('',(0.0438261814415455,0.0170811695158481,0.005));
#2954=CARTESIAN_POINT('',(0.0438261814415455,0.0170811695158481,0.));
#2955=CARTESIAN_POINT('',(0.0438261814415455,0.0265811695158482,0.));
#2956=CARTESIAN_POINT('',(0.0438261814415455,-0.0234188304841518,0.));
#2957=CARTESIAN_POINT('',(0.0438261814415455,0.0265811695158482,0.005));
#2958=CARTESIAN_POINT('',(0.0438261814415455,0.0265811695158482,0.005));
#2959=CARTESIAN_POINT('',(0.0438261814415455,0.0170811695158481,0.005));
#2960=CARTESIAN_POINT('',(0.0438261814415455,-0.0234188304841518,0.005));
#2961=CARTESIAN_POINT('',(0.0438261814415455,-0.0234188304841518,0.005));
#2962=CARTESIAN_POINT('',(0.0338261814415455,0.0265811695158482,0.005));
#2963=CARTESIAN_POINT('',(0.0338261814415455,0.0265811695158482,0.));
#2964=CARTESIAN_POINT('',(0.0338261814415455,0.0365811695158482,0.));
#2965=CARTESIAN_POINT('',(0.0338261814415455,0.0365811695158482,0.005));
#2966=CARTESIAN_POINT('',(0.0338261814415455,0.0365811695158482,0.005));
#2967=CARTESIAN_POINT('',(0.0338261814415455,0.0265811695158482,0.005));
#2968=CARTESIAN_POINT('',(-0.00617381855845452,0.0365811695158482,0.005));
#2969=CARTESIAN_POINT('',(-0.00617381855845452,0.0365811695158482,0.));
#2970=CARTESIAN_POINT('',(-0.0461738185584545,0.0365811695158482,0.));
#2971=CARTESIAN_POINT('',(-0.0461738185584545,0.0365811695158482,0.005));
#2972=CARTESIAN_POINT('',(-0.0461738185584545,0.0365811695158482,0.005));
#2973=CARTESIAN_POINT('',(-0.00617381855845452,0.0365811695158482,0.005));
#2974=CARTESIAN_POINT('',(-0.0461738185584545,0.0265811695158482,0.005));
#2975=CARTESIAN_POINT('',(-0.0461738185584545,0.0265811695158482,0.));
#2976=CARTESIAN_POINT('',(-0.0561738185584545,0.0265811695158482,0.));
#2977=CARTESIAN_POINT('',(-0.0561738185584545,0.0265811695158482,0.005));
#2978=CARTESIAN_POINT('',(-0.0561738185584545,0.0265811695158482,0.005));
#2979=CARTESIAN_POINT('',(-0.0461738185584545,0.0265811695158482,0.005));
#2980=CARTESIAN_POINT('',(-0.0561738185584545,0.0170811695158481,0.005));
#2981=CARTESIAN_POINT('',(-0.0561738185584545,0.0170811695158481,0.));
#2982=CARTESIAN_POINT('',(-0.0561738185584545,-0.0234188304841518,0.));
#2983=CARTESIAN_POINT('',(-0.0561738185584545,-0.0234188304841518,0.005));
#2984=CARTESIAN_POINT('',(-0.0561738185584545,-0.0234188304841518,0.005));
#2985=CARTESIAN_POINT('',(-0.0561738185584545,0.0170811695158481,0.005));
#2986=CARTESIAN_POINT('',(-0.0461738185584545,-0.0234188304841518,0.005));
#2987=CARTESIAN_POINT('',(-0.0461738185584545,-0.0234188304841518,0.));
#2988=CARTESIAN_POINT('',(-0.0461738185584545,-0.0334188304841519,0.));
#2989=CARTESIAN_POINT('',(-0.0461738185584545,-0.0334188304841519,0.005));
#2990=CARTESIAN_POINT('',(-0.0461738185584545,-0.0334188304841519,0.005));
#2991=CARTESIAN_POINT('',(-0.0461738185584545,-0.0234188304841518,0.005));
#2992=CARTESIAN_POINT('',(-0.00617381855845452,-0.0334188304841519,0.005));
#2993=CARTESIAN_POINT('',(-0.00617381855845452,-0.0334188304841519,0.));
#2994=CARTESIAN_POINT('',(0.0338261814415455,-0.0334188304841519,0.));
#2995=CARTESIAN_POINT('',(0.0338261814415455,-0.0334188304841519,0.005));
#2996=CARTESIAN_POINT('',(0.0338261814415455,-0.0334188304841519,0.005));
#2997=CARTESIAN_POINT('',(-0.00617381855845452,-0.0334188304841519,0.005));
#2998=CARTESIAN_POINT('',(-0.0261738185584546,0.00758116951584816,0.005));
#2999=CARTESIAN_POINT('',(-0.0271738185584545,0.00758116951584816,0.005));
#3000=CARTESIAN_POINT('',(-0.0271738185584545,0.00758116951584816,0.005));
#3001=CARTESIAN_POINT('',(-0.0271738185584545,0.00758116951584816,0.002));
#3002=CARTESIAN_POINT('',(-0.0251738185584546,0.00758116951584816,0.002));
#3003=CARTESIAN_POINT('',(-0.0251738185584546,0.00758116951584816,0.002));
#3004=CARTESIAN_POINT('',(-0.0251738185584546,0.00758116951584816,0.005));
#3005=CARTESIAN_POINT('',(-0.0251738185584546,0.00758116951584816,0.005));
#3006=CARTESIAN_POINT('',(-0.0261738185584546,0.00758116951584816,0.005));
#3007=CARTESIAN_POINT('',(-0.0251738185584546,0.00958116951584816,0.005));
#3008=CARTESIAN_POINT('',(-0.0251738185584546,0.00958116951584816,0.002));
#3009=CARTESIAN_POINT('',(-0.0231738185584545,0.00958116951584816,0.002));
#3010=CARTESIAN_POINT('',(-0.0231738185584545,0.00958116951584816,0.005));
#3011=CARTESIAN_POINT('',(-0.0231738185584545,0.00958116951584816,0.005));
#3012=CARTESIAN_POINT('',(-0.0251738185584546,0.00958116951584816,0.005));
#3013=CARTESIAN_POINT('',(-0.0231738185584545,0.0180811695158482,0.005));
#3014=CARTESIAN_POINT('',(-0.0231738185584545,0.0265811695158482,0.002));
#3015=CARTESIAN_POINT('',(-0.0231738185584545,0.0265811695158482,0.002));
#3016=CARTESIAN_POINT('',(-0.0231738185584545,0.0265811695158482,0.005));
#3017=CARTESIAN_POINT('',(-0.0231738185584545,0.0265811695158482,0.005));
#3018=CARTESIAN_POINT('',(-0.0231738185584545,0.0180811695158482,0.005));
#3019=CARTESIAN_POINT('',(-0.0181738185584546,0.0265811695158482,0.005));
#3020=CARTESIAN_POINT('',(-0.0181738185584546,0.0265811695158482,0.002));
#3021=CARTESIAN_POINT('',(-0.0181738185584546,0.0315811695158481,0.002));
#3022=CARTESIAN_POINT('',(-0.0181738185584546,0.0315811695158481,0.005));
#3023=CARTESIAN_POINT('',(-0.0181738185584546,0.0315811695158481,0.005));
#3024=CARTESIAN_POINT('',(-0.0181738185584546,0.0265811695158482,0.005));
#3025=CARTESIAN_POINT('',(-0.0161738185584545,0.0315811695158481,0.005));
#3026=CARTESIAN_POINT('',(-0.0141738185584545,0.0315811695158481,0.002));
#3027=CARTESIAN_POINT('',(-0.0141738185584545,0.0315811695158481,0.002));
#3028=CARTESIAN_POINT('',(-0.0141738185584545,0.0315811695158481,0.005));
#3029=CARTESIAN_POINT('',(-0.0141738185584545,0.0315811695158481,0.005));
#3030=CARTESIAN_POINT('',(-0.0161738185584545,0.0315811695158481,0.005));
#3031=CARTESIAN_POINT('',(-0.0141738185584545,0.0265811695158482,0.005));
#3032=CARTESIAN_POINT('',(-0.0141738185584545,0.0265811695158482,0.002));
#3033=CARTESIAN_POINT('',(-0.00917381855845454,0.0265811695158482,0.002));
#3034=CARTESIAN_POINT('',(-0.00917381855845454,0.0265811695158482,0.005));
#3035=CARTESIAN_POINT('',(-0.00917381855845454,0.0265811695158482,0.005));
#3036=CARTESIAN_POINT('',(-0.0141738185584545,0.0265811695158482,0.005));
#3037=CARTESIAN_POINT('',(-0.00917381855845454,0.0180811695158482,0.005));
#3038=CARTESIAN_POINT('',(-0.00917381855845454,0.0180811695158482,0.002));
#3039=CARTESIAN_POINT('',(-0.00917381855845454,0.00958116951584816,0.002));
#3040=CARTESIAN_POINT('',(-0.00917381855845454,0.00958116951584816,0.005));
#3041=CARTESIAN_POINT('',(-0.00917381855845454,0.00958116951584816,0.005));
#3042=CARTESIAN_POINT('',(-0.00917381855845454,0.0180811695158482,0.005));
#3043=CARTESIAN_POINT('',(-0.00717381855845454,0.00958116951584816,0.005));
#3044=CARTESIAN_POINT('',(-0.00717381855845454,0.00958116951584816,0.002));
#3045=CARTESIAN_POINT('',(-0.00717381855845454,0.00758116951584816,0.002));
#3046=CARTESIAN_POINT('',(-0.00717381855845454,0.00758116951584816,0.005));
#3047=CARTESIAN_POINT('',(-0.00717381855845454,0.00758116951584816,0.005));
#3048=CARTESIAN_POINT('',(-0.00717381855845454,0.00958116951584816,0.005));
#3049=CARTESIAN_POINT('',(-0.00617381855845454,0.00758116951584816,0.005));
#3050=CARTESIAN_POINT('',(-0.00617381855845454,0.00758116951584816,0.002));
#3051=CARTESIAN_POINT('',(-0.00517381855845454,0.00758116951584816,0.002));
#3052=CARTESIAN_POINT('',(-0.00517381855845454,0.00758116951584816,0.005));
#3053=CARTESIAN_POINT('',(-0.00517381855845454,0.00758116951584816,0.005));
#3054=CARTESIAN_POINT('',(-0.00617381855845454,0.00758116951584816,0.005));
#3055=CARTESIAN_POINT('',(-0.00517381855845454,0.00958116951584816,0.005));
#3056=CARTESIAN_POINT('',(-0.00517381855845454,0.00958116951584816,0.002));
#3057=CARTESIAN_POINT('',(-0.00317381855845454,0.00958116951584816,0.002));
#3058=CARTESIAN_POINT('',(-0.00317381855845454,0.00958116951584816,0.005));
#3059=CARTESIAN_POINT('',(-0.00317381855845454,0.00958116951584816,0.005));
#3060=CARTESIAN_POINT('',(-0.00517381855845454,0.00958116951584816,0.005));
#3061=CARTESIAN_POINT('',(-0.00317381855845454,0.0180811695158482,0.005));
#3062=CARTESIAN_POINT('',(-0.00317381855845454,0.0265811695158482,0.002));
#3063=CARTESIAN_POINT('',(-0.00317381855845453,0.0265811695158482,0.002));
#3064=CARTESIAN_POINT('',(-0.00317381855845453,0.0265811695158482,0.005));
#3065=CARTESIAN_POINT('',(-0.00317381855845453,0.0265811695158482,0.005));
#3066=CARTESIAN_POINT('',(-0.00317381855845454,0.0180811695158482,0.005));
#3067=CARTESIAN_POINT('',(0.00182618144154545,0.0265811695158482,0.005));
#3068=CARTESIAN_POINT('',(0.00182618144154545,0.0265811695158482,0.002));
#3069=CARTESIAN_POINT('',(0.00182618144154545,0.0315811695158482,0.002));
#3070=CARTESIAN_POINT('',(0.00182618144154545,0.0315811695158482,0.005));
#3071=CARTESIAN_POINT('',(0.00182618144154545,0.0315811695158482,0.005));
#3072=CARTESIAN_POINT('',(0.00182618144154545,0.0265811695158482,0.005));
#3073=CARTESIAN_POINT('',(0.00382618144154546,0.0315811695158482,0.005));
#3074=CARTESIAN_POINT('',(0.00582618144154547,0.0315811695158482,0.002));
#3075=CARTESIAN_POINT('',(0.00582618144154547,0.0315811695158481,0.002));
#3076=CARTESIAN_POINT('',(0.00582618144154547,0.0315811695158481,0.005));
#3077=CARTESIAN_POINT('',(0.00582618144154547,0.0315811695158481,0.005));
#3078=CARTESIAN_POINT('',(0.00382618144154546,0.0315811695158482,0.005));
#3079=CARTESIAN_POINT('',(0.00582618144154547,0.0265811695158482,0.005));
#3080=CARTESIAN_POINT('',(0.00582618144154547,0.0265811695158482,0.002));
#3081=CARTESIAN_POINT('',(0.0108261814415455,0.0265811695158482,0.002));
#3082=CARTESIAN_POINT('',(0.0108261814415455,0.0265811695158482,0.005));
#3083=CARTESIAN_POINT('',(0.0108261814415455,0.0265811695158482,0.005));
#3084=CARTESIAN_POINT('',(0.00582618144154547,0.0265811695158482,0.005));
#3085=CARTESIAN_POINT('',(0.0108261814415455,-0.0149188304841518,0.005));
#3086=CARTESIAN_POINT('',(0.0108261814415455,-0.0234188304841518,0.005));
#3087=CARTESIAN_POINT('',(0.0108261814415455,-0.0234188304841518,0.005));
#3088=CARTESIAN_POINT('',(0.0108261814415455,-0.0234188304841518,0.002));
#3089=CARTESIAN_POINT('',(0.0108261814415455,0.0180811695158482,0.005));
#3090=CARTESIAN_POINT('',(0.0108261814415455,0.0180811695158482,0.002));
#3091=CARTESIAN_POINT('',(0.0108261814415455,0.00958116951584817,0.002));
#3092=CARTESIAN_POINT('',(0.0108261814415455,0.00494439259171486,0.002));
#3093=CARTESIAN_POINT('',(0.0108261814415455,-0.00641883048415183,0.002));
#3094=CARTESIAN_POINT('',(0.0108261814415455,-0.0234188304841518,0.002));
#3095=CARTESIAN_POINT('',(0.00582618144154547,-0.0234188304841518,0.005));
#3096=CARTESIAN_POINT('',(0.00582618144154547,-0.0234188304841518,0.002));
#3097=CARTESIAN_POINT('',(0.00582618144154548,-0.0284188304841518,0.002));
#3098=CARTESIAN_POINT('',(0.00582618144154548,-0.0284188304841518,0.005));
#3099=CARTESIAN_POINT('',(0.00582618144154548,-0.0284188304841518,0.005));
#3100=CARTESIAN_POINT('',(0.00582618144154547,-0.0234188304841518,0.005));
#3101=CARTESIAN_POINT('',(0.00382618144154547,-0.0284188304841518,0.005));
#3102=CARTESIAN_POINT('',(0.00382618144154547,-0.0284188304841518,0.002));
#3103=CARTESIAN_POINT('',(0.00182618144154545,-0.0284188304841518,0.002));
#3104=CARTESIAN_POINT('',(0.00182618144154545,-0.0284188304841518,0.005));
#3105=CARTESIAN_POINT('',(0.00182618144154545,-0.0284188304841518,0.005));
#3106=CARTESIAN_POINT('',(0.00382618144154547,-0.0284188304841518,0.005));
#3107=CARTESIAN_POINT('',(0.00182618144154545,-0.0234188304841518,0.005));
#3108=CARTESIAN_POINT('',(0.00182618144154545,-0.0234188304841518,0.002));
#3109=CARTESIAN_POINT('',(-0.00317381855845453,-0.0234188304841518,0.002));
#3110=CARTESIAN_POINT('',(-0.00317381855845453,-0.0234188304841518,0.005));
#3111=CARTESIAN_POINT('',(-0.00317381855845453,-0.0234188304841518,0.005));
#3112=CARTESIAN_POINT('',(0.00182618144154545,-0.0234188304841518,0.005));
#3113=CARTESIAN_POINT('',(-0.00317381855845454,-0.0149188304841518,0.005));
#3114=CARTESIAN_POINT('',(-0.00317381855845454,-0.0149188304841518,0.002));
#3115=CARTESIAN_POINT('',(-0.00317381855845454,-0.00641883048415184,0.002));
#3116=CARTESIAN_POINT('',(-0.00317381855845454,-0.00641883048415184,0.005));
#3117=CARTESIAN_POINT('',(-0.00317381855845454,-0.00641883048415184,0.005));
#3118=CARTESIAN_POINT('',(-0.00317381855845454,-0.0149188304841518,0.005));
#3119=CARTESIAN_POINT('',(-0.00517381855845454,-0.00641883048415184,0.005));
#3120=CARTESIAN_POINT('',(-0.00517381855845454,-0.00641883048415184,0.002));
#3121=CARTESIAN_POINT('',(-0.00517381855845454,-0.00441883048415184,0.002));
#3122=CARTESIAN_POINT('',(-0.00517381855845454,-0.00441883048415184,0.005));
#3123=CARTESIAN_POINT('',(-0.00517381855845454,-0.00441883048415184,0.005));
#3124=CARTESIAN_POINT('',(-0.00517381855845454,-0.00641883048415184,0.005));
#3125=CARTESIAN_POINT('',(-0.00617381855845454,-0.00441883048415184,0.005));
#3126=CARTESIAN_POINT('',(-0.00617381855845454,-0.00441883048415184,0.002));
#3127=CARTESIAN_POINT('',(-0.00717381855845454,-0.00441883048415184,0.002));
#3128=CARTESIAN_POINT('',(-0.00717381855845454,-0.00441883048415184,0.005));
#3129=CARTESIAN_POINT('',(-0.00717381855845454,-0.00441883048415184,0.005));
#3130=CARTESIAN_POINT('',(-0.00617381855845454,-0.00441883048415184,0.005));
#3131=CARTESIAN_POINT('',(-0.00717381855845454,-0.00641883048415184,0.005));
#3132=CARTESIAN_POINT('',(-0.00717381855845454,-0.00641883048415184,0.002));
#3133=CARTESIAN_POINT('',(-0.00917381855845454,-0.00641883048415184,0.002));
#3134=CARTESIAN_POINT('',(-0.00917381855845454,-0.00641883048415184,0.005));
#3135=CARTESIAN_POINT('',(-0.00917381855845454,-0.00641883048415184,0.005));
#3136=CARTESIAN_POINT('',(-0.00717381855845454,-0.00641883048415184,0.005));
#3137=CARTESIAN_POINT('',(-0.00917381855845455,-0.0149188304841518,0.005));
#3138=CARTESIAN_POINT('',(-0.00917381855845455,-0.0234188304841518,0.002));
#3139=CARTESIAN_POINT('',(-0.00917381855845455,-0.0234188304841518,0.002));
#3140=CARTESIAN_POINT('',(-0.00917381855845455,-0.0234188304841518,0.005));
#3141=CARTESIAN_POINT('',(-0.00917381855845455,-0.0234188304841518,0.005));
#3142=CARTESIAN_POINT('',(-0.00917381855845455,-0.0149188304841518,0.005));
#3143=CARTESIAN_POINT('',(-0.0141738185584545,-0.0234188304841518,0.005));
#3144=CARTESIAN_POINT('',(-0.0141738185584545,-0.0234188304841518,0.002));
#3145=CARTESIAN_POINT('',(-0.0141738185584545,-0.0284188304841518,0.002));
#3146=CARTESIAN_POINT('',(-0.0141738185584545,-0.0284188304841518,0.005));
#3147=CARTESIAN_POINT('',(-0.0141738185584545,-0.0284188304841518,0.005));
#3148=CARTESIAN_POINT('',(-0.0141738185584545,-0.0234188304841518,0.005));
#3149=CARTESIAN_POINT('',(-0.0161738185584545,-0.0284188304841518,0.005));
#3150=CARTESIAN_POINT('',(-0.0161738185584545,-0.0284188304841518,0.002));
#3151=CARTESIAN_POINT('',(-0.0181738185584546,-0.0284188304841518,0.002));
#3152=CARTESIAN_POINT('',(-0.0181738185584546,-0.0284188304841518,0.005));
#3153=CARTESIAN_POINT('',(-0.0181738185584546,-0.0284188304841518,0.005));
#3154=CARTESIAN_POINT('',(-0.0161738185584545,-0.0284188304841518,0.005));
#3155=CARTESIAN_POINT('',(-0.0181738185584546,-0.0234188304841518,0.005));
#3156=CARTESIAN_POINT('',(-0.0181738185584546,-0.0234188304841518,0.002));
#3157=CARTESIAN_POINT('',(-0.0231738185584545,-0.0234188304841518,0.002));
#3158=CARTESIAN_POINT('',(-0.0231738185584545,-0.0234188304841518,0.005));
#3159=CARTESIAN_POINT('',(-0.0231738185584545,-0.0234188304841518,0.005));
#3160=CARTESIAN_POINT('',(-0.0181738185584546,-0.0234188304841518,0.005));
#3161=CARTESIAN_POINT('',(-0.0231738185584545,-0.0149188304841518,0.005));
#3162=CARTESIAN_POINT('',(-0.0231738185584545,-0.0149188304841518,0.002));
#3163=CARTESIAN_POINT('',(-0.0231738185584545,-0.00641883048415184,0.002));
#3164=CARTESIAN_POINT('',(-0.0231738185584545,-0.00641883048415184,0.005));
#3165=CARTESIAN_POINT('',(-0.0231738185584545,-0.00641883048415184,0.005));
#3166=CARTESIAN_POINT('',(-0.0231738185584545,-0.0149188304841518,0.005));
#3167=CARTESIAN_POINT('',(-0.0251738185584546,-0.00641883048415183,0.005));
#3168=CARTESIAN_POINT('',(-0.0251738185584546,-0.00641883048415183,0.002));
#3169=CARTESIAN_POINT('',(-0.0251738185584546,-0.00441883048415184,0.002));
#3170=CARTESIAN_POINT('',(-0.0251738185584546,-0.00441883048415184,0.005));
#3171=CARTESIAN_POINT('',(-0.0251738185584546,-0.00441883048415184,0.005));
#3172=CARTESIAN_POINT('',(-0.0251738185584546,-0.00641883048415183,0.005));
#3173=CARTESIAN_POINT('',(-0.0261738185584546,-0.00441883048415184,0.005));
#3174=CARTESIAN_POINT('',(-0.0261738185584546,-0.00441883048415184,0.002));
#3175=CARTESIAN_POINT('',(-0.0271738185584545,-0.00441883048415184,0.002));
#3176=CARTESIAN_POINT('',(-0.0271738185584545,-0.00441883048415184,0.005));
#3177=CARTESIAN_POINT('',(-0.0271738185584545,-0.00441883048415184,0.005));
#3178=CARTESIAN_POINT('',(-0.0261738185584546,-0.00441883048415184,0.005));
#3179=CARTESIAN_POINT('',(-0.0271738185584545,-0.00641883048415183,0.005));
#3180=CARTESIAN_POINT('',(-0.0271738185584545,-0.00641883048415183,0.002));
#3181=CARTESIAN_POINT('',(-0.0291738185584546,-0.00641883048415183,0.002));
#3182=CARTESIAN_POINT('',(-0.0291738185584546,-0.00641883048415183,0.005));
#3183=CARTESIAN_POINT('',(-0.0291738185584546,-0.00641883048415183,0.005));
#3184=CARTESIAN_POINT('',(-0.0271738185584545,-0.00641883048415183,0.005));
#3185=CARTESIAN_POINT('',(-0.0291738185584546,-0.0149188304841518,0.005));
#3186=CARTESIAN_POINT('',(-0.0291738185584546,-0.0234188304841518,0.002));
#3187=CARTESIAN_POINT('',(-0.0291738185584546,-0.0234188304841518,0.002));
#3188=CARTESIAN_POINT('',(-0.0291738185584546,-0.0234188304841518,0.005));
#3189=CARTESIAN_POINT('',(-0.0291738185584546,-0.0234188304841518,0.005));
#3190=CARTESIAN_POINT('',(-0.0291738185584546,-0.0149188304841518,0.005));
#3191=CARTESIAN_POINT('',(-0.0341738185584545,-0.0234188304841518,0.005));
#3192=CARTESIAN_POINT('',(-0.0341738185584545,-0.0234188304841518,0.002));
#3193=CARTESIAN_POINT('',(-0.0341738185584545,-0.0284188304841518,0.002));
#3194=CARTESIAN_POINT('',(-0.0341738185584545,-0.0284188304841518,0.005));
#3195=CARTESIAN_POINT('',(-0.0341738185584545,-0.0284188304841518,0.005));
#3196=CARTESIAN_POINT('',(-0.0341738185584545,-0.0234188304841518,0.005));
#3197=CARTESIAN_POINT('',(-0.0361738185584545,-0.0284188304841518,0.005));
#3198=CARTESIAN_POINT('',(-0.0361738185584545,-0.0284188304841518,0.002));
#3199=CARTESIAN_POINT('',(-0.0381738185584545,-0.0284188304841518,0.002));
#3200=CARTESIAN_POINT('',(-0.0381738185584545,-0.0284188304841518,0.005));
#3201=CARTESIAN_POINT('',(-0.0381738185584545,-0.0284188304841518,0.005));
#3202=CARTESIAN_POINT('',(-0.0361738185584545,-0.0284188304841518,0.005));
#3203=CARTESIAN_POINT('',(-0.0381738185584545,-0.0234188304841518,0.005));
#3204=CARTESIAN_POINT('',(-0.0381738185584545,-0.0234188304841518,0.002));
#3205=CARTESIAN_POINT('',(-0.0431738185584545,-0.0234188304841518,0.002));
#3206=CARTESIAN_POINT('',(-0.0431738185584545,-0.0234188304841518,0.005));
#3207=CARTESIAN_POINT('',(-0.0431738185584545,-0.0234188304841518,0.005));
#3208=CARTESIAN_POINT('',(-0.0381738185584545,-0.0234188304841518,0.005));
#3209=CARTESIAN_POINT('',(-0.0431738185584545,-0.0109188304841518,0.005));
#3210=CARTESIAN_POINT('',(-0.0431738185584545,-0.0109188304841518,0.002));
#3211=CARTESIAN_POINT('',(-0.0431738185584545,0.0265811695158482,0.002));
#3212=CARTESIAN_POINT('',(-0.0431738185584545,0.0265811695158482,0.005));
#3213=CARTESIAN_POINT('',(-0.0431738185584545,0.0265811695158482,0.005));
#3214=CARTESIAN_POINT('',(-0.0431738185584545,-0.0109188304841518,0.005));
#3215=CARTESIAN_POINT('',(-0.0381738185584545,0.0265811695158482,0.005));
#3216=CARTESIAN_POINT('',(-0.0381738185584545,0.0265811695158482,0.002));
#3217=CARTESIAN_POINT('',(-0.0381738185584545,0.0315811695158481,0.002));
#3218=CARTESIAN_POINT('',(-0.0381738185584545,0.0315811695158481,0.005));
#3219=CARTESIAN_POINT('',(-0.0381738185584545,0.0315811695158481,0.005));
#3220=CARTESIAN_POINT('',(-0.0381738185584545,0.0265811695158482,0.005));
#3221=CARTESIAN_POINT('',(-0.0361738185584545,0.0315811695158481,0.005));
#3222=CARTESIAN_POINT('',(-0.0341738185584545,0.0315811695158481,0.002));
#3223=CARTESIAN_POINT('',(-0.0341738185584545,0.0315811695158481,0.002));
#3224=CARTESIAN_POINT('',(-0.0341738185584545,0.0315811695158481,0.005));
#3225=CARTESIAN_POINT('',(-0.0341738185584545,0.0315811695158481,0.005));
#3226=CARTESIAN_POINT('',(-0.0361738185584545,0.0315811695158481,0.005));
#3227=CARTESIAN_POINT('',(-0.0341738185584545,0.0265811695158482,0.005));
#3228=CARTESIAN_POINT('',(-0.0341738185584545,0.0265811695158482,0.002));
#3229=CARTESIAN_POINT('',(-0.0291738185584546,0.0265811695158482,0.002));
#3230=CARTESIAN_POINT('',(-0.0291738185584546,0.0265811695158482,0.005));
#3231=CARTESIAN_POINT('',(-0.0291738185584546,0.0265811695158482,0.005));
#3232=CARTESIAN_POINT('',(-0.0341738185584545,0.0265811695158482,0.005));
#3233=CARTESIAN_POINT('',(-0.0291738185584546,0.0180811695158482,0.005));
#3234=CARTESIAN_POINT('',(-0.0291738185584546,0.00958116951584816,0.002));
#3235=CARTESIAN_POINT('',(-0.0291738185584546,0.00958116951584816,0.002));
#3236=CARTESIAN_POINT('',(-0.0291738185584546,0.00958116951584816,0.005));
#3237=CARTESIAN_POINT('',(-0.0291738185584546,0.00958116951584816,0.005));
#3238=CARTESIAN_POINT('',(-0.0291738185584546,0.0180811695158482,0.005));
#3239=CARTESIAN_POINT('',(-0.0271738185584545,0.00958116951584816,0.005));
#3240=CARTESIAN_POINT('',(-0.0271738185584545,0.00958116951584816,0.002));
#3241=CARTESIAN_POINT('',(-0.0271738185584545,0.00958116951584816,0.005));
#3242=CARTESIAN_POINT('',(0.0338261814415454,-0.0234188304841518,0.005));
#3243=CARTESIAN_POINT('',(0.0338261814415454,-0.0234188304841518,0.));
#3244=CARTESIAN_POINT('',(0.0338261814415454,-0.0234188304841518,0.005));
#3245=CARTESIAN_POINT('',(-0.00617381855845452,0.00158116951584817,0.005));
#3246=CARTESIAN_POINT('',(0.0388261814415455,-0.0234188304841518,0.005));
#3247=CARTESIAN_POINT('',(0.0347011814415455,-0.0234188304841518,0.005));
#3248=CARTESIAN_POINT('',(0.0388261814415455,0.00158116951584815,0.005));
#3249=CARTESIAN_POINT('',(0.0347011814415455,0.00158116951584815,0.005));
#3250=CARTESIAN_POINT('',(0.0388261814415455,0.0265811695158482,0.005));
#3251=CARTESIAN_POINT('',(0.0347011814415455,0.0265811695158482,0.005));
#3252=CARTESIAN_POINT('',(-0.0511738185584545,0.0265811695158482,0.005));
#3253=CARTESIAN_POINT('',(-0.0552988185584545,0.0265811695158482,0.005));
#3254=CARTESIAN_POINT('',(-0.0511738185584545,0.00158116951584817,0.005));
#3255=CARTESIAN_POINT('',(-0.0552988185584545,0.00158116951584817,0.005));
#3256=CARTESIAN_POINT('',(-0.0511738185584545,-0.0234188304841518,0.005));
#3257=CARTESIAN_POINT('',(-0.0552988185584545,-0.0234188304841518,0.005));
#3258=CARTESIAN_POINT('',(-0.00617381855845452,0.00158116951584817,0.));
#3259=CARTESIAN_POINT('',(0.0388261814415455,-0.0234188304841518,0.));
#3260=CARTESIAN_POINT('',(0.0408261814415455,-0.0234188304841518,0.));
#3261=CARTESIAN_POINT('',(0.0388261814415455,0.00158116951584815,0.));
#3262=CARTESIAN_POINT('',(0.0408261814415455,0.00158116951584815,0.));
#3263=CARTESIAN_POINT('',(0.0388261814415455,0.0265811695158482,0.));
#3264=CARTESIAN_POINT('',(0.0408261814415455,0.0265811695158482,0.));
#3265=CARTESIAN_POINT('',(-0.0511738185584545,0.0265811695158482,0.));
#3266=CARTESIAN_POINT('',(-0.0491738185584545,0.0265811695158482,0.));
#3267=CARTESIAN_POINT('',(-0.0511738185584545,0.00158116951584817,0.));
#3268=CARTESIAN_POINT('',(-0.0491738185584545,0.00158116951584817,0.));
#3269=CARTESIAN_POINT('',(-0.0511738185584545,-0.0234188304841518,0.));
#3270=CARTESIAN_POINT('',(-0.0491738185584545,-0.0234188304841518,0.));
#3271=CARTESIAN_POINT('',(0.0138261814415455,-0.00641883048415183,0.));
#3272=CARTESIAN_POINT('',(0.0128261814415455,-0.00641883048415183,0.));
#3273=CARTESIAN_POINT('',(0.0138261814415455,-0.00641883048415183,0.));
#3274=CARTESIAN_POINT('',(0.0138261814415455,0.00158116951584817,0.));
#3275=CARTESIAN_POINT('',(0.0138261814415455,-0.0234188304841518,0.));
#3276=CARTESIAN_POINT('',(0.0208261814415455,-0.0234188304841518,0.));
#3277=CARTESIAN_POINT('',(0.0208261814415455,-0.0304188304841518,0.));
#3278=CARTESIAN_POINT('',(-0.00617381855845452,-0.0304188304841518,0.));
#3279=CARTESIAN_POINT('',(0.0268261814415455,-0.0304188304841518,0.));
#3280=CARTESIAN_POINT('',(0.0268261814415455,-0.0234188304841518,0.));
#3281=CARTESIAN_POINT('',(0.0338261814415454,-0.0234188304841518,0.));
#3282=CARTESIAN_POINT('',(0.0338261814415454,0.00158116951584817,0.));
#3283=CARTESIAN_POINT('',(0.0338261814415454,0.0265811695158482,0.));
#3284=CARTESIAN_POINT('',(0.0268261814415455,0.0265811695158482,0.));
#3285=CARTESIAN_POINT('',(0.0268261814415455,0.0335811695158482,0.));
#3286=CARTESIAN_POINT('',(0.0208261814415455,0.0335811695158482,0.));
#3287=CARTESIAN_POINT('',(0.0208261814415455,0.0335811695158482,0.));
#3288=CARTESIAN_POINT('',(0.0208261814415455,0.0265811695158482,0.));
#3289=CARTESIAN_POINT('',(0.0138261814415455,0.0265811695158482,0.));
#3290=CARTESIAN_POINT('',(0.0138261814415455,0.00958116951584815,0.));
#3291=CARTESIAN_POINT('',(0.0138261814415455,0.00958116951584817,0.));
#3292=CARTESIAN_POINT('',(-0.00617381855845452,0.00958116951584817,0.));
#3293=CARTESIAN_POINT('',(0.0128261814415455,0.00958116951584817,0.));
#3294=CARTESIAN_POINT('',(0.0128261814415455,0.00158116951584817,0.));
#3295=CARTESIAN_POINT('',(0.0128261814415454,0.0265811695158482,0.));
#3296=CARTESIAN_POINT('',(0.00582618144154547,0.0265811695158482,0.));
#3297=CARTESIAN_POINT('',(0.00582618144154547,0.0335811695158482,0.));
#3298=CARTESIAN_POINT('',(0.00182618144154545,0.0335811695158482,0.));
#3299=CARTESIAN_POINT('',(0.00182618144154545,0.0335811695158481,0.));
#3300=CARTESIAN_POINT('',(0.00182618144154545,0.0265811695158482,0.));
#3301=CARTESIAN_POINT('',(-0.00517381855845454,0.0265811695158482,0.));
#3302=CARTESIAN_POINT('',(-0.00517381855845454,0.00958116951584816,0.));
#3303=CARTESIAN_POINT('',(-0.00517381855845454,0.00958116951584816,0.));
#3304=CARTESIAN_POINT('',(-0.00617381855845452,0.00958116951584816,0.));
#3305=CARTESIAN_POINT('',(-0.00717381855845454,0.00958116951584816,0.));
#3306=CARTESIAN_POINT('',(-0.00717381855845454,0.00158116951584817,0.));
#3307=CARTESIAN_POINT('',(-0.00717381855845454,0.0265811695158482,0.));
#3308=CARTESIAN_POINT('',(-0.0141738185584545,0.0265811695158482,0.));
#3309=CARTESIAN_POINT('',(-0.0141738185584545,0.0335811695158481,0.));
#3310=CARTESIAN_POINT('',(-0.0181738185584546,0.0335811695158481,0.));
#3311=CARTESIAN_POINT('',(-0.0181738185584546,0.0335811695158481,0.));
#3312=CARTESIAN_POINT('',(-0.0181738185584546,0.0265811695158482,0.));
#3313=CARTESIAN_POINT('',(-0.0251738185584546,0.0265811695158482,0.));
#3314=CARTESIAN_POINT('',(-0.0251738185584546,0.00958116951584816,0.));
#3315=CARTESIAN_POINT('',(-0.0251738185584546,0.00958116951584816,0.));
#3316=CARTESIAN_POINT('',(-0.0271738185584545,0.00958116951584816,0.));
#3317=CARTESIAN_POINT('',(-0.0271738185584545,0.00958116951584816,0.));
#3318=CARTESIAN_POINT('',(-0.0271738185584545,0.0265811695158482,0.));
#3319=CARTESIAN_POINT('',(-0.0271738185584545,0.0265811695158482,0.));
#3320=CARTESIAN_POINT('',(-0.0341738185584545,0.0265811695158482,0.));
#3321=CARTESIAN_POINT('',(-0.0341738185584545,0.0335811695158481,0.));
#3322=CARTESIAN_POINT('',(-0.0381738185584545,0.0335811695158481,0.));
#3323=CARTESIAN_POINT('',(-0.0381738185584545,0.0335811695158481,0.));
#3324=CARTESIAN_POINT('',(-0.0381738185584545,0.0265811695158482,0.));
#3325=CARTESIAN_POINT('',(-0.0451738185584545,0.0265811695158482,0.));
#3326=CARTESIAN_POINT('',(-0.0451738185584546,0.00158116951584818,0.));
#3327=CARTESIAN_POINT('',(-0.0451738185584545,-0.0234188304841518,0.));
#3328=CARTESIAN_POINT('',(-0.0381738185584545,-0.0234188304841518,0.));
#3329=CARTESIAN_POINT('',(-0.0381738185584545,-0.0304188304841518,0.));
#3330=CARTESIAN_POINT('',(-0.00617381855845452,-0.0304188304841518,0.));
#3331=CARTESIAN_POINT('',(-0.0341738185584545,-0.0304188304841518,0.));
#3332=CARTESIAN_POINT('',(-0.0341738185584545,-0.0234188304841518,0.));
#3333=CARTESIAN_POINT('',(-0.0271738185584545,-0.0234188304841518,0.));
#3334=CARTESIAN_POINT('',(-0.0271738185584545,-0.00641883048415184,0.));
#3335=CARTESIAN_POINT('',(-0.0271738185584545,-0.00641883048415184,0.));
#3336=CARTESIAN_POINT('',(-0.00617381855845452,-0.00641883048415184,0.));
#3337=CARTESIAN_POINT('',(-0.0251738185584546,-0.00641883048415183,0.));
#3338=CARTESIAN_POINT('',(-0.0251738185584546,0.00158116951584817,0.));
#3339=CARTESIAN_POINT('',(-0.0251738185584546,-0.0234188304841518,0.));
#3340=CARTESIAN_POINT('',(-0.0181738185584546,-0.0234188304841518,0.));
#3341=CARTESIAN_POINT('',(-0.0181738185584546,-0.0304188304841518,0.));
#3342=CARTESIAN_POINT('',(-0.00617381855845452,-0.0304188304841518,0.));
#3343=CARTESIAN_POINT('',(-0.0141738185584545,-0.0304188304841518,0.));
#3344=CARTESIAN_POINT('',(-0.0141738185584545,-0.0234188304841518,0.));
#3345=CARTESIAN_POINT('',(-0.00717381855845455,-0.0234188304841518,0.));
#3346=CARTESIAN_POINT('',(-0.00717381855845454,-0.00641883048415184,0.));
#3347=CARTESIAN_POINT('',(-0.00717381855845454,-0.00641883048415184,0.));
#3348=CARTESIAN_POINT('',(-0.00617381855845452,-0.00641883048415184,0.));
#3349=CARTESIAN_POINT('',(-0.00517381855845454,-0.00641883048415184,0.));
#3350=CARTESIAN_POINT('',(-0.00517381855845454,0.00158116951584817,0.));
#3351=CARTESIAN_POINT('',(-0.00517381855845454,-0.0234188304841518,0.));
#3352=CARTESIAN_POINT('',(0.00182618144154545,-0.0234188304841518,0.));
#3353=CARTESIAN_POINT('',(0.00182618144154545,-0.0304188304841518,0.));
#3354=CARTESIAN_POINT('',(-0.00617381855845452,-0.0304188304841518,0.));
#3355=CARTESIAN_POINT('',(0.00582618144154548,-0.0304188304841518,0.));
#3356=CARTESIAN_POINT('',(0.00582618144154547,-0.0234188304841518,0.));
#3357=CARTESIAN_POINT('',(0.0128261814415455,-0.0234188304841518,0.));
#3358=CARTESIAN_POINT('',(0.0128261814415455,-0.00641883048415183,0.));
#3359=CARTESIAN_POINT('',(-0.0271738185584545,0.00958116951584816,0.002));
#3360=CARTESIAN_POINT('',(-0.0271738185584545,0.00958116951584816,0.));
#3361=CARTESIAN_POINT('',(-0.0271738185584545,0.00758116951584816,0.002));
#3362=CARTESIAN_POINT('',(-0.00617381855845452,0.00958116951584815,0.));
#3363=CARTESIAN_POINT('',(-0.0251738185584546,0.00758116951584816,0.002));
#3364=CARTESIAN_POINT('',(-0.0271738185584545,0.00158116951584817,0.));
#3365=CARTESIAN_POINT('',(-0.0271738185584545,0.0265811695158482,0.));
#3366=CARTESIAN_POINT('',(-0.0251738185584546,0.00958116951584816,0.002));
#3367=CARTESIAN_POINT('',(-0.0231738185584545,0.00958116951584816,0.002));
#3368=CARTESIAN_POINT('',(-0.0341738185584545,0.0265811695158482,0.));
#3369=CARTESIAN_POINT('',(-0.0341738185584545,0.0335811695158481,0.));
#3370=CARTESIAN_POINT('',(-0.0251738185584546,0.00158116951584817,0.));
#3371=CARTESIAN_POINT('',(-0.0231738185584545,0.0265811695158482,0.002));
#3372=CARTESIAN_POINT('',(-0.00617381855845452,0.0335811695158481,0.));
#3373=CARTESIAN_POINT('',(-0.0381738185584545,0.0335811695158481,0.));
#3374=CARTESIAN_POINT('',(-0.0181738185584546,0.0265811695158482,0.));
#3375=CARTESIAN_POINT('',(-0.0181738185584546,0.0315811695158481,0.002));
#3376=CARTESIAN_POINT('',(-0.0381738185584545,0.0265811695158482,0.));
#3377=CARTESIAN_POINT('',(-0.0451738185584545,0.0265811695158482,0.));
#3378=CARTESIAN_POINT('',(-0.00617381855845452,0.0335811695158481,0.));
#3379=CARTESIAN_POINT('',(-0.0141738185584545,0.0315811695158481,0.002));
#3380=CARTESIAN_POINT('',(-0.0431738185584545,-0.0109188304841518,0.002));
#3381=CARTESIAN_POINT('',(-0.0451738185584546,-0.0234188304841518,0.));
#3382=CARTESIAN_POINT('',(-0.0141738185584545,0.0265811695158482,0.));
#3383=CARTESIAN_POINT('',(-0.00917381855845454,0.0265811695158482,0.002));
#3384=CARTESIAN_POINT('',(-0.0381738185584545,-0.0234188304841518,0.));
#3385=CARTESIAN_POINT('',(-0.0381738185584545,-0.0304188304841518,0.));
#3386=CARTESIAN_POINT('',(-0.00917381855845454,0.0180811695158482,0.002));
#3387=CARTESIAN_POINT('',(-0.00917381855845454,0.00958116951584816,0.002));
#3388=CARTESIAN_POINT('',(-0.0361738185584545,-0.0284188304841518,0.002));
#3389=CARTESIAN_POINT('',(-0.0341738185584545,-0.0304188304841518,0.));
#3390=CARTESIAN_POINT('',(-0.00717381855845454,0.00958116951584816,0.002));
#3391=CARTESIAN_POINT('',(-0.00717381855845454,0.00758116951584817,0.002));
#3392=CARTESIAN_POINT('',(-0.0341738185584545,-0.0234188304841518,0.));
#3393=CARTESIAN_POINT('',(-0.0271738185584545,-0.0234188304841518,0.));
#3394=CARTESIAN_POINT('',(-0.00617381855845454,0.00758116951584816,0.002));
#3395=CARTESIAN_POINT('',(-0.00517381855845454,0.00758116951584816,0.002));
#3396=CARTESIAN_POINT('',(-0.0271738185584545,0.00158116951584818,0.));
#3397=CARTESIAN_POINT('',(-0.0271738185584545,-0.00641883048415184,0.));
#3398=CARTESIAN_POINT('',(-0.00517381855845454,0.00958116951584816,0.002));
#3399=CARTESIAN_POINT('',(-0.00317381855845454,0.00958116951584816,0.002));
#3400=CARTESIAN_POINT('',(-0.0271738185584545,-0.00641883048415183,0.002));
#3401=CARTESIAN_POINT('',(-0.0271738185584545,-0.00641883048415183,0.));
#3402=CARTESIAN_POINT('',(-0.00517381855845454,0.00158116951584817,0.));
#3403=CARTESIAN_POINT('',(-0.00317381855845454,0.0265811695158482,0.002));
#3404=CARTESIAN_POINT('',(-0.0261738185584546,-0.00441883048415184,0.002));
#3405=CARTESIAN_POINT('',(-0.0251738185584546,-0.00641883048415184,0.));
#3406=CARTESIAN_POINT('',(0.00182618144154545,0.0265811695158482,0.));
#3407=CARTESIAN_POINT('',(0.00182618144154545,0.0315811695158481,0.002));
#3408=CARTESIAN_POINT('',(-0.0251738185584546,-0.00641883048415183,0.002));
#3409=CARTESIAN_POINT('',(-0.0251738185584546,-0.00641883048415183,0.));
#3410=CARTESIAN_POINT('',(-0.00617381855845452,0.0335811695158482,0.));
#3411=CARTESIAN_POINT('',(0.00582618144154547,0.0315811695158482,0.002));
#3412=CARTESIAN_POINT('',(-0.0231738185584545,-0.0149188304841518,0.002));
#3413=CARTESIAN_POINT('',(-0.0251738185584546,-0.0234188304841518,0.));
#3414=CARTESIAN_POINT('',(0.00582618144154547,0.0265811695158482,0.));
#3415=CARTESIAN_POINT('',(0.0108261814415454,0.0265811695158482,0.002));
#3416=CARTESIAN_POINT('',(-0.0181738185584546,-0.0234188304841518,0.));
#3417=CARTESIAN_POINT('',(-0.0181738185584546,-0.0304188304841518,0.));
#3418=CARTESIAN_POINT('',(0.0108261814415455,0.0180811695158482,0.002));
#3419=CARTESIAN_POINT('',(0.0108261814415455,0.00958116951584817,0.002));
#3420=CARTESIAN_POINT('',(-0.0161738185584545,-0.0284188304841518,0.002));
#3421=CARTESIAN_POINT('',(-0.0141738185584545,-0.0304188304841518,0.));
#3422=CARTESIAN_POINT('',(0.0128261814415455,0.00958116951584817,0.002));
#3423=CARTESIAN_POINT('',(0.0128261814415455,0.00958116951584817,0.002));
#3424=CARTESIAN_POINT('',(0.0128261814415455,0.00758116951584817,0.002));
#3425=CARTESIAN_POINT('',(0.0128261814415455,0.00758116951584817,0.002));
#3426=CARTESIAN_POINT('',(-0.0141738185584545,-0.0234188304841518,0.));
#3427=CARTESIAN_POINT('',(-0.00717381855845455,-0.0234188304841518,0.));
#3428=CARTESIAN_POINT('',(0.0133261814415455,0.00758116951584817,0.002));
#3429=CARTESIAN_POINT('',(0.0138261814415455,0.00758116951584817,0.002));
#3430=CARTESIAN_POINT('',(0.0138261814415455,0.00758116951584816,0.002));
#3431=CARTESIAN_POINT('',(0.0133261814415455,0.00758116951584817,0.002));
#3432=CARTESIAN_POINT('',(-0.00717381855845454,0.00158116951584817,0.));
#3433=CARTESIAN_POINT('',(-0.00717381855845454,-0.00641883048415184,0.));
#3434=CARTESIAN_POINT('',(0.0138261814415455,0.00958116951584815,0.002));
#3435=CARTESIAN_POINT('',(0.0138261814415455,0.00958116951584815,0.002));
#3436=CARTESIAN_POINT('',(0.0158261814415455,0.00958116951584815,0.002));
#3437=CARTESIAN_POINT('',(0.0158261814415455,0.00958116951584815,0.002));
#3438=CARTESIAN_POINT('',(-0.00717381855845454,-0.00641883048415184,0.002));
#3439=CARTESIAN_POINT('',(-0.00717381855845454,-0.00641883048415184,0.));
#3440=CARTESIAN_POINT('',(0.0138261814415455,0.00158116951584817,0.));
#3441=CARTESIAN_POINT('',(0.0158261814415455,0.0265811695158482,0.002));
#3442=CARTESIAN_POINT('',(0.0158261814415455,0.0265811695158482,0.002));
#3443=CARTESIAN_POINT('',(0.0158261814415455,0.0265811695158482,0.002));
#3444=CARTESIAN_POINT('',(-0.00617381855845454,-0.00441883048415184,0.002));
#3445=CARTESIAN_POINT('',(-0.00517381855845454,-0.00641883048415184,0.));
#3446=CARTESIAN_POINT('',(0.0208261814415455,0.0265811695158482,0.));
#3447=CARTESIAN_POINT('',(0.0208261814415455,0.0315811695158482,0.002));
#3448=CARTESIAN_POINT('',(0.0208261814415455,0.0315811695158482,0.002));
#3449=CARTESIAN_POINT('',(0.0208261814415455,0.0265811695158482,0.002));
#3450=CARTESIAN_POINT('',(-0.00517381855845454,-0.00641883048415184,0.002));
#3451=CARTESIAN_POINT('',(-0.00517381855845454,-0.00641883048415184,0.));
#3452=CARTESIAN_POINT('',(-0.00617381855845452,0.0335811695158482,0.));
#3453=CARTESIAN_POINT('',(0.0268261814415455,0.0315811695158482,0.002));
#3454=CARTESIAN_POINT('',(0.0268261814415455,0.0315811695158482,0.002));
#3455=CARTESIAN_POINT('',(0.0268261814415455,0.0315811695158482,0.002));
#3456=CARTESIAN_POINT('',(-0.00317381855845454,-0.0149188304841518,0.002));
#3457=CARTESIAN_POINT('',(-0.00517381855845454,-0.0234188304841518,0.));
#3458=CARTESIAN_POINT('',(0.0268261814415455,0.0265811695158482,0.));
#3459=CARTESIAN_POINT('',(0.0318261814415454,0.0265811695158482,0.002));
#3460=CARTESIAN_POINT('',(0.0318261814415454,0.0265811695158482,0.002));
#3461=CARTESIAN_POINT('',(0.0268261814415455,0.0265811695158482,0.002));
#3462=CARTESIAN_POINT('',(0.00182618144154545,-0.0234188304841518,0.));
#3463=CARTESIAN_POINT('',(0.00182618144154545,-0.0304188304841518,0.));
#3464=CARTESIAN_POINT('',(0.0318261814415454,0.0170811695158481,0.002));
#3465=CARTESIAN_POINT('',(0.0318261814415454,-0.0234188304841518,0.002));
#3466=CARTESIAN_POINT('',(0.0318261814415454,-0.0234188304841518,0.002));
#3467=CARTESIAN_POINT('',(0.0318261814415454,0.0170811695158481,0.002));
#3468=CARTESIAN_POINT('',(0.00382618144154547,-0.0284188304841518,0.002));
#3469=CARTESIAN_POINT('',(0.00582618144154548,-0.0304188304841518,0.));
#3470=CARTESIAN_POINT('',(0.0268261814415455,-0.0234188304841518,0.));
#3471=CARTESIAN_POINT('',(0.0268261814415455,-0.0284188304841518,0.002));
#3472=CARTESIAN_POINT('',(0.0268261814415455,-0.0284188304841518,0.002));
#3473=CARTESIAN_POINT('',(0.0268261814415455,-0.0234188304841518,0.002));
#3474=CARTESIAN_POINT('',(0.00582618144154547,-0.0234188304841518,0.));
#3475=CARTESIAN_POINT('',(0.0128261814415455,-0.0234188304841518,0.));
#3476=CARTESIAN_POINT('',(0.0238261814415455,-0.0284188304841518,0.002));
#3477=CARTESIAN_POINT('',(0.0208261814415455,-0.0284188304841518,0.002));
#3478=CARTESIAN_POINT('',(0.0208261814415455,-0.0284188304841518,0.002));
#3479=CARTESIAN_POINT('',(0.0238261814415455,-0.0284188304841518,0.002));
#3480=CARTESIAN_POINT('',(0.0128261814415455,0.00158116951584817,0.));
#3481=CARTESIAN_POINT('',(0.0128261814415455,-0.00641883048415183,0.));
#3482=CARTESIAN_POINT('',(0.0208261814415455,-0.0234188304841518,0.));
#3483=CARTESIAN_POINT('',(0.0158261814415455,-0.0234188304841518,0.002));
#3484=CARTESIAN_POINT('',(0.0158261814415455,-0.0234188304841518,0.002));
#3485=CARTESIAN_POINT('',(0.0208261814415455,-0.0234188304841518,0.002));
#3486=CARTESIAN_POINT('',(0.0128261814415455,-0.00641883048415183,0.002));
#3487=CARTESIAN_POINT('',(0.0128261814415455,-0.00641883048415183,0.002));
#3488=CARTESIAN_POINT('',(0.0128261814415455,-0.00441883048415183,0.002));
#3489=CARTESIAN_POINT('',(0.0128261814415455,-0.00641883048415183,0.));
#3490=CARTESIAN_POINT('',(0.0158261814415455,-0.0149188304841518,0.002));
#3491=CARTESIAN_POINT('',(0.0158261814415455,-0.00641883048415184,0.002));
#3492=CARTESIAN_POINT('',(0.0158261814415455,-0.00641883048415184,0.002));
#3493=CARTESIAN_POINT('',(0.0158261814415455,-0.0149188304841518,0.002));
#3494=CARTESIAN_POINT('',(-0.00617381855845452,-0.00641883048415183,0.));
#3495=CARTESIAN_POINT('',(0.0128261814415455,-0.00441883048415183,0.002));
#3496=CARTESIAN_POINT('',(0.0138261814415455,-0.00441883048415184,0.002));
#3497=CARTESIAN_POINT('',(0.0138261814415455,-0.00641883048415183,0.));
#3498=CARTESIAN_POINT('',(0.0138261814415455,-0.00641883048415184,0.002));
#3499=CARTESIAN_POINT('',(0.0138261814415455,-0.00641883048415184,0.002));
#3500=CARTESIAN_POINT('',(-0.0511738185584545,-0.0234188304841518,0.005));
#3501=CARTESIAN_POINT('',(-0.0511738185584545,-0.0234188304841518,0.001));
#3502=CARTESIAN_POINT('',(-0.0531738185584545,-0.0234188304841518,0.001));
#3503=CARTESIAN_POINT('',(-0.0470488185584545,-0.0234188304841518,0.001));
#3504=CARTESIAN_POINT('',(-0.0511738185584545,-0.0234188304841518,0.001));
#3505=CARTESIAN_POINT('',(-0.0552988185584545,-0.0234188304841518,0.001));
#3506=CARTESIAN_POINT('',(-0.0511738185584545,-0.0234188304841518,0.005));
#3507=CARTESIAN_POINT('',(-0.0511738185584545,0.00158116951584817,0.005));
#3508=CARTESIAN_POINT('',(-0.0511738185584545,0.00158116951584817,0.001));
#3509=CARTESIAN_POINT('',(-0.0531738185584545,0.00158116951584817,0.001));
#3510=CARTESIAN_POINT('',(-0.0470488185584545,0.00158116951584817,0.001));
#3511=CARTESIAN_POINT('',(-0.0511738185584545,0.00158116951584817,0.001));
#3512=CARTESIAN_POINT('',(-0.0552988185584545,0.00158116951584817,0.001));
#3513=CARTESIAN_POINT('',(-0.0511738185584545,0.00158116951584817,0.005));
#3514=CARTESIAN_POINT('',(-0.0511738185584545,0.0265811695158482,0.005));
#3515=CARTESIAN_POINT('',(-0.0511738185584545,0.0265811695158482,0.001));
#3516=CARTESIAN_POINT('',(-0.0531738185584545,0.0265811695158482,0.001));
#3517=CARTESIAN_POINT('',(-0.0470488185584545,0.0265811695158482,0.001));
#3518=CARTESIAN_POINT('',(-0.0511738185584545,0.0265811695158482,0.001));
#3519=CARTESIAN_POINT('',(-0.0552988185584545,0.0265811695158482,0.001));
#3520=CARTESIAN_POINT('',(-0.0511738185584545,0.0265811695158482,0.005));
#3521=CARTESIAN_POINT('',(0.0388261814415455,0.0265811695158482,0.005));
#3522=CARTESIAN_POINT('',(0.0388261814415455,0.0265811695158482,0.001));
#3523=CARTESIAN_POINT('',(0.0368261814415455,0.0265811695158482,0.001));
#3524=CARTESIAN_POINT('',(0.0429511814415455,0.0265811695158482,0.001));
#3525=CARTESIAN_POINT('',(0.0388261814415455,0.0265811695158482,0.001));
#3526=CARTESIAN_POINT('',(0.0347011814415455,0.0265811695158482,0.001));
#3527=CARTESIAN_POINT('',(0.0388261814415455,0.0265811695158482,0.005));
#3528=CARTESIAN_POINT('',(0.0388261814415455,0.00158116951584815,0.005));
#3529=CARTESIAN_POINT('',(0.0388261814415455,0.00158116951584815,0.001));
#3530=CARTESIAN_POINT('',(0.0368261814415455,0.00158116951584815,0.001));
#3531=CARTESIAN_POINT('',(0.0429511814415455,0.00158116951584815,0.001));
#3532=CARTESIAN_POINT('',(0.0388261814415455,0.00158116951584815,0.001));
#3533=CARTESIAN_POINT('',(0.0347011814415455,0.00158116951584815,0.001));
#3534=CARTESIAN_POINT('',(0.0388261814415455,0.00158116951584815,0.005));
#3535=CARTESIAN_POINT('',(0.0388261814415455,-0.0234188304841518,0.005));
#3536=CARTESIAN_POINT('',(0.0388261814415455,-0.0234188304841518,0.001));
#3537=CARTESIAN_POINT('',(0.0368261814415455,-0.0234188304841518,0.001));
#3538=CARTESIAN_POINT('',(0.0429511814415455,-0.0234188304841518,0.001));
#3539=CARTESIAN_POINT('',(0.0388261814415455,-0.0234188304841518,0.001));
#3540=CARTESIAN_POINT('',(0.0347011814415455,-0.0234188304841518,0.001));
#3541=CARTESIAN_POINT('',(0.0388261814415455,-0.0234188304841518,0.005));
#3542=CARTESIAN_POINT('',(-0.00617381855845452,0.00158116951584817,0.002));
#3543=MECHANICAL_DESIGN_GEOMETRIC_PRESENTATION_REPRESENTATION('',(#2086),#3544);
#3544=(
GEOMETRIC_REPRESENTATION_CONTEXT(3)
GLOBAL_UNCERTAINTY_ASSIGNED_CONTEXT((#3545))
GLOBAL_UNIT_ASSIGNED_CONTEXT((#3548,#3547,#3546))
REPRESENTATION_CONTEXT('Part 1','TOP_LEVEL_ASSEMBLY_PART')
);
#3545=UNCERTAINTY_MEASURE_WITH_UNIT(LENGTH_MEASURE(1.E-08),#3548,'DISTANCE_ACCURACY_VALUE','Maximum Tolerance applied to model');
#3546=(
NAMED_UNIT(*)
SI_UNIT($,.STERADIAN.)
SOLID_ANGLE_UNIT()
);
#3547=(
NAMED_UNIT(*)
PLANE_ANGLE_UNIT()
SI_UNIT($,.RADIAN.)
);
#3548=(
LENGTH_UNIT()
NAMED_UNIT(*)
SI_UNIT($,.METRE.)
);
#3549=PRODUCT_DEFINITION_SHAPE('','',#3550);
#3550=PRODUCT_DEFINITION('','',#3552,#3551);
#3551=PRODUCT_DEFINITION_CONTEXT('',#3558,'design');
#3552=PRODUCT_DEFINITION_FORMATION_WITH_SPECIFIED_SOURCE('','',#3554,.NOT_KNOWN.);
#3553=PRODUCT_RELATED_PRODUCT_CATEGORY('','',(#3554));
#3554=PRODUCT('Part 1','Part 1','Part 1',(#3556));
#3555=PRODUCT_CATEGORY('','');
#3556=PRODUCT_CONTEXT('',#3558,'mechanical');
#3557=APPLICATION_PROTOCOL_DEFINITION('international standard','ap242_managed_model_based_3d_engineering',2020,#3558);
#3558=APPLICATION_CONTEXT('managed model based 3d engineering');
#3559=SHAPE_ASPECT('RADIUS.F25RHcl5mlQCg5j_0',$,#3549,.T.);
#3560=GEOMETRIC_ITEM_SPECIFIC_USAGE('','',#3559,#11,#1988);
#3561=DIMENSIONAL_SIZE(#3559,'radius');
#3563=(
LENGTH_UNIT()
NAMED_UNIT(*)
SI_UNIT(.MILLI.,.METRE.)
);
#3564=PRECISION_QUALIFIER(3);
#3562=(
LENGTH_MEASURE_WITH_UNIT()
MEASURE_REPRESENTATION_ITEM()
MEASURE_WITH_UNIT(POSITIVE_LENGTH_MEASURE(2.),#3563)
QUALIFIED_REPRESENTATION_ITEM((#3564))
REPRESENTATION_ITEM('nominal value')
);
#3565=SHAPE_DIMENSION_REPRESENTATION('',(#3562),#3544);
#3566=DIMENSIONAL_CHARACTERISTIC_REPRESENTATION(#3561,#3565);
#3567=PRESENTATION_STYLE_ASSIGNMENT((NULL_STYLE(.NULL.)));
#3568=CARTESIAN_POINT('',(-0.00717381855845454,-0.00641883048415184,0.0035));
#3569=DIRECTION('',(0.,0.,-1.));
#3570=DIRECTION('',(1.,0.,0.));
#3571=AXIS2_PLACEMENT_3D('',#3568,#3569,#3570);
#3572=PLANE('',#3571);
#3573=ANNOTATION_PLANE('',(#3567),#3572,(#3600));
#3574=CARTESIAN_POINT('',(0.,0.,0.));
#3575=DIRECTION('',(0.,0.,1.));
#3576=DIRECTION('',(1.,0.,0.));
#3577=AXIS2_PLACEMENT_3D('',#3574,#3575,#3576);
#3578=CARTESIAN_POINT('',(0.,0.,0.));
#3579=DIRECTION('',(0.,0.,1.));
#3580=DIRECTION('',(1.,0.,0.));
#3581=AXIS2_PLACEMENT_3D('',#3578,#3579,#3580);
#3582=SHAPE_REPRESENTATION('',(#3581,#2094),#3544);
#3583=REPRESENTATION_MAP(#3577,#3582);
#3584=MAPPED_ITEM('',#3583,#3577);
#3585=PRESENTATION_STYLE_ASSIGNMENT((NULL_STYLE(.NULL.)));
#3586=STYLED_ITEM('',(#3585),#3584);
#3587=DRAUGHTING_MODEL('',(#3573,#3577,#3584,#3586),#3544);
#3588=DRAUGHTING_PRE_DEFINED_CURVE_FONT('continuous');
#3589=COLOUR_RGB('',0.,0.,0.);
#3590=CURVE_STYLE('',#3588,POSITIVE_LENGTH_MEASURE(0.02),#3589);
#3591=PRESENTATION_STYLE_ASSIGNMENT((#3590));
#3592=COORDINATES_LIST('coordinates',501,((-0.0124274,-0.0037772,0.0035000),(-0.0124274,-0.0053785,0.0035000),(-0.0125060,-0.0055213,0.0035000),(-0.0124274,-0.0037772,0.0035000),(-0.0125060,-0.0055213,0.0035000),(-0.0125661,-0.0055571,0.0035000),(-0.0124274,-0.0037772,0.0035000),(-0.0125661,-0.0055571,0.0035000),(-0.0126401,-0.0055690,0.0035000),(-0.0124274,-0.0037772,0.0035000),(-0.0126401,-0.0055690,0.0035000),(-0.0127878,-0.0055213,0.0035000),(-0.0124274,-0.0037772,0.0035000),(-0.0127878,-0.0055213,0.0035000),(-0.0128310,-0.0054618,0.0035000),(-0.0124274,-0.0037772,0.0035000),(-0.0128310,-0.0054618,0.0035000),(-0.0128539,-0.0053785,0.0035000),(-0.0124274,-0.0037772,0.0035000),(-0.0128539,-0.0053785,0.0035000),(-0.0128539,-0.0017515,0.0035000),(-0.0124274,-0.0037772,0.0035000),(-0.0128539,-0.0017515,0.0035000),(-0.0128399,-0.0016724,0.0035000),(-0.0124274,-0.0037772,0.0035000),(-0.0128399,-0.0016724,0.0035000),(-0.0127978,-0.0015981,0.0035000),(-0.0124274,-0.0037772,0.0035000),(-0.0127978,-0.0015981,0.0035000),(-0.0127261,-0.0015481,0.0035000),(-0.0124274,-0.0037772,0.0035000),(-0.0127261,-0.0015481,0.0035000),(-0.0126401,-0.0015314,0.0035000),(-0.0126401,-0.0015314,0.0035000),(-0.0109341,-0.0015314,0.0035000),(-0.0108209,-0.0015366,0.0035000),(-0.0126401,-0.0015314,0.0035000),(-0.0108209,-0.0015366,0.0035000),(-0.0107114,-0.0015523,0.0035000),(-0.0126401,-0.0015314,0.0035000),(-0.0107114,-0.0015523,0.0035000),(-0.0106056,-0.0015783,0.0035000),(-0.0126401,-0.0015314,0.0035000),(-0.0106056,-0.0015783,0.0035000),(-0.0105036,-0.0016148,0.0035000),(-0.0126401,-0.0015314,0.0035000),(-0.0105036,-0.0016148,0.0035000),(-0.0104054,-0.0016616,0.0035000),(-0.0126401,-0.0015314,0.0035000),(-0.0104054,-0.0016616,0.0035000),(-0.0103108,-0.0017189,0.0035000),(-0.0126401,-0.0015314,0.0035000),(-0.0103108,-0.0017189,0.0035000),(-0.0102200,-0.0017867,0.0035000),(-0.0126401,-0.0015314,0.0035000),(-0.0102200,-0.0017867,0.0035000),(-0.0101329,-0.0018648,0.0035000),(-0.0126401,-0.0015314,0.0035000),(-0.0101329,-0.0018648,0.0035000),(-0.0100566,-0.0019501,0.0035000),(-0.0126401,-0.0015314,0.0035000),(-0.0100566,-0.0019501,0.0035000),(-0.0099903,-0.0020393,0.0035000),(-0.0126401,-0.0015314,0.0035000),(-0.0099903,-0.0020393,0.0035000),(-0.0099343,-0.0021324,0.0035000),(-0.0099343,-0.0021324,0.0035000),(-0.0098885,-0.0022294,0.0035000),(-0.0098528,-0.0023303,0.0035000),(-0.0099343,-0.0021324,0.0035000),(-0.0098528,-0.0023303,0.0035000),(-0.0098274,-0.0024351,0.0035000),(-0.0099343,-0.0021324,0.0035000),(-0.0098274,-0.0024351,0.0035000),(-0.0098121,-0.0025438,0.0035000),(-0.0099343,-0.0021324,0.0035000),(-0.0098121,-0.0025438,0.0035000),(-0.0098070,-0.0026564,0.0035000),(-0.0099343,-0.0021324,0.0035000),(-0.0098070,-0.0026564,0.0035000),(-0.0098121,-0.0027651,0.0035000),(-0.0099343,-0.0021324,0.0035000),(-0.0098121,-0.0027651,0.0035000),(-0.0098274,-0.0028711,0.0035000),(-0.0099343,-0.0021324,0.0035000),(-0.0098274,-0.0028711,0.0035000),(-0.0098528,-0.0029744,0.0035000),(-0.0099343,-0.0021324,0.0035000),(-0.0098528,-0.0029744,0.0035000),(-0.0098885,-0.0030750,0.0035000),(-0.0099343,-0.0021324,0.0035000),(-0.0098885,-0.0030750,0.0035000),(-0.0102840,-0.0029258,0.0035000),(-0.0099343,-0.0021324,0.0035000),(-0.0102840,-0.0029258,0.0035000),(-0.0102453,-0.0027968,0.0035000),(-0.0099343,-0.0021324,0.0035000),(-0.0102453,-0.0027968,0.0035000),(-0.0102324,-0.0026564,0.0035000),(-0.0099343,-0.0021324,0.0035000),(-0.0102324,-0.0026564,0.0035000),(-0.0102453,-0.0025174,0.0035000),(-0.0099343,-0.0021324,0.0035000),(-0.0102453,-0.0025174,0.0035000),(-0.0102840,-0.0023892,0.0035000),(-0.0099343,-0.0021324,0.0035000),(-0.0102840,-0.0023892,0.0035000),(-0.0103485,-0.0022719,0.0035000),(-0.0099343,-0.0021324,0.0035000),(-0.0103485,-0.0022719,0.0035000),(-0.0104388,-0.0021654,0.0035000),(-0.0099343,-0.0021324,0.0035000),(-0.0104388,-0.0021654,0.0035000),(-0.0105460,-0.0020774,0.0035000),(-0.0099343,-0.0021324,0.0035000),(-0.0105460,-0.0020774,0.0035000),(-0.0106632,-0.0020145,0.0035000),(-0.0099343,-0.0021324,0.0035000),(-0.0106632,-0.0020145,0.0035000),(-0.0107904,-0.0019768,0.0035000),(-0.0126401,-0.0015314,0.0035000),(-0.0099343,-0.0021324,0.0035000),(-0.0107904,-0.0019768,0.0035000),(-0.0126401,-0.0015314,0.0035000),(-0.0107904,-0.0019768,0.0035000),(-0.0109278,-0.0019643,0.0035000),(-0.0126401,-0.0015314,0.0035000),(-0.0109278,-0.0019643,0.0035000),(-0.0124274,-0.0019643,0.0035000),(-0.0124274,-0.0037772,0.0035000),(-0.0126401,-0.0015314,0.0035000),(-0.0124274,-0.0019643,0.0035000),(-0.0103485,-0.0030434,0.0035000),(-0.0102840,-0.0029258,0.0035000),(-0.0098885,-0.0030750,0.0035000),(-0.0104388,-0.0031496,0.0035000),(-0.0103485,-0.0030434,0.0035000),(-0.0098885,-0.0030750,0.0035000),(-0.0105487,-0.0032376,0.0035000),(-0.0104388,-0.0031496,0.0035000),(-0.0098885,-0.0030750,0.0035000),(-0.0106679,-0.0033004,0.0035000),(-0.0105487,-0.0032376,0.0035000),(-0.0098885,-0.0030750,0.0035000),(-0.0107964,-0.0033381,0.0035000),(-0.0106679,-0.0033004,0.0035000),(-0.0098885,-0.0030750,0.0035000),(-0.0107964,-0.0033381,0.0035000),(-0.0098885,-0.0030750,0.0035000),(-0.0099343,-0.0031729,0.0035000),(-0.0107964,-0.0033381,0.0035000),(-0.0099343,-0.0031729,0.0035000),(-0.0099903,-0.0032680,0.0035000),(-0.0109341,-0.0033507,0.0035000),(-0.0107964,-0.0033381,0.0035000),(-0.0099903,-0.0032680,0.0035000),(-0.0109341,-0.0033507,0.0035000),(-0.0099903,-0.0032680,0.0035000),(-0.0100566,-0.0033604,0.0035000),(-0.0124274,-0.0033507,0.0035000),(-0.0109341,-0.0033507,0.0035000),(-0.0100566,-0.0033604,0.0035000),(-0.0124274,-0.0033507,0.0035000),(-0.0100566,-0.0033604,0.0035000),(-0.0101329,-0.0034502,0.0035000),(-0.0124274,-0.0033507,0.0035000),(-0.0101329,-0.0034502,0.0035000),(-0.0102140,-0.0035268,0.0035000),(-0.0124274,-0.0033507,0.0035000),(-0.0102140,-0.0035268,0.0035000),(-0.0103005,-0.0035932,0.0035000),(-0.0124274,-0.0033507,0.0035000),(-0.0103005,-0.0035932,0.0035000),(-0.0103925,-0.0036495,0.0035000),(-0.0124274,-0.0033507,0.0035000),(-0.0103925,-0.0036495,0.0035000),(-0.0104899,-0.0036954,0.0035000),(-0.0124274,-0.0033507,0.0035000),(-0.0104899,-0.0036954,0.0035000),(-0.0105927,-0.0037312,0.0035000),(-0.0124274,-0.0033507,0.0035000),(-0.0105927,-0.0037312,0.0035000),(-0.0107011,-0.0037568,0.0035000),(-0.0124274,-0.0033507,0.0035000),(-0.0107011,-0.0037568,0.0035000),(-0.0108149,-0.0037721,0.0035000),(-0.0124274,-0.0033507,0.0035000),(-0.0108149,-0.0037721,0.0035000),(-0.0109341,-0.0037772,0.0035000),(-0.0124274,-0.0033507,0.0035000),(-0.0109341,-0.0037772,0.0035000),(-0.0110198,-0.0037772,0.0035000),(-0.0110198,-0.0037772,0.0035000),(-0.0098440,-0.0053023,0.0035000),(-0.0097996,-0.0054345,0.0035000),(-0.0110198,-0.0037772,0.0035000),(-0.0097996,-0.0054345,0.0035000),(-0.0098210,-0.0055303,0.0035000),(-0.0110198,-0.0037772,0.0035000),(-0.0098210,-0.0055303,0.0035000),(-0.0098853,-0.0056039,0.0035000),(-0.0110198,-0.0037772,0.0035000),(-0.0098853,-0.0056039,0.0035000),(-0.0100176,-0.0056494,0.0035000),(-0.0110198,-0.0037772,0.0035000),(-0.0100176,-0.0056494,0.0035000),(-0.0101094,-0.0056288,0.0035000),(-0.0110198,-0.0037772,0.0035000),(-0.0101094,-0.0056288,0.0035000),(-0.0101816,-0.0055668,0.0035000),(-0.0110198,-0.0037772,0.0035000),(-0.0101816,-0.0055668,0.0035000),(-0.0115638,-0.0037772,0.0035000),(-0.0124274,-0.0033507,0.0035000),(-0.0110198,-0.0037772,0.0035000),(-0.0115638,-0.0037772,0.0035000),(-0.0124274,-0.0033507,0.0035000),(-0.0115638,-0.0037772,0.0035000),(-0.0124274,-0.0037772,0.0035000),(-0.0124274,-0.0033507,0.0035000),(-0.0124274,-0.0037772,0.0035000),(-0.0124274,-0.0019643,0.0035000),(-0.0085973,-0.0051657,0.0035000),(-0.0073612,-0.0051657,0.0035000),(-0.0072757,-0.0051808,0.0035000),(-0.0085973,-0.0051657,0.0035000),(-0.0072757,-0.0051808,0.0035000),(-0.0072098,-0.0052261,0.0035000),(-0.0085973,-0.0051657,0.0035000),(-0.0072098,-0.0052261,0.0035000),(-0.0071654,-0.0052943,0.0035000),(-0.0085973,-0.0051657,0.0035000),(-0.0071654,-0.0052943,0.0035000),(-0.0071506,-0.0053785,0.0035000),(-0.0085973,-0.0051657,0.0035000),(-0.0071506,-0.0053785,0.0035000),(-0.0071654,-0.0054618,0.0035000),(-0.0085973,-0.0051657,0.0035000),(-0.0071654,-0.0054618,0.0035000),(-0.0072098,-0.0055298,0.0035000),(-0.0085973,-0.0051657,0.0035000),(-0.0072098,-0.0055298,0.0035000),(-0.0072778,-0.0055750,0.0035000),(-0.0085973,-0.0051657,0.0035000),(-0.0072778,-0.0055750,0.0035000),(-0.0073612,-0.0055901,0.0035000),(-0.0085973,-0.0051657,0.0035000),(-0.0073612,-0.0055901,0.0035000),(-0.0090164,-0.0055901,0.0035000),(-0.0074257,-0.0035751,0.0035000),(-0.0085973,-0.0051657,0.0035000),(-0.0090164,-0.0055901,0.0035000),(-0.0074257,-0.0035751,0.0035000),(-0.0090164,-0.0055901,0.0035000),(-0.0090823,-0.0055785,0.0035000),(-0.0074257,-0.0035751,0.0035000),(-0.0090823,-0.0055785,0.0035000),(-0.0091508,-0.0055436,0.0035000),(-0.0074257,-0.0035751,0.0035000),(-0.0091508,-0.0055436,0.0035000),(-0.0092027,-0.0054877,0.0035000),(-0.0074257,-0.0035751,0.0035000),(-0.0092027,-0.0054877,0.0035000),(-0.0092291,-0.0054091,0.0035000),(-0.0074257,-0.0035751,0.0035000),(-0.0092291,-0.0054091,0.0035000),(-0.0092312,-0.0053742,0.0035000),(-0.0074257,-0.0035751,0.0035000),(-0.0092312,-0.0053742,0.0035000),(-0.0091847,-0.0052493,0.0035000),(-0.0074257,-0.0035751,0.0035000),(-0.0091847,-0.0052493,0.0035000),(-0.0077612,-0.0033158,0.0035000),(-0.0074257,-0.0035751,0.0035000),(-0.0077612,-0.0033158,0.0035000),(-0.0076793,-0.0031853,0.0035000),(-0.0074257,-0.0035751,0.0035000),(-0.0076793,-0.0031853,0.0035000),(-0.0076207,-0.0030417,0.0035000),(-0.0074257,-0.0035751,0.0035000),(-0.0076207,-0.0030417,0.0035000),(-0.0076002,-0.0029649,0.0035000),(-0.0074257,-0.0035751,0.0035000),(-0.0076002,-0.0029649,0.0035000),(-0.0075856,-0.0028848,0.0035000),(-0.0074257,-0.0035751,0.0035000),(-0.0075856,-0.0028848,0.0035000),(-0.0075768,-0.0028013,0.0035000),(-0.0074257,-0.0035751,0.0035000),(-0.0075768,-0.0028013,0.0035000),(-0.0075739,-0.0027146,0.0035000),(-0.0074257,-0.0035751,0.0035000),(-0.0075739,-0.0027146,0.0035000),(-0.0075773,-0.0026305,0.0035000),(-0.0074257,-0.0035751,0.0035000),(-0.0075773,-0.0026305,0.0035000),(-0.0075877,-0.0025497,0.0035000),(-0.0088026,-0.0027093,0.0035000),(-0.0088026,-0.0027146,0.0035000),(-0.0088185,-0.0027961,0.0035000),(-0.0087993,-0.0026224,0.0035000),(-0.0088026,-0.0027093,0.0035000),(-0.0088185,-0.0027961,0.0035000),(-0.0087993,-0.0026224,0.0035000),(-0.0088185,-0.0027961,0.0035000),(-0.0088661,-0.0028649,0.0035000),(-0.0087893,-0.0025400,0.0035000),(-0.0087993,-0.0026224,0.0035000),(-0.0088661,-0.0028649,0.0035000),(-0.0087727,-0.0024621,0.0035000),(-0.0087893,-0.0025400,0.0035000),(-0.0088661,-0.0028649,0.0035000),(-0.0087727,-0.0024621,0.0035000),(-0.0088661,-0.0028649,0.0035000),(-0.0089349,-0.0029117,0.0035000),(-0.0087494,-0.0023887,0.0035000),(-0.0087727,-0.0024621,0.0035000),(-0.0089349,-0.0029117,0.0035000),(-0.0087494,-0.0023887,0.0035000),(-0.0089349,-0.0029117,0.0035000),(-0.0090164,-0.0029274,0.0035000),(-0.0087494,-0.0023887,0.0035000),(-0.0090164,-0.0029274,0.0035000),(-0.0090979,-0.0029117,0.0035000),(-0.0086830,-0.0022553,0.0035000),(-0.0087494,-0.0023887,0.0035000),(-0.0090979,-0.0029117,0.0035000),(-0.0086830,-0.0022553,0.0035000),(-0.0090979,-0.0029117,0.0035000),(-0.0091667,-0.0028649,0.0035000),(-0.0086830,-0.0022553,0.0035000),(-0.0091667,-0.0028649,0.0035000),(-0.0092135,-0.0027961,0.0035000),(-0.0085899,-0.0021400,0.0035000),(-0.0086830,-0.0022553,0.0035000),(-0.0092135,-0.0027961,0.0035000),(-0.0085899,-0.0021400,0.0035000),(-0.0092135,-0.0027961,0.0035000),(-0.0092291,-0.0027146,0.0035000),(-0.0085899,-0.0021400,0.0035000),(-0.0092291,-0.0027146,0.0035000),(-0.0092291,-0.0027093,0.0035000),(-0.0085899,-0.0021400,0.0035000),(-0.0092291,-0.0027093,0.0035000),(-0.0092239,-0.0025784,0.0035000),(-0.0084990,-0.0020612,0.0035000),(-0.0085899,-0.0021400,0.0035000),(-0.0092239,-0.0025784,0.0035000),(-0.0084990,-0.0020612,0.0035000),(-0.0092239,-0.0025784,0.0035000),(-0.0092080,-0.0024538,0.0035000),(-0.0084020,-0.0020050,0.0035000),(-0.0084990,-0.0020612,0.0035000),(-0.0092080,-0.0024538,0.0035000),(-0.0084020,-0.0020050,0.0035000),(-0.0092080,-0.0024538,0.0035000),(-0.0091817,-0.0023355,0.0035000),(-0.0084020,-0.0020050,0.0035000),(-0.0091817,-0.0023355,0.0035000),(-0.0091447,-0.0022236,0.0035000),(-0.0082990,-0.0019713,0.0035000),(-0.0084020,-0.0020050,0.0035000),(-0.0091447,-0.0022236,0.0035000),(-0.0082990,-0.0019713,0.0035000),(-0.0091447,-0.0022236,0.0035000),(-0.0090973,-0.0021180,0.0035000),(-0.0082990,-0.0019713,0.0035000),(-0.0090973,-0.0021180,0.0035000),(-0.0090392,-0.0020188,0.0035000),(-0.0081898,-0.0019600,0.0035000),(-0.0082990,-0.0019713,0.0035000),(-0.0090392,-0.0020188,0.0035000),(-0.0081898,-0.0019600,0.0035000),(-0.0090392,-0.0020188,0.0035000),(-0.0089707,-0.0019259,0.0035000),(-0.0081898,-0.0019600,0.0035000),(-0.0089707,-0.0019259,0.0035000),(-0.0088915,-0.0018394,0.0035000),(-0.0080766,-0.0019709,0.0035000),(-0.0081898,-0.0019600,0.0035000),(-0.0088915,-0.0018394,0.0035000),(-0.0080766,-0.0019709,0.0035000),(-0.0088915,-0.0018394,0.0035000),(-0.0088141,-0.0017677,0.0035000),(-0.0080766,-0.0019709,0.0035000),(-0.0088141,-0.0017677,0.0035000),(-0.0087336,-0.0017056,0.0035000),(-0.0079729,-0.0020034,0.0035000),(-0.0080766,-0.0019709,0.0035000),(-0.0087336,-0.0017056,0.0035000),(-0.0079729,-0.0020034,0.0035000),(-0.0087336,-0.0017056,0.0035000),(-0.0086502,-0.0016530,0.0035000),(-0.0079729,-0.0020034,0.0035000),(-0.0086502,-0.0016530,0.0035000),(-0.0085637,-0.0016100,0.0035000),(-0.0078787,-0.0020577,0.0035000),(-0.0079729,-0.0020034,0.0035000),(-0.0085637,-0.0016100,0.0035000),(-0.0078787,-0.0020577,0.0035000),(-0.0085637,-0.0016100,0.0035000),(-0.0084742,-0.0015765,0.0035000),(-0.0078787,-0.0020577,0.0035000),(-0.0084742,-0.0015765,0.0035000),(-0.0083817,-0.0015526,0.0035000),(-0.0077940,-0.0021336,0.0035000),(-0.0078787,-0.0020577,0.0035000),(-0.0083817,-0.0015526,0.0035000),(-0.0077940,-0.0021336,0.0035000),(-0.0083817,-0.0015526,0.0035000),(-0.0082862,-0.0015383,0.0035000),(-0.0077424,-0.0021948,0.0035000),(-0.0077940,-0.0021336,0.0035000),(-0.0082862,-0.0015383,0.0035000),(-0.0077424,-0.0021948,0.0035000),(-0.0082862,-0.0015383,0.0035000),(-0.0081877,-0.0015335,0.0035000),(-0.0076977,-0.0022592,0.0035000),(-0.0077424,-0.0021948,0.0035000),(-0.0081877,-0.0015335,0.0035000),(-0.0076977,-0.0022592,0.0035000),(-0.0081877,-0.0015335,0.0035000),(-0.0080834,-0.0015384,0.0035000),(-0.0076977,-0.0022592,0.0035000),(-0.0080834,-0.0015384,0.0035000),(-0.0079835,-0.0015530,0.0035000),(-0.0076289,-0.0023979,0.0035000),(-0.0076977,-0.0022592,0.0035000),(-0.0079835,-0.0015530,0.0035000),(-0.0076289,-0.0023979,0.0035000),(-0.0079835,-0.0015530,0.0035000),(-0.0078881,-0.0015774,0.0035000),(-0.0076289,-0.0023979,0.0035000),(-0.0078881,-0.0015774,0.0035000),(-0.0077972,-0.0016116,0.0035000),(-0.0075877,-0.0025497,0.0035000),(-0.0076289,-0.0023979,0.0035000),(-0.0077972,-0.0016116,0.0035000),(-0.0075877,-0.0025497,0.0035000),(-0.0077972,-0.0016116,0.0035000),(-0.0077108,-0.0016555,0.0035000),(-0.0074257,-0.0035751,0.0035000),(-0.0075877,-0.0025497,0.0035000),(-0.0077108,-0.0016555,0.0035000),(-0.0074257,-0.0035751,0.0035000),(-0.0077108,-0.0016555,0.0035000),(-0.0076289,-0.0017091,0.0035000),(-0.0074257,-0.0035751,0.0035000),(-0.0076289,-0.0017091,0.0035000),(-0.0075515,-0.0017726,0.0035000),(-0.0074257,-0.0035751,0.0035000),(-0.0075515,-0.0017726,0.0035000),(-0.0074786,-0.0018457,0.0035000),(-0.0074257,-0.0035751,0.0035000),(-0.0074786,-0.0018457,0.0035000),(-0.0074018,-0.0019385,0.0035000),(-0.0074257,-0.0035751,0.0035000),(-0.0074018,-0.0019385,0.0035000),(-0.0073351,-0.0020359,0.0035000),(-0.0074257,-0.0035751,0.0035000),(-0.0073351,-0.0020359,0.0035000),(-0.0072787,-0.0021379,0.0035000),(-0.0074257,-0.0035751,0.0035000),(-0.0072787,-0.0021379,0.0035000),(-0.0072326,-0.0022445,0.0035000),(-0.0074257,-0.0035751,0.0035000),(-0.0072326,-0.0022445,0.0035000),(-0.0071967,-0.0023556,0.0035000),(-0.0074257,-0.0035751,0.0035000),(-0.0071967,-0.0023556,0.0035000),(-0.0071711,-0.0024714,0.0035000),(-0.0074257,-0.0035751,0.0035000),(-0.0071711,-0.0024714,0.0035000),(-0.0071557,-0.0025918,0.0035000),(-0.0074257,-0.0035751,0.0035000),(-0.0071557,-0.0025918,0.0035000),(-0.0071506,-0.0027167,0.0035000),(-0.0074257,-0.0035751,0.0035000),(-0.0071506,-0.0027167,0.0035000),(-0.0071549,-0.0028376,0.0035000),(-0.0074257,-0.0035751,0.0035000),(-0.0071549,-0.0028376,0.0035000),(-0.0071678,-0.0029545,0.0035000),(-0.0074257,-0.0035751,0.0035000),(-0.0071678,-0.0029545,0.0035000),(-0.0071893,-0.0030676,0.0035000),(-0.0074257,-0.0035751,0.0035000),(-0.0071893,-0.0030676,0.0035000),(-0.0072194,-0.0031769,0.0035000),(-0.0074257,-0.0035751,0.0035000),(-0.0072194,-0.0031769,0.0035000),(-0.0072581,-0.0032822,0.0035000),(-0.0074257,-0.0035751,0.0035000),(-0.0072581,-0.0032822,0.0035000),(-0.0073053,-0.0033837,0.0035000),(-0.0074257,-0.0035751,0.0035000),(-0.0073053,-0.0033837,0.0035000),(-0.0073612,-0.0034813,0.0035000),(-0.0100022,-0.0021762,0.0035000),(-0.0085880,-0.0050046,0.0035000),(-0.0114165,-0.0035904,0.0035000)));
#3593=COMPLEX_TRIANGULATED_SURFACE_SET('surface set',#3592,501,(),(),(),((1,2,3),(4,5,6),(7,8,9),(10,11,12),(13,14,15),(16,17,18),(19,20,21),(22,23,24),(25,26,27),(28,29,30),(31,32,33),(34,35,36),(37,38,39),(40,41,42),(43,44,45),(46,47,48),(49,50,51),(52,53,54),(55,56,57),(58,59,60),(61,62,63),(64,65,66),(67,68,69),(70,71,72),(73,74,75),(76,77,78),(79,80,81),(82,83,84),(85,86,87),(88,89,90),(91,92,93),(94,95,96),(97,98,99),(100,101,102),(103,104,105),(106,107,108),(109,110,111),(112,113,114),(115,116,117),(118,119,120),(121,122,123),(124,125,126),(127,128,129),(130,131,132),(133,134,135),(136,137,138),(139,140,141),(142,143,144),(145,146,147),(148,149,150),(151,152,153),(154,155,156),(157,158,159),(160,161,162),(163,164,165),(166,167,168),(169,170,171),(172,173,174),(175,176,177),(178,179,180),(181,182,183),(184,185,186),(187,188,189),(190,191,192),(193,194,195),(196,197,198),(199,200,201),(202,203,204),(205,206,207),(208,209,210),(211,212,213),(214,215,216),(217,218,219),(220,221,222),(223,224,225),(226,227,228),(229,230,231),(232,233,234),(235,236,237),(238,239,240),(241,242,243),(244,245,246),(247,248,249),(250,251,252),(253,254,255),(256,257,258),(259,260,261),(262,263,264),(265,266,267),(268,269,270),(271,272,273),(274,275,276),(277,278,279),(280,281,282),(283,284,285),(286,287,288),(289,290,291),(292,293,294),(295,296,297),(298,299,300),(301,302,303),(304,305,306),(307,308,309),(310,311,312),(313,314,315),(316,317,318),(319,320,321),(322,323,324),(325,326,327),(328,329,330),(331,332,333),(334,335,336),(337,338,339),(340,341,342),(343,344,345),(346,347,348),(349,350,351),(352,353,354),(355,356,357),(358,359,360),(361,362,363),(364,365,366),(367,368,369),(370,371,372),(373,374,375),(376,377,378),(379,380,381),(382,383,384),(385,386,387),(388,389,390),(391,392,393),(394,395,396),(397,398,399),(400,401,402),(403,404,405),(406,407,408),(409,410,411),(412,413,414),(415,416,417),(418,419,420),(421,422,423),(424,425,426),(427,428,429),(430,431,432),(433,434,435),(436,437,438),(439,440,441),(442,443,444),(445,446,447),(448,449,450),(451,452,453),(454,455,456),(457,458,459),(460,461,462),(463,464,465),(466,467,468),(469,470,471),(472,473,474),(475,476,477),(478,479,480),(481,482,483),(484,485,486),(487,488,489),(490,491,492),(493,494,495),(496,497,498),(499,500,501)));
#3594=TESSELLATED_GEOMETRIC_SET('radial dimension',(#3593));
#3595=COORDINATES_LIST('coordinates',2,((-0.0085880,-0.0050046,0.0035000),(-0.0100022,-0.0035904,0.0035000)));
#3596=TESSELLATED_CURVE_SET('curve set',#3595,((1,2)));
#3597=TESSELLATED_GEOMETRIC_SET('radial dimension',(#3596));
#3598=TESSELLATED_ANNOTATION_OCCURRENCE('radial dimension',(#3591),#3594);
#3599=TESSELLATED_ANNOTATION_OCCURRENCE('radial dimension',(#3591),#3597);
#3600=DRAUGHTING_CALLOUT('radial dimension',(#3598,#3599));
#3601=DRAUGHTING_MODEL_ITEM_ASSOCIATION('','',#3559,#3587,#3600);
#3602=DRAUGHTING_MODEL_ITEM_ASSOCIATION('','',#3561,#3587,#3600);
ENDSEC;
END-ISO-10303-21;
