ISO-10303-21;
HEADER;
/*Generated by software containing ST-Developer
 * from STEP Tools, Inc. (www.steptools.com) 
 */
/*OPTION: using custom renumber hook */
/*description */
/*implementation_level */
FILE_DESCRIPTION(('STEP AP242 Edition 2','STEP AP242 Edition 2''CAx-IF Rec.Pracs.---Representation and Presentation of Product Manufa
cturing Information (PMI)---4.0---2014-10-13','STEP AP242 Edition 2''CAx-IF Rec.Pracs.---Representation and Presentation of Product Manufa
cturing Information (PMI)---4.0---2014-10-13''CAx-IF Rec.Pracs.---3D Tessellated Geometry---0.4---2014-09-14','STEP AP242 Edition 2''CAx-IF Rec.Pracs.---Representation and Presentation of Product Manufa
cturing Information (PMI)---4.0---2014-10-13''CAx-IF Rec.Pracs.---3D Tessellated Geometry---0.4---2014-09-14''2;1','STEP AP242 Edition 2''CAx-IF Rec.Pracs.---Representation and Presentation of Product Manufa
cturing Information (PMI)---4.0---2014-10-13''CAx-IF Rec.Pracs.---3D Tessellated Geometry---0.4---2014-09-14''2;1''CAx-IF Rec.Pracs.---User Defined Attributes---1.5---2016-08-15'),'2;1');
/*name */
/*time_stamp */
/*author */
/*organization */
/*preprocessor_version */
/*originating_system */
/*authorisation */
FILE_NAME('/vol/tmp/translate-14890893489701359354/7+r-shift-gate.step','2026-07-08T16:40:59',(''),(''),'ST-DEVELOPER v20','ONSHAPE BY PTC INC, 1.217','  ');
FILE_SCHEMA(('AP242_MANAGED_MODEL_BASED_3D_ENGINEERING_MIM_LF { 1 0 10303 442 3 1 4 }'));
ENDSEC;
DATA;
#10=SHAPE_REPRESENTATION_RELATIONSHIP('','',#2319,#11);
#11=ADVANCED_BREP_SHAPE_REPRESENTATION('',(#2317),#3921);
#12=CONICAL_SURFACE('',#2479,0.002,0.785398163397448);
#13=CONICAL_SURFACE('',#2482,0.002,0.785398163397448);
#14=CONICAL_SURFACE('',#2483,0.007,0.785398163397449);
#15=CONICAL_SURFACE('',#2486,0.007,0.785398163397448);
#16=CONICAL_SURFACE('',#2487,0.007,0.785398163397449);
#17=CONICAL_SURFACE('',#2490,0.007,0.785398163397449);
#18=CONICAL_SURFACE('',#2491,0.007,0.785398163397448);
#19=CONICAL_SURFACE('',#2494,0.002,0.785398163397448);
#20=CONICAL_SURFACE('',#2495,0.007,0.785398163397448);
#21=CONICAL_SURFACE('',#2498,0.002,0.785398163397448);
#22=CONICAL_SURFACE('',#2499,0.002,0.785398163397448);
#23=CONICAL_SURFACE('',#2502,0.007,0.785398163397448);
#24=CONICAL_SURFACE('',#2503,0.002,0.785398163397448);
#25=CONICAL_SURFACE('',#2506,0.007,0.785398163397449);
#26=CONICAL_SURFACE('',#2507,0.007,0.785398163397448);
#27=CONICAL_SURFACE('',#2510,0.002,0.785398163397448);
#28=CONICAL_SURFACE('',#2511,0.007,0.785398163397448);
#29=CONICAL_SURFACE('',#2514,0.002,0.785398163397448);
#30=CONICAL_SURFACE('',#2515,0.002,0.785398163397448);
#31=CONICAL_SURFACE('',#2518,0.007,0.785398163397448);
#32=CONICAL_SURFACE('',#2519,0.002,0.785398163397448);
#33=CONICAL_SURFACE('',#2522,0.007,0.785398163397449);
#34=CONICAL_SURFACE('',#2523,0.007,0.785398163397448);
#35=CONICAL_SURFACE('',#2526,0.007,0.785398163397448);
#36=CONICAL_SURFACE('',#2527,0.007,0.785398163397448);
#37=CONICAL_SURFACE('',#2530,0.007,0.785398163397448);
#38=CONICAL_SURFACE('',#2531,0.002,0.785398163397448);
#39=CONICAL_SURFACE('',#2534,0.002,0.785398163397448);
#40=CIRCLE('',#2323,0.01);
#41=CIRCLE('',#2324,0.01);
#42=CIRCLE('',#2327,0.01);
#43=CIRCLE('',#2328,0.01);
#44=CIRCLE('',#2331,0.01);
#45=CIRCLE('',#2332,0.01);
#46=CIRCLE('',#2336,0.002);
#47=CIRCLE('',#2337,0.002);
#48=CIRCLE('',#2340,0.005);
#49=CIRCLE('',#2341,0.005);
#50=CIRCLE('',#2344,0.005);
#51=CIRCLE('',#2345,0.005);
#52=CIRCLE('',#2348,0.002);
#53=CIRCLE('',#2349,0.002);
#54=CIRCLE('',#2352,0.002);
#55=CIRCLE('',#2353,0.002);
#56=CIRCLE('',#2356,0.005);
#57=CIRCLE('',#2357,0.005);
#58=CIRCLE('',#2360,0.005);
#59=CIRCLE('',#2361,0.005);
#60=CIRCLE('',#2364,0.002);
#61=CIRCLE('',#2365,0.002);
#62=CIRCLE('',#2368,0.002);
#63=CIRCLE('',#2369,0.002);
#64=CIRCLE('',#2372,0.005);
#65=CIRCLE('',#2373,0.005);
#66=CIRCLE('',#2376,0.005);
#67=CIRCLE('',#2377,0.005);
#68=CIRCLE('',#2380,0.005);
#69=CIRCLE('',#2381,0.005);
#70=CIRCLE('',#2384,0.005);
#71=CIRCLE('',#2385,0.005);
#72=CIRCLE('',#2388,0.002);
#73=CIRCLE('',#2389,0.002);
#74=CIRCLE('',#2392,0.002);
#75=CIRCLE('',#2393,0.002);
#76=CIRCLE('',#2396,0.005);
#77=CIRCLE('',#2397,0.005);
#78=CIRCLE('',#2400,0.005);
#79=CIRCLE('',#2401,0.005);
#80=CIRCLE('',#2404,0.002);
#81=CIRCLE('',#2405,0.002);
#82=CIRCLE('',#2408,0.002);
#83=CIRCLE('',#2409,0.002);
#84=CIRCLE('',#2412,0.005);
#85=CIRCLE('',#2413,0.005);
#86=CIRCLE('',#2416,0.005);
#87=CIRCLE('',#2417,0.005);
#88=CIRCLE('',#2420,0.002);
#89=CIRCLE('',#2421,0.002);
#90=CIRCLE('',#2424,0.002);
#91=CIRCLE('',#2425,0.002);
#92=CIRCLE('',#2428,0.005);
#93=CIRCLE('',#2429,0.005);
#94=CIRCLE('',#2432,0.005);
#95=CIRCLE('',#2433,0.005);
#96=CIRCLE('',#2436,0.005);
#97=CIRCLE('',#2437,0.005);
#98=CIRCLE('',#2440,0.005);
#99=CIRCLE('',#2441,0.005);
#100=CIRCLE('',#2444,0.002);
#101=CIRCLE('',#2445,0.002);
#102=CIRCLE('',#2447,0.01);
#103=CIRCLE('',#2448,0.01);
#104=CIRCLE('',#2450,0.004125);
#105=CIRCLE('',#2451,0.004125);
#106=CIRCLE('',#2452,0.004125);
#107=CIRCLE('',#2453,0.004125);
#108=CIRCLE('',#2454,0.004125);
#109=CIRCLE('',#2455,0.004125);
#110=CIRCLE('',#2457,0.002);
#111=CIRCLE('',#2458,0.002);
#112=CIRCLE('',#2459,0.002);
#113=CIRCLE('',#2460,0.002);
#114=CIRCLE('',#2461,0.002);
#115=CIRCLE('',#2462,0.002);
#116=CIRCLE('',#2463,0.007);
#117=CIRCLE('',#2464,0.007);
#118=CIRCLE('',#2465,0.007);
#119=CIRCLE('',#2466,0.007);
#120=CIRCLE('',#2467,0.007);
#121=CIRCLE('',#2468,0.007);
#122=CIRCLE('',#2469,0.007);
#123=CIRCLE('',#2470,0.007);
#124=CIRCLE('',#2471,0.007);
#125=CIRCLE('',#2472,0.007);
#126=CIRCLE('',#2473,0.007);
#127=CIRCLE('',#2474,0.007);
#128=CIRCLE('',#2475,0.007);
#129=CIRCLE('',#2476,0.007);
#130=CIRCLE('',#2477,0.007);
#131=CIRCLE('',#2478,0.007);
#132=CIRCLE('',#2536,0.002);
#133=CIRCLE('',#2538,0.004125);
#134=CIRCLE('',#2541,0.002);
#135=CIRCLE('',#2543,0.004125);
#136=CIRCLE('',#2546,0.002);
#137=CIRCLE('',#2548,0.004125);
#138=CIRCLE('',#2551,0.002);
#139=CIRCLE('',#2553,0.004125);
#140=CIRCLE('',#2556,0.002);
#141=CIRCLE('',#2558,0.004125);
#142=CIRCLE('',#2561,0.002);
#143=CIRCLE('',#2563,0.004125);
#144=CYLINDRICAL_SURFACE('',#2322,0.01);
#145=CYLINDRICAL_SURFACE('',#2326,0.01);
#146=CYLINDRICAL_SURFACE('',#2330,0.01);
#147=CYLINDRICAL_SURFACE('',#2335,0.002);
#148=CYLINDRICAL_SURFACE('',#2339,0.005);
#149=CYLINDRICAL_SURFACE('',#2343,0.005);
#150=CYLINDRICAL_SURFACE('',#2347,0.002);
#151=CYLINDRICAL_SURFACE('',#2351,0.002);
#152=CYLINDRICAL_SURFACE('',#2355,0.005);
#153=CYLINDRICAL_SURFACE('',#2359,0.005);
#154=CYLINDRICAL_SURFACE('',#2363,0.002);
#155=CYLINDRICAL_SURFACE('',#2367,0.002);
#156=CYLINDRICAL_SURFACE('',#2371,0.005);
#157=CYLINDRICAL_SURFACE('',#2375,0.005);
#158=CYLINDRICAL_SURFACE('',#2379,0.005);
#159=CYLINDRICAL_SURFACE('',#2383,0.005);
#160=CYLINDRICAL_SURFACE('',#2387,0.002);
#161=CYLINDRICAL_SURFACE('',#2391,0.002);
#162=CYLINDRICAL_SURFACE('',#2395,0.005);
#163=CYLINDRICAL_SURFACE('',#2399,0.005);
#164=CYLINDRICAL_SURFACE('',#2403,0.002);
#165=CYLINDRICAL_SURFACE('',#2407,0.002);
#166=CYLINDRICAL_SURFACE('',#2411,0.005);
#167=CYLINDRICAL_SURFACE('',#2415,0.005);
#168=CYLINDRICAL_SURFACE('',#2419,0.002);
#169=CYLINDRICAL_SURFACE('',#2423,0.002);
#170=CYLINDRICAL_SURFACE('',#2427,0.005);
#171=CYLINDRICAL_SURFACE('',#2431,0.005);
#172=CYLINDRICAL_SURFACE('',#2435,0.005);
#173=CYLINDRICAL_SURFACE('',#2439,0.005);
#174=CYLINDRICAL_SURFACE('',#2443,0.002);
#175=CYLINDRICAL_SURFACE('',#2446,0.01);
#176=CYLINDRICAL_SURFACE('',#2535,0.002);
#177=CYLINDRICAL_SURFACE('',#2539,0.004125);
#178=CYLINDRICAL_SURFACE('',#2540,0.002);
#179=CYLINDRICAL_SURFACE('',#2544,0.004125);
#180=CYLINDRICAL_SURFACE('',#2545,0.002);
#181=CYLINDRICAL_SURFACE('',#2549,0.004125);
#182=CYLINDRICAL_SURFACE('',#2550,0.002);
#183=CYLINDRICAL_SURFACE('',#2554,0.004125);
#184=CYLINDRICAL_SURFACE('',#2555,0.002);
#185=CYLINDRICAL_SURFACE('',#2559,0.004125);
#186=CYLINDRICAL_SURFACE('',#2560,0.002);
#187=CYLINDRICAL_SURFACE('',#2564,0.004125);
#188=ORIENTED_EDGE('',*,*,#820,.F.);
#189=ORIENTED_EDGE('',*,*,#821,.F.);
#190=ORIENTED_EDGE('',*,*,#822,.T.);
#191=ORIENTED_EDGE('',*,*,#823,.T.);
#192=ORIENTED_EDGE('',*,*,#824,.T.);
#193=ORIENTED_EDGE('',*,*,#825,.F.);
#194=ORIENTED_EDGE('',*,*,#826,.F.);
#195=ORIENTED_EDGE('',*,*,#821,.T.);
#196=ORIENTED_EDGE('',*,*,#827,.F.);
#197=ORIENTED_EDGE('',*,*,#828,.F.);
#198=ORIENTED_EDGE('',*,*,#829,.T.);
#199=ORIENTED_EDGE('',*,*,#825,.T.);
#200=ORIENTED_EDGE('',*,*,#830,.T.);
#201=ORIENTED_EDGE('',*,*,#831,.F.);
#202=ORIENTED_EDGE('',*,*,#832,.F.);
#203=ORIENTED_EDGE('',*,*,#828,.T.);
#204=ORIENTED_EDGE('',*,*,#833,.T.);
#205=ORIENTED_EDGE('',*,*,#834,.F.);
#206=ORIENTED_EDGE('',*,*,#835,.F.);
#207=ORIENTED_EDGE('',*,*,#831,.T.);
#208=ORIENTED_EDGE('',*,*,#836,.T.);
#209=ORIENTED_EDGE('',*,*,#837,.F.);
#210=ORIENTED_EDGE('',*,*,#838,.F.);
#211=ORIENTED_EDGE('',*,*,#834,.T.);
#212=ORIENTED_EDGE('',*,*,#839,.T.);
#213=ORIENTED_EDGE('',*,*,#840,.F.);
#214=ORIENTED_EDGE('',*,*,#841,.F.);
#215=ORIENTED_EDGE('',*,*,#837,.T.);
#216=ORIENTED_EDGE('',*,*,#842,.T.);
#217=ORIENTED_EDGE('',*,*,#843,.T.);
#218=ORIENTED_EDGE('',*,*,#844,.F.);
#219=ORIENTED_EDGE('',*,*,#845,.T.);
#220=ORIENTED_EDGE('',*,*,#844,.T.);
#221=ORIENTED_EDGE('',*,*,#846,.T.);
#222=ORIENTED_EDGE('',*,*,#847,.F.);
#223=ORIENTED_EDGE('',*,*,#848,.F.);
#224=ORIENTED_EDGE('',*,*,#847,.T.);
#225=ORIENTED_EDGE('',*,*,#849,.T.);
#226=ORIENTED_EDGE('',*,*,#850,.F.);
#227=ORIENTED_EDGE('',*,*,#851,.T.);
#228=ORIENTED_EDGE('',*,*,#850,.T.);
#229=ORIENTED_EDGE('',*,*,#852,.T.);
#230=ORIENTED_EDGE('',*,*,#853,.F.);
#231=ORIENTED_EDGE('',*,*,#854,.T.);
#232=ORIENTED_EDGE('',*,*,#853,.T.);
#233=ORIENTED_EDGE('',*,*,#855,.T.);
#234=ORIENTED_EDGE('',*,*,#856,.F.);
#235=ORIENTED_EDGE('',*,*,#857,.T.);
#236=ORIENTED_EDGE('',*,*,#856,.T.);
#237=ORIENTED_EDGE('',*,*,#858,.T.);
#238=ORIENTED_EDGE('',*,*,#859,.F.);
#239=ORIENTED_EDGE('',*,*,#860,.T.);
#240=ORIENTED_EDGE('',*,*,#859,.T.);
#241=ORIENTED_EDGE('',*,*,#861,.T.);
#242=ORIENTED_EDGE('',*,*,#862,.F.);
#243=ORIENTED_EDGE('',*,*,#863,.F.);
#244=ORIENTED_EDGE('',*,*,#862,.T.);
#245=ORIENTED_EDGE('',*,*,#864,.T.);
#246=ORIENTED_EDGE('',*,*,#865,.F.);
#247=ORIENTED_EDGE('',*,*,#866,.F.);
#248=ORIENTED_EDGE('',*,*,#865,.T.);
#249=ORIENTED_EDGE('',*,*,#867,.T.);
#250=ORIENTED_EDGE('',*,*,#868,.F.);
#251=ORIENTED_EDGE('',*,*,#869,.F.);
#252=ORIENTED_EDGE('',*,*,#868,.T.);
#253=ORIENTED_EDGE('',*,*,#870,.T.);
#254=ORIENTED_EDGE('',*,*,#871,.F.);
#255=ORIENTED_EDGE('',*,*,#872,.F.);
#256=ORIENTED_EDGE('',*,*,#871,.T.);
#257=ORIENTED_EDGE('',*,*,#873,.T.);
#258=ORIENTED_EDGE('',*,*,#874,.F.);
#259=ORIENTED_EDGE('',*,*,#875,.T.);
#260=ORIENTED_EDGE('',*,*,#874,.T.);
#261=ORIENTED_EDGE('',*,*,#876,.T.);
#262=ORIENTED_EDGE('',*,*,#877,.F.);
#263=ORIENTED_EDGE('',*,*,#878,.T.);
#264=ORIENTED_EDGE('',*,*,#877,.T.);
#265=ORIENTED_EDGE('',*,*,#879,.T.);
#266=ORIENTED_EDGE('',*,*,#880,.F.);
#267=ORIENTED_EDGE('',*,*,#881,.T.);
#268=ORIENTED_EDGE('',*,*,#880,.T.);
#269=ORIENTED_EDGE('',*,*,#882,.T.);
#270=ORIENTED_EDGE('',*,*,#883,.F.);
#271=ORIENTED_EDGE('',*,*,#884,.T.);
#272=ORIENTED_EDGE('',*,*,#883,.T.);
#273=ORIENTED_EDGE('',*,*,#885,.T.);
#274=ORIENTED_EDGE('',*,*,#886,.F.);
#275=ORIENTED_EDGE('',*,*,#887,.F.);
#276=ORIENTED_EDGE('',*,*,#886,.T.);
#277=ORIENTED_EDGE('',*,*,#888,.T.);
#278=ORIENTED_EDGE('',*,*,#889,.F.);
#279=ORIENTED_EDGE('',*,*,#890,.F.);
#280=ORIENTED_EDGE('',*,*,#889,.T.);
#281=ORIENTED_EDGE('',*,*,#891,.T.);
#282=ORIENTED_EDGE('',*,*,#892,.F.);
#283=ORIENTED_EDGE('',*,*,#893,.F.);
#284=ORIENTED_EDGE('',*,*,#892,.T.);
#285=ORIENTED_EDGE('',*,*,#894,.T.);
#286=ORIENTED_EDGE('',*,*,#895,.F.);
#287=ORIENTED_EDGE('',*,*,#896,.F.);
#288=ORIENTED_EDGE('',*,*,#895,.T.);
#289=ORIENTED_EDGE('',*,*,#897,.T.);
#290=ORIENTED_EDGE('',*,*,#898,.F.);
#291=ORIENTED_EDGE('',*,*,#899,.T.);
#292=ORIENTED_EDGE('',*,*,#898,.T.);
#293=ORIENTED_EDGE('',*,*,#900,.T.);
#294=ORIENTED_EDGE('',*,*,#901,.F.);
#295=ORIENTED_EDGE('',*,*,#902,.T.);
#296=ORIENTED_EDGE('',*,*,#901,.T.);
#297=ORIENTED_EDGE('',*,*,#903,.T.);
#298=ORIENTED_EDGE('',*,*,#904,.F.);
#299=ORIENTED_EDGE('',*,*,#905,.T.);
#300=ORIENTED_EDGE('',*,*,#904,.T.);
#301=ORIENTED_EDGE('',*,*,#906,.T.);
#302=ORIENTED_EDGE('',*,*,#907,.F.);
#303=ORIENTED_EDGE('',*,*,#908,.T.);
#304=ORIENTED_EDGE('',*,*,#907,.T.);
#305=ORIENTED_EDGE('',*,*,#909,.T.);
#306=ORIENTED_EDGE('',*,*,#910,.F.);
#307=ORIENTED_EDGE('',*,*,#911,.F.);
#308=ORIENTED_EDGE('',*,*,#910,.T.);
#309=ORIENTED_EDGE('',*,*,#912,.T.);
#310=ORIENTED_EDGE('',*,*,#913,.F.);
#311=ORIENTED_EDGE('',*,*,#914,.T.);
#312=ORIENTED_EDGE('',*,*,#913,.T.);
#313=ORIENTED_EDGE('',*,*,#915,.T.);
#314=ORIENTED_EDGE('',*,*,#916,.F.);
#315=ORIENTED_EDGE('',*,*,#917,.F.);
#316=ORIENTED_EDGE('',*,*,#916,.T.);
#317=ORIENTED_EDGE('',*,*,#918,.T.);
#318=ORIENTED_EDGE('',*,*,#919,.F.);
#319=ORIENTED_EDGE('',*,*,#920,.T.);
#320=ORIENTED_EDGE('',*,*,#919,.T.);
#321=ORIENTED_EDGE('',*,*,#921,.T.);
#322=ORIENTED_EDGE('',*,*,#922,.F.);
#323=ORIENTED_EDGE('',*,*,#923,.F.);
#324=ORIENTED_EDGE('',*,*,#922,.T.);
#325=ORIENTED_EDGE('',*,*,#924,.T.);
#326=ORIENTED_EDGE('',*,*,#925,.F.);
#327=ORIENTED_EDGE('',*,*,#926,.F.);
#328=ORIENTED_EDGE('',*,*,#925,.T.);
#329=ORIENTED_EDGE('',*,*,#927,.T.);
#330=ORIENTED_EDGE('',*,*,#928,.F.);
#331=ORIENTED_EDGE('',*,*,#929,.T.);
#332=ORIENTED_EDGE('',*,*,#928,.T.);
#333=ORIENTED_EDGE('',*,*,#930,.T.);
#334=ORIENTED_EDGE('',*,*,#931,.F.);
#335=ORIENTED_EDGE('',*,*,#932,.F.);
#336=ORIENTED_EDGE('',*,*,#931,.T.);
#337=ORIENTED_EDGE('',*,*,#933,.T.);
#338=ORIENTED_EDGE('',*,*,#934,.F.);
#339=ORIENTED_EDGE('',*,*,#935,.T.);
#340=ORIENTED_EDGE('',*,*,#934,.T.);
#341=ORIENTED_EDGE('',*,*,#936,.T.);
#342=ORIENTED_EDGE('',*,*,#937,.F.);
#343=ORIENTED_EDGE('',*,*,#938,.T.);
#344=ORIENTED_EDGE('',*,*,#937,.T.);
#345=ORIENTED_EDGE('',*,*,#939,.T.);
#346=ORIENTED_EDGE('',*,*,#940,.F.);
#347=ORIENTED_EDGE('',*,*,#941,.F.);
#348=ORIENTED_EDGE('',*,*,#940,.T.);
#349=ORIENTED_EDGE('',*,*,#942,.T.);
#350=ORIENTED_EDGE('',*,*,#943,.F.);
#351=ORIENTED_EDGE('',*,*,#944,.T.);
#352=ORIENTED_EDGE('',*,*,#943,.T.);
#353=ORIENTED_EDGE('',*,*,#945,.T.);
#354=ORIENTED_EDGE('',*,*,#946,.F.);
#355=ORIENTED_EDGE('',*,*,#947,.F.);
#356=ORIENTED_EDGE('',*,*,#946,.T.);
#357=ORIENTED_EDGE('',*,*,#948,.T.);
#358=ORIENTED_EDGE('',*,*,#949,.F.);
#359=ORIENTED_EDGE('',*,*,#950,.F.);
#360=ORIENTED_EDGE('',*,*,#949,.T.);
#361=ORIENTED_EDGE('',*,*,#951,.T.);
#362=ORIENTED_EDGE('',*,*,#952,.F.);
#363=ORIENTED_EDGE('',*,*,#953,.F.);
#364=ORIENTED_EDGE('',*,*,#952,.T.);
#365=ORIENTED_EDGE('',*,*,#954,.T.);
#366=ORIENTED_EDGE('',*,*,#955,.F.);
#367=ORIENTED_EDGE('',*,*,#956,.F.);
#368=ORIENTED_EDGE('',*,*,#955,.T.);
#369=ORIENTED_EDGE('',*,*,#957,.T.);
#370=ORIENTED_EDGE('',*,*,#958,.F.);
#371=ORIENTED_EDGE('',*,*,#959,.T.);
#372=ORIENTED_EDGE('',*,*,#958,.T.);
#373=ORIENTED_EDGE('',*,*,#960,.T.);
#374=ORIENTED_EDGE('',*,*,#961,.F.);
#375=ORIENTED_EDGE('',*,*,#962,.T.);
#376=ORIENTED_EDGE('',*,*,#961,.T.);
#377=ORIENTED_EDGE('',*,*,#963,.T.);
#378=ORIENTED_EDGE('',*,*,#964,.F.);
#379=ORIENTED_EDGE('',*,*,#965,.F.);
#380=ORIENTED_EDGE('',*,*,#964,.T.);
#381=ORIENTED_EDGE('',*,*,#966,.T.);
#382=ORIENTED_EDGE('',*,*,#967,.F.);
#383=ORIENTED_EDGE('',*,*,#968,.T.);
#384=ORIENTED_EDGE('',*,*,#967,.T.);
#385=ORIENTED_EDGE('',*,*,#969,.T.);
#386=ORIENTED_EDGE('',*,*,#970,.F.);
#387=ORIENTED_EDGE('',*,*,#971,.F.);
#388=ORIENTED_EDGE('',*,*,#970,.T.);
#389=ORIENTED_EDGE('',*,*,#972,.T.);
#390=ORIENTED_EDGE('',*,*,#973,.F.);
#391=ORIENTED_EDGE('',*,*,#974,.F.);
#392=ORIENTED_EDGE('',*,*,#973,.T.);
#393=ORIENTED_EDGE('',*,*,#975,.T.);
#394=ORIENTED_EDGE('',*,*,#976,.F.);
#395=ORIENTED_EDGE('',*,*,#977,.F.);
#396=ORIENTED_EDGE('',*,*,#976,.T.);
#397=ORIENTED_EDGE('',*,*,#978,.T.);
#398=ORIENTED_EDGE('',*,*,#979,.F.);
#399=ORIENTED_EDGE('',*,*,#980,.F.);
#400=ORIENTED_EDGE('',*,*,#979,.T.);
#401=ORIENTED_EDGE('',*,*,#981,.T.);
#402=ORIENTED_EDGE('',*,*,#982,.F.);
#403=ORIENTED_EDGE('',*,*,#983,.T.);
#404=ORIENTED_EDGE('',*,*,#982,.T.);
#405=ORIENTED_EDGE('',*,*,#984,.T.);
#406=ORIENTED_EDGE('',*,*,#985,.F.);
#407=ORIENTED_EDGE('',*,*,#986,.T.);
#408=ORIENTED_EDGE('',*,*,#985,.T.);
#409=ORIENTED_EDGE('',*,*,#987,.T.);
#410=ORIENTED_EDGE('',*,*,#988,.F.);
#411=ORIENTED_EDGE('',*,*,#989,.F.);
#412=ORIENTED_EDGE('',*,*,#988,.T.);
#413=ORIENTED_EDGE('',*,*,#990,.T.);
#414=ORIENTED_EDGE('',*,*,#991,.F.);
#415=ORIENTED_EDGE('',*,*,#992,.T.);
#416=ORIENTED_EDGE('',*,*,#991,.T.);
#417=ORIENTED_EDGE('',*,*,#993,.T.);
#418=ORIENTED_EDGE('',*,*,#994,.F.);
#419=ORIENTED_EDGE('',*,*,#995,.F.);
#420=ORIENTED_EDGE('',*,*,#994,.T.);
#421=ORIENTED_EDGE('',*,*,#996,.T.);
#422=ORIENTED_EDGE('',*,*,#997,.F.);
#423=ORIENTED_EDGE('',*,*,#998,.T.);
#424=ORIENTED_EDGE('',*,*,#997,.T.);
#425=ORIENTED_EDGE('',*,*,#999,.T.);
#426=ORIENTED_EDGE('',*,*,#1000,.F.);
#427=ORIENTED_EDGE('',*,*,#1001,.T.);
#428=ORIENTED_EDGE('',*,*,#1000,.T.);
#429=ORIENTED_EDGE('',*,*,#1002,.T.);
#430=ORIENTED_EDGE('',*,*,#1003,.F.);
#431=ORIENTED_EDGE('',*,*,#1004,.T.);
#432=ORIENTED_EDGE('',*,*,#1003,.T.);
#433=ORIENTED_EDGE('',*,*,#1005,.T.);
#434=ORIENTED_EDGE('',*,*,#1006,.F.);
#435=ORIENTED_EDGE('',*,*,#1007,.T.);
#436=ORIENTED_EDGE('',*,*,#1006,.T.);
#437=ORIENTED_EDGE('',*,*,#1008,.T.);
#438=ORIENTED_EDGE('',*,*,#842,.F.);
#439=ORIENTED_EDGE('',*,*,#1009,.F.);
#440=ORIENTED_EDGE('',*,*,#1010,.T.);
#441=ORIENTED_EDGE('',*,*,#823,.F.);
#442=ORIENTED_EDGE('',*,*,#1011,.F.);
#443=ORIENTED_EDGE('',*,*,#840,.T.);
#444=ORIENTED_EDGE('',*,*,#1012,.T.);
#445=ORIENTED_EDGE('',*,*,#1013,.T.);
#446=ORIENTED_EDGE('',*,*,#1014,.T.);
#447=ORIENTED_EDGE('',*,*,#1015,.T.);
#448=ORIENTED_EDGE('',*,*,#1016,.T.);
#449=ORIENTED_EDGE('',*,*,#1017,.T.);
#450=ORIENTED_EDGE('',*,*,#845,.F.);
#451=ORIENTED_EDGE('',*,*,#848,.T.);
#452=ORIENTED_EDGE('',*,*,#851,.F.);
#453=ORIENTED_EDGE('',*,*,#854,.F.);
#454=ORIENTED_EDGE('',*,*,#857,.F.);
#455=ORIENTED_EDGE('',*,*,#860,.F.);
#456=ORIENTED_EDGE('',*,*,#863,.T.);
#457=ORIENTED_EDGE('',*,*,#866,.T.);
#458=ORIENTED_EDGE('',*,*,#869,.T.);
#459=ORIENTED_EDGE('',*,*,#872,.T.);
#460=ORIENTED_EDGE('',*,*,#875,.F.);
#461=ORIENTED_EDGE('',*,*,#878,.F.);
#462=ORIENTED_EDGE('',*,*,#881,.F.);
#463=ORIENTED_EDGE('',*,*,#884,.F.);
#464=ORIENTED_EDGE('',*,*,#887,.T.);
#465=ORIENTED_EDGE('',*,*,#890,.T.);
#466=ORIENTED_EDGE('',*,*,#893,.T.);
#467=ORIENTED_EDGE('',*,*,#896,.T.);
#468=ORIENTED_EDGE('',*,*,#899,.F.);
#469=ORIENTED_EDGE('',*,*,#902,.F.);
#470=ORIENTED_EDGE('',*,*,#905,.F.);
#471=ORIENTED_EDGE('',*,*,#908,.F.);
#472=ORIENTED_EDGE('',*,*,#911,.T.);
#473=ORIENTED_EDGE('',*,*,#914,.F.);
#474=ORIENTED_EDGE('',*,*,#917,.T.);
#475=ORIENTED_EDGE('',*,*,#920,.F.);
#476=ORIENTED_EDGE('',*,*,#923,.T.);
#477=ORIENTED_EDGE('',*,*,#926,.T.);
#478=ORIENTED_EDGE('',*,*,#929,.F.);
#479=ORIENTED_EDGE('',*,*,#932,.T.);
#480=ORIENTED_EDGE('',*,*,#935,.F.);
#481=ORIENTED_EDGE('',*,*,#938,.F.);
#482=ORIENTED_EDGE('',*,*,#941,.T.);
#483=ORIENTED_EDGE('',*,*,#944,.F.);
#484=ORIENTED_EDGE('',*,*,#947,.T.);
#485=ORIENTED_EDGE('',*,*,#950,.T.);
#486=ORIENTED_EDGE('',*,*,#953,.T.);
#487=ORIENTED_EDGE('',*,*,#956,.T.);
#488=ORIENTED_EDGE('',*,*,#959,.F.);
#489=ORIENTED_EDGE('',*,*,#962,.F.);
#490=ORIENTED_EDGE('',*,*,#965,.T.);
#491=ORIENTED_EDGE('',*,*,#968,.F.);
#492=ORIENTED_EDGE('',*,*,#971,.T.);
#493=ORIENTED_EDGE('',*,*,#974,.T.);
#494=ORIENTED_EDGE('',*,*,#977,.T.);
#495=ORIENTED_EDGE('',*,*,#980,.T.);
#496=ORIENTED_EDGE('',*,*,#983,.F.);
#497=ORIENTED_EDGE('',*,*,#986,.F.);
#498=ORIENTED_EDGE('',*,*,#989,.T.);
#499=ORIENTED_EDGE('',*,*,#992,.F.);
#500=ORIENTED_EDGE('',*,*,#995,.T.);
#501=ORIENTED_EDGE('',*,*,#998,.F.);
#502=ORIENTED_EDGE('',*,*,#1001,.F.);
#503=ORIENTED_EDGE('',*,*,#1004,.F.);
#504=ORIENTED_EDGE('',*,*,#1007,.F.);
#505=ORIENTED_EDGE('',*,*,#1009,.T.);
#506=ORIENTED_EDGE('',*,*,#822,.F.);
#507=ORIENTED_EDGE('',*,*,#826,.T.);
#508=ORIENTED_EDGE('',*,*,#829,.F.);
#509=ORIENTED_EDGE('',*,*,#832,.T.);
#510=ORIENTED_EDGE('',*,*,#835,.T.);
#511=ORIENTED_EDGE('',*,*,#838,.T.);
#512=ORIENTED_EDGE('',*,*,#841,.T.);
#513=ORIENTED_EDGE('',*,*,#1011,.T.);
#514=ORIENTED_EDGE('',*,*,#1018,.F.);
#515=ORIENTED_EDGE('',*,*,#1019,.F.);
#516=ORIENTED_EDGE('',*,*,#1020,.F.);
#517=ORIENTED_EDGE('',*,*,#1021,.F.);
#518=ORIENTED_EDGE('',*,*,#1022,.F.);
#519=ORIENTED_EDGE('',*,*,#1023,.F.);
#520=ORIENTED_EDGE('',*,*,#1024,.T.);
#521=ORIENTED_EDGE('',*,*,#1025,.T.);
#522=ORIENTED_EDGE('',*,*,#1026,.T.);
#523=ORIENTED_EDGE('',*,*,#1027,.T.);
#524=ORIENTED_EDGE('',*,*,#1028,.T.);
#525=ORIENTED_EDGE('',*,*,#1029,.T.);
#526=ORIENTED_EDGE('',*,*,#1030,.T.);
#527=ORIENTED_EDGE('',*,*,#1031,.T.);
#528=ORIENTED_EDGE('',*,*,#1032,.T.);
#529=ORIENTED_EDGE('',*,*,#1033,.T.);
#530=ORIENTED_EDGE('',*,*,#1034,.T.);
#531=ORIENTED_EDGE('',*,*,#1035,.T.);
#532=ORIENTED_EDGE('',*,*,#1036,.T.);
#533=ORIENTED_EDGE('',*,*,#1037,.T.);
#534=ORIENTED_EDGE('',*,*,#1038,.T.);
#535=ORIENTED_EDGE('',*,*,#1039,.T.);
#536=ORIENTED_EDGE('',*,*,#1040,.T.);
#537=ORIENTED_EDGE('',*,*,#1041,.T.);
#538=ORIENTED_EDGE('',*,*,#1042,.T.);
#539=ORIENTED_EDGE('',*,*,#1043,.T.);
#540=ORIENTED_EDGE('',*,*,#1044,.T.);
#541=ORIENTED_EDGE('',*,*,#1045,.T.);
#542=ORIENTED_EDGE('',*,*,#1046,.T.);
#543=ORIENTED_EDGE('',*,*,#1047,.T.);
#544=ORIENTED_EDGE('',*,*,#1048,.T.);
#545=ORIENTED_EDGE('',*,*,#1049,.T.);
#546=ORIENTED_EDGE('',*,*,#1050,.T.);
#547=ORIENTED_EDGE('',*,*,#1051,.T.);
#548=ORIENTED_EDGE('',*,*,#1052,.T.);
#549=ORIENTED_EDGE('',*,*,#1053,.T.);
#550=ORIENTED_EDGE('',*,*,#1054,.T.);
#551=ORIENTED_EDGE('',*,*,#1055,.T.);
#552=ORIENTED_EDGE('',*,*,#1056,.T.);
#553=ORIENTED_EDGE('',*,*,#1057,.T.);
#554=ORIENTED_EDGE('',*,*,#1058,.T.);
#555=ORIENTED_EDGE('',*,*,#1059,.T.);
#556=ORIENTED_EDGE('',*,*,#1060,.T.);
#557=ORIENTED_EDGE('',*,*,#1061,.T.);
#558=ORIENTED_EDGE('',*,*,#1062,.T.);
#559=ORIENTED_EDGE('',*,*,#1063,.T.);
#560=ORIENTED_EDGE('',*,*,#1064,.T.);
#561=ORIENTED_EDGE('',*,*,#1065,.T.);
#562=ORIENTED_EDGE('',*,*,#1066,.T.);
#563=ORIENTED_EDGE('',*,*,#1067,.T.);
#564=ORIENTED_EDGE('',*,*,#820,.T.);
#565=ORIENTED_EDGE('',*,*,#1010,.F.);
#566=ORIENTED_EDGE('',*,*,#839,.F.);
#567=ORIENTED_EDGE('',*,*,#836,.F.);
#568=ORIENTED_EDGE('',*,*,#833,.F.);
#569=ORIENTED_EDGE('',*,*,#830,.F.);
#570=ORIENTED_EDGE('',*,*,#827,.T.);
#571=ORIENTED_EDGE('',*,*,#824,.F.);
#572=ORIENTED_EDGE('',*,*,#1068,.F.);
#573=ORIENTED_EDGE('',*,*,#1069,.F.);
#574=ORIENTED_EDGE('',*,*,#1008,.F.);
#575=ORIENTED_EDGE('',*,*,#1069,.T.);
#576=ORIENTED_EDGE('',*,*,#1046,.F.);
#577=ORIENTED_EDGE('',*,*,#1070,.F.);
#578=ORIENTED_EDGE('',*,*,#843,.F.);
#579=ORIENTED_EDGE('',*,*,#1068,.T.);
#580=ORIENTED_EDGE('',*,*,#1005,.F.);
#581=ORIENTED_EDGE('',*,*,#1071,.F.);
#582=ORIENTED_EDGE('',*,*,#1047,.F.);
#583=ORIENTED_EDGE('',*,*,#846,.F.);
#584=ORIENTED_EDGE('',*,*,#1070,.T.);
#585=ORIENTED_EDGE('',*,*,#1072,.F.);
#586=ORIENTED_EDGE('',*,*,#1071,.T.);
#587=ORIENTED_EDGE('',*,*,#1002,.F.);
#588=ORIENTED_EDGE('',*,*,#1073,.F.);
#589=ORIENTED_EDGE('',*,*,#1048,.F.);
#590=ORIENTED_EDGE('',*,*,#1072,.T.);
#591=ORIENTED_EDGE('',*,*,#1045,.F.);
#592=ORIENTED_EDGE('',*,*,#1074,.F.);
#593=ORIENTED_EDGE('',*,*,#849,.F.);
#594=ORIENTED_EDGE('',*,*,#1073,.T.);
#595=ORIENTED_EDGE('',*,*,#999,.F.);
#596=ORIENTED_EDGE('',*,*,#1075,.F.);
#597=ORIENTED_EDGE('',*,*,#1049,.F.);
#598=ORIENTED_EDGE('',*,*,#1074,.T.);
#599=ORIENTED_EDGE('',*,*,#1044,.F.);
#600=ORIENTED_EDGE('',*,*,#1076,.F.);
#601=ORIENTED_EDGE('',*,*,#852,.F.);
#602=ORIENTED_EDGE('',*,*,#1075,.T.);
#603=ORIENTED_EDGE('',*,*,#996,.F.);
#604=ORIENTED_EDGE('',*,*,#1077,.F.);
#605=ORIENTED_EDGE('',*,*,#1050,.F.);
#606=ORIENTED_EDGE('',*,*,#1076,.T.);
#607=ORIENTED_EDGE('',*,*,#1043,.F.);
#608=ORIENTED_EDGE('',*,*,#1078,.F.);
#609=ORIENTED_EDGE('',*,*,#855,.F.);
#610=ORIENTED_EDGE('',*,*,#1077,.T.);
#611=ORIENTED_EDGE('',*,*,#993,.F.);
#612=ORIENTED_EDGE('',*,*,#1079,.F.);
#613=ORIENTED_EDGE('',*,*,#1051,.F.);
#614=ORIENTED_EDGE('',*,*,#1078,.T.);
#615=ORIENTED_EDGE('',*,*,#1042,.F.);
#616=ORIENTED_EDGE('',*,*,#1080,.F.);
#617=ORIENTED_EDGE('',*,*,#858,.F.);
#618=ORIENTED_EDGE('',*,*,#1079,.T.);
#619=ORIENTED_EDGE('',*,*,#990,.F.);
#620=ORIENTED_EDGE('',*,*,#1081,.F.);
#621=ORIENTED_EDGE('',*,*,#1052,.F.);
#622=ORIENTED_EDGE('',*,*,#1080,.T.);
#623=ORIENTED_EDGE('',*,*,#1041,.F.);
#624=ORIENTED_EDGE('',*,*,#1082,.F.);
#625=ORIENTED_EDGE('',*,*,#861,.F.);
#626=ORIENTED_EDGE('',*,*,#1081,.T.);
#627=ORIENTED_EDGE('',*,*,#987,.F.);
#628=ORIENTED_EDGE('',*,*,#1083,.F.);
#629=ORIENTED_EDGE('',*,*,#1053,.F.);
#630=ORIENTED_EDGE('',*,*,#864,.F.);
#631=ORIENTED_EDGE('',*,*,#1082,.T.);
#632=ORIENTED_EDGE('',*,*,#1084,.F.);
#633=ORIENTED_EDGE('',*,*,#1083,.T.);
#634=ORIENTED_EDGE('',*,*,#984,.F.);
#635=ORIENTED_EDGE('',*,*,#1085,.F.);
#636=ORIENTED_EDGE('',*,*,#1054,.F.);
#637=ORIENTED_EDGE('',*,*,#1084,.T.);
#638=ORIENTED_EDGE('',*,*,#1040,.F.);
#639=ORIENTED_EDGE('',*,*,#1086,.F.);
#640=ORIENTED_EDGE('',*,*,#867,.F.);
#641=ORIENTED_EDGE('',*,*,#1085,.T.);
#642=ORIENTED_EDGE('',*,*,#981,.F.);
#643=ORIENTED_EDGE('',*,*,#1087,.F.);
#644=ORIENTED_EDGE('',*,*,#1055,.F.);
#645=ORIENTED_EDGE('',*,*,#870,.F.);
#646=ORIENTED_EDGE('',*,*,#1086,.T.);
#647=ORIENTED_EDGE('',*,*,#1088,.F.);
#648=ORIENTED_EDGE('',*,*,#1087,.T.);
#649=ORIENTED_EDGE('',*,*,#978,.F.);
#650=ORIENTED_EDGE('',*,*,#1089,.F.);
#651=ORIENTED_EDGE('',*,*,#1088,.T.);
#652=ORIENTED_EDGE('',*,*,#1039,.F.);
#653=ORIENTED_EDGE('',*,*,#1090,.F.);
#654=ORIENTED_EDGE('',*,*,#873,.F.);
#655=ORIENTED_EDGE('',*,*,#1089,.T.);
#656=ORIENTED_EDGE('',*,*,#975,.F.);
#657=ORIENTED_EDGE('',*,*,#1091,.F.);
#658=ORIENTED_EDGE('',*,*,#1056,.F.);
#659=ORIENTED_EDGE('',*,*,#1090,.T.);
#660=ORIENTED_EDGE('',*,*,#1038,.F.);
#661=ORIENTED_EDGE('',*,*,#1092,.F.);
#662=ORIENTED_EDGE('',*,*,#876,.F.);
#663=ORIENTED_EDGE('',*,*,#1091,.T.);
#664=ORIENTED_EDGE('',*,*,#972,.F.);
#665=ORIENTED_EDGE('',*,*,#1093,.F.);
#666=ORIENTED_EDGE('',*,*,#1092,.T.);
#667=ORIENTED_EDGE('',*,*,#1037,.F.);
#668=ORIENTED_EDGE('',*,*,#1094,.F.);
#669=ORIENTED_EDGE('',*,*,#879,.F.);
#670=ORIENTED_EDGE('',*,*,#1093,.T.);
#671=ORIENTED_EDGE('',*,*,#969,.F.);
#672=ORIENTED_EDGE('',*,*,#1095,.F.);
#673=ORIENTED_EDGE('',*,*,#1057,.F.);
#674=ORIENTED_EDGE('',*,*,#1094,.T.);
#675=ORIENTED_EDGE('',*,*,#1036,.F.);
#676=ORIENTED_EDGE('',*,*,#1096,.F.);
#677=ORIENTED_EDGE('',*,*,#882,.F.);
#678=ORIENTED_EDGE('',*,*,#1095,.T.);
#679=ORIENTED_EDGE('',*,*,#966,.F.);
#680=ORIENTED_EDGE('',*,*,#1097,.F.);
#681=ORIENTED_EDGE('',*,*,#1058,.F.);
#682=ORIENTED_EDGE('',*,*,#1096,.T.);
#683=ORIENTED_EDGE('',*,*,#1035,.F.);
#684=ORIENTED_EDGE('',*,*,#1098,.F.);
#685=ORIENTED_EDGE('',*,*,#885,.F.);
#686=ORIENTED_EDGE('',*,*,#1097,.T.);
#687=ORIENTED_EDGE('',*,*,#963,.F.);
#688=ORIENTED_EDGE('',*,*,#1099,.F.);
#689=ORIENTED_EDGE('',*,*,#1059,.F.);
#690=ORIENTED_EDGE('',*,*,#888,.F.);
#691=ORIENTED_EDGE('',*,*,#1098,.T.);
#692=ORIENTED_EDGE('',*,*,#1100,.F.);
#693=ORIENTED_EDGE('',*,*,#1099,.T.);
#694=ORIENTED_EDGE('',*,*,#960,.F.);
#695=ORIENTED_EDGE('',*,*,#1101,.F.);
#696=ORIENTED_EDGE('',*,*,#1060,.F.);
#697=ORIENTED_EDGE('',*,*,#1100,.T.);
#698=ORIENTED_EDGE('',*,*,#1034,.F.);
#699=ORIENTED_EDGE('',*,*,#1102,.F.);
#700=ORIENTED_EDGE('',*,*,#891,.F.);
#701=ORIENTED_EDGE('',*,*,#1101,.T.);
#702=ORIENTED_EDGE('',*,*,#957,.F.);
#703=ORIENTED_EDGE('',*,*,#1103,.F.);
#704=ORIENTED_EDGE('',*,*,#1061,.F.);
#705=ORIENTED_EDGE('',*,*,#894,.F.);
#706=ORIENTED_EDGE('',*,*,#1102,.T.);
#707=ORIENTED_EDGE('',*,*,#1104,.F.);
#708=ORIENTED_EDGE('',*,*,#1103,.T.);
#709=ORIENTED_EDGE('',*,*,#954,.F.);
#710=ORIENTED_EDGE('',*,*,#1105,.F.);
#711=ORIENTED_EDGE('',*,*,#1104,.T.);
#712=ORIENTED_EDGE('',*,*,#1033,.F.);
#713=ORIENTED_EDGE('',*,*,#1106,.F.);
#714=ORIENTED_EDGE('',*,*,#897,.F.);
#715=ORIENTED_EDGE('',*,*,#1105,.T.);
#716=ORIENTED_EDGE('',*,*,#951,.F.);
#717=ORIENTED_EDGE('',*,*,#1107,.F.);
#718=ORIENTED_EDGE('',*,*,#1062,.F.);
#719=ORIENTED_EDGE('',*,*,#1106,.T.);
#720=ORIENTED_EDGE('',*,*,#1032,.F.);
#721=ORIENTED_EDGE('',*,*,#1108,.F.);
#722=ORIENTED_EDGE('',*,*,#900,.F.);
#723=ORIENTED_EDGE('',*,*,#1107,.T.);
#724=ORIENTED_EDGE('',*,*,#948,.F.);
#725=ORIENTED_EDGE('',*,*,#1109,.F.);
#726=ORIENTED_EDGE('',*,*,#1108,.T.);
#727=ORIENTED_EDGE('',*,*,#1031,.F.);
#728=ORIENTED_EDGE('',*,*,#1110,.F.);
#729=ORIENTED_EDGE('',*,*,#903,.F.);
#730=ORIENTED_EDGE('',*,*,#1109,.T.);
#731=ORIENTED_EDGE('',*,*,#945,.F.);
#732=ORIENTED_EDGE('',*,*,#1111,.F.);
#733=ORIENTED_EDGE('',*,*,#1063,.F.);
#734=ORIENTED_EDGE('',*,*,#1110,.T.);
#735=ORIENTED_EDGE('',*,*,#1030,.F.);
#736=ORIENTED_EDGE('',*,*,#1112,.F.);
#737=ORIENTED_EDGE('',*,*,#906,.F.);
#738=ORIENTED_EDGE('',*,*,#1111,.T.);
#739=ORIENTED_EDGE('',*,*,#942,.F.);
#740=ORIENTED_EDGE('',*,*,#1113,.F.);
#741=ORIENTED_EDGE('',*,*,#1064,.F.);
#742=ORIENTED_EDGE('',*,*,#1112,.T.);
#743=ORIENTED_EDGE('',*,*,#1029,.F.);
#744=ORIENTED_EDGE('',*,*,#1114,.F.);
#745=ORIENTED_EDGE('',*,*,#909,.F.);
#746=ORIENTED_EDGE('',*,*,#1113,.T.);
#747=ORIENTED_EDGE('',*,*,#939,.F.);
#748=ORIENTED_EDGE('',*,*,#1115,.F.);
#749=ORIENTED_EDGE('',*,*,#1065,.F.);
#750=ORIENTED_EDGE('',*,*,#1114,.T.);
#751=ORIENTED_EDGE('',*,*,#1028,.F.);
#752=ORIENTED_EDGE('',*,*,#1116,.F.);
#753=ORIENTED_EDGE('',*,*,#912,.F.);
#754=ORIENTED_EDGE('',*,*,#1115,.T.);
#755=ORIENTED_EDGE('',*,*,#936,.F.);
#756=ORIENTED_EDGE('',*,*,#1117,.F.);
#757=ORIENTED_EDGE('',*,*,#1066,.F.);
#758=ORIENTED_EDGE('',*,*,#1116,.T.);
#759=ORIENTED_EDGE('',*,*,#1027,.F.);
#760=ORIENTED_EDGE('',*,*,#1118,.F.);
#761=ORIENTED_EDGE('',*,*,#915,.F.);
#762=ORIENTED_EDGE('',*,*,#1117,.T.);
#763=ORIENTED_EDGE('',*,*,#933,.F.);
#764=ORIENTED_EDGE('',*,*,#1119,.F.);
#765=ORIENTED_EDGE('',*,*,#1067,.F.);
#766=ORIENTED_EDGE('',*,*,#1118,.T.);
#767=ORIENTED_EDGE('',*,*,#1026,.F.);
#768=ORIENTED_EDGE('',*,*,#1120,.F.);
#769=ORIENTED_EDGE('',*,*,#918,.F.);
#770=ORIENTED_EDGE('',*,*,#1119,.T.);
#771=ORIENTED_EDGE('',*,*,#930,.F.);
#772=ORIENTED_EDGE('',*,*,#1121,.F.);
#773=ORIENTED_EDGE('',*,*,#1120,.T.);
#774=ORIENTED_EDGE('',*,*,#1025,.F.);
#775=ORIENTED_EDGE('',*,*,#1122,.F.);
#776=ORIENTED_EDGE('',*,*,#921,.F.);
#777=ORIENTED_EDGE('',*,*,#1121,.T.);
#778=ORIENTED_EDGE('',*,*,#927,.F.);
#779=ORIENTED_EDGE('',*,*,#1123,.F.);
#780=ORIENTED_EDGE('',*,*,#1024,.F.);
#781=ORIENTED_EDGE('',*,*,#924,.F.);
#782=ORIENTED_EDGE('',*,*,#1122,.T.);
#783=ORIENTED_EDGE('',*,*,#1123,.T.);
#784=ORIENTED_EDGE('',*,*,#1124,.F.);
#785=ORIENTED_EDGE('',*,*,#1023,.T.);
#786=ORIENTED_EDGE('',*,*,#1124,.T.);
#787=ORIENTED_EDGE('',*,*,#1125,.F.);
#788=ORIENTED_EDGE('',*,*,#1125,.T.);
#789=ORIENTED_EDGE('',*,*,#1017,.F.);
#790=ORIENTED_EDGE('',*,*,#1126,.F.);
#791=ORIENTED_EDGE('',*,*,#1022,.T.);
#792=ORIENTED_EDGE('',*,*,#1126,.T.);
#793=ORIENTED_EDGE('',*,*,#1127,.F.);
#794=ORIENTED_EDGE('',*,*,#1127,.T.);
#795=ORIENTED_EDGE('',*,*,#1016,.F.);
#796=ORIENTED_EDGE('',*,*,#1128,.F.);
#797=ORIENTED_EDGE('',*,*,#1021,.T.);
#798=ORIENTED_EDGE('',*,*,#1128,.T.);
#799=ORIENTED_EDGE('',*,*,#1129,.F.);
#800=ORIENTED_EDGE('',*,*,#1129,.T.);
#801=ORIENTED_EDGE('',*,*,#1015,.F.);
#802=ORIENTED_EDGE('',*,*,#1130,.F.);
#803=ORIENTED_EDGE('',*,*,#1020,.T.);
#804=ORIENTED_EDGE('',*,*,#1130,.T.);
#805=ORIENTED_EDGE('',*,*,#1131,.F.);
#806=ORIENTED_EDGE('',*,*,#1131,.T.);
#807=ORIENTED_EDGE('',*,*,#1014,.F.);
#808=ORIENTED_EDGE('',*,*,#1132,.F.);
#809=ORIENTED_EDGE('',*,*,#1019,.T.);
#810=ORIENTED_EDGE('',*,*,#1132,.T.);
#811=ORIENTED_EDGE('',*,*,#1133,.F.);
#812=ORIENTED_EDGE('',*,*,#1133,.T.);
#813=ORIENTED_EDGE('',*,*,#1013,.F.);
#814=ORIENTED_EDGE('',*,*,#1134,.F.);
#815=ORIENTED_EDGE('',*,*,#1018,.T.);
#816=ORIENTED_EDGE('',*,*,#1134,.T.);
#817=ORIENTED_EDGE('',*,*,#1135,.F.);
#818=ORIENTED_EDGE('',*,*,#1135,.T.);
#819=ORIENTED_EDGE('',*,*,#1012,.F.);
#820=EDGE_CURVE('',#1136,#1137,#1332,.T.);
#821=EDGE_CURVE('',#1138,#1136,#1333,.T.);
#822=EDGE_CURVE('',#1138,#1139,#1334,.T.);
#823=EDGE_CURVE('',#1139,#1137,#1335,.T.);
#824=EDGE_CURVE('',#1136,#1140,#40,.T.);
#825=EDGE_CURVE('',#1141,#1140,#1336,.T.);
#826=EDGE_CURVE('',#1138,#1141,#41,.T.);
#827=EDGE_CURVE('',#1142,#1140,#1337,.T.);
#828=EDGE_CURVE('',#1143,#1142,#1338,.T.);
#829=EDGE_CURVE('',#1143,#1141,#1339,.T.);
#830=EDGE_CURVE('',#1142,#1144,#42,.T.);
#831=EDGE_CURVE('',#1145,#1144,#1340,.T.);
#832=EDGE_CURVE('',#1143,#1145,#43,.T.);
#833=EDGE_CURVE('',#1144,#1146,#1341,.T.);
#834=EDGE_CURVE('',#1147,#1146,#1342,.T.);
#835=EDGE_CURVE('',#1145,#1147,#1343,.T.);
#836=EDGE_CURVE('',#1146,#1148,#44,.T.);
#837=EDGE_CURVE('',#1149,#1148,#1344,.T.);
#838=EDGE_CURVE('',#1147,#1149,#45,.T.);
#839=EDGE_CURVE('',#1148,#1150,#1345,.T.);
#840=EDGE_CURVE('',#1151,#1150,#1346,.T.);
#841=EDGE_CURVE('',#1149,#1151,#1347,.T.);
#842=EDGE_CURVE('',#1152,#1153,#1348,.T.);
#843=EDGE_CURVE('',#1153,#1154,#1349,.T.);
#844=EDGE_CURVE('',#1155,#1154,#1350,.T.);
#845=EDGE_CURVE('',#1155,#1152,#1351,.T.);
#846=EDGE_CURVE('',#1154,#1156,#46,.T.);
#847=EDGE_CURVE('',#1157,#1156,#1352,.T.);
#848=EDGE_CURVE('',#1155,#1157,#47,.T.);
#849=EDGE_CURVE('',#1156,#1158,#1353,.T.);
#850=EDGE_CURVE('',#1159,#1158,#1354,.T.);
#851=EDGE_CURVE('',#1159,#1157,#1355,.T.);
#852=EDGE_CURVE('',#1158,#1160,#48,.F.);
#853=EDGE_CURVE('',#1161,#1160,#1356,.T.);
#854=EDGE_CURVE('',#1161,#1159,#49,.T.);
#855=EDGE_CURVE('',#1160,#1162,#1357,.T.);
#856=EDGE_CURVE('',#1163,#1162,#1358,.T.);
#857=EDGE_CURVE('',#1163,#1161,#1359,.T.);
#858=EDGE_CURVE('',#1162,#1164,#50,.F.);
#859=EDGE_CURVE('',#1165,#1164,#1360,.T.);
#860=EDGE_CURVE('',#1165,#1163,#51,.T.);
#861=EDGE_CURVE('',#1164,#1166,#1361,.T.);
#862=EDGE_CURVE('',#1167,#1166,#1362,.T.);
#863=EDGE_CURVE('',#1165,#1167,#1363,.T.);
#864=EDGE_CURVE('',#1166,#1168,#52,.T.);
#865=EDGE_CURVE('',#1169,#1168,#1364,.T.);
#866=EDGE_CURVE('',#1167,#1169,#53,.T.);
#867=EDGE_CURVE('',#1168,#1170,#1365,.T.);
#868=EDGE_CURVE('',#1171,#1170,#1366,.T.);
#869=EDGE_CURVE('',#1169,#1171,#1367,.T.);
#870=EDGE_CURVE('',#1170,#1172,#54,.T.);
#871=EDGE_CURVE('',#1173,#1172,#1368,.T.);
#872=EDGE_CURVE('',#1171,#1173,#55,.T.);
#873=EDGE_CURVE('',#1172,#1174,#1369,.T.);
#874=EDGE_CURVE('',#1175,#1174,#1370,.T.);
#875=EDGE_CURVE('',#1175,#1173,#1371,.T.);
#876=EDGE_CURVE('',#1174,#1176,#56,.F.);
#877=EDGE_CURVE('',#1177,#1176,#1372,.T.);
#878=EDGE_CURVE('',#1177,#1175,#57,.T.);
#879=EDGE_CURVE('',#1176,#1178,#1373,.T.);
#880=EDGE_CURVE('',#1179,#1178,#1374,.T.);
#881=EDGE_CURVE('',#1179,#1177,#1375,.T.);
#882=EDGE_CURVE('',#1178,#1180,#58,.F.);
#883=EDGE_CURVE('',#1181,#1180,#1376,.T.);
#884=EDGE_CURVE('',#1181,#1179,#59,.T.);
#885=EDGE_CURVE('',#1180,#1182,#1377,.T.);
#886=EDGE_CURVE('',#1183,#1182,#1378,.T.);
#887=EDGE_CURVE('',#1181,#1183,#1379,.T.);
#888=EDGE_CURVE('',#1182,#1184,#60,.T.);
#889=EDGE_CURVE('',#1185,#1184,#1380,.T.);
#890=EDGE_CURVE('',#1183,#1185,#61,.T.);
#891=EDGE_CURVE('',#1184,#1186,#1381,.T.);
#892=EDGE_CURVE('',#1187,#1186,#1382,.T.);
#893=EDGE_CURVE('',#1185,#1187,#1383,.T.);
#894=EDGE_CURVE('',#1186,#1188,#62,.T.);
#895=EDGE_CURVE('',#1189,#1188,#1384,.T.);
#896=EDGE_CURVE('',#1187,#1189,#63,.T.);
#897=EDGE_CURVE('',#1188,#1190,#1385,.T.);
#898=EDGE_CURVE('',#1191,#1190,#1386,.T.);
#899=EDGE_CURVE('',#1191,#1189,#1387,.T.);
#900=EDGE_CURVE('',#1190,#1192,#64,.F.);
#901=EDGE_CURVE('',#1193,#1192,#1388,.T.);
#902=EDGE_CURVE('',#1193,#1191,#65,.T.);
#903=EDGE_CURVE('',#1192,#1194,#1389,.T.);
#904=EDGE_CURVE('',#1195,#1194,#1390,.T.);
#905=EDGE_CURVE('',#1195,#1193,#1391,.T.);
#906=EDGE_CURVE('',#1194,#1196,#66,.F.);
#907=EDGE_CURVE('',#1197,#1196,#1392,.T.);
#908=EDGE_CURVE('',#1197,#1195,#67,.T.);
#909=EDGE_CURVE('',#1196,#1198,#1393,.T.);
#910=EDGE_CURVE('',#1199,#1198,#1394,.T.);
#911=EDGE_CURVE('',#1197,#1199,#1395,.T.);
#912=EDGE_CURVE('',#1198,#1200,#68,.F.);
#913=EDGE_CURVE('',#1201,#1200,#1396,.T.);
#914=EDGE_CURVE('',#1201,#1199,#69,.T.);
#915=EDGE_CURVE('',#1200,#1202,#1397,.T.);
#916=EDGE_CURVE('',#1203,#1202,#1398,.T.);
#917=EDGE_CURVE('',#1201,#1203,#1399,.T.);
#918=EDGE_CURVE('',#1202,#1204,#70,.F.);
#919=EDGE_CURVE('',#1205,#1204,#1400,.T.);
#920=EDGE_CURVE('',#1205,#1203,#71,.T.);
#921=EDGE_CURVE('',#1204,#1206,#1401,.T.);
#922=EDGE_CURVE('',#1207,#1206,#1402,.T.);
#923=EDGE_CURVE('',#1205,#1207,#1403,.T.);
#924=EDGE_CURVE('',#1206,#1208,#72,.T.);
#925=EDGE_CURVE('',#1209,#1208,#1404,.T.);
#926=EDGE_CURVE('',#1207,#1209,#73,.T.);
#927=EDGE_CURVE('',#1208,#1210,#1405,.T.);
#928=EDGE_CURVE('',#1211,#1210,#1406,.T.);
#929=EDGE_CURVE('',#1211,#1209,#1407,.T.);
#930=EDGE_CURVE('',#1210,#1212,#74,.T.);
#931=EDGE_CURVE('',#1213,#1212,#1408,.T.);
#932=EDGE_CURVE('',#1211,#1213,#75,.T.);
#933=EDGE_CURVE('',#1212,#1214,#1409,.T.);
#934=EDGE_CURVE('',#1215,#1214,#1410,.T.);
#935=EDGE_CURVE('',#1215,#1213,#1411,.T.);
#936=EDGE_CURVE('',#1214,#1216,#76,.F.);
#937=EDGE_CURVE('',#1217,#1216,#1412,.T.);
#938=EDGE_CURVE('',#1217,#1215,#77,.T.);
#939=EDGE_CURVE('',#1216,#1218,#1413,.T.);
#940=EDGE_CURVE('',#1219,#1218,#1414,.T.);
#941=EDGE_CURVE('',#1217,#1219,#1415,.T.);
#942=EDGE_CURVE('',#1218,#1220,#78,.F.);
#943=EDGE_CURVE('',#1221,#1220,#1416,.T.);
#944=EDGE_CURVE('',#1221,#1219,#79,.T.);
#945=EDGE_CURVE('',#1220,#1222,#1417,.T.);
#946=EDGE_CURVE('',#1223,#1222,#1418,.T.);
#947=EDGE_CURVE('',#1221,#1223,#1419,.T.);
#948=EDGE_CURVE('',#1222,#1224,#80,.T.);
#949=EDGE_CURVE('',#1225,#1224,#1420,.T.);
#950=EDGE_CURVE('',#1223,#1225,#81,.T.);
#951=EDGE_CURVE('',#1224,#1226,#1421,.T.);
#952=EDGE_CURVE('',#1227,#1226,#1422,.T.);
#953=EDGE_CURVE('',#1225,#1227,#1423,.T.);
#954=EDGE_CURVE('',#1226,#1228,#82,.T.);
#955=EDGE_CURVE('',#1229,#1228,#1424,.T.);
#956=EDGE_CURVE('',#1227,#1229,#83,.T.);
#957=EDGE_CURVE('',#1228,#1230,#1425,.T.);
#958=EDGE_CURVE('',#1231,#1230,#1426,.T.);
#959=EDGE_CURVE('',#1231,#1229,#1427,.T.);
#960=EDGE_CURVE('',#1230,#1232,#84,.F.);
#961=EDGE_CURVE('',#1233,#1232,#1428,.T.);
#962=EDGE_CURVE('',#1233,#1231,#85,.T.);
#963=EDGE_CURVE('',#1232,#1234,#1429,.T.);
#964=EDGE_CURVE('',#1235,#1234,#1430,.T.);
#965=EDGE_CURVE('',#1233,#1235,#1431,.T.);
#966=EDGE_CURVE('',#1234,#1236,#86,.F.);
#967=EDGE_CURVE('',#1237,#1236,#1432,.T.);
#968=EDGE_CURVE('',#1237,#1235,#87,.T.);
#969=EDGE_CURVE('',#1236,#1238,#1433,.T.);
#970=EDGE_CURVE('',#1239,#1238,#1434,.T.);
#971=EDGE_CURVE('',#1237,#1239,#1435,.T.);
#972=EDGE_CURVE('',#1238,#1240,#88,.T.);
#973=EDGE_CURVE('',#1241,#1240,#1436,.T.);
#974=EDGE_CURVE('',#1239,#1241,#89,.T.);
#975=EDGE_CURVE('',#1240,#1242,#1437,.T.);
#976=EDGE_CURVE('',#1243,#1242,#1438,.T.);
#977=EDGE_CURVE('',#1241,#1243,#1439,.T.);
#978=EDGE_CURVE('',#1242,#1244,#90,.T.);
#979=EDGE_CURVE('',#1245,#1244,#1440,.T.);
#980=EDGE_CURVE('',#1243,#1245,#91,.T.);
#981=EDGE_CURVE('',#1244,#1246,#1441,.T.);
#982=EDGE_CURVE('',#1247,#1246,#1442,.T.);
#983=EDGE_CURVE('',#1247,#1245,#1443,.T.);
#984=EDGE_CURVE('',#1246,#1248,#92,.F.);
#985=EDGE_CURVE('',#1249,#1248,#1444,.T.);
#986=EDGE_CURVE('',#1249,#1247,#93,.T.);
#987=EDGE_CURVE('',#1248,#1250,#1445,.T.);
#988=EDGE_CURVE('',#1251,#1250,#1446,.T.);
#989=EDGE_CURVE('',#1249,#1251,#1447,.T.);
#990=EDGE_CURVE('',#1250,#1252,#94,.F.);
#991=EDGE_CURVE('',#1253,#1252,#1448,.T.);
#992=EDGE_CURVE('',#1253,#1251,#95,.T.);
#993=EDGE_CURVE('',#1252,#1254,#1449,.T.);
#994=EDGE_CURVE('',#1255,#1254,#1450,.T.);
#995=EDGE_CURVE('',#1253,#1255,#1451,.T.);
#996=EDGE_CURVE('',#1254,#1256,#96,.F.);
#997=EDGE_CURVE('',#1257,#1256,#1452,.T.);
#998=EDGE_CURVE('',#1257,#1255,#97,.T.);
#999=EDGE_CURVE('',#1256,#1258,#1453,.T.);
#1000=EDGE_CURVE('',#1259,#1258,#1454,.T.);
#1001=EDGE_CURVE('',#1259,#1257,#1455,.T.);
#1002=EDGE_CURVE('',#1258,#1260,#98,.F.);
#1003=EDGE_CURVE('',#1261,#1260,#1456,.T.);
#1004=EDGE_CURVE('',#1261,#1259,#99,.T.);
#1005=EDGE_CURVE('',#1260,#1262,#1457,.T.);
#1006=EDGE_CURVE('',#1263,#1262,#1458,.T.);
#1007=EDGE_CURVE('',#1263,#1261,#1459,.T.);
#1008=EDGE_CURVE('',#1262,#1153,#100,.T.);
#1009=EDGE_CURVE('',#1263,#1152,#101,.T.);
#1010=EDGE_CURVE('',#1150,#1137,#102,.T.);
#1011=EDGE_CURVE('',#1151,#1139,#103,.T.);
#1012=EDGE_CURVE('',#1264,#1264,#104,.T.);
#1013=EDGE_CURVE('',#1265,#1265,#105,.T.);
#1014=EDGE_CURVE('',#1266,#1266,#106,.T.);
#1015=EDGE_CURVE('',#1267,#1267,#107,.T.);
#1016=EDGE_CURVE('',#1268,#1268,#108,.T.);
#1017=EDGE_CURVE('',#1269,#1269,#109,.T.);
#1018=EDGE_CURVE('',#1270,#1270,#110,.F.);
#1019=EDGE_CURVE('',#1271,#1271,#111,.F.);
#1020=EDGE_CURVE('',#1272,#1272,#112,.F.);
#1021=EDGE_CURVE('',#1273,#1273,#113,.F.);
#1022=EDGE_CURVE('',#1274,#1274,#114,.F.);
#1023=EDGE_CURVE('',#1275,#1275,#115,.F.);
#1024=EDGE_CURVE('',#1276,#1277,#1460,.T.);
#1025=EDGE_CURVE('',#1277,#1278,#1461,.T.);
#1026=EDGE_CURVE('',#1278,#1279,#116,.T.);
#1027=EDGE_CURVE('',#1279,#1280,#1462,.T.);
#1028=EDGE_CURVE('',#1280,#1281,#117,.T.);
#1029=EDGE_CURVE('',#1281,#1282,#1463,.T.);
#1030=EDGE_CURVE('',#1282,#1283,#118,.T.);
#1031=EDGE_CURVE('',#1283,#1284,#1464,.T.);
#1032=EDGE_CURVE('',#1284,#1285,#119,.T.);
#1033=EDGE_CURVE('',#1285,#1286,#1465,.T.);
#1034=EDGE_CURVE('',#1286,#1287,#1466,.T.);
#1035=EDGE_CURVE('',#1287,#1288,#1467,.T.);
#1036=EDGE_CURVE('',#1288,#1289,#120,.T.);
#1037=EDGE_CURVE('',#1289,#1290,#1468,.T.);
#1038=EDGE_CURVE('',#1290,#1291,#121,.T.);
#1039=EDGE_CURVE('',#1291,#1292,#1469,.T.);
#1040=EDGE_CURVE('',#1292,#1293,#1470,.T.);
#1041=EDGE_CURVE('',#1293,#1294,#1471,.T.);
#1042=EDGE_CURVE('',#1294,#1295,#122,.T.);
#1043=EDGE_CURVE('',#1295,#1296,#1472,.T.);
#1044=EDGE_CURVE('',#1296,#1297,#123,.T.);
#1045=EDGE_CURVE('',#1297,#1298,#1473,.T.);
#1046=EDGE_CURVE('',#1298,#1299,#1474,.T.);
#1047=EDGE_CURVE('',#1299,#1300,#1475,.T.);
#1048=EDGE_CURVE('',#1300,#1301,#124,.T.);
#1049=EDGE_CURVE('',#1301,#1302,#1476,.T.);
#1050=EDGE_CURVE('',#1302,#1303,#125,.T.);
#1051=EDGE_CURVE('',#1303,#1304,#1477,.T.);
#1052=EDGE_CURVE('',#1304,#1305,#126,.T.);
#1053=EDGE_CURVE('',#1305,#1306,#1478,.T.);
#1054=EDGE_CURVE('',#1306,#1307,#127,.T.);
#1055=EDGE_CURVE('',#1307,#1308,#1479,.T.);
#1056=EDGE_CURVE('',#1308,#1309,#1480,.T.);
#1057=EDGE_CURVE('',#1309,#1310,#1481,.T.);
#1058=EDGE_CURVE('',#1310,#1311,#128,.T.);
#1059=EDGE_CURVE('',#1311,#1312,#1482,.T.);
#1060=EDGE_CURVE('',#1312,#1313,#129,.T.);
#1061=EDGE_CURVE('',#1313,#1314,#1483,.T.);
#1062=EDGE_CURVE('',#1314,#1315,#1484,.T.);
#1063=EDGE_CURVE('',#1315,#1316,#1485,.T.);
#1064=EDGE_CURVE('',#1316,#1317,#130,.T.);
#1065=EDGE_CURVE('',#1317,#1318,#1486,.T.);
#1066=EDGE_CURVE('',#1318,#1319,#131,.T.);
#1067=EDGE_CURVE('',#1319,#1276,#1487,.T.);
#1068=EDGE_CURVE('',#1299,#1262,#1488,.T.);
#1069=EDGE_CURVE('',#1153,#1299,#1489,.T.);
#1070=EDGE_CURVE('',#1154,#1298,#1490,.T.);
#1071=EDGE_CURVE('',#1300,#1260,#1491,.T.);
#1072=EDGE_CURVE('',#1156,#1298,#1492,.T.);
#1073=EDGE_CURVE('',#1301,#1258,#1493,.T.);
#1074=EDGE_CURVE('',#1158,#1297,#1494,.T.);
#1075=EDGE_CURVE('',#1302,#1256,#1495,.T.);
#1076=EDGE_CURVE('',#1160,#1296,#1496,.T.);
#1077=EDGE_CURVE('',#1303,#1254,#1497,.T.);
#1078=EDGE_CURVE('',#1162,#1295,#1498,.T.);
#1079=EDGE_CURVE('',#1304,#1252,#1499,.T.);
#1080=EDGE_CURVE('',#1164,#1294,#1500,.T.);
#1081=EDGE_CURVE('',#1305,#1250,#1501,.T.);
#1082=EDGE_CURVE('',#1166,#1293,#1502,.T.);
#1083=EDGE_CURVE('',#1306,#1248,#1503,.T.);
#1084=EDGE_CURVE('',#1168,#1293,#1504,.T.);
#1085=EDGE_CURVE('',#1307,#1246,#1505,.T.);
#1086=EDGE_CURVE('',#1170,#1292,#1506,.T.);
#1087=EDGE_CURVE('',#1308,#1244,#1507,.T.);
#1088=EDGE_CURVE('',#1172,#1292,#1508,.T.);
#1089=EDGE_CURVE('',#1308,#1242,#1509,.T.);
#1090=EDGE_CURVE('',#1174,#1291,#1510,.T.);
#1091=EDGE_CURVE('',#1309,#1240,#1511,.T.);
#1092=EDGE_CURVE('',#1176,#1290,#1512,.T.);
#1093=EDGE_CURVE('',#1309,#1238,#1513,.T.);
#1094=EDGE_CURVE('',#1178,#1289,#1514,.T.);
#1095=EDGE_CURVE('',#1310,#1236,#1515,.T.);
#1096=EDGE_CURVE('',#1180,#1288,#1516,.T.);
#1097=EDGE_CURVE('',#1311,#1234,#1517,.T.);
#1098=EDGE_CURVE('',#1182,#1287,#1518,.T.);
#1099=EDGE_CURVE('',#1312,#1232,#1519,.T.);
#1100=EDGE_CURVE('',#1184,#1287,#1520,.T.);
#1101=EDGE_CURVE('',#1313,#1230,#1521,.T.);
#1102=EDGE_CURVE('',#1186,#1286,#1522,.T.);
#1103=EDGE_CURVE('',#1314,#1228,#1523,.T.);
#1104=EDGE_CURVE('',#1188,#1286,#1524,.T.);
#1105=EDGE_CURVE('',#1314,#1226,#1525,.T.);
#1106=EDGE_CURVE('',#1190,#1285,#1526,.T.);
#1107=EDGE_CURVE('',#1315,#1224,#1527,.T.);
#1108=EDGE_CURVE('',#1192,#1284,#1528,.T.);
#1109=EDGE_CURVE('',#1315,#1222,#1529,.T.);
#1110=EDGE_CURVE('',#1194,#1283,#1530,.T.);
#1111=EDGE_CURVE('',#1316,#1220,#1531,.T.);
#1112=EDGE_CURVE('',#1196,#1282,#1532,.T.);
#1113=EDGE_CURVE('',#1317,#1218,#1533,.T.);
#1114=EDGE_CURVE('',#1198,#1281,#1534,.T.);
#1115=EDGE_CURVE('',#1318,#1216,#1535,.T.);
#1116=EDGE_CURVE('',#1200,#1280,#1536,.T.);
#1117=EDGE_CURVE('',#1319,#1214,#1537,.T.);
#1118=EDGE_CURVE('',#1202,#1279,#1538,.T.);
#1119=EDGE_CURVE('',#1276,#1212,#1539,.T.);
#1120=EDGE_CURVE('',#1204,#1278,#1540,.T.);
#1121=EDGE_CURVE('',#1276,#1210,#1541,.T.);
#1122=EDGE_CURVE('',#1206,#1277,#1542,.T.);
#1123=EDGE_CURVE('',#1277,#1208,#1543,.T.);
#1124=EDGE_CURVE('',#1320,#1320,#132,.T.);
#1125=EDGE_CURVE('',#1321,#1321,#133,.T.);
#1126=EDGE_CURVE('',#1322,#1322,#134,.T.);
#1127=EDGE_CURVE('',#1323,#1323,#135,.T.);
#1128=EDGE_CURVE('',#1324,#1324,#136,.T.);
#1129=EDGE_CURVE('',#1325,#1325,#137,.T.);
#1130=EDGE_CURVE('',#1326,#1326,#138,.T.);
#1131=EDGE_CURVE('',#1327,#1327,#139,.T.);
#1132=EDGE_CURVE('',#1328,#1328,#140,.T.);
#1133=EDGE_CURVE('',#1329,#1329,#141,.T.);
#1134=EDGE_CURVE('',#1330,#1330,#142,.T.);
#1135=EDGE_CURVE('',#1331,#1331,#143,.T.);
#1136=VERTEX_POINT('',#3270);
#1137=VERTEX_POINT('',#3271);
#1138=VERTEX_POINT('',#3273);
#1139=VERTEX_POINT('',#3275);
#1140=VERTEX_POINT('',#3279);
#1141=VERTEX_POINT('',#3281);
#1142=VERTEX_POINT('',#3285);
#1143=VERTEX_POINT('',#3287);
#1144=VERTEX_POINT('',#3291);
#1145=VERTEX_POINT('',#3293);
#1146=VERTEX_POINT('',#3297);
#1147=VERTEX_POINT('',#3299);
#1148=VERTEX_POINT('',#3303);
#1149=VERTEX_POINT('',#3305);
#1150=VERTEX_POINT('',#3309);
#1151=VERTEX_POINT('',#3311);
#1152=VERTEX_POINT('',#3315);
#1153=VERTEX_POINT('',#3316);
#1154=VERTEX_POINT('',#3318);
#1155=VERTEX_POINT('',#3320);
#1156=VERTEX_POINT('',#3324);
#1157=VERTEX_POINT('',#3326);
#1158=VERTEX_POINT('',#3330);
#1159=VERTEX_POINT('',#3332);
#1160=VERTEX_POINT('',#3336);
#1161=VERTEX_POINT('',#3338);
#1162=VERTEX_POINT('',#3342);
#1163=VERTEX_POINT('',#3344);
#1164=VERTEX_POINT('',#3348);
#1165=VERTEX_POINT('',#3350);
#1166=VERTEX_POINT('',#3354);
#1167=VERTEX_POINT('',#3356);
#1168=VERTEX_POINT('',#3360);
#1169=VERTEX_POINT('',#3362);
#1170=VERTEX_POINT('',#3366);
#1171=VERTEX_POINT('',#3368);
#1172=VERTEX_POINT('',#3372);
#1173=VERTEX_POINT('',#3374);
#1174=VERTEX_POINT('',#3378);
#1175=VERTEX_POINT('',#3380);
#1176=VERTEX_POINT('',#3384);
#1177=VERTEX_POINT('',#3386);
#1178=VERTEX_POINT('',#3390);
#1179=VERTEX_POINT('',#3392);
#1180=VERTEX_POINT('',#3396);
#1181=VERTEX_POINT('',#3398);
#1182=VERTEX_POINT('',#3402);
#1183=VERTEX_POINT('',#3404);
#1184=VERTEX_POINT('',#3408);
#1185=VERTEX_POINT('',#3410);
#1186=VERTEX_POINT('',#3414);
#1187=VERTEX_POINT('',#3416);
#1188=VERTEX_POINT('',#3420);
#1189=VERTEX_POINT('',#3422);
#1190=VERTEX_POINT('',#3426);
#1191=VERTEX_POINT('',#3428);
#1192=VERTEX_POINT('',#3432);
#1193=VERTEX_POINT('',#3434);
#1194=VERTEX_POINT('',#3438);
#1195=VERTEX_POINT('',#3440);
#1196=VERTEX_POINT('',#3444);
#1197=VERTEX_POINT('',#3446);
#1198=VERTEX_POINT('',#3450);
#1199=VERTEX_POINT('',#3452);
#1200=VERTEX_POINT('',#3456);
#1201=VERTEX_POINT('',#3458);
#1202=VERTEX_POINT('',#3462);
#1203=VERTEX_POINT('',#3464);
#1204=VERTEX_POINT('',#3468);
#1205=VERTEX_POINT('',#3470);
#1206=VERTEX_POINT('',#3474);
#1207=VERTEX_POINT('',#3476);
#1208=VERTEX_POINT('',#3480);
#1209=VERTEX_POINT('',#3482);
#1210=VERTEX_POINT('',#3486);
#1211=VERTEX_POINT('',#3488);
#1212=VERTEX_POINT('',#3492);
#1213=VERTEX_POINT('',#3494);
#1214=VERTEX_POINT('',#3498);
#1215=VERTEX_POINT('',#3500);
#1216=VERTEX_POINT('',#3504);
#1217=VERTEX_POINT('',#3506);
#1218=VERTEX_POINT('',#3510);
#1219=VERTEX_POINT('',#3512);
#1220=VERTEX_POINT('',#3516);
#1221=VERTEX_POINT('',#3518);
#1222=VERTEX_POINT('',#3522);
#1223=VERTEX_POINT('',#3524);
#1224=VERTEX_POINT('',#3528);
#1225=VERTEX_POINT('',#3530);
#1226=VERTEX_POINT('',#3534);
#1227=VERTEX_POINT('',#3536);
#1228=VERTEX_POINT('',#3540);
#1229=VERTEX_POINT('',#3542);
#1230=VERTEX_POINT('',#3546);
#1231=VERTEX_POINT('',#3548);
#1232=VERTEX_POINT('',#3552);
#1233=VERTEX_POINT('',#3554);
#1234=VERTEX_POINT('',#3558);
#1235=VERTEX_POINT('',#3560);
#1236=VERTEX_POINT('',#3564);
#1237=VERTEX_POINT('',#3566);
#1238=VERTEX_POINT('',#3570);
#1239=VERTEX_POINT('',#3572);
#1240=VERTEX_POINT('',#3576);
#1241=VERTEX_POINT('',#3578);
#1242=VERTEX_POINT('',#3582);
#1243=VERTEX_POINT('',#3584);
#1244=VERTEX_POINT('',#3588);
#1245=VERTEX_POINT('',#3590);
#1246=VERTEX_POINT('',#3594);
#1247=VERTEX_POINT('',#3596);
#1248=VERTEX_POINT('',#3600);
#1249=VERTEX_POINT('',#3602);
#1250=VERTEX_POINT('',#3606);
#1251=VERTEX_POINT('',#3608);
#1252=VERTEX_POINT('',#3612);
#1253=VERTEX_POINT('',#3614);
#1254=VERTEX_POINT('',#3618);
#1255=VERTEX_POINT('',#3620);
#1256=VERTEX_POINT('',#3624);
#1257=VERTEX_POINT('',#3626);
#1258=VERTEX_POINT('',#3630);
#1259=VERTEX_POINT('',#3632);
#1260=VERTEX_POINT('',#3636);
#1261=VERTEX_POINT('',#3638);
#1262=VERTEX_POINT('',#3642);
#1263=VERTEX_POINT('',#3644);
#1264=VERTEX_POINT('',#3654);
#1265=VERTEX_POINT('',#3656);
#1266=VERTEX_POINT('',#3658);
#1267=VERTEX_POINT('',#3660);
#1268=VERTEX_POINT('',#3662);
#1269=VERTEX_POINT('',#3664);
#1270=VERTEX_POINT('',#3667);
#1271=VERTEX_POINT('',#3669);
#1272=VERTEX_POINT('',#3671);
#1273=VERTEX_POINT('',#3673);
#1274=VERTEX_POINT('',#3675);
#1275=VERTEX_POINT('',#3677);
#1276=VERTEX_POINT('',#3679);
#1277=VERTEX_POINT('',#3680);
#1278=VERTEX_POINT('',#3682);
#1279=VERTEX_POINT('',#3684);
#1280=VERTEX_POINT('',#3686);
#1281=VERTEX_POINT('',#3688);
#1282=VERTEX_POINT('',#3690);
#1283=VERTEX_POINT('',#3692);
#1284=VERTEX_POINT('',#3694);
#1285=VERTEX_POINT('',#3696);
#1286=VERTEX_POINT('',#3698);
#1287=VERTEX_POINT('',#3700);
#1288=VERTEX_POINT('',#3702);
#1289=VERTEX_POINT('',#3704);
#1290=VERTEX_POINT('',#3706);
#1291=VERTEX_POINT('',#3708);
#1292=VERTEX_POINT('',#3710);
#1293=VERTEX_POINT('',#3712);
#1294=VERTEX_POINT('',#3714);
#1295=VERTEX_POINT('',#3716);
#1296=VERTEX_POINT('',#3718);
#1297=VERTEX_POINT('',#3720);
#1298=VERTEX_POINT('',#3722);
#1299=VERTEX_POINT('',#3724);
#1300=VERTEX_POINT('',#3726);
#1301=VERTEX_POINT('',#3728);
#1302=VERTEX_POINT('',#3730);
#1303=VERTEX_POINT('',#3732);
#1304=VERTEX_POINT('',#3734);
#1305=VERTEX_POINT('',#3736);
#1306=VERTEX_POINT('',#3738);
#1307=VERTEX_POINT('',#3740);
#1308=VERTEX_POINT('',#3742);
#1309=VERTEX_POINT('',#3744);
#1310=VERTEX_POINT('',#3746);
#1311=VERTEX_POINT('',#3748);
#1312=VERTEX_POINT('',#3750);
#1313=VERTEX_POINT('',#3752);
#1314=VERTEX_POINT('',#3754);
#1315=VERTEX_POINT('',#3756);
#1316=VERTEX_POINT('',#3758);
#1317=VERTEX_POINT('',#3760);
#1318=VERTEX_POINT('',#3762);
#1319=VERTEX_POINT('',#3764);
#1320=VERTEX_POINT('',#3880);
#1321=VERTEX_POINT('',#3883);
#1322=VERTEX_POINT('',#3887);
#1323=VERTEX_POINT('',#3890);
#1324=VERTEX_POINT('',#3894);
#1325=VERTEX_POINT('',#3897);
#1326=VERTEX_POINT('',#3901);
#1327=VERTEX_POINT('',#3904);
#1328=VERTEX_POINT('',#3908);
#1329=VERTEX_POINT('',#3911);
#1330=VERTEX_POINT('',#3915);
#1331=VERTEX_POINT('',#3918);
#1332=LINE('',#3269,#1544);
#1333=LINE('',#3272,#1545);
#1334=LINE('',#3274,#1546);
#1335=LINE('',#3276,#1547);
#1336=LINE('',#3280,#1548);
#1337=LINE('',#3284,#1549);
#1338=LINE('',#3286,#1550);
#1339=LINE('',#3288,#1551);
#1340=LINE('',#3292,#1552);
#1341=LINE('',#3296,#1553);
#1342=LINE('',#3298,#1554);
#1343=LINE('',#3300,#1555);
#1344=LINE('',#3304,#1556);
#1345=LINE('',#3308,#1557);
#1346=LINE('',#3310,#1558);
#1347=LINE('',#3312,#1559);
#1348=LINE('',#3314,#1560);
#1349=LINE('',#3317,#1561);
#1350=LINE('',#3319,#1562);
#1351=LINE('',#3321,#1563);
#1352=LINE('',#3325,#1564);
#1353=LINE('',#3329,#1565);
#1354=LINE('',#3331,#1566);
#1355=LINE('',#3333,#1567);
#1356=LINE('',#3337,#1568);
#1357=LINE('',#3341,#1569);
#1358=LINE('',#3343,#1570);
#1359=LINE('',#3345,#1571);
#1360=LINE('',#3349,#1572);
#1361=LINE('',#3353,#1573);
#1362=LINE('',#3355,#1574);
#1363=LINE('',#3357,#1575);
#1364=LINE('',#3361,#1576);
#1365=LINE('',#3365,#1577);
#1366=LINE('',#3367,#1578);
#1367=LINE('',#3369,#1579);
#1368=LINE('',#3373,#1580);
#1369=LINE('',#3377,#1581);
#1370=LINE('',#3379,#1582);
#1371=LINE('',#3381,#1583);
#1372=LINE('',#3385,#1584);
#1373=LINE('',#3389,#1585);
#1374=LINE('',#3391,#1586);
#1375=LINE('',#3393,#1587);
#1376=LINE('',#3397,#1588);
#1377=LINE('',#3401,#1589);
#1378=LINE('',#3403,#1590);
#1379=LINE('',#3405,#1591);
#1380=LINE('',#3409,#1592);
#1381=LINE('',#3413,#1593);
#1382=LINE('',#3415,#1594);
#1383=LINE('',#3417,#1595);
#1384=LINE('',#3421,#1596);
#1385=LINE('',#3425,#1597);
#1386=LINE('',#3427,#1598);
#1387=LINE('',#3429,#1599);
#1388=LINE('',#3433,#1600);
#1389=LINE('',#3437,#1601);
#1390=LINE('',#3439,#1602);
#1391=LINE('',#3441,#1603);
#1392=LINE('',#3445,#1604);
#1393=LINE('',#3449,#1605);
#1394=LINE('',#3451,#1606);
#1395=LINE('',#3453,#1607);
#1396=LINE('',#3457,#1608);
#1397=LINE('',#3461,#1609);
#1398=LINE('',#3463,#1610);
#1399=LINE('',#3465,#1611);
#1400=LINE('',#3469,#1612);
#1401=LINE('',#3473,#1613);
#1402=LINE('',#3475,#1614);
#1403=LINE('',#3477,#1615);
#1404=LINE('',#3481,#1616);
#1405=LINE('',#3485,#1617);
#1406=LINE('',#3487,#1618);
#1407=LINE('',#3489,#1619);
#1408=LINE('',#3493,#1620);
#1409=LINE('',#3497,#1621);
#1410=LINE('',#3499,#1622);
#1411=LINE('',#3501,#1623);
#1412=LINE('',#3505,#1624);
#1413=LINE('',#3509,#1625);
#1414=LINE('',#3511,#1626);
#1415=LINE('',#3513,#1627);
#1416=LINE('',#3517,#1628);
#1417=LINE('',#3521,#1629);
#1418=LINE('',#3523,#1630);
#1419=LINE('',#3525,#1631);
#1420=LINE('',#3529,#1632);
#1421=LINE('',#3533,#1633);
#1422=LINE('',#3535,#1634);
#1423=LINE('',#3537,#1635);
#1424=LINE('',#3541,#1636);
#1425=LINE('',#3545,#1637);
#1426=LINE('',#3547,#1638);
#1427=LINE('',#3549,#1639);
#1428=LINE('',#3553,#1640);
#1429=LINE('',#3557,#1641);
#1430=LINE('',#3559,#1642);
#1431=LINE('',#3561,#1643);
#1432=LINE('',#3565,#1644);
#1433=LINE('',#3569,#1645);
#1434=LINE('',#3571,#1646);
#1435=LINE('',#3573,#1647);
#1436=LINE('',#3577,#1648);
#1437=LINE('',#3581,#1649);
#1438=LINE('',#3583,#1650);
#1439=LINE('',#3585,#1651);
#1440=LINE('',#3589,#1652);
#1441=LINE('',#3593,#1653);
#1442=LINE('',#3595,#1654);
#1443=LINE('',#3597,#1655);
#1444=LINE('',#3601,#1656);
#1445=LINE('',#3605,#1657);
#1446=LINE('',#3607,#1658);
#1447=LINE('',#3609,#1659);
#1448=LINE('',#3613,#1660);
#1449=LINE('',#3617,#1661);
#1450=LINE('',#3619,#1662);
#1451=LINE('',#3621,#1663);
#1452=LINE('',#3625,#1664);
#1453=LINE('',#3629,#1665);
#1454=LINE('',#3631,#1666);
#1455=LINE('',#3633,#1667);
#1456=LINE('',#3637,#1668);
#1457=LINE('',#3641,#1669);
#1458=LINE('',#3643,#1670);
#1459=LINE('',#3645,#1671);
#1460=LINE('',#3678,#1672);
#1461=LINE('',#3681,#1673);
#1462=LINE('',#3685,#1674);
#1463=LINE('',#3689,#1675);
#1464=LINE('',#3693,#1676);
#1465=LINE('',#3697,#1677);
#1466=LINE('',#3699,#1678);
#1467=LINE('',#3701,#1679);
#1468=LINE('',#3705,#1680);
#1469=LINE('',#3709,#1681);
#1470=LINE('',#3711,#1682);
#1471=LINE('',#3713,#1683);
#1472=LINE('',#3717,#1684);
#1473=LINE('',#3721,#1685);
#1474=LINE('',#3723,#1686);
#1475=LINE('',#3725,#1687);
#1476=LINE('',#3729,#1688);
#1477=LINE('',#3733,#1689);
#1478=LINE('',#3737,#1690);
#1479=LINE('',#3741,#1691);
#1480=LINE('',#3743,#1692);
#1481=LINE('',#3745,#1693);
#1482=LINE('',#3749,#1694);
#1483=LINE('',#3753,#1695);
#1484=LINE('',#3755,#1696);
#1485=LINE('',#3757,#1697);
#1486=LINE('',#3761,#1698);
#1487=LINE('',#3765,#1699);
#1488=LINE('',#3767,#1700);
#1489=LINE('',#3768,#1701);
#1490=LINE('',#3770,#1702);
#1491=LINE('',#3772,#1703);
#1492=LINE('',#3774,#1704);
#1493=LINE('',#3776,#1705);
#1494=LINE('',#3778,#1706);
#1495=LINE('',#3780,#1707);
#1496=LINE('',#3782,#1708);
#1497=LINE('',#3784,#1709);
#1498=LINE('',#3786,#1710);
#1499=LINE('',#3788,#1711);
#1500=LINE('',#3790,#1712);
#1501=LINE('',#3792,#1713);
#1502=LINE('',#3794,#1714);
#1503=LINE('',#3796,#1715);
#1504=LINE('',#3798,#1716);
#1505=LINE('',#3800,#1717);
#1506=LINE('',#3802,#1718);
#1507=LINE('',#3804,#1719);
#1508=LINE('',#3806,#1720);
#1509=LINE('',#3808,#1721);
#1510=LINE('',#3810,#1722);
#1511=LINE('',#3812,#1723);
#1512=LINE('',#3814,#1724);
#1513=LINE('',#3816,#1725);
#1514=LINE('',#3818,#1726);
#1515=LINE('',#3820,#1727);
#1516=LINE('',#3822,#1728);
#1517=LINE('',#3824,#1729);
#1518=LINE('',#3826,#1730);
#1519=LINE('',#3828,#1731);
#1520=LINE('',#3830,#1732);
#1521=LINE('',#3832,#1733);
#1522=LINE('',#3834,#1734);
#1523=LINE('',#3836,#1735);
#1524=LINE('',#3838,#1736);
#1525=LINE('',#3840,#1737);
#1526=LINE('',#3842,#1738);
#1527=LINE('',#3844,#1739);
#1528=LINE('',#3846,#1740);
#1529=LINE('',#3848,#1741);
#1530=LINE('',#3850,#1742);
#1531=LINE('',#3852,#1743);
#1532=LINE('',#3854,#1744);
#1533=LINE('',#3856,#1745);
#1534=LINE('',#3858,#1746);
#1535=LINE('',#3860,#1747);
#1536=LINE('',#3862,#1748);
#1537=LINE('',#3864,#1749);
#1538=LINE('',#3866,#1750);
#1539=LINE('',#3868,#1751);
#1540=LINE('',#3870,#1752);
#1541=LINE('',#3872,#1753);
#1542=LINE('',#3874,#1754);
#1543=LINE('',#3876,#1755);
#1544=VECTOR('',#2569,1.);
#1545=VECTOR('',#2570,1.);
#1546=VECTOR('',#2571,1.);
#1547=VECTOR('',#2572,1.);
#1548=VECTOR('',#2577,1.);
#1549=VECTOR('',#2582,1.);
#1550=VECTOR('',#2583,1.);
#1551=VECTOR('',#2584,1.);
#1552=VECTOR('',#2589,1.);
#1553=VECTOR('',#2594,1.);
#1554=VECTOR('',#2595,1.);
#1555=VECTOR('',#2596,1.);
#1556=VECTOR('',#2601,1.);
#1557=VECTOR('',#2606,1.);
#1558=VECTOR('',#2607,1.);
#1559=VECTOR('',#2608,1.);
#1560=VECTOR('',#2611,1.);
#1561=VECTOR('',#2612,1.);
#1562=VECTOR('',#2613,1.);
#1563=VECTOR('',#2614,1.);
#1564=VECTOR('',#2619,1.);
#1565=VECTOR('',#2624,1.);
#1566=VECTOR('',#2625,1.);
#1567=VECTOR('',#2626,1.);
#1568=VECTOR('',#2631,1.);
#1569=VECTOR('',#2636,1.);
#1570=VECTOR('',#2637,1.);
#1571=VECTOR('',#2638,1.);
#1572=VECTOR('',#2643,1.);
#1573=VECTOR('',#2648,1.);
#1574=VECTOR('',#2649,1.);
#1575=VECTOR('',#2650,1.);
#1576=VECTOR('',#2655,1.);
#1577=VECTOR('',#2660,1.);
#1578=VECTOR('',#2661,1.);
#1579=VECTOR('',#2662,1.);
#1580=VECTOR('',#2667,1.);
#1581=VECTOR('',#2672,1.);
#1582=VECTOR('',#2673,1.);
#1583=VECTOR('',#2674,1.);
#1584=VECTOR('',#2679,1.);
#1585=VECTOR('',#2684,1.);
#1586=VECTOR('',#2685,1.);
#1587=VECTOR('',#2686,1.);
#1588=VECTOR('',#2691,1.);
#1589=VECTOR('',#2696,1.);
#1590=VECTOR('',#2697,1.);
#1591=VECTOR('',#2698,1.);
#1592=VECTOR('',#2703,1.);
#1593=VECTOR('',#2708,1.);
#1594=VECTOR('',#2709,1.);
#1595=VECTOR('',#2710,1.);
#1596=VECTOR('',#2715,1.);
#1597=VECTOR('',#2720,1.);
#1598=VECTOR('',#2721,1.);
#1599=VECTOR('',#2722,1.);
#1600=VECTOR('',#2727,1.);
#1601=VECTOR('',#2732,1.);
#1602=VECTOR('',#2733,1.);
#1603=VECTOR('',#2734,1.);
#1604=VECTOR('',#2739,1.);
#1605=VECTOR('',#2744,1.);
#1606=VECTOR('',#2745,1.);
#1607=VECTOR('',#2746,1.);
#1608=VECTOR('',#2751,1.);
#1609=VECTOR('',#2756,1.);
#1610=VECTOR('',#2757,1.);
#1611=VECTOR('',#2758,1.);
#1612=VECTOR('',#2763,1.);
#1613=VECTOR('',#2768,1.);
#1614=VECTOR('',#2769,1.);
#1615=VECTOR('',#2770,1.);
#1616=VECTOR('',#2775,1.);
#1617=VECTOR('',#2780,1.);
#1618=VECTOR('',#2781,1.);
#1619=VECTOR('',#2782,1.);
#1620=VECTOR('',#2787,1.);
#1621=VECTOR('',#2792,1.);
#1622=VECTOR('',#2793,1.);
#1623=VECTOR('',#2794,1.);
#1624=VECTOR('',#2799,1.);
#1625=VECTOR('',#2804,1.);
#1626=VECTOR('',#2805,1.);
#1627=VECTOR('',#2806,1.);
#1628=VECTOR('',#2811,1.);
#1629=VECTOR('',#2816,1.);
#1630=VECTOR('',#2817,1.);
#1631=VECTOR('',#2818,1.);
#1632=VECTOR('',#2823,1.);
#1633=VECTOR('',#2828,1.);
#1634=VECTOR('',#2829,1.);
#1635=VECTOR('',#2830,1.);
#1636=VECTOR('',#2835,1.);
#1637=VECTOR('',#2840,1.);
#1638=VECTOR('',#2841,1.);
#1639=VECTOR('',#2842,1.);
#1640=VECTOR('',#2847,1.);
#1641=VECTOR('',#2852,1.);
#1642=VECTOR('',#2853,1.);
#1643=VECTOR('',#2854,1.);
#1644=VECTOR('',#2859,1.);
#1645=VECTOR('',#2864,1.);
#1646=VECTOR('',#2865,1.);
#1647=VECTOR('',#2866,1.);
#1648=VECTOR('',#2871,1.);
#1649=VECTOR('',#2876,1.);
#1650=VECTOR('',#2877,1.);
#1651=VECTOR('',#2878,1.);
#1652=VECTOR('',#2883,1.);
#1653=VECTOR('',#2888,1.);
#1654=VECTOR('',#2889,1.);
#1655=VECTOR('',#2890,1.);
#1656=VECTOR('',#2895,1.);
#1657=VECTOR('',#2900,1.);
#1658=VECTOR('',#2901,1.);
#1659=VECTOR('',#2902,1.);
#1660=VECTOR('',#2907,1.);
#1661=VECTOR('',#2912,1.);
#1662=VECTOR('',#2913,1.);
#1663=VECTOR('',#2914,1.);
#1664=VECTOR('',#2919,1.);
#1665=VECTOR('',#2924,1.);
#1666=VECTOR('',#2925,1.);
#1667=VECTOR('',#2926,1.);
#1668=VECTOR('',#2931,1.);
#1669=VECTOR('',#2936,1.);
#1670=VECTOR('',#2937,1.);
#1671=VECTOR('',#2938,1.);
#1672=VECTOR('',#2979,1.);
#1673=VECTOR('',#2980,1.);
#1674=VECTOR('',#2983,1.);
#1675=VECTOR('',#2986,1.);
#1676=VECTOR('',#2989,1.);
#1677=VECTOR('',#2992,1.);
#1678=VECTOR('',#2993,1.);
#1679=VECTOR('',#2994,1.);
#1680=VECTOR('',#2997,1.);
#1681=VECTOR('',#3000,1.);
#1682=VECTOR('',#3001,1.);
#1683=VECTOR('',#3002,1.);
#1684=VECTOR('',#3005,1.);
#1685=VECTOR('',#3008,1.);
#1686=VECTOR('',#3009,1.);
#1687=VECTOR('',#3010,1.);
#1688=VECTOR('',#3013,1.);
#1689=VECTOR('',#3016,1.);
#1690=VECTOR('',#3019,1.);
#1691=VECTOR('',#3022,1.);
#1692=VECTOR('',#3023,1.);
#1693=VECTOR('',#3024,1.);
#1694=VECTOR('',#3027,1.);
#1695=VECTOR('',#3030,1.);
#1696=VECTOR('',#3031,1.);
#1697=VECTOR('',#3032,1.);
#1698=VECTOR('',#3035,1.);
#1699=VECTOR('',#3038,1.);
#1700=VECTOR('',#3041,1.);
#1701=VECTOR('',#3042,1.);
#1702=VECTOR('',#3045,1.);
#1703=VECTOR('',#3048,1.);
#1704=VECTOR('',#3051,1.);
#1705=VECTOR('',#3054,1.);
#1706=VECTOR('',#3057,1.);
#1707=VECTOR('',#3060,1.);
#1708=VECTOR('',#3063,1.);
#1709=VECTOR('',#3066,1.);
#1710=VECTOR('',#3069,1.);
#1711=VECTOR('',#3072,1.);
#1712=VECTOR('',#3075,1.);
#1713=VECTOR('',#3078,1.);
#1714=VECTOR('',#3081,1.);
#1715=VECTOR('',#3084,1.);
#1716=VECTOR('',#3087,1.);
#1717=VECTOR('',#3090,1.);
#1718=VECTOR('',#3093,1.);
#1719=VECTOR('',#3096,1.);
#1720=VECTOR('',#3099,1.);
#1721=VECTOR('',#3102,1.);
#1722=VECTOR('',#3105,1.);
#1723=VECTOR('',#3108,1.);
#1724=VECTOR('',#3111,1.);
#1725=VECTOR('',#3114,1.);
#1726=VECTOR('',#3117,1.);
#1727=VECTOR('',#3120,1.);
#1728=VECTOR('',#3123,1.);
#1729=VECTOR('',#3126,1.);
#1730=VECTOR('',#3129,1.);
#1731=VECTOR('',#3132,1.);
#1732=VECTOR('',#3135,1.);
#1733=VECTOR('',#3138,1.);
#1734=VECTOR('',#3141,1.);
#1735=VECTOR('',#3144,1.);
#1736=VECTOR('',#3147,1.);
#1737=VECTOR('',#3150,1.);
#1738=VECTOR('',#3153,1.);
#1739=VECTOR('',#3156,1.);
#1740=VECTOR('',#3159,1.);
#1741=VECTOR('',#3162,1.);
#1742=VECTOR('',#3165,1.);
#1743=VECTOR('',#3168,1.);
#1744=VECTOR('',#3171,1.);
#1745=VECTOR('',#3174,1.);
#1746=VECTOR('',#3177,1.);
#1747=VECTOR('',#3180,1.);
#1748=VECTOR('',#3183,1.);
#1749=VECTOR('',#3186,1.);
#1750=VECTOR('',#3189,1.);
#1751=VECTOR('',#3192,1.);
#1752=VECTOR('',#3195,1.);
#1753=VECTOR('',#3198,1.);
#1754=VECTOR('',#3201,1.);
#1755=VECTOR('',#3204,1.);
#1756=EDGE_LOOP('',(#188,#189,#190,#191));
#1757=EDGE_LOOP('',(#192,#193,#194,#195));
#1758=EDGE_LOOP('',(#196,#197,#198,#199));
#1759=EDGE_LOOP('',(#200,#201,#202,#203));
#1760=EDGE_LOOP('',(#204,#205,#206,#207));
#1761=EDGE_LOOP('',(#208,#209,#210,#211));
#1762=EDGE_LOOP('',(#212,#213,#214,#215));
#1763=EDGE_LOOP('',(#216,#217,#218,#219));
#1764=EDGE_LOOP('',(#220,#221,#222,#223));
#1765=EDGE_LOOP('',(#224,#225,#226,#227));
#1766=EDGE_LOOP('',(#228,#229,#230,#231));
#1767=EDGE_LOOP('',(#232,#233,#234,#235));
#1768=EDGE_LOOP('',(#236,#237,#238,#239));
#1769=EDGE_LOOP('',(#240,#241,#242,#243));
#1770=EDGE_LOOP('',(#244,#245,#246,#247));
#1771=EDGE_LOOP('',(#248,#249,#250,#251));
#1772=EDGE_LOOP('',(#252,#253,#254,#255));
#1773=EDGE_LOOP('',(#256,#257,#258,#259));
#1774=EDGE_LOOP('',(#260,#261,#262,#263));
#1775=EDGE_LOOP('',(#264,#265,#266,#267));
#1776=EDGE_LOOP('',(#268,#269,#270,#271));
#1777=EDGE_LOOP('',(#272,#273,#274,#275));
#1778=EDGE_LOOP('',(#276,#277,#278,#279));
#1779=EDGE_LOOP('',(#280,#281,#282,#283));
#1780=EDGE_LOOP('',(#284,#285,#286,#287));
#1781=EDGE_LOOP('',(#288,#289,#290,#291));
#1782=EDGE_LOOP('',(#292,#293,#294,#295));
#1783=EDGE_LOOP('',(#296,#297,#298,#299));
#1784=EDGE_LOOP('',(#300,#301,#302,#303));
#1785=EDGE_LOOP('',(#304,#305,#306,#307));
#1786=EDGE_LOOP('',(#308,#309,#310,#311));
#1787=EDGE_LOOP('',(#312,#313,#314,#315));
#1788=EDGE_LOOP('',(#316,#317,#318,#319));
#1789=EDGE_LOOP('',(#320,#321,#322,#323));
#1790=EDGE_LOOP('',(#324,#325,#326,#327));
#1791=EDGE_LOOP('',(#328,#329,#330,#331));
#1792=EDGE_LOOP('',(#332,#333,#334,#335));
#1793=EDGE_LOOP('',(#336,#337,#338,#339));
#1794=EDGE_LOOP('',(#340,#341,#342,#343));
#1795=EDGE_LOOP('',(#344,#345,#346,#347));
#1796=EDGE_LOOP('',(#348,#349,#350,#351));
#1797=EDGE_LOOP('',(#352,#353,#354,#355));
#1798=EDGE_LOOP('',(#356,#357,#358,#359));
#1799=EDGE_LOOP('',(#360,#361,#362,#363));
#1800=EDGE_LOOP('',(#364,#365,#366,#367));
#1801=EDGE_LOOP('',(#368,#369,#370,#371));
#1802=EDGE_LOOP('',(#372,#373,#374,#375));
#1803=EDGE_LOOP('',(#376,#377,#378,#379));
#1804=EDGE_LOOP('',(#380,#381,#382,#383));
#1805=EDGE_LOOP('',(#384,#385,#386,#387));
#1806=EDGE_LOOP('',(#388,#389,#390,#391));
#1807=EDGE_LOOP('',(#392,#393,#394,#395));
#1808=EDGE_LOOP('',(#396,#397,#398,#399));
#1809=EDGE_LOOP('',(#400,#401,#402,#403));
#1810=EDGE_LOOP('',(#404,#405,#406,#407));
#1811=EDGE_LOOP('',(#408,#409,#410,#411));
#1812=EDGE_LOOP('',(#412,#413,#414,#415));
#1813=EDGE_LOOP('',(#416,#417,#418,#419));
#1814=EDGE_LOOP('',(#420,#421,#422,#423));
#1815=EDGE_LOOP('',(#424,#425,#426,#427));
#1816=EDGE_LOOP('',(#428,#429,#430,#431));
#1817=EDGE_LOOP('',(#432,#433,#434,#435));
#1818=EDGE_LOOP('',(#436,#437,#438,#439));
#1819=EDGE_LOOP('',(#440,#441,#442,#443));
#1820=EDGE_LOOP('',(#444));
#1821=EDGE_LOOP('',(#445));
#1822=EDGE_LOOP('',(#446));
#1823=EDGE_LOOP('',(#447));
#1824=EDGE_LOOP('',(#448));
#1825=EDGE_LOOP('',(#449));
#1826=EDGE_LOOP('',(#450,#451,#452,#453,#454,#455,#456,#457,#458,#459,#460,#461,#462,#463,#464,#465,#466,#467,#468,#469,#470,#471,#472,#473,#474,#475,#476,#477,#478,#479,#480,#481,#482,#483,#484,#485,#486,#487,#488,#489,#490,#491,#492,#493,#494,#495,#496,#497,#498,#499,#500,#501,#502,#503,#504,#505));
#1827=EDGE_LOOP('',(#506,#507,#508,#509,#510,#511,#512,#513));
#1828=EDGE_LOOP('',(#514));
#1829=EDGE_LOOP('',(#515));
#1830=EDGE_LOOP('',(#516));
#1831=EDGE_LOOP('',(#517));
#1832=EDGE_LOOP('',(#518));
#1833=EDGE_LOOP('',(#519));
#1834=EDGE_LOOP('',(#520,#521,#522,#523,#524,#525,#526,#527,#528,#529,#530,#531,#532,#533,#534,#535,#536,#537,#538,#539,#540,#541,#542,#543,#544,#545,#546,#547,#548,#549,#550,#551,#552,#553,#554,#555,#556,#557,#558,#559,#560,#561,#562,#563));
#1835=EDGE_LOOP('',(#564,#565,#566,#567,#568,#569,#570,#571));
#1836=EDGE_LOOP('',(#572,#573,#574));
#1837=EDGE_LOOP('',(#575,#576,#577,#578));
#1838=EDGE_LOOP('',(#579,#580,#581,#582));
#1839=EDGE_LOOP('',(#583,#584,#585));
#1840=EDGE_LOOP('',(#586,#587,#588,#589));
#1841=EDGE_LOOP('',(#590,#591,#592,#593));
#1842=EDGE_LOOP('',(#594,#595,#596,#597));
#1843=EDGE_LOOP('',(#598,#599,#600,#601));
#1844=EDGE_LOOP('',(#602,#603,#604,#605));
#1845=EDGE_LOOP('',(#606,#607,#608,#609));
#1846=EDGE_LOOP('',(#610,#611,#612,#613));
#1847=EDGE_LOOP('',(#614,#615,#616,#617));
#1848=EDGE_LOOP('',(#618,#619,#620,#621));
#1849=EDGE_LOOP('',(#622,#623,#624,#625));
#1850=EDGE_LOOP('',(#626,#627,#628,#629));
#1851=EDGE_LOOP('',(#630,#631,#632));
#1852=EDGE_LOOP('',(#633,#634,#635,#636));
#1853=EDGE_LOOP('',(#637,#638,#639,#640));
#1854=EDGE_LOOP('',(#641,#642,#643,#644));
#1855=EDGE_LOOP('',(#645,#646,#647));
#1856=EDGE_LOOP('',(#648,#649,#650));
#1857=EDGE_LOOP('',(#651,#652,#653,#654));
#1858=EDGE_LOOP('',(#655,#656,#657,#658));
#1859=EDGE_LOOP('',(#659,#660,#661,#662));
#1860=EDGE_LOOP('',(#663,#664,#665));
#1861=EDGE_LOOP('',(#666,#667,#668,#669));
#1862=EDGE_LOOP('',(#670,#671,#672,#673));
#1863=EDGE_LOOP('',(#674,#675,#676,#677));
#1864=EDGE_LOOP('',(#678,#679,#680,#681));
#1865=EDGE_LOOP('',(#682,#683,#684,#685));
#1866=EDGE_LOOP('',(#686,#687,#688,#689));
#1867=EDGE_LOOP('',(#690,#691,#692));
#1868=EDGE_LOOP('',(#693,#694,#695,#696));
#1869=EDGE_LOOP('',(#697,#698,#699,#700));
#1870=EDGE_LOOP('',(#701,#702,#703,#704));
#1871=EDGE_LOOP('',(#705,#706,#707));
#1872=EDGE_LOOP('',(#708,#709,#710));
#1873=EDGE_LOOP('',(#711,#712,#713,#714));
#1874=EDGE_LOOP('',(#715,#716,#717,#718));
#1875=EDGE_LOOP('',(#719,#720,#721,#722));
#1876=EDGE_LOOP('',(#723,#724,#725));
#1877=EDGE_LOOP('',(#726,#727,#728,#729));
#1878=EDGE_LOOP('',(#730,#731,#732,#733));
#1879=EDGE_LOOP('',(#734,#735,#736,#737));
#1880=EDGE_LOOP('',(#738,#739,#740,#741));
#1881=EDGE_LOOP('',(#742,#743,#744,#745));
#1882=EDGE_LOOP('',(#746,#747,#748,#749));
#1883=EDGE_LOOP('',(#750,#751,#752,#753));
#1884=EDGE_LOOP('',(#754,#755,#756,#757));
#1885=EDGE_LOOP('',(#758,#759,#760,#761));
#1886=EDGE_LOOP('',(#762,#763,#764,#765));
#1887=EDGE_LOOP('',(#766,#767,#768,#769));
#1888=EDGE_LOOP('',(#770,#771,#772));
#1889=EDGE_LOOP('',(#773,#774,#775,#776));
#1890=EDGE_LOOP('',(#777,#778,#779,#780));
#1891=EDGE_LOOP('',(#781,#782,#783));
#1892=EDGE_LOOP('',(#784));
#1893=EDGE_LOOP('',(#785));
#1894=EDGE_LOOP('',(#786));
#1895=EDGE_LOOP('',(#787));
#1896=EDGE_LOOP('',(#788));
#1897=EDGE_LOOP('',(#789));
#1898=EDGE_LOOP('',(#790));
#1899=EDGE_LOOP('',(#791));
#1900=EDGE_LOOP('',(#792));
#1901=EDGE_LOOP('',(#793));
#1902=EDGE_LOOP('',(#794));
#1903=EDGE_LOOP('',(#795));
#1904=EDGE_LOOP('',(#796));
#1905=EDGE_LOOP('',(#797));
#1906=EDGE_LOOP('',(#798));
#1907=EDGE_LOOP('',(#799));
#1908=EDGE_LOOP('',(#800));
#1909=EDGE_LOOP('',(#801));
#1910=EDGE_LOOP('',(#802));
#1911=EDGE_LOOP('',(#803));
#1912=EDGE_LOOP('',(#804));
#1913=EDGE_LOOP('',(#805));
#1914=EDGE_LOOP('',(#806));
#1915=EDGE_LOOP('',(#807));
#1916=EDGE_LOOP('',(#808));
#1917=EDGE_LOOP('',(#809));
#1918=EDGE_LOOP('',(#810));
#1919=EDGE_LOOP('',(#811));
#1920=EDGE_LOOP('',(#812));
#1921=EDGE_LOOP('',(#813));
#1922=EDGE_LOOP('',(#814));
#1923=EDGE_LOOP('',(#815));
#1924=EDGE_LOOP('',(#816));
#1925=EDGE_LOOP('',(#817));
#1926=EDGE_LOOP('',(#818));
#1927=EDGE_LOOP('',(#819));
#1928=FACE_BOUND('',#1756,.T.);
#1929=FACE_BOUND('',#1757,.T.);
#1930=FACE_BOUND('',#1758,.T.);
#1931=FACE_BOUND('',#1759,.T.);
#1932=FACE_BOUND('',#1760,.T.);
#1933=FACE_BOUND('',#1761,.T.);
#1934=FACE_BOUND('',#1762,.T.);
#1935=FACE_BOUND('',#1763,.T.);
#1936=FACE_BOUND('',#1764,.T.);
#1937=FACE_BOUND('',#1765,.T.);
#1938=FACE_BOUND('',#1766,.T.);
#1939=FACE_BOUND('',#1767,.T.);
#1940=FACE_BOUND('',#1768,.T.);
#1941=FACE_BOUND('',#1769,.T.);
#1942=FACE_BOUND('',#1770,.T.);
#1943=FACE_BOUND('',#1771,.T.);
#1944=FACE_BOUND('',#1772,.T.);
#1945=FACE_BOUND('',#1773,.T.);
#1946=FACE_BOUND('',#1774,.T.);
#1947=FACE_BOUND('',#1775,.T.);
#1948=FACE_BOUND('',#1776,.T.);
#1949=FACE_BOUND('',#1777,.T.);
#1950=FACE_BOUND('',#1778,.T.);
#1951=FACE_BOUND('',#1779,.T.);
#1952=FACE_BOUND('',#1780,.T.);
#1953=FACE_BOUND('',#1781,.T.);
#1954=FACE_BOUND('',#1782,.T.);
#1955=FACE_BOUND('',#1783,.T.);
#1956=FACE_BOUND('',#1784,.T.);
#1957=FACE_BOUND('',#1785,.T.);
#1958=FACE_BOUND('',#1786,.T.);
#1959=FACE_BOUND('',#1787,.T.);
#1960=FACE_BOUND('',#1788,.T.);
#1961=FACE_BOUND('',#1789,.T.);
#1962=FACE_BOUND('',#1790,.T.);
#1963=FACE_BOUND('',#1791,.T.);
#1964=FACE_BOUND('',#1792,.T.);
#1965=FACE_BOUND('',#1793,.T.);
#1966=FACE_BOUND('',#1794,.T.);
#1967=FACE_BOUND('',#1795,.T.);
#1968=FACE_BOUND('',#1796,.T.);
#1969=FACE_BOUND('',#1797,.T.);
#1970=FACE_BOUND('',#1798,.T.);
#1971=FACE_BOUND('',#1799,.T.);
#1972=FACE_BOUND('',#1800,.T.);
#1973=FACE_BOUND('',#1801,.T.);
#1974=FACE_BOUND('',#1802,.T.);
#1975=FACE_BOUND('',#1803,.T.);
#1976=FACE_BOUND('',#1804,.T.);
#1977=FACE_BOUND('',#1805,.T.);
#1978=FACE_BOUND('',#1806,.T.);
#1979=FACE_BOUND('',#1807,.T.);
#1980=FACE_BOUND('',#1808,.T.);
#1981=FACE_BOUND('',#1809,.T.);
#1982=FACE_BOUND('',#1810,.T.);
#1983=FACE_BOUND('',#1811,.T.);
#1984=FACE_BOUND('',#1812,.T.);
#1985=FACE_BOUND('',#1813,.T.);
#1986=FACE_BOUND('',#1814,.T.);
#1987=FACE_BOUND('',#1815,.T.);
#1988=FACE_BOUND('',#1816,.T.);
#1989=FACE_BOUND('',#1817,.T.);
#1990=FACE_BOUND('',#1818,.T.);
#1991=FACE_BOUND('',#1819,.T.);
#1992=FACE_BOUND('',#1820,.T.);
#1993=FACE_BOUND('',#1821,.T.);
#1994=FACE_BOUND('',#1822,.T.);
#1995=FACE_BOUND('',#1823,.T.);
#1996=FACE_BOUND('',#1824,.T.);
#1997=FACE_BOUND('',#1825,.T.);
#1998=FACE_BOUND('',#1826,.T.);
#1999=FACE_BOUND('',#1827,.T.);
#2000=FACE_BOUND('',#1828,.T.);
#2001=FACE_BOUND('',#1829,.T.);
#2002=FACE_BOUND('',#1830,.T.);
#2003=FACE_BOUND('',#1831,.T.);
#2004=FACE_BOUND('',#1832,.T.);
#2005=FACE_BOUND('',#1833,.T.);
#2006=FACE_BOUND('',#1834,.T.);
#2007=FACE_BOUND('',#1835,.T.);
#2008=FACE_BOUND('',#1836,.T.);
#2009=FACE_BOUND('',#1837,.T.);
#2010=FACE_BOUND('',#1838,.T.);
#2011=FACE_BOUND('',#1839,.T.);
#2012=FACE_BOUND('',#1840,.T.);
#2013=FACE_BOUND('',#1841,.T.);
#2014=FACE_BOUND('',#1842,.T.);
#2015=FACE_BOUND('',#1843,.T.);
#2016=FACE_BOUND('',#1844,.T.);
#2017=FACE_BOUND('',#1845,.T.);
#2018=FACE_BOUND('',#1846,.T.);
#2019=FACE_BOUND('',#1847,.T.);
#2020=FACE_BOUND('',#1848,.T.);
#2021=FACE_BOUND('',#1849,.T.);
#2022=FACE_BOUND('',#1850,.T.);
#2023=FACE_BOUND('',#1851,.T.);
#2024=FACE_BOUND('',#1852,.T.);
#2025=FACE_BOUND('',#1853,.T.);
#2026=FACE_BOUND('',#1854,.T.);
#2027=FACE_BOUND('',#1855,.T.);
#2028=FACE_BOUND('',#1856,.T.);
#2029=FACE_BOUND('',#1857,.T.);
#2030=FACE_BOUND('',#1858,.T.);
#2031=FACE_BOUND('',#1859,.T.);
#2032=FACE_BOUND('',#1860,.T.);
#2033=FACE_BOUND('',#1861,.T.);
#2034=FACE_BOUND('',#1862,.T.);
#2035=FACE_BOUND('',#1863,.T.);
#2036=FACE_BOUND('',#1864,.T.);
#2037=FACE_BOUND('',#1865,.T.);
#2038=FACE_BOUND('',#1866,.T.);
#2039=FACE_BOUND('',#1867,.T.);
#2040=FACE_BOUND('',#1868,.T.);
#2041=FACE_BOUND('',#1869,.T.);
#2042=FACE_BOUND('',#1870,.T.);
#2043=FACE_BOUND('',#1871,.T.);
#2044=FACE_BOUND('',#1872,.T.);
#2045=FACE_BOUND('',#1873,.T.);
#2046=FACE_BOUND('',#1874,.T.);
#2047=FACE_BOUND('',#1875,.T.);
#2048=FACE_BOUND('',#1876,.T.);
#2049=FACE_BOUND('',#1877,.T.);
#2050=FACE_BOUND('',#1878,.T.);
#2051=FACE_BOUND('',#1879,.T.);
#2052=FACE_BOUND('',#1880,.T.);
#2053=FACE_BOUND('',#1881,.T.);
#2054=FACE_BOUND('',#1882,.T.);
#2055=FACE_BOUND('',#1883,.T.);
#2056=FACE_BOUND('',#1884,.T.);
#2057=FACE_BOUND('',#1885,.T.);
#2058=FACE_BOUND('',#1886,.T.);
#2059=FACE_BOUND('',#1887,.T.);
#2060=FACE_BOUND('',#1888,.T.);
#2061=FACE_BOUND('',#1889,.T.);
#2062=FACE_BOUND('',#1890,.T.);
#2063=FACE_BOUND('',#1891,.T.);
#2064=FACE_BOUND('',#1892,.T.);
#2065=FACE_BOUND('',#1893,.T.);
#2066=FACE_BOUND('',#1894,.T.);
#2067=FACE_BOUND('',#1895,.T.);
#2068=FACE_BOUND('',#1896,.T.);
#2069=FACE_BOUND('',#1897,.T.);
#2070=FACE_BOUND('',#1898,.T.);
#2071=FACE_BOUND('',#1899,.T.);
#2072=FACE_BOUND('',#1900,.T.);
#2073=FACE_BOUND('',#1901,.T.);
#2074=FACE_BOUND('',#1902,.T.);
#2075=FACE_BOUND('',#1903,.T.);
#2076=FACE_BOUND('',#1904,.T.);
#2077=FACE_BOUND('',#1905,.T.);
#2078=FACE_BOUND('',#1906,.T.);
#2079=FACE_BOUND('',#1907,.T.);
#2080=FACE_BOUND('',#1908,.T.);
#2081=FACE_BOUND('',#1909,.T.);
#2082=FACE_BOUND('',#1910,.T.);
#2083=FACE_BOUND('',#1911,.T.);
#2084=FACE_BOUND('',#1912,.T.);
#2085=FACE_BOUND('',#1913,.T.);
#2086=FACE_BOUND('',#1914,.T.);
#2087=FACE_BOUND('',#1915,.T.);
#2088=FACE_BOUND('',#1916,.T.);
#2089=FACE_BOUND('',#1917,.T.);
#2090=FACE_BOUND('',#1918,.T.);
#2091=FACE_BOUND('',#1919,.T.);
#2092=FACE_BOUND('',#1920,.T.);
#2093=FACE_BOUND('',#1921,.T.);
#2094=FACE_BOUND('',#1922,.T.);
#2095=FACE_BOUND('',#1923,.T.);
#2096=FACE_BOUND('',#1924,.T.);
#2097=FACE_BOUND('',#1925,.T.);
#2098=FACE_BOUND('',#1926,.T.);
#2099=FACE_BOUND('',#1927,.T.);
#2100=PLANE('',#2321);
#2101=PLANE('',#2325);
#2102=PLANE('',#2329);
#2103=PLANE('',#2333);
#2104=PLANE('',#2334);
#2105=PLANE('',#2338);
#2106=PLANE('',#2342);
#2107=PLANE('',#2346);
#2108=PLANE('',#2350);
#2109=PLANE('',#2354);
#2110=PLANE('',#2358);
#2111=PLANE('',#2362);
#2112=PLANE('',#2366);
#2113=PLANE('',#2370);
#2114=PLANE('',#2374);
#2115=PLANE('',#2378);
#2116=PLANE('',#2382);
#2117=PLANE('',#2386);
#2118=PLANE('',#2390);
#2119=PLANE('',#2394);
#2120=PLANE('',#2398);
#2121=PLANE('',#2402);
#2122=PLANE('',#2406);
#2123=PLANE('',#2410);
#2124=PLANE('',#2414);
#2125=PLANE('',#2418);
#2126=PLANE('',#2422);
#2127=PLANE('',#2426);
#2128=PLANE('',#2430);
#2129=PLANE('',#2434);
#2130=PLANE('',#2438);
#2131=PLANE('',#2442);
#2132=PLANE('',#2449);
#2133=PLANE('',#2456);
#2134=PLANE('',#2480);
#2135=PLANE('',#2481);
#2136=PLANE('',#2484);
#2137=PLANE('',#2485);
#2138=PLANE('',#2488);
#2139=PLANE('',#2489);
#2140=PLANE('',#2492);
#2141=PLANE('',#2493);
#2142=PLANE('',#2496);
#2143=PLANE('',#2497);
#2144=PLANE('',#2500);
#2145=PLANE('',#2501);
#2146=PLANE('',#2504);
#2147=PLANE('',#2505);
#2148=PLANE('',#2508);
#2149=PLANE('',#2509);
#2150=PLANE('',#2512);
#2151=PLANE('',#2513);
#2152=PLANE('',#2516);
#2153=PLANE('',#2517);
#2154=PLANE('',#2520);
#2155=PLANE('',#2521);
#2156=PLANE('',#2524);
#2157=PLANE('',#2525);
#2158=PLANE('',#2528);
#2159=PLANE('',#2529);
#2160=PLANE('',#2532);
#2161=PLANE('',#2533);
#2162=PLANE('',#2537);
#2163=PLANE('',#2542);
#2164=PLANE('',#2547);
#2165=PLANE('',#2552);
#2166=PLANE('',#2557);
#2167=PLANE('',#2562);
#2168=ADVANCED_FACE('',(#1928),#2100,.T.);
#2169=ADVANCED_FACE('',(#1929),#144,.T.);
#2170=ADVANCED_FACE('',(#1930),#2101,.T.);
#2171=ADVANCED_FACE('',(#1931),#145,.T.);
#2172=ADVANCED_FACE('',(#1932),#2102,.F.);
#2173=ADVANCED_FACE('',(#1933),#146,.T.);
#2174=ADVANCED_FACE('',(#1934),#2103,.F.);
#2175=ADVANCED_FACE('',(#1935),#2104,.T.);
#2176=ADVANCED_FACE('',(#1936),#147,.T.);
#2177=ADVANCED_FACE('',(#1937),#2105,.T.);
#2178=ADVANCED_FACE('',(#1938),#148,.F.);
#2179=ADVANCED_FACE('',(#1939),#2106,.T.);
#2180=ADVANCED_FACE('',(#1940),#149,.F.);
#2181=ADVANCED_FACE('',(#1941),#2107,.F.);
#2182=ADVANCED_FACE('',(#1942),#150,.T.);
#2183=ADVANCED_FACE('',(#1943),#2108,.F.);
#2184=ADVANCED_FACE('',(#1944),#151,.T.);
#2185=ADVANCED_FACE('',(#1945),#2109,.T.);
#2186=ADVANCED_FACE('',(#1946),#152,.F.);
#2187=ADVANCED_FACE('',(#1947),#2110,.T.);
#2188=ADVANCED_FACE('',(#1948),#153,.F.);
#2189=ADVANCED_FACE('',(#1949),#2111,.F.);
#2190=ADVANCED_FACE('',(#1950),#154,.T.);
#2191=ADVANCED_FACE('',(#1951),#2112,.F.);
#2192=ADVANCED_FACE('',(#1952),#155,.T.);
#2193=ADVANCED_FACE('',(#1953),#2113,.T.);
#2194=ADVANCED_FACE('',(#1954),#156,.F.);
#2195=ADVANCED_FACE('',(#1955),#2114,.T.);
#2196=ADVANCED_FACE('',(#1956),#157,.F.);
#2197=ADVANCED_FACE('',(#1957),#2115,.F.);
#2198=ADVANCED_FACE('',(#1958),#158,.F.);
#2199=ADVANCED_FACE('',(#1959),#2116,.F.);
#2200=ADVANCED_FACE('',(#1960),#159,.F.);
#2201=ADVANCED_FACE('',(#1961),#2117,.F.);
#2202=ADVANCED_FACE('',(#1962),#160,.T.);
#2203=ADVANCED_FACE('',(#1963),#2118,.T.);
#2204=ADVANCED_FACE('',(#1964),#161,.T.);
#2205=ADVANCED_FACE('',(#1965),#2119,.T.);
#2206=ADVANCED_FACE('',(#1966),#162,.F.);
#2207=ADVANCED_FACE('',(#1967),#2120,.F.);
#2208=ADVANCED_FACE('',(#1968),#163,.F.);
#2209=ADVANCED_FACE('',(#1969),#2121,.F.);
#2210=ADVANCED_FACE('',(#1970),#164,.T.);
#2211=ADVANCED_FACE('',(#1971),#2122,.F.);
#2212=ADVANCED_FACE('',(#1972),#165,.T.);
#2213=ADVANCED_FACE('',(#1973),#2123,.T.);
#2214=ADVANCED_FACE('',(#1974),#166,.F.);
#2215=ADVANCED_FACE('',(#1975),#2124,.F.);
#2216=ADVANCED_FACE('',(#1976),#167,.F.);
#2217=ADVANCED_FACE('',(#1977),#2125,.F.);
#2218=ADVANCED_FACE('',(#1978),#168,.T.);
#2219=ADVANCED_FACE('',(#1979),#2126,.F.);
#2220=ADVANCED_FACE('',(#1980),#169,.T.);
#2221=ADVANCED_FACE('',(#1981),#2127,.T.);
#2222=ADVANCED_FACE('',(#1982),#170,.F.);
#2223=ADVANCED_FACE('',(#1983),#2128,.F.);
#2224=ADVANCED_FACE('',(#1984),#171,.F.);
#2225=ADVANCED_FACE('',(#1985),#2129,.F.);
#2226=ADVANCED_FACE('',(#1986),#172,.F.);
#2227=ADVANCED_FACE('',(#1987),#2130,.T.);
#2228=ADVANCED_FACE('',(#1988),#173,.F.);
#2229=ADVANCED_FACE('',(#1989),#2131,.T.);
#2230=ADVANCED_FACE('',(#1990),#174,.T.);
#2231=ADVANCED_FACE('',(#1991),#175,.T.);
#2232=ADVANCED_FACE('',(#1992,#1993,#1994,#1995,#1996,#1997,#1998,#1999),#2132,.T.);
#2233=ADVANCED_FACE('',(#2000,#2001,#2002,#2003,#2004,#2005,#2006,#2007),#2133,.F.);
#2234=ADVANCED_FACE('',(#2008),#12,.T.);
#2235=ADVANCED_FACE('',(#2009),#2134,.T.);
#2236=ADVANCED_FACE('',(#2010),#2135,.T.);
#2237=ADVANCED_FACE('',(#2011),#13,.T.);
#2238=ADVANCED_FACE('',(#2012),#14,.F.);
#2239=ADVANCED_FACE('',(#2013),#2136,.T.);
#2240=ADVANCED_FACE('',(#2014),#2137,.T.);
#2241=ADVANCED_FACE('',(#2015),#15,.F.);
#2242=ADVANCED_FACE('',(#2016),#16,.F.);
#2243=ADVANCED_FACE('',(#2017),#2138,.T.);
#2244=ADVANCED_FACE('',(#2018),#2139,.F.);
#2245=ADVANCED_FACE('',(#2019),#17,.F.);
#2246=ADVANCED_FACE('',(#2020),#18,.F.);
#2247=ADVANCED_FACE('',(#2021),#2140,.F.);
#2248=ADVANCED_FACE('',(#2022),#2141,.F.);
#2249=ADVANCED_FACE('',(#2023),#19,.T.);
#2250=ADVANCED_FACE('',(#2024),#20,.F.);
#2251=ADVANCED_FACE('',(#2025),#2142,.F.);
#2252=ADVANCED_FACE('',(#2026),#2143,.T.);
#2253=ADVANCED_FACE('',(#2027),#21,.T.);
#2254=ADVANCED_FACE('',(#2028),#22,.T.);
#2255=ADVANCED_FACE('',(#2029),#2144,.T.);
#2256=ADVANCED_FACE('',(#2030),#2145,.F.);
#2257=ADVANCED_FACE('',(#2031),#23,.F.);
#2258=ADVANCED_FACE('',(#2032),#24,.T.);
#2259=ADVANCED_FACE('',(#2033),#2146,.T.);
#2260=ADVANCED_FACE('',(#2034),#2147,.F.);
#2261=ADVANCED_FACE('',(#2035),#25,.F.);
#2262=ADVANCED_FACE('',(#2036),#26,.F.);
#2263=ADVANCED_FACE('',(#2037),#2148,.F.);
#2264=ADVANCED_FACE('',(#2038),#2149,.F.);
#2265=ADVANCED_FACE('',(#2039),#27,.T.);
#2266=ADVANCED_FACE('',(#2040),#28,.F.);
#2267=ADVANCED_FACE('',(#2041),#2150,.F.);
#2268=ADVANCED_FACE('',(#2042),#2151,.T.);
#2269=ADVANCED_FACE('',(#2043),#29,.T.);
#2270=ADVANCED_FACE('',(#2044),#30,.T.);
#2271=ADVANCED_FACE('',(#2045),#2152,.T.);
#2272=ADVANCED_FACE('',(#2046),#2153,.F.);
#2273=ADVANCED_FACE('',(#2047),#31,.F.);
#2274=ADVANCED_FACE('',(#2048),#32,.T.);
#2275=ADVANCED_FACE('',(#2049),#2154,.T.);
#2276=ADVANCED_FACE('',(#2050),#2155,.F.);
#2277=ADVANCED_FACE('',(#2051),#33,.F.);
#2278=ADVANCED_FACE('',(#2052),#34,.F.);
#2279=ADVANCED_FACE('',(#2053),#2156,.F.);
#2280=ADVANCED_FACE('',(#2054),#2157,.F.);
#2281=ADVANCED_FACE('',(#2055),#35,.F.);
#2282=ADVANCED_FACE('',(#2056),#36,.F.);
#2283=ADVANCED_FACE('',(#2057),#2158,.F.);
#2284=ADVANCED_FACE('',(#2058),#2159,.T.);
#2285=ADVANCED_FACE('',(#2059),#37,.F.);
#2286=ADVANCED_FACE('',(#2060),#38,.T.);
#2287=ADVANCED_FACE('',(#2061),#2160,.F.);
#2288=ADVANCED_FACE('',(#2062),#2161,.T.);
#2289=ADVANCED_FACE('',(#2063),#39,.T.);
#2290=ADVANCED_FACE('',(#2064,#2065),#176,.F.);
#2291=ADVANCED_FACE('',(#2066,#2067),#2162,.T.);
#2292=ADVANCED_FACE('',(#2068,#2069),#177,.F.);
#2293=ADVANCED_FACE('',(#2070,#2071),#178,.F.);
#2294=ADVANCED_FACE('',(#2072,#2073),#2163,.T.);
#2295=ADVANCED_FACE('',(#2074,#2075),#179,.F.);
#2296=ADVANCED_FACE('',(#2076,#2077),#180,.F.);
#2297=ADVANCED_FACE('',(#2078,#2079),#2164,.T.);
#2298=ADVANCED_FACE('',(#2080,#2081),#181,.F.);
#2299=ADVANCED_FACE('',(#2082,#2083),#182,.F.);
#2300=ADVANCED_FACE('',(#2084,#2085),#2165,.T.);
#2301=ADVANCED_FACE('',(#2086,#2087),#183,.F.);
#2302=ADVANCED_FACE('',(#2088,#2089),#184,.F.);
#2303=ADVANCED_FACE('',(#2090,#2091),#2166,.T.);
#2304=ADVANCED_FACE('',(#2092,#2093),#185,.F.);
#2305=ADVANCED_FACE('',(#2094,#2095),#186,.F.);
#2306=ADVANCED_FACE('',(#2096,#2097),#2167,.T.);
#2307=ADVANCED_FACE('',(#2098,#2099),#187,.F.);
#2308=CLOSED_SHELL('',(#2168,#2169,#2170,#2171,#2172,#2173,#2174,#2175,#2176,#2177,#2178,#2179,#2180,#2181,#2182,#2183,#2184,#2185,#2186,#2187,#2188,#2189,#2190,#2191,#2192,#2193,#2194,#2195,#2196,#2197,#2198,#2199,#2200,#2201,#2202,#2203,#2204,#2205,#2206,#2207,#2208,#2209,#2210,#2211,#2212,#2213,#2214,#2215,#2216,#2217,#2218,#2219,#2220,#2221,#2222,#2223,#2224,#2225,#2226,#2227,#2228,#2229,#2230,#2231,#2232,#2233,#2234,#2235,#2236,#2237,#2238,#2239,#2240,#2241,#2242,#2243,#2244,#2245,#2246,#2247,#2248,#2249,#2250,#2251,#2252,#2253,#2254,#2255,#2256,#2257,#2258,#2259,#2260,#2261,#2262,#2263,#2264,#2265,#2266,#2267,#2268,#2269,#2270,#2271,#2272,#2273,#2274,#2275,#2276,#2277,#2278,#2279,#2280,#2281,#2282,#2283,#2284,#2285,#2286,#2287,#2288,#2289,#2290,#2291,#2292,#2293,#2294,#2295,#2296,#2297,#2298,#2299,#2300,#2301,#2302,#2303,#2304,#2305,#2306,#2307));
#2309=STYLED_ITEM('',(#2310),#2317);
#2310=PRESENTATION_STYLE_ASSIGNMENT((#2311));
#2311=SURFACE_STYLE_USAGE(.BOTH.,#2312);
#2312=SURFACE_SIDE_STYLE('',(#2313));
#2313=SURFACE_STYLE_FILL_AREA(#2314);
#2314=FILL_AREA_STYLE('',(#2315));
#2315=FILL_AREA_STYLE_COLOUR('',#2316);
#2316=COLOUR_RGB('',0.701960784313725,0.701960784313725,0.701960784313725);
#2317=MANIFOLD_SOLID_BREP('Part 1',#2308);
#2318=SHAPE_DEFINITION_REPRESENTATION(#3926,#2319);
#2319=SHAPE_REPRESENTATION('Part 1',(#2320),#3921);
#2320=AXIS2_PLACEMENT_3D('',#3267,#2565,#2566);
#2321=AXIS2_PLACEMENT_3D('',#3268,#2567,#2568);
#2322=AXIS2_PLACEMENT_3D('',#3277,#2573,#2574);
#2323=AXIS2_PLACEMENT_3D('',#3278,#2575,#2576);
#2324=AXIS2_PLACEMENT_3D('',#3282,#2578,#2579);
#2325=AXIS2_PLACEMENT_3D('',#3283,#2580,#2581);
#2326=AXIS2_PLACEMENT_3D('',#3289,#2585,#2586);
#2327=AXIS2_PLACEMENT_3D('',#3290,#2587,#2588);
#2328=AXIS2_PLACEMENT_3D('',#3294,#2590,#2591);
#2329=AXIS2_PLACEMENT_3D('',#3295,#2592,#2593);
#2330=AXIS2_PLACEMENT_3D('',#3301,#2597,#2598);
#2331=AXIS2_PLACEMENT_3D('',#3302,#2599,#2600);
#2332=AXIS2_PLACEMENT_3D('',#3306,#2602,#2603);
#2333=AXIS2_PLACEMENT_3D('',#3307,#2604,#2605);
#2334=AXIS2_PLACEMENT_3D('',#3313,#2609,#2610);
#2335=AXIS2_PLACEMENT_3D('',#3322,#2615,#2616);
#2336=AXIS2_PLACEMENT_3D('',#3323,#2617,#2618);
#2337=AXIS2_PLACEMENT_3D('',#3327,#2620,#2621);
#2338=AXIS2_PLACEMENT_3D('',#3328,#2622,#2623);
#2339=AXIS2_PLACEMENT_3D('',#3334,#2627,#2628);
#2340=AXIS2_PLACEMENT_3D('',#3335,#2629,#2630);
#2341=AXIS2_PLACEMENT_3D('',#3339,#2632,#2633);
#2342=AXIS2_PLACEMENT_3D('',#3340,#2634,#2635);
#2343=AXIS2_PLACEMENT_3D('',#3346,#2639,#2640);
#2344=AXIS2_PLACEMENT_3D('',#3347,#2641,#2642);
#2345=AXIS2_PLACEMENT_3D('',#3351,#2644,#2645);
#2346=AXIS2_PLACEMENT_3D('',#3352,#2646,#2647);
#2347=AXIS2_PLACEMENT_3D('',#3358,#2651,#2652);
#2348=AXIS2_PLACEMENT_3D('',#3359,#2653,#2654);
#2349=AXIS2_PLACEMENT_3D('',#3363,#2656,#2657);
#2350=AXIS2_PLACEMENT_3D('',#3364,#2658,#2659);
#2351=AXIS2_PLACEMENT_3D('',#3370,#2663,#2664);
#2352=AXIS2_PLACEMENT_3D('',#3371,#2665,#2666);
#2353=AXIS2_PLACEMENT_3D('',#3375,#2668,#2669);
#2354=AXIS2_PLACEMENT_3D('',#3376,#2670,#2671);
#2355=AXIS2_PLACEMENT_3D('',#3382,#2675,#2676);
#2356=AXIS2_PLACEMENT_3D('',#3383,#2677,#2678);
#2357=AXIS2_PLACEMENT_3D('',#3387,#2680,#2681);
#2358=AXIS2_PLACEMENT_3D('',#3388,#2682,#2683);
#2359=AXIS2_PLACEMENT_3D('',#3394,#2687,#2688);
#2360=AXIS2_PLACEMENT_3D('',#3395,#2689,#2690);
#2361=AXIS2_PLACEMENT_3D('',#3399,#2692,#2693);
#2362=AXIS2_PLACEMENT_3D('',#3400,#2694,#2695);
#2363=AXIS2_PLACEMENT_3D('',#3406,#2699,#2700);
#2364=AXIS2_PLACEMENT_3D('',#3407,#2701,#2702);
#2365=AXIS2_PLACEMENT_3D('',#3411,#2704,#2705);
#2366=AXIS2_PLACEMENT_3D('',#3412,#2706,#2707);
#2367=AXIS2_PLACEMENT_3D('',#3418,#2711,#2712);
#2368=AXIS2_PLACEMENT_3D('',#3419,#2713,#2714);
#2369=AXIS2_PLACEMENT_3D('',#3423,#2716,#2717);
#2370=AXIS2_PLACEMENT_3D('',#3424,#2718,#2719);
#2371=AXIS2_PLACEMENT_3D('',#3430,#2723,#2724);
#2372=AXIS2_PLACEMENT_3D('',#3431,#2725,#2726);
#2373=AXIS2_PLACEMENT_3D('',#3435,#2728,#2729);
#2374=AXIS2_PLACEMENT_3D('',#3436,#2730,#2731);
#2375=AXIS2_PLACEMENT_3D('',#3442,#2735,#2736);
#2376=AXIS2_PLACEMENT_3D('',#3443,#2737,#2738);
#2377=AXIS2_PLACEMENT_3D('',#3447,#2740,#2741);
#2378=AXIS2_PLACEMENT_3D('',#3448,#2742,#2743);
#2379=AXIS2_PLACEMENT_3D('',#3454,#2747,#2748);
#2380=AXIS2_PLACEMENT_3D('',#3455,#2749,#2750);
#2381=AXIS2_PLACEMENT_3D('',#3459,#2752,#2753);
#2382=AXIS2_PLACEMENT_3D('',#3460,#2754,#2755);
#2383=AXIS2_PLACEMENT_3D('',#3466,#2759,#2760);
#2384=AXIS2_PLACEMENT_3D('',#3467,#2761,#2762);
#2385=AXIS2_PLACEMENT_3D('',#3471,#2764,#2765);
#2386=AXIS2_PLACEMENT_3D('',#3472,#2766,#2767);
#2387=AXIS2_PLACEMENT_3D('',#3478,#2771,#2772);
#2388=AXIS2_PLACEMENT_3D('',#3479,#2773,#2774);
#2389=AXIS2_PLACEMENT_3D('',#3483,#2776,#2777);
#2390=AXIS2_PLACEMENT_3D('',#3484,#2778,#2779);
#2391=AXIS2_PLACEMENT_3D('',#3490,#2783,#2784);
#2392=AXIS2_PLACEMENT_3D('',#3491,#2785,#2786);
#2393=AXIS2_PLACEMENT_3D('',#3495,#2788,#2789);
#2394=AXIS2_PLACEMENT_3D('',#3496,#2790,#2791);
#2395=AXIS2_PLACEMENT_3D('',#3502,#2795,#2796);
#2396=AXIS2_PLACEMENT_3D('',#3503,#2797,#2798);
#2397=AXIS2_PLACEMENT_3D('',#3507,#2800,#2801);
#2398=AXIS2_PLACEMENT_3D('',#3508,#2802,#2803);
#2399=AXIS2_PLACEMENT_3D('',#3514,#2807,#2808);
#2400=AXIS2_PLACEMENT_3D('',#3515,#2809,#2810);
#2401=AXIS2_PLACEMENT_3D('',#3519,#2812,#2813);
#2402=AXIS2_PLACEMENT_3D('',#3520,#2814,#2815);
#2403=AXIS2_PLACEMENT_3D('',#3526,#2819,#2820);
#2404=AXIS2_PLACEMENT_3D('',#3527,#2821,#2822);
#2405=AXIS2_PLACEMENT_3D('',#3531,#2824,#2825);
#2406=AXIS2_PLACEMENT_3D('',#3532,#2826,#2827);
#2407=AXIS2_PLACEMENT_3D('',#3538,#2831,#2832);
#2408=AXIS2_PLACEMENT_3D('',#3539,#2833,#2834);
#2409=AXIS2_PLACEMENT_3D('',#3543,#2836,#2837);
#2410=AXIS2_PLACEMENT_3D('',#3544,#2838,#2839);
#2411=AXIS2_PLACEMENT_3D('',#3550,#2843,#2844);
#2412=AXIS2_PLACEMENT_3D('',#3551,#2845,#2846);
#2413=AXIS2_PLACEMENT_3D('',#3555,#2848,#2849);
#2414=AXIS2_PLACEMENT_3D('',#3556,#2850,#2851);
#2415=AXIS2_PLACEMENT_3D('',#3562,#2855,#2856);
#2416=AXIS2_PLACEMENT_3D('',#3563,#2857,#2858);
#2417=AXIS2_PLACEMENT_3D('',#3567,#2860,#2861);
#2418=AXIS2_PLACEMENT_3D('',#3568,#2862,#2863);
#2419=AXIS2_PLACEMENT_3D('',#3574,#2867,#2868);
#2420=AXIS2_PLACEMENT_3D('',#3575,#2869,#2870);
#2421=AXIS2_PLACEMENT_3D('',#3579,#2872,#2873);
#2422=AXIS2_PLACEMENT_3D('',#3580,#2874,#2875);
#2423=AXIS2_PLACEMENT_3D('',#3586,#2879,#2880);
#2424=AXIS2_PLACEMENT_3D('',#3587,#2881,#2882);
#2425=AXIS2_PLACEMENT_3D('',#3591,#2884,#2885);
#2426=AXIS2_PLACEMENT_3D('',#3592,#2886,#2887);
#2427=AXIS2_PLACEMENT_3D('',#3598,#2891,#2892);
#2428=AXIS2_PLACEMENT_3D('',#3599,#2893,#2894);
#2429=AXIS2_PLACEMENT_3D('',#3603,#2896,#2897);
#2430=AXIS2_PLACEMENT_3D('',#3604,#2898,#2899);
#2431=AXIS2_PLACEMENT_3D('',#3610,#2903,#2904);
#2432=AXIS2_PLACEMENT_3D('',#3611,#2905,#2906);
#2433=AXIS2_PLACEMENT_3D('',#3615,#2908,#2909);
#2434=AXIS2_PLACEMENT_3D('',#3616,#2910,#2911);
#2435=AXIS2_PLACEMENT_3D('',#3622,#2915,#2916);
#2436=AXIS2_PLACEMENT_3D('',#3623,#2917,#2918);
#2437=AXIS2_PLACEMENT_3D('',#3627,#2920,#2921);
#2438=AXIS2_PLACEMENT_3D('',#3628,#2922,#2923);
#2439=AXIS2_PLACEMENT_3D('',#3634,#2927,#2928);
#2440=AXIS2_PLACEMENT_3D('',#3635,#2929,#2930);
#2441=AXIS2_PLACEMENT_3D('',#3639,#2932,#2933);
#2442=AXIS2_PLACEMENT_3D('',#3640,#2934,#2935);
#2443=AXIS2_PLACEMENT_3D('',#3646,#2939,#2940);
#2444=AXIS2_PLACEMENT_3D('',#3647,#2941,#2942);
#2445=AXIS2_PLACEMENT_3D('',#3648,#2943,#2944);
#2446=AXIS2_PLACEMENT_3D('',#3649,#2945,#2946);
#2447=AXIS2_PLACEMENT_3D('',#3650,#2947,#2948);
#2448=AXIS2_PLACEMENT_3D('',#3651,#2949,#2950);
#2449=AXIS2_PLACEMENT_3D('',#3652,#2951,#2952);
#2450=AXIS2_PLACEMENT_3D('',#3653,#2953,#2954);
#2451=AXIS2_PLACEMENT_3D('',#3655,#2955,#2956);
#2452=AXIS2_PLACEMENT_3D('',#3657,#2957,#2958);
#2453=AXIS2_PLACEMENT_3D('',#3659,#2959,#2960);
#2454=AXIS2_PLACEMENT_3D('',#3661,#2961,#2962);
#2455=AXIS2_PLACEMENT_3D('',#3663,#2963,#2964);
#2456=AXIS2_PLACEMENT_3D('',#3665,#2965,#2966);
#2457=AXIS2_PLACEMENT_3D('',#3666,#2967,#2968);
#2458=AXIS2_PLACEMENT_3D('',#3668,#2969,#2970);
#2459=AXIS2_PLACEMENT_3D('',#3670,#2971,#2972);
#2460=AXIS2_PLACEMENT_3D('',#3672,#2973,#2974);
#2461=AXIS2_PLACEMENT_3D('',#3674,#2975,#2976);
#2462=AXIS2_PLACEMENT_3D('',#3676,#2977,#2978);
#2463=AXIS2_PLACEMENT_3D('',#3683,#2981,#2982);
#2464=AXIS2_PLACEMENT_3D('',#3687,#2984,#2985);
#2465=AXIS2_PLACEMENT_3D('',#3691,#2987,#2988);
#2466=AXIS2_PLACEMENT_3D('',#3695,#2990,#2991);
#2467=AXIS2_PLACEMENT_3D('',#3703,#2995,#2996);
#2468=AXIS2_PLACEMENT_3D('',#3707,#2998,#2999);
#2469=AXIS2_PLACEMENT_3D('',#3715,#3003,#3004);
#2470=AXIS2_PLACEMENT_3D('',#3719,#3006,#3007);
#2471=AXIS2_PLACEMENT_3D('',#3727,#3011,#3012);
#2472=AXIS2_PLACEMENT_3D('',#3731,#3014,#3015);
#2473=AXIS2_PLACEMENT_3D('',#3735,#3017,#3018);
#2474=AXIS2_PLACEMENT_3D('',#3739,#3020,#3021);
#2475=AXIS2_PLACEMENT_3D('',#3747,#3025,#3026);
#2476=AXIS2_PLACEMENT_3D('',#3751,#3028,#3029);
#2477=AXIS2_PLACEMENT_3D('',#3759,#3033,#3034);
#2478=AXIS2_PLACEMENT_3D('',#3763,#3036,#3037);
#2479=AXIS2_PLACEMENT_3D('',#3766,#3039,#3040);
#2480=AXIS2_PLACEMENT_3D('',#3769,#3043,#3044);
#2481=AXIS2_PLACEMENT_3D('',#3771,#3046,#3047);
#2482=AXIS2_PLACEMENT_3D('',#3773,#3049,#3050);
#2483=AXIS2_PLACEMENT_3D('',#3775,#3052,#3053);
#2484=AXIS2_PLACEMENT_3D('',#3777,#3055,#3056);
#2485=AXIS2_PLACEMENT_3D('',#3779,#3058,#3059);
#2486=AXIS2_PLACEMENT_3D('',#3781,#3061,#3062);
#2487=AXIS2_PLACEMENT_3D('',#3783,#3064,#3065);
#2488=AXIS2_PLACEMENT_3D('',#3785,#3067,#3068);
#2489=AXIS2_PLACEMENT_3D('',#3787,#3070,#3071);
#2490=AXIS2_PLACEMENT_3D('',#3789,#3073,#3074);
#2491=AXIS2_PLACEMENT_3D('',#3791,#3076,#3077);
#2492=AXIS2_PLACEMENT_3D('',#3793,#3079,#3080);
#2493=AXIS2_PLACEMENT_3D('',#3795,#3082,#3083);
#2494=AXIS2_PLACEMENT_3D('',#3797,#3085,#3086);
#2495=AXIS2_PLACEMENT_3D('',#3799,#3088,#3089);
#2496=AXIS2_PLACEMENT_3D('',#3801,#3091,#3092);
#2497=AXIS2_PLACEMENT_3D('',#3803,#3094,#3095);
#2498=AXIS2_PLACEMENT_3D('',#3805,#3097,#3098);
#2499=AXIS2_PLACEMENT_3D('',#3807,#3100,#3101);
#2500=AXIS2_PLACEMENT_3D('',#3809,#3103,#3104);
#2501=AXIS2_PLACEMENT_3D('',#3811,#3106,#3107);
#2502=AXIS2_PLACEMENT_3D('',#3813,#3109,#3110);
#2503=AXIS2_PLACEMENT_3D('',#3815,#3112,#3113);
#2504=AXIS2_PLACEMENT_3D('',#3817,#3115,#3116);
#2505=AXIS2_PLACEMENT_3D('',#3819,#3118,#3119);
#2506=AXIS2_PLACEMENT_3D('',#3821,#3121,#3122);
#2507=AXIS2_PLACEMENT_3D('',#3823,#3124,#3125);
#2508=AXIS2_PLACEMENT_3D('',#3825,#3127,#3128);
#2509=AXIS2_PLACEMENT_3D('',#3827,#3130,#3131);
#2510=AXIS2_PLACEMENT_3D('',#3829,#3133,#3134);
#2511=AXIS2_PLACEMENT_3D('',#3831,#3136,#3137);
#2512=AXIS2_PLACEMENT_3D('',#3833,#3139,#3140);
#2513=AXIS2_PLACEMENT_3D('',#3835,#3142,#3143);
#2514=AXIS2_PLACEMENT_3D('',#3837,#3145,#3146);
#2515=AXIS2_PLACEMENT_3D('',#3839,#3148,#3149);
#2516=AXIS2_PLACEMENT_3D('',#3841,#3151,#3152);
#2517=AXIS2_PLACEMENT_3D('',#3843,#3154,#3155);
#2518=AXIS2_PLACEMENT_3D('',#3845,#3157,#3158);
#2519=AXIS2_PLACEMENT_3D('',#3847,#3160,#3161);
#2520=AXIS2_PLACEMENT_3D('',#3849,#3163,#3164);
#2521=AXIS2_PLACEMENT_3D('',#3851,#3166,#3167);
#2522=AXIS2_PLACEMENT_3D('',#3853,#3169,#3170);
#2523=AXIS2_PLACEMENT_3D('',#3855,#3172,#3173);
#2524=AXIS2_PLACEMENT_3D('',#3857,#3175,#3176);
#2525=AXIS2_PLACEMENT_3D('',#3859,#3178,#3179);
#2526=AXIS2_PLACEMENT_3D('',#3861,#3181,#3182);
#2527=AXIS2_PLACEMENT_3D('',#3863,#3184,#3185);
#2528=AXIS2_PLACEMENT_3D('',#3865,#3187,#3188);
#2529=AXIS2_PLACEMENT_3D('',#3867,#3190,#3191);
#2530=AXIS2_PLACEMENT_3D('',#3869,#3193,#3194);
#2531=AXIS2_PLACEMENT_3D('',#3871,#3196,#3197);
#2532=AXIS2_PLACEMENT_3D('',#3873,#3199,#3200);
#2533=AXIS2_PLACEMENT_3D('',#3875,#3202,#3203);
#2534=AXIS2_PLACEMENT_3D('',#3877,#3205,#3206);
#2535=AXIS2_PLACEMENT_3D('',#3878,#3207,#3208);
#2536=AXIS2_PLACEMENT_3D('',#3879,#3209,#3210);
#2537=AXIS2_PLACEMENT_3D('',#3881,#3211,#3212);
#2538=AXIS2_PLACEMENT_3D('',#3882,#3213,#3214);
#2539=AXIS2_PLACEMENT_3D('',#3884,#3215,#3216);
#2540=AXIS2_PLACEMENT_3D('',#3885,#3217,#3218);
#2541=AXIS2_PLACEMENT_3D('',#3886,#3219,#3220);
#2542=AXIS2_PLACEMENT_3D('',#3888,#3221,#3222);
#2543=AXIS2_PLACEMENT_3D('',#3889,#3223,#3224);
#2544=AXIS2_PLACEMENT_3D('',#3891,#3225,#3226);
#2545=AXIS2_PLACEMENT_3D('',#3892,#3227,#3228);
#2546=AXIS2_PLACEMENT_3D('',#3893,#3229,#3230);
#2547=AXIS2_PLACEMENT_3D('',#3895,#3231,#3232);
#2548=AXIS2_PLACEMENT_3D('',#3896,#3233,#3234);
#2549=AXIS2_PLACEMENT_3D('',#3898,#3235,#3236);
#2550=AXIS2_PLACEMENT_3D('',#3899,#3237,#3238);
#2551=AXIS2_PLACEMENT_3D('',#3900,#3239,#3240);
#2552=AXIS2_PLACEMENT_3D('',#3902,#3241,#3242);
#2553=AXIS2_PLACEMENT_3D('',#3903,#3243,#3244);
#2554=AXIS2_PLACEMENT_3D('',#3905,#3245,#3246);
#2555=AXIS2_PLACEMENT_3D('',#3906,#3247,#3248);
#2556=AXIS2_PLACEMENT_3D('',#3907,#3249,#3250);
#2557=AXIS2_PLACEMENT_3D('',#3909,#3251,#3252);
#2558=AXIS2_PLACEMENT_3D('',#3910,#3253,#3254);
#2559=AXIS2_PLACEMENT_3D('',#3912,#3255,#3256);
#2560=AXIS2_PLACEMENT_3D('',#3913,#3257,#3258);
#2561=AXIS2_PLACEMENT_3D('',#3914,#3259,#3260);
#2562=AXIS2_PLACEMENT_3D('',#3916,#3261,#3262);
#2563=AXIS2_PLACEMENT_3D('',#3917,#3263,#3264);
#2564=AXIS2_PLACEMENT_3D('',#3919,#3265,#3266);
#2565=DIRECTION('',(0.,0.,1.));
#2566=DIRECTION('',(1.,0.,0.));
#2567=DIRECTION('',(1.,0.,0.));
#2568=DIRECTION('',(0.,0.,-1.));
#2569=DIRECTION('',(0.,-1.,0.));
#2570=DIRECTION('',(0.,0.,-1.));
#2571=DIRECTION('',(0.,-1.,0.));
#2572=DIRECTION('',(0.,0.,-1.));
#2573=DIRECTION('',(0.,0.,-1.));
#2574=DIRECTION('',(-1.,0.,0.));
#2575=DIRECTION('',(0.,0.,1.));
#2576=DIRECTION('',(1.,0.,0.));
#2577=DIRECTION('',(0.,0.,-1.));
#2578=DIRECTION('',(0.,0.,1.));
#2579=DIRECTION('',(1.,0.,0.));
#2580=DIRECTION('',(0.,1.,0.));
#2581=DIRECTION('',(0.,0.,1.));
#2582=DIRECTION('',(1.,0.,0.));
#2583=DIRECTION('',(0.,0.,-1.));
#2584=DIRECTION('',(1.,0.,0.));
#2585=DIRECTION('',(0.,0.,-1.));
#2586=DIRECTION('',(-1.,0.,0.));
#2587=DIRECTION('',(0.,0.,1.));
#2588=DIRECTION('',(1.,0.,0.));
#2589=DIRECTION('',(0.,0.,-1.));
#2590=DIRECTION('',(0.,0.,1.));
#2591=DIRECTION('',(1.,0.,0.));
#2592=DIRECTION('',(1.,0.,0.));
#2593=DIRECTION('',(0.,0.,-1.));
#2594=DIRECTION('',(0.,-1.,0.));
#2595=DIRECTION('',(0.,0.,-1.));
#2596=DIRECTION('',(0.,-1.,0.));
#2597=DIRECTION('',(0.,0.,-1.));
#2598=DIRECTION('',(-1.,0.,0.));
#2599=DIRECTION('',(0.,0.,1.));
#2600=DIRECTION('',(1.,0.,0.));
#2601=DIRECTION('',(0.,0.,-1.));
#2602=DIRECTION('',(0.,0.,1.));
#2603=DIRECTION('',(1.,0.,0.));
#2604=DIRECTION('',(0.,1.,0.));
#2605=DIRECTION('',(0.,0.,1.));
#2606=DIRECTION('',(1.,0.,0.));
#2607=DIRECTION('',(0.,0.,-1.));
#2608=DIRECTION('',(1.,0.,0.));
#2609=DIRECTION('',(-4.33680868994203E-16,-1.,0.));
#2610=DIRECTION('',(1.,-4.33680868994203E-16,0.));
#2611=DIRECTION('',(0.,0.,-1.));
#2612=DIRECTION('',(1.,-4.33680868994203E-16,0.));
#2613=DIRECTION('',(0.,0.,-1.));
#2614=DIRECTION('',(-1.,4.33680868994203E-16,0.));
#2615=DIRECTION('',(0.,0.,-1.));
#2616=DIRECTION('',(-1.,0.,0.));
#2617=DIRECTION('',(0.,0.,1.));
#2618=DIRECTION('',(1.,0.,0.));
#2619=DIRECTION('',(0.,0.,-1.));
#2620=DIRECTION('',(0.,0.,1.));
#2621=DIRECTION('',(1.,0.,0.));
#2622=DIRECTION('',(1.,-2.04085114820801E-16,0.));
#2623=DIRECTION('',(2.04085114820801E-16,1.,0.));
#2624=DIRECTION('',(2.04085114820801E-16,1.,0.));
#2625=DIRECTION('',(0.,0.,-1.));
#2626=DIRECTION('',(-2.04085114820801E-16,-1.,0.));
#2627=DIRECTION('',(0.,0.,-1.));
#2628=DIRECTION('',(-1.,0.,0.));
#2629=DIRECTION('',(0.,0.,1.));
#2630=DIRECTION('',(1.,0.,0.));
#2631=DIRECTION('',(0.,0.,-1.));
#2632=DIRECTION('',(0.,0.,1.));
#2633=DIRECTION('',(1.,0.,0.));
#2634=DIRECTION('',(0.,-1.,0.));
#2635=DIRECTION('',(0.,0.,-1.));
#2636=DIRECTION('',(1.,0.,0.));
#2637=DIRECTION('',(0.,0.,-1.));
#2638=DIRECTION('',(-1.,0.,0.));
#2639=DIRECTION('',(0.,0.,-1.));
#2640=DIRECTION('',(-1.,0.,0.));
#2641=DIRECTION('',(0.,0.,1.));
#2642=DIRECTION('',(1.,0.,0.));
#2643=DIRECTION('',(0.,0.,-1.));
#2644=DIRECTION('',(0.,0.,1.));
#2645=DIRECTION('',(1.,0.,0.));
#2646=DIRECTION('',(1.,-2.04085114820801E-16,0.));
#2647=DIRECTION('',(2.04085114820801E-16,1.,0.));
#2648=DIRECTION('',(-2.04085114820801E-16,-1.,0.));
#2649=DIRECTION('',(0.,0.,-1.));
#2650=DIRECTION('',(-2.04085114820801E-16,-1.,0.));
#2651=DIRECTION('',(0.,0.,-1.));
#2652=DIRECTION('',(-1.,0.,0.));
#2653=DIRECTION('',(0.,0.,1.));
#2654=DIRECTION('',(1.,0.,0.));
#2655=DIRECTION('',(0.,0.,-1.));
#2656=DIRECTION('',(0.,0.,1.));
#2657=DIRECTION('',(1.,0.,0.));
#2658=DIRECTION('',(0.,1.,0.));
#2659=DIRECTION('',(0.,0.,1.));
#2660=DIRECTION('',(1.,0.,0.));
#2661=DIRECTION('',(0.,0.,-1.));
#2662=DIRECTION('',(1.,0.,0.));
#2663=DIRECTION('',(0.,0.,-1.));
#2664=DIRECTION('',(-1.,0.,0.));
#2665=DIRECTION('',(0.,0.,1.));
#2666=DIRECTION('',(1.,0.,0.));
#2667=DIRECTION('',(0.,0.,-1.));
#2668=DIRECTION('',(0.,0.,1.));
#2669=DIRECTION('',(1.,0.,0.));
#2670=DIRECTION('',(1.,7.65319180578002E-17,0.));
#2671=DIRECTION('',(-7.65319180578002E-17,1.,0.));
#2672=DIRECTION('',(-7.65319180578002E-17,1.,0.));
#2673=DIRECTION('',(0.,0.,-1.));
#2674=DIRECTION('',(7.65319180578002E-17,-1.,0.));
#2675=DIRECTION('',(0.,0.,-1.));
#2676=DIRECTION('',(-1.,0.,0.));
#2677=DIRECTION('',(0.,0.,1.));
#2678=DIRECTION('',(1.,0.,0.));
#2679=DIRECTION('',(0.,0.,-1.));
#2680=DIRECTION('',(0.,0.,1.));
#2681=DIRECTION('',(1.,0.,0.));
#2682=DIRECTION('',(0.,-1.,0.));
#2683=DIRECTION('',(0.,0.,-1.));
#2684=DIRECTION('',(1.,0.,0.));
#2685=DIRECTION('',(0.,0.,-1.));
#2686=DIRECTION('',(-1.,0.,0.));
#2687=DIRECTION('',(0.,0.,-1.));
#2688=DIRECTION('',(-1.,0.,0.));
#2689=DIRECTION('',(0.,0.,1.));
#2690=DIRECTION('',(1.,0.,0.));
#2691=DIRECTION('',(0.,0.,-1.));
#2692=DIRECTION('',(0.,0.,1.));
#2693=DIRECTION('',(1.,0.,0.));
#2694=DIRECTION('',(1.,0.,0.));
#2695=DIRECTION('',(0.,0.,-1.));
#2696=DIRECTION('',(0.,-1.,0.));
#2697=DIRECTION('',(0.,0.,-1.));
#2698=DIRECTION('',(0.,-1.,0.));
#2699=DIRECTION('',(0.,0.,-1.));
#2700=DIRECTION('',(-1.,0.,0.));
#2701=DIRECTION('',(0.,0.,1.));
#2702=DIRECTION('',(1.,0.,0.));
#2703=DIRECTION('',(0.,0.,-1.));
#2704=DIRECTION('',(0.,0.,1.));
#2705=DIRECTION('',(1.,0.,0.));
#2706=DIRECTION('',(0.,1.,0.));
#2707=DIRECTION('',(0.,0.,1.));
#2708=DIRECTION('',(1.,0.,0.));
#2709=DIRECTION('',(0.,0.,-1.));
#2710=DIRECTION('',(1.,0.,0.));
#2711=DIRECTION('',(0.,0.,-1.));
#2712=DIRECTION('',(-1.,0.,0.));
#2713=DIRECTION('',(0.,0.,1.));
#2714=DIRECTION('',(1.,0.,0.));
#2715=DIRECTION('',(0.,0.,-1.));
#2716=DIRECTION('',(0.,0.,1.));
#2717=DIRECTION('',(1.,0.,0.));
#2718=DIRECTION('',(1.,2.04085114820801E-16,0.));
#2719=DIRECTION('',(-2.04085114820801E-16,1.,0.));
#2720=DIRECTION('',(-2.04085114820801E-16,1.,0.));
#2721=DIRECTION('',(0.,0.,-1.));
#2722=DIRECTION('',(2.04085114820801E-16,-1.,0.));
#2723=DIRECTION('',(0.,0.,-1.));
#2724=DIRECTION('',(-1.,0.,0.));
#2725=DIRECTION('',(0.,0.,1.));
#2726=DIRECTION('',(1.,0.,0.));
#2727=DIRECTION('',(0.,0.,-1.));
#2728=DIRECTION('',(0.,0.,1.));
#2729=DIRECTION('',(1.,0.,0.));
#2730=DIRECTION('',(0.,-1.,0.));
#2731=DIRECTION('',(0.,0.,-1.));
#2732=DIRECTION('',(1.,0.,0.));
#2733=DIRECTION('',(0.,0.,-1.));
#2734=DIRECTION('',(-1.,0.,0.));
#2735=DIRECTION('',(0.,0.,-1.));
#2736=DIRECTION('',(-1.,0.,0.));
#2737=DIRECTION('',(0.,0.,1.));
#2738=DIRECTION('',(1.,0.,0.));
#2739=DIRECTION('',(0.,0.,-1.));
#2740=DIRECTION('',(0.,0.,1.));
#2741=DIRECTION('',(1.,0.,0.));
#2742=DIRECTION('',(1.,0.,0.));
#2743=DIRECTION('',(0.,0.,-1.));
#2744=DIRECTION('',(0.,-1.,0.));
#2745=DIRECTION('',(0.,0.,-1.));
#2746=DIRECTION('',(0.,-1.,0.));
#2747=DIRECTION('',(0.,0.,-1.));
#2748=DIRECTION('',(-1.,0.,0.));
#2749=DIRECTION('',(0.,0.,1.));
#2750=DIRECTION('',(1.,0.,0.));
#2751=DIRECTION('',(0.,0.,-1.));
#2752=DIRECTION('',(0.,0.,1.));
#2753=DIRECTION('',(1.,0.,0.));
#2754=DIRECTION('',(0.,-1.,0.));
#2755=DIRECTION('',(0.,0.,-1.));
#2756=DIRECTION('',(-1.,0.,0.));
#2757=DIRECTION('',(0.,0.,-1.));
#2758=DIRECTION('',(-1.,0.,0.));
#2759=DIRECTION('',(0.,0.,-1.));
#2760=DIRECTION('',(-1.,0.,0.));
#2761=DIRECTION('',(0.,0.,1.));
#2762=DIRECTION('',(1.,0.,0.));
#2763=DIRECTION('',(0.,0.,-1.));
#2764=DIRECTION('',(0.,0.,1.));
#2765=DIRECTION('',(1.,0.,0.));
#2766=DIRECTION('',(-1.,0.,0.));
#2767=DIRECTION('',(0.,0.,1.));
#2768=DIRECTION('',(0.,1.,0.));
#2769=DIRECTION('',(0.,0.,-1.));
#2770=DIRECTION('',(0.,1.,0.));
#2771=DIRECTION('',(0.,0.,-1.));
#2772=DIRECTION('',(-1.,0.,0.));
#2773=DIRECTION('',(0.,0.,1.));
#2774=DIRECTION('',(1.,0.,0.));
#2775=DIRECTION('',(0.,0.,-1.));
#2776=DIRECTION('',(0.,0.,1.));
#2777=DIRECTION('',(1.,0.,0.));
#2778=DIRECTION('',(0.,1.,0.));
#2779=DIRECTION('',(0.,0.,1.));
#2780=DIRECTION('',(-1.,0.,0.));
#2781=DIRECTION('',(0.,0.,-1.));
#2782=DIRECTION('',(1.,0.,0.));
#2783=DIRECTION('',(0.,0.,-1.));
#2784=DIRECTION('',(-1.,0.,0.));
#2785=DIRECTION('',(0.,0.,1.));
#2786=DIRECTION('',(1.,0.,0.));
#2787=DIRECTION('',(0.,0.,-1.));
#2788=DIRECTION('',(0.,0.,1.));
#2789=DIRECTION('',(1.,0.,0.));
#2790=DIRECTION('',(-1.,0.,0.));
#2791=DIRECTION('',(0.,0.,1.));
#2792=DIRECTION('',(0.,-1.,0.));
#2793=DIRECTION('',(0.,0.,-1.));
#2794=DIRECTION('',(0.,1.,0.));
#2795=DIRECTION('',(0.,0.,-1.));
#2796=DIRECTION('',(-1.,0.,0.));
#2797=DIRECTION('',(0.,0.,1.));
#2798=DIRECTION('',(1.,0.,0.));
#2799=DIRECTION('',(0.,0.,-1.));
#2800=DIRECTION('',(0.,0.,1.));
#2801=DIRECTION('',(1.,0.,0.));
#2802=DIRECTION('',(0.,-1.,0.));
#2803=DIRECTION('',(0.,0.,-1.));
#2804=DIRECTION('',(-1.,0.,0.));
#2805=DIRECTION('',(0.,0.,-1.));
#2806=DIRECTION('',(-1.,0.,0.));
#2807=DIRECTION('',(0.,0.,-1.));
#2808=DIRECTION('',(-1.,0.,0.));
#2809=DIRECTION('',(0.,0.,1.));
#2810=DIRECTION('',(1.,0.,0.));
#2811=DIRECTION('',(0.,0.,-1.));
#2812=DIRECTION('',(0.,0.,1.));
#2813=DIRECTION('',(1.,0.,0.));
#2814=DIRECTION('',(-1.,-2.29595754173401E-16,0.));
#2815=DIRECTION('',(2.29595754173401E-16,-1.,0.));
#2816=DIRECTION('',(-2.29595754173401E-16,1.,0.));
#2817=DIRECTION('',(0.,0.,-1.));
#2818=DIRECTION('',(-2.29595754173401E-16,1.,0.));
#2819=DIRECTION('',(0.,0.,-1.));
#2820=DIRECTION('',(-1.,0.,0.));
#2821=DIRECTION('',(0.,0.,1.));
#2822=DIRECTION('',(1.,0.,0.));
#2823=DIRECTION('',(0.,0.,-1.));
#2824=DIRECTION('',(0.,0.,1.));
#2825=DIRECTION('',(1.,0.,0.));
#2826=DIRECTION('',(0.,-1.,0.));
#2827=DIRECTION('',(0.,0.,-1.));
#2828=DIRECTION('',(-1.,0.,0.));
#2829=DIRECTION('',(0.,0.,-1.));
#2830=DIRECTION('',(-1.,0.,0.));
#2831=DIRECTION('',(0.,0.,-1.));
#2832=DIRECTION('',(-1.,0.,0.));
#2833=DIRECTION('',(0.,0.,1.));
#2834=DIRECTION('',(1.,0.,0.));
#2835=DIRECTION('',(0.,0.,-1.));
#2836=DIRECTION('',(0.,0.,1.));
#2837=DIRECTION('',(1.,0.,0.));
#2838=DIRECTION('',(-1.,2.04085114820801E-16,0.));
#2839=DIRECTION('',(-2.04085114820801E-16,-1.,0.));
#2840=DIRECTION('',(-2.04085114820801E-16,-1.,0.));
#2841=DIRECTION('',(0.,0.,-1.));
#2842=DIRECTION('',(2.04085114820801E-16,1.,0.));
#2843=DIRECTION('',(0.,0.,-1.));
#2844=DIRECTION('',(-1.,0.,0.));
#2845=DIRECTION('',(0.,0.,1.));
#2846=DIRECTION('',(1.,0.,0.));
#2847=DIRECTION('',(0.,0.,-1.));
#2848=DIRECTION('',(0.,0.,1.));
#2849=DIRECTION('',(1.,0.,0.));
#2850=DIRECTION('',(0.,-1.,0.));
#2851=DIRECTION('',(0.,0.,-1.));
#2852=DIRECTION('',(-1.,0.,0.));
#2853=DIRECTION('',(0.,0.,-1.));
#2854=DIRECTION('',(-1.,0.,0.));
#2855=DIRECTION('',(0.,0.,-1.));
#2856=DIRECTION('',(-1.,0.,0.));
#2857=DIRECTION('',(0.,0.,1.));
#2858=DIRECTION('',(1.,0.,0.));
#2859=DIRECTION('',(0.,0.,-1.));
#2860=DIRECTION('',(0.,0.,1.));
#2861=DIRECTION('',(1.,0.,0.));
#2862=DIRECTION('',(-1.,0.,0.));
#2863=DIRECTION('',(0.,0.,1.));
#2864=DIRECTION('',(0.,1.,0.));
#2865=DIRECTION('',(0.,0.,-1.));
#2866=DIRECTION('',(0.,1.,0.));
#2867=DIRECTION('',(0.,0.,-1.));
#2868=DIRECTION('',(-1.,0.,0.));
#2869=DIRECTION('',(0.,0.,1.));
#2870=DIRECTION('',(1.,0.,0.));
#2871=DIRECTION('',(0.,0.,-1.));
#2872=DIRECTION('',(0.,0.,1.));
#2873=DIRECTION('',(1.,0.,0.));
#2874=DIRECTION('',(0.,-1.,0.));
#2875=DIRECTION('',(0.,0.,-1.));
#2876=DIRECTION('',(-1.,0.,0.));
#2877=DIRECTION('',(0.,0.,-1.));
#2878=DIRECTION('',(-1.,0.,0.));
#2879=DIRECTION('',(0.,0.,-1.));
#2880=DIRECTION('',(-1.,0.,0.));
#2881=DIRECTION('',(0.,0.,1.));
#2882=DIRECTION('',(1.,0.,0.));
#2883=DIRECTION('',(0.,0.,-1.));
#2884=DIRECTION('',(0.,0.,1.));
#2885=DIRECTION('',(1.,0.,0.));
#2886=DIRECTION('',(-1.,8.16340459283203E-16,0.));
#2887=DIRECTION('',(-8.16340459283203E-16,-1.,0.));
#2888=DIRECTION('',(-8.16340459283203E-16,-1.,0.));
#2889=DIRECTION('',(0.,0.,-1.));
#2890=DIRECTION('',(8.16340459283203E-16,1.,0.));
#2891=DIRECTION('',(0.,0.,-1.));
#2892=DIRECTION('',(-1.,0.,0.));
#2893=DIRECTION('',(0.,0.,1.));
#2894=DIRECTION('',(1.,0.,0.));
#2895=DIRECTION('',(0.,0.,-1.));
#2896=DIRECTION('',(0.,0.,1.));
#2897=DIRECTION('',(1.,0.,0.));
#2898=DIRECTION('',(0.,-1.,0.));
#2899=DIRECTION('',(0.,0.,-1.));
#2900=DIRECTION('',(-1.,0.,0.));
#2901=DIRECTION('',(0.,0.,-1.));
#2902=DIRECTION('',(-1.,0.,0.));
#2903=DIRECTION('',(0.,0.,-1.));
#2904=DIRECTION('',(-1.,0.,0.));
#2905=DIRECTION('',(0.,0.,1.));
#2906=DIRECTION('',(1.,0.,0.));
#2907=DIRECTION('',(0.,0.,-1.));
#2908=DIRECTION('',(0.,0.,1.));
#2909=DIRECTION('',(1.,0.,0.));
#2910=DIRECTION('',(-1.,2.77555756156289E-16,0.));
#2911=DIRECTION('',(-2.77555756156289E-16,-1.,0.));
#2912=DIRECTION('',(2.77555756156289E-16,1.,0.));
#2913=DIRECTION('',(0.,0.,-1.));
#2914=DIRECTION('',(2.77555756156289E-16,1.,0.));
#2915=DIRECTION('',(0.,0.,-1.));
#2916=DIRECTION('',(-1.,0.,0.));
#2917=DIRECTION('',(0.,0.,1.));
#2918=DIRECTION('',(1.,0.,0.));
#2919=DIRECTION('',(0.,0.,-1.));
#2920=DIRECTION('',(0.,0.,1.));
#2921=DIRECTION('',(1.,0.,0.));
#2922=DIRECTION('',(0.,-1.,0.));
#2923=DIRECTION('',(0.,0.,-1.));
#2924=DIRECTION('',(1.,0.,0.));
#2925=DIRECTION('',(0.,0.,-1.));
#2926=DIRECTION('',(-1.,0.,0.));
#2927=DIRECTION('',(0.,0.,-1.));
#2928=DIRECTION('',(-1.,0.,0.));
#2929=DIRECTION('',(0.,0.,1.));
#2930=DIRECTION('',(1.,0.,0.));
#2931=DIRECTION('',(0.,0.,-1.));
#2932=DIRECTION('',(0.,0.,1.));
#2933=DIRECTION('',(1.,0.,0.));
#2934=DIRECTION('',(-1.,2.04085114820801E-16,0.));
#2935=DIRECTION('',(-2.04085114820801E-16,-1.,0.));
#2936=DIRECTION('',(-2.04085114820801E-16,-1.,0.));
#2937=DIRECTION('',(0.,0.,-1.));
#2938=DIRECTION('',(2.04085114820801E-16,1.,0.));
#2939=DIRECTION('',(0.,0.,-1.));
#2940=DIRECTION('',(-1.,0.,0.));
#2941=DIRECTION('',(0.,0.,1.));
#2942=DIRECTION('',(1.,0.,0.));
#2943=DIRECTION('',(0.,0.,1.));
#2944=DIRECTION('',(1.,0.,0.));
#2945=DIRECTION('',(0.,0.,-1.));
#2946=DIRECTION('',(-1.,0.,0.));
#2947=DIRECTION('',(0.,0.,1.));
#2948=DIRECTION('',(1.,0.,0.));
#2949=DIRECTION('',(0.,0.,1.));
#2950=DIRECTION('',(1.,0.,0.));
#2951=DIRECTION('',(0.,0.,1.));
#2952=DIRECTION('',(1.,0.,0.));
#2953=DIRECTION('',(0.,0.,-1.));
#2954=DIRECTION('',(-1.,0.,0.));
#2955=DIRECTION('',(0.,0.,-1.));
#2956=DIRECTION('',(-1.,0.,0.));
#2957=DIRECTION('',(0.,0.,-1.));
#2958=DIRECTION('',(-1.,0.,0.));
#2959=DIRECTION('',(0.,0.,-1.));
#2960=DIRECTION('',(-1.,0.,0.));
#2961=DIRECTION('',(0.,0.,-1.));
#2962=DIRECTION('',(-1.,0.,0.));
#2963=DIRECTION('',(0.,0.,-1.));
#2964=DIRECTION('',(-1.,0.,0.));
#2965=DIRECTION('',(0.,0.,1.));
#2966=DIRECTION('',(1.,0.,0.));
#2967=DIRECTION('',(0.,0.,1.));
#2968=DIRECTION('',(1.,0.,0.));
#2969=DIRECTION('',(0.,0.,1.));
#2970=DIRECTION('',(1.,0.,0.));
#2971=DIRECTION('',(0.,0.,1.));
#2972=DIRECTION('',(1.,0.,0.));
#2973=DIRECTION('',(0.,0.,1.));
#2974=DIRECTION('',(1.,0.,0.));
#2975=DIRECTION('',(0.,0.,1.));
#2976=DIRECTION('',(1.,0.,0.));
#2977=DIRECTION('',(0.,0.,1.));
#2978=DIRECTION('',(1.,0.,0.));
#2979=DIRECTION('',(1.,0.,0.));
#2980=DIRECTION('',(0.,-1.,0.));
#2981=DIRECTION('',(0.,0.,1.));
#2982=DIRECTION('',(1.,0.,0.));
#2983=DIRECTION('',(1.,0.,0.));
#2984=DIRECTION('',(0.,0.,1.));
#2985=DIRECTION('',(1.,0.,0.));
#2986=DIRECTION('',(0.,1.,0.));
#2987=DIRECTION('',(0.,0.,1.));
#2988=DIRECTION('',(1.,0.,0.));
#2989=DIRECTION('',(-1.,0.,0.));
#2990=DIRECTION('',(0.,0.,1.));
#2991=DIRECTION('',(1.,0.,0.));
#2992=DIRECTION('',(2.04085114820801E-16,-1.,0.));
#2993=DIRECTION('',(-1.,0.,0.));
#2994=DIRECTION('',(0.,1.,0.));
#2995=DIRECTION('',(0.,0.,1.));
#2996=DIRECTION('',(1.,0.,0.));
#2997=DIRECTION('',(-1.,0.,0.));
#2998=DIRECTION('',(0.,0.,1.));
#2999=DIRECTION('',(1.,0.,0.));
#3000=DIRECTION('',(7.65319180578002E-17,-1.,0.));
#3001=DIRECTION('',(-1.,0.,0.));
#3002=DIRECTION('',(2.04085114820801E-16,1.,0.));
#3003=DIRECTION('',(0.,0.,1.));
#3004=DIRECTION('',(1.,0.,0.));
#3005=DIRECTION('',(-1.,0.,0.));
#3006=DIRECTION('',(0.,0.,1.));
#3007=DIRECTION('',(1.,0.,0.));
#3008=DIRECTION('',(-2.04085114820801E-16,-1.,0.));
#3009=DIRECTION('',(-1.,4.33680868994203E-16,0.));
#3010=DIRECTION('',(2.04085114820801E-16,1.,0.));
#3011=DIRECTION('',(0.,0.,1.));
#3012=DIRECTION('',(1.,0.,0.));
#3013=DIRECTION('',(-1.,0.,0.));
#3014=DIRECTION('',(0.,0.,1.));
#3015=DIRECTION('',(1.,0.,0.));
#3016=DIRECTION('',(-2.77555756156289E-16,-1.,0.));
#3017=DIRECTION('',(0.,0.,1.));
#3018=DIRECTION('',(1.,0.,0.));
#3019=DIRECTION('',(1.,0.,0.));
#3020=DIRECTION('',(0.,0.,1.));
#3021=DIRECTION('',(1.,0.,0.));
#3022=DIRECTION('',(8.16340459283203E-16,1.,0.));
#3023=DIRECTION('',(1.,0.,0.));
#3024=DIRECTION('',(0.,-1.,0.));
#3025=DIRECTION('',(0.,0.,1.));
#3026=DIRECTION('',(1.,0.,0.));
#3027=DIRECTION('',(1.,0.,0.));
#3028=DIRECTION('',(0.,0.,1.));
#3029=DIRECTION('',(1.,0.,0.));
#3030=DIRECTION('',(2.04085114820801E-16,1.,0.));
#3031=DIRECTION('',(1.,0.,0.));
#3032=DIRECTION('',(2.29595754173401E-16,-1.,0.));
#3033=DIRECTION('',(0.,0.,1.));
#3034=DIRECTION('',(1.,0.,0.));
#3035=DIRECTION('',(1.,0.,0.));
#3036=DIRECTION('',(0.,0.,1.));
#3037=DIRECTION('',(1.,0.,0.));
#3038=DIRECTION('',(0.,1.,0.));
#3039=DIRECTION('',(0.,0.,1.));
#3040=DIRECTION('',(1.,0.,0.));
#3041=DIRECTION('',(-0.707106781186547,0.,0.707106781186548));
#3042=DIRECTION('',(0.,0.707106781186547,-0.707106781186548));
#3043=DIRECTION('',(-3.06658683336675E-16,-0.707106781186548,-0.707106781186548));
#3044=DIRECTION('',(1.,-4.33680868994203E-16,0.));
#3045=DIRECTION('',(0.,0.707106781186547,-0.707106781186548));
#3046=DIRECTION('',(-0.707106781186547,1.44309968629023E-16,-0.707106781186548));
#3047=DIRECTION('',(-2.04085114820801E-16,-1.,0.));
#3048=DIRECTION('',(-0.707106781186548,0.,0.707106781186547));
#3049=DIRECTION('',(0.,0.,1.));
#3050=DIRECTION('',(1.,0.,0.));
#3051=DIRECTION('',(-0.707106781186548,0.,-0.707106781186547));
#3052=DIRECTION('',(0.,0.,-1.));
#3053=DIRECTION('',(-1.,0.,0.));
#3054=DIRECTION('',(0.,-0.707106781186548,0.707106781186547));
#3055=DIRECTION('',(0.707106781186547,-1.44309968629023E-16,-0.707106781186548));
#3056=DIRECTION('',(2.04085114820801E-16,1.,0.));
#3057=DIRECTION('',(-0.707106781186548,0.,-0.707106781186547));
#3058=DIRECTION('',(0.,-0.707106781186547,-0.707106781186548));
#3059=DIRECTION('',(1.,0.,0.));
#3060=DIRECTION('',(0.,-0.707106781186548,0.707106781186547));
#3061=DIRECTION('',(0.,0.,-1.));
#3062=DIRECTION('',(-1.,0.,0.));
#3063=DIRECTION('',(0.,0.707106781186548,-0.707106781186547));
#3064=DIRECTION('',(0.,0.,-1.));
#3065=DIRECTION('',(-1.,0.,0.));
#3066=DIRECTION('',(0.707106781186548,-2.4532694666934E-15,0.707106781186547));
#3067=DIRECTION('',(0.,-0.707106781186547,-0.707106781186548));
#3068=DIRECTION('',(1.,0.,0.));
#3069=DIRECTION('',(0.,0.707106781186548,-0.707106781186547));
#3070=DIRECTION('',(-0.707106781186547,1.96261557335471E-16,0.707106781186548));
#3071=DIRECTION('',(2.77555756156289E-16,1.,0.));
#3072=DIRECTION('',(0.707106781186549,0.,0.707106781186546));
#3073=DIRECTION('',(0.,0.,-1.));
#3074=DIRECTION('',(-1.,0.,0.));
#3075=DIRECTION('',(0.707106781186548,0.,-0.707106781186548));
#3076=DIRECTION('',(0.,0.,-1.));
#3077=DIRECTION('',(-1.,0.,0.));
#3078=DIRECTION('',(0.,0.707106781186547,0.707106781186548));
#3079=DIRECTION('',(0.707106781186548,-1.44309968629023E-16,0.707106781186548));
#3080=DIRECTION('',(-2.04085114820801E-16,-1.,0.));
#3081=DIRECTION('',(0.707106781186548,1.2266347333467E-15,-0.707106781186548));
#3082=DIRECTION('',(0.,-0.707106781186547,0.707106781186548));
#3083=DIRECTION('',(-1.,0.,0.));
#3084=DIRECTION('',(0.,0.707106781186548,0.707106781186547));
#3085=DIRECTION('',(0.,0.,1.));
#3086=DIRECTION('',(1.,0.,0.));
#3087=DIRECTION('',(0.,0.707106781186547,-0.707106781186549));
#3088=DIRECTION('',(0.,0.,-1.));
#3089=DIRECTION('',(-1.,0.,0.));
#3090=DIRECTION('',(-0.707106781186547,2.4532694666934E-15,0.707106781186548));
#3091=DIRECTION('',(0.,0.707106781186548,0.707106781186548));
#3092=DIRECTION('',(1.,0.,0.));
#3093=DIRECTION('',(6.1331736667335E-16,0.707106781186548,-0.707106781186548));
#3094=DIRECTION('',(-0.707106781186547,5.77239874516093E-16,-0.707106781186548));
#3095=DIRECTION('',(-8.16340459283203E-16,-1.,0.));
#3096=DIRECTION('',(-0.707106781186548,6.13317366673349E-16,0.707106781186547));
#3097=DIRECTION('',(0.,0.,1.));
#3098=DIRECTION('',(1.,0.,0.));
#3099=DIRECTION('',(-0.707106781186547,0.,-0.707106781186548));
#3100=DIRECTION('',(0.,0.,1.));
#3101=DIRECTION('',(1.,0.,0.));
#3102=DIRECTION('',(0.,0.707106781186548,0.707106781186548));
#3103=DIRECTION('',(0.707106781186548,5.41162382358837E-17,-0.707106781186547));
#3104=DIRECTION('',(-7.65319180578002E-17,1.,0.));
#3105=DIRECTION('',(-0.707106781186547,0.,-0.707106781186548));
#3106=DIRECTION('',(0.,-0.707106781186548,0.707106781186548));
#3107=DIRECTION('',(-1.,0.,0.));
#3108=DIRECTION('',(0.,0.707106781186548,0.707106781186548));
#3109=DIRECTION('',(0.,0.,-1.));
#3110=DIRECTION('',(-1.,0.,0.));
#3111=DIRECTION('',(0.,0.707106781186548,-0.707106781186547));
#3112=DIRECTION('',(0.,0.,1.));
#3113=DIRECTION('',(1.,0.,0.));
#3114=DIRECTION('',(0.707106781186548,-2.4532694666934E-15,0.707106781186547));
#3115=DIRECTION('',(0.,-0.707106781186547,-0.707106781186548));
#3116=DIRECTION('',(1.,0.,0.));
#3117=DIRECTION('',(0.,0.707106781186548,-0.707106781186547));
#3118=DIRECTION('',(-0.707106781186547,0.,0.707106781186548));
#3119=DIRECTION('',(0.,1.,0.));
#3120=DIRECTION('',(0.707106781186548,0.,0.707106781186547));
#3121=DIRECTION('',(0.,0.,-1.));
#3122=DIRECTION('',(-1.,0.,0.));
#3123=DIRECTION('',(0.707106781186548,0.,-0.707106781186547));
#3124=DIRECTION('',(0.,0.,-1.));
#3125=DIRECTION('',(-1.,0.,0.));
#3126=DIRECTION('',(0.,0.707106781186547,0.707106781186548));
#3127=DIRECTION('',(0.707106781186547,0.,0.707106781186548));
#3128=DIRECTION('',(0.,-1.,0.));
#3129=DIRECTION('',(0.707106781186548,0.,-0.707106781186547));
#3130=DIRECTION('',(0.,-0.707106781186548,0.707106781186547));
#3131=DIRECTION('',(-1.,0.,0.));
#3132=DIRECTION('',(0.,0.707106781186547,0.707106781186548));
#3133=DIRECTION('',(0.,0.,1.));
#3134=DIRECTION('',(1.,0.,0.));
#3135=DIRECTION('',(0.,0.707106781186547,-0.707106781186548));
#3136=DIRECTION('',(0.,0.,-1.));
#3137=DIRECTION('',(-1.,0.,0.));
#3138=DIRECTION('',(-0.707106781186548,0.,0.707106781186548));
#3139=DIRECTION('',(0.,0.707106781186547,0.707106781186548));
#3140=DIRECTION('',(1.,0.,0.));
#3141=DIRECTION('',(0.,0.707106781186548,-0.707106781186547));
#3142=DIRECTION('',(-0.707106781186548,1.44309968629023E-16,-0.707106781186548));
#3143=DIRECTION('',(-2.04085114820801E-16,-1.,0.));
#3144=DIRECTION('',(-0.707106781186548,0.,0.707106781186548));
#3145=DIRECTION('',(0.,0.,1.));
#3146=DIRECTION('',(1.,0.,0.));
#3147=DIRECTION('',(-0.707106781186547,0.,-0.707106781186548));
#3148=DIRECTION('',(0.,0.,1.));
#3149=DIRECTION('',(1.,0.,0.));
#3150=DIRECTION('',(0.,0.707106781186548,0.707106781186548));
#3151=DIRECTION('',(0.707106781186548,1.44309968629023E-16,-0.707106781186547));
#3152=DIRECTION('',(-2.04085114820801E-16,1.,0.));
#3153=DIRECTION('',(-0.707106781186548,0.,-0.707106781186548));
#3154=DIRECTION('',(0.,-0.707106781186548,0.707106781186548));
#3155=DIRECTION('',(-1.,0.,0.));
#3156=DIRECTION('',(0.,0.707106781186548,0.707106781186548));
#3157=DIRECTION('',(0.,0.,-1.));
#3158=DIRECTION('',(-1.,0.,0.));
#3159=DIRECTION('',(0.,0.707106781186548,-0.707106781186547));
#3160=DIRECTION('',(0.,0.,1.));
#3161=DIRECTION('',(1.,0.,0.));
#3162=DIRECTION('',(0.707106781186548,-3.06658683336675E-16,0.707106781186548));
#3163=DIRECTION('',(0.,-0.707106781186547,-0.707106781186548));
#3164=DIRECTION('',(1.,0.,0.));
#3165=DIRECTION('',(0.,0.707106781186548,-0.707106781186547));
#3166=DIRECTION('',(-0.707106781186548,-1.62348714707652E-16,0.707106781186548));
#3167=DIRECTION('',(-2.29595754173401E-16,1.,0.));
#3168=DIRECTION('',(0.707106781186548,0.,0.707106781186548));
#3169=DIRECTION('',(0.,0.,-1.));
#3170=DIRECTION('',(-1.,0.,0.));
#3171=DIRECTION('',(0.707106781186549,0.,-0.707106781186546));
#3172=DIRECTION('',(0.,0.,-1.));
#3173=DIRECTION('',(-1.,0.,0.));
#3174=DIRECTION('',(-1.53329341668337E-16,0.707106781186547,0.707106781186548));
#3175=DIRECTION('',(0.707106781186547,0.,0.707106781186548));
#3176=DIRECTION('',(0.,-1.,0.));
#3177=DIRECTION('',(0.707106781186548,0.,-0.707106781186547));
#3178=DIRECTION('',(0.,-0.707106781186548,0.707106781186547));
#3179=DIRECTION('',(-1.,0.,0.));
#3180=DIRECTION('',(0.,0.707106781186547,0.707106781186548));
#3181=DIRECTION('',(0.,0.,-1.));
#3182=DIRECTION('',(-1.,0.,0.));
#3183=DIRECTION('',(0.,-0.707106781186547,-0.707106781186548));
#3184=DIRECTION('',(0.,0.,-1.));
#3185=DIRECTION('',(-1.,0.,0.));
#3186=DIRECTION('',(-0.707106781186547,0.,0.707106781186548));
#3187=DIRECTION('',(0.,-0.707106781186547,0.707106781186548));
#3188=DIRECTION('',(-1.,0.,0.));
#3189=DIRECTION('',(0.,-0.707106781186548,-0.707106781186547));
#3190=DIRECTION('',(-0.707106781186548,0.,-0.707106781186547));
#3191=DIRECTION('',(0.,-1.,0.));
#3192=DIRECTION('',(-0.707106781186547,0.,0.707106781186548));
#3193=DIRECTION('',(0.,0.,-1.));
#3194=DIRECTION('',(-1.,0.,0.));
#3195=DIRECTION('',(-0.707106781186548,0.,-0.707106781186547));
#3196=DIRECTION('',(0.,0.,1.));
#3197=DIRECTION('',(1.,0.,0.));
#3198=DIRECTION('',(0.,0.707106781186548,0.707106781186548));
#3199=DIRECTION('',(-0.707106781186548,0.,0.707106781186547));
#3200=DIRECTION('',(0.,1.,0.));
#3201=DIRECTION('',(-0.707106781186547,0.,-0.707106781186548));
#3202=DIRECTION('',(0.,0.707106781186548,-0.707106781186548));
#3203=DIRECTION('',(-1.,0.,0.));
#3204=DIRECTION('',(0.,0.707106781186548,0.707106781186548));
#3205=DIRECTION('',(0.,0.,1.));
#3206=DIRECTION('',(1.,0.,0.));
#3207=DIRECTION('',(0.,0.,-1.));
#3208=DIRECTION('',(-1.,0.,0.));
#3209=DIRECTION('',(0.,0.,-1.));
#3210=DIRECTION('',(-1.,0.,0.));
#3211=DIRECTION('',(0.,0.,1.));
#3212=DIRECTION('',(1.,0.,0.));
#3213=DIRECTION('',(0.,0.,-1.));
#3214=DIRECTION('',(-1.,0.,0.));
#3215=DIRECTION('',(0.,0.,-1.));
#3216=DIRECTION('',(-1.,0.,0.));
#3217=DIRECTION('',(0.,0.,-1.));
#3218=DIRECTION('',(-1.,0.,0.));
#3219=DIRECTION('',(0.,0.,-1.));
#3220=DIRECTION('',(-1.,0.,0.));
#3221=DIRECTION('',(0.,0.,1.));
#3222=DIRECTION('',(1.,0.,0.));
#3223=DIRECTION('',(0.,0.,-1.));
#3224=DIRECTION('',(-1.,0.,0.));
#3225=DIRECTION('',(0.,0.,-1.));
#3226=DIRECTION('',(-1.,0.,0.));
#3227=DIRECTION('',(0.,0.,-1.));
#3228=DIRECTION('',(-1.,0.,0.));
#3229=DIRECTION('',(0.,0.,-1.));
#3230=DIRECTION('',(-1.,0.,0.));
#3231=DIRECTION('',(0.,0.,1.));
#3232=DIRECTION('',(1.,0.,0.));
#3233=DIRECTION('',(0.,0.,-1.));
#3234=DIRECTION('',(-1.,0.,0.));
#3235=DIRECTION('',(0.,0.,-1.));
#3236=DIRECTION('',(-1.,0.,0.));
#3237=DIRECTION('',(0.,0.,-1.));
#3238=DIRECTION('',(-1.,0.,0.));
#3239=DIRECTION('',(0.,0.,-1.));
#3240=DIRECTION('',(-1.,0.,0.));
#3241=DIRECTION('',(0.,0.,1.));
#3242=DIRECTION('',(1.,0.,0.));
#3243=DIRECTION('',(0.,0.,-1.));
#3244=DIRECTION('',(-1.,0.,0.));
#3245=DIRECTION('',(0.,0.,-1.));
#3246=DIRECTION('',(-1.,0.,0.));
#3247=DIRECTION('',(0.,0.,-1.));
#3248=DIRECTION('',(-1.,0.,0.));
#3249=DIRECTION('',(0.,0.,-1.));
#3250=DIRECTION('',(-1.,0.,0.));
#3251=DIRECTION('',(0.,0.,1.));
#3252=DIRECTION('',(1.,0.,0.));
#3253=DIRECTION('',(0.,0.,-1.));
#3254=DIRECTION('',(-1.,0.,0.));
#3255=DIRECTION('',(0.,0.,-1.));
#3256=DIRECTION('',(-1.,0.,0.));
#3257=DIRECTION('',(0.,0.,-1.));
#3258=DIRECTION('',(-1.,0.,0.));
#3259=DIRECTION('',(0.,0.,-1.));
#3260=DIRECTION('',(-1.,0.,0.));
#3261=DIRECTION('',(0.,0.,1.));
#3262=DIRECTION('',(1.,0.,0.));
#3263=DIRECTION('',(0.,0.,-1.));
#3264=DIRECTION('',(-1.,0.,0.));
#3265=DIRECTION('',(0.,0.,-1.));
#3266=DIRECTION('',(-1.,0.,0.));
#3267=CARTESIAN_POINT('',(0.,0.,0.));
#3268=CARTESIAN_POINT('',(0.0438261814415455,0.0170811695158481,0.005));
#3269=CARTESIAN_POINT('',(0.0438261814415455,0.0170811695158481,0.));
#3270=CARTESIAN_POINT('',(0.0438261814415455,0.0265811695158482,0.));
#3271=CARTESIAN_POINT('',(0.0438261814415455,-0.0234188304841518,0.));
#3272=CARTESIAN_POINT('',(0.0438261814415455,0.0265811695158482,0.005));
#3273=CARTESIAN_POINT('',(0.0438261814415455,0.0265811695158482,0.005));
#3274=CARTESIAN_POINT('',(0.0438261814415455,0.0170811695158481,0.005));
#3275=CARTESIAN_POINT('',(0.0438261814415455,-0.0234188304841518,0.005));
#3276=CARTESIAN_POINT('',(0.0438261814415455,-0.0234188304841518,0.005));
#3277=CARTESIAN_POINT('',(0.0338261814415455,0.0265811695158482,0.005));
#3278=CARTESIAN_POINT('',(0.0338261814415455,0.0265811695158482,0.));
#3279=CARTESIAN_POINT('',(0.0338261814415455,0.0365811695158482,0.));
#3280=CARTESIAN_POINT('',(0.0338261814415455,0.0365811695158482,0.005));
#3281=CARTESIAN_POINT('',(0.0338261814415455,0.0365811695158482,0.005));
#3282=CARTESIAN_POINT('',(0.0338261814415455,0.0265811695158482,0.005));
#3283=CARTESIAN_POINT('',(-0.00617381855845452,0.0365811695158482,0.005));
#3284=CARTESIAN_POINT('',(-0.00617381855845452,0.0365811695158482,0.));
#3285=CARTESIAN_POINT('',(-0.0461738185584545,0.0365811695158482,0.));
#3286=CARTESIAN_POINT('',(-0.0461738185584545,0.0365811695158482,0.005));
#3287=CARTESIAN_POINT('',(-0.0461738185584545,0.0365811695158482,0.005));
#3288=CARTESIAN_POINT('',(-0.00617381855845452,0.0365811695158482,0.005));
#3289=CARTESIAN_POINT('',(-0.0461738185584545,0.0265811695158482,0.005));
#3290=CARTESIAN_POINT('',(-0.0461738185584545,0.0265811695158482,0.));
#3291=CARTESIAN_POINT('',(-0.0561738185584545,0.0265811695158482,0.));
#3292=CARTESIAN_POINT('',(-0.0561738185584545,0.0265811695158482,0.005));
#3293=CARTESIAN_POINT('',(-0.0561738185584545,0.0265811695158482,0.005));
#3294=CARTESIAN_POINT('',(-0.0461738185584545,0.0265811695158482,0.005));
#3295=CARTESIAN_POINT('',(-0.0561738185584545,0.0170811695158481,0.005));
#3296=CARTESIAN_POINT('',(-0.0561738185584545,0.0170811695158481,0.));
#3297=CARTESIAN_POINT('',(-0.0561738185584545,-0.0234188304841518,0.));
#3298=CARTESIAN_POINT('',(-0.0561738185584545,-0.0234188304841518,0.005));
#3299=CARTESIAN_POINT('',(-0.0561738185584545,-0.0234188304841518,0.005));
#3300=CARTESIAN_POINT('',(-0.0561738185584545,0.0170811695158481,0.005));
#3301=CARTESIAN_POINT('',(-0.0461738185584545,-0.0234188304841518,0.005));
#3302=CARTESIAN_POINT('',(-0.0461738185584545,-0.0234188304841518,0.));
#3303=CARTESIAN_POINT('',(-0.0461738185584545,-0.0334188304841519,0.));
#3304=CARTESIAN_POINT('',(-0.0461738185584545,-0.0334188304841519,0.005));
#3305=CARTESIAN_POINT('',(-0.0461738185584545,-0.0334188304841519,0.005));
#3306=CARTESIAN_POINT('',(-0.0461738185584545,-0.0234188304841518,0.005));
#3307=CARTESIAN_POINT('',(-0.00617381855845452,-0.0334188304841519,0.005));
#3308=CARTESIAN_POINT('',(-0.00617381855845452,-0.0334188304841519,0.));
#3309=CARTESIAN_POINT('',(0.0338261814415455,-0.0334188304841519,0.));
#3310=CARTESIAN_POINT('',(0.0338261814415455,-0.0334188304841519,0.005));
#3311=CARTESIAN_POINT('',(0.0338261814415455,-0.0334188304841519,0.005));
#3312=CARTESIAN_POINT('',(-0.00617381855845452,-0.0334188304841519,0.005));
#3313=CARTESIAN_POINT('',(-0.0261738185584546,0.00758116951584816,0.005));
#3314=CARTESIAN_POINT('',(-0.0271738185584545,0.00758116951584816,0.005));
#3315=CARTESIAN_POINT('',(-0.0271738185584545,0.00758116951584816,0.005));
#3316=CARTESIAN_POINT('',(-0.0271738185584545,0.00758116951584816,0.002));
#3317=CARTESIAN_POINT('',(-0.0251738185584546,0.00758116951584816,0.002));
#3318=CARTESIAN_POINT('',(-0.0251738185584546,0.00758116951584816,0.002));
#3319=CARTESIAN_POINT('',(-0.0251738185584546,0.00758116951584816,0.005));
#3320=CARTESIAN_POINT('',(-0.0251738185584546,0.00758116951584816,0.005));
#3321=CARTESIAN_POINT('',(-0.0261738185584546,0.00758116951584816,0.005));
#3322=CARTESIAN_POINT('',(-0.0251738185584546,0.00958116951584816,0.005));
#3323=CARTESIAN_POINT('',(-0.0251738185584546,0.00958116951584816,0.002));
#3324=CARTESIAN_POINT('',(-0.0231738185584545,0.00958116951584816,0.002));
#3325=CARTESIAN_POINT('',(-0.0231738185584545,0.00958116951584816,0.005));
#3326=CARTESIAN_POINT('',(-0.0231738185584545,0.00958116951584816,0.005));
#3327=CARTESIAN_POINT('',(-0.0251738185584546,0.00958116951584816,0.005));
#3328=CARTESIAN_POINT('',(-0.0231738185584545,0.0180811695158482,0.005));
#3329=CARTESIAN_POINT('',(-0.0231738185584545,0.0265811695158482,0.002));
#3330=CARTESIAN_POINT('',(-0.0231738185584545,0.0265811695158482,0.002));
#3331=CARTESIAN_POINT('',(-0.0231738185584545,0.0265811695158482,0.005));
#3332=CARTESIAN_POINT('',(-0.0231738185584545,0.0265811695158482,0.005));
#3333=CARTESIAN_POINT('',(-0.0231738185584545,0.0180811695158482,0.005));
#3334=CARTESIAN_POINT('',(-0.0181738185584546,0.0265811695158482,0.005));
#3335=CARTESIAN_POINT('',(-0.0181738185584546,0.0265811695158482,0.002));
#3336=CARTESIAN_POINT('',(-0.0181738185584546,0.0315811695158481,0.002));
#3337=CARTESIAN_POINT('',(-0.0181738185584546,0.0315811695158481,0.005));
#3338=CARTESIAN_POINT('',(-0.0181738185584546,0.0315811695158481,0.005));
#3339=CARTESIAN_POINT('',(-0.0181738185584546,0.0265811695158482,0.005));
#3340=CARTESIAN_POINT('',(-0.0161738185584545,0.0315811695158481,0.005));
#3341=CARTESIAN_POINT('',(-0.0141738185584545,0.0315811695158481,0.002));
#3342=CARTESIAN_POINT('',(-0.0141738185584545,0.0315811695158481,0.002));
#3343=CARTESIAN_POINT('',(-0.0141738185584545,0.0315811695158481,0.005));
#3344=CARTESIAN_POINT('',(-0.0141738185584545,0.0315811695158481,0.005));
#3345=CARTESIAN_POINT('',(-0.0161738185584545,0.0315811695158481,0.005));
#3346=CARTESIAN_POINT('',(-0.0141738185584545,0.0265811695158482,0.005));
#3347=CARTESIAN_POINT('',(-0.0141738185584545,0.0265811695158482,0.002));
#3348=CARTESIAN_POINT('',(-0.00917381855845454,0.0265811695158482,0.002));
#3349=CARTESIAN_POINT('',(-0.00917381855845454,0.0265811695158482,0.005));
#3350=CARTESIAN_POINT('',(-0.00917381855845454,0.0265811695158482,0.005));
#3351=CARTESIAN_POINT('',(-0.0141738185584545,0.0265811695158482,0.005));
#3352=CARTESIAN_POINT('',(-0.00917381855845454,0.0180811695158482,0.005));
#3353=CARTESIAN_POINT('',(-0.00917381855845454,0.0180811695158482,0.002));
#3354=CARTESIAN_POINT('',(-0.00917381855845454,0.00958116951584816,0.002));
#3355=CARTESIAN_POINT('',(-0.00917381855845454,0.00958116951584816,0.005));
#3356=CARTESIAN_POINT('',(-0.00917381855845454,0.00958116951584816,0.005));
#3357=CARTESIAN_POINT('',(-0.00917381855845454,0.0180811695158482,0.005));
#3358=CARTESIAN_POINT('',(-0.00717381855845454,0.00958116951584816,0.005));
#3359=CARTESIAN_POINT('',(-0.00717381855845454,0.00958116951584816,0.002));
#3360=CARTESIAN_POINT('',(-0.00717381855845454,0.00758116951584816,0.002));
#3361=CARTESIAN_POINT('',(-0.00717381855845454,0.00758116951584816,0.005));
#3362=CARTESIAN_POINT('',(-0.00717381855845454,0.00758116951584816,0.005));
#3363=CARTESIAN_POINT('',(-0.00717381855845454,0.00958116951584816,0.005));
#3364=CARTESIAN_POINT('',(-0.00617381855845454,0.00758116951584816,0.005));
#3365=CARTESIAN_POINT('',(-0.00617381855845454,0.00758116951584816,0.002));
#3366=CARTESIAN_POINT('',(-0.00517381855845454,0.00758116951584816,0.002));
#3367=CARTESIAN_POINT('',(-0.00517381855845454,0.00758116951584816,0.005));
#3368=CARTESIAN_POINT('',(-0.00517381855845454,0.00758116951584816,0.005));
#3369=CARTESIAN_POINT('',(-0.00617381855845454,0.00758116951584816,0.005));
#3370=CARTESIAN_POINT('',(-0.00517381855845454,0.00958116951584816,0.005));
#3371=CARTESIAN_POINT('',(-0.00517381855845454,0.00958116951584816,0.002));
#3372=CARTESIAN_POINT('',(-0.00317381855845454,0.00958116951584816,0.002));
#3373=CARTESIAN_POINT('',(-0.00317381855845454,0.00958116951584816,0.005));
#3374=CARTESIAN_POINT('',(-0.00317381855845454,0.00958116951584816,0.005));
#3375=CARTESIAN_POINT('',(-0.00517381855845454,0.00958116951584816,0.005));
#3376=CARTESIAN_POINT('',(-0.00317381855845454,0.0180811695158482,0.005));
#3377=CARTESIAN_POINT('',(-0.00317381855845454,0.0265811695158482,0.002));
#3378=CARTESIAN_POINT('',(-0.00317381855845453,0.0265811695158482,0.002));
#3379=CARTESIAN_POINT('',(-0.00317381855845453,0.0265811695158482,0.005));
#3380=CARTESIAN_POINT('',(-0.00317381855845453,0.0265811695158482,0.005));
#3381=CARTESIAN_POINT('',(-0.00317381855845454,0.0180811695158482,0.005));
#3382=CARTESIAN_POINT('',(0.00182618144154545,0.0265811695158482,0.005));
#3383=CARTESIAN_POINT('',(0.00182618144154545,0.0265811695158482,0.002));
#3384=CARTESIAN_POINT('',(0.00182618144154545,0.0315811695158482,0.002));
#3385=CARTESIAN_POINT('',(0.00182618144154545,0.0315811695158482,0.005));
#3386=CARTESIAN_POINT('',(0.00182618144154545,0.0315811695158482,0.005));
#3387=CARTESIAN_POINT('',(0.00182618144154545,0.0265811695158482,0.005));
#3388=CARTESIAN_POINT('',(0.00382618144154546,0.0315811695158482,0.005));
#3389=CARTESIAN_POINT('',(0.00582618144154547,0.0315811695158482,0.002));
#3390=CARTESIAN_POINT('',(0.00582618144154547,0.0315811695158481,0.002));
#3391=CARTESIAN_POINT('',(0.00582618144154547,0.0315811695158481,0.005));
#3392=CARTESIAN_POINT('',(0.00582618144154547,0.0315811695158481,0.005));
#3393=CARTESIAN_POINT('',(0.00382618144154546,0.0315811695158482,0.005));
#3394=CARTESIAN_POINT('',(0.00582618144154547,0.0265811695158482,0.005));
#3395=CARTESIAN_POINT('',(0.00582618144154547,0.0265811695158482,0.002));
#3396=CARTESIAN_POINT('',(0.0108261814415455,0.0265811695158482,0.002));
#3397=CARTESIAN_POINT('',(0.0108261814415455,0.0265811695158482,0.005));
#3398=CARTESIAN_POINT('',(0.0108261814415455,0.0265811695158482,0.005));
#3399=CARTESIAN_POINT('',(0.00582618144154547,0.0265811695158482,0.005));
#3400=CARTESIAN_POINT('',(0.0108261814415455,0.0180811695158482,0.005));
#3401=CARTESIAN_POINT('',(0.0108261814415455,0.0180811695158482,0.002));
#3402=CARTESIAN_POINT('',(0.0108261814415455,0.00958116951584817,0.002));
#3403=CARTESIAN_POINT('',(0.0108261814415455,0.00958116951584817,0.005));
#3404=CARTESIAN_POINT('',(0.0108261814415455,0.00958116951584817,0.005));
#3405=CARTESIAN_POINT('',(0.0108261814415455,0.0180811695158482,0.005));
#3406=CARTESIAN_POINT('',(0.0128261814415455,0.00958116951584817,0.005));
#3407=CARTESIAN_POINT('',(0.0128261814415455,0.00958116951584817,0.002));
#3408=CARTESIAN_POINT('',(0.0128261814415455,0.00758116951584817,0.002));
#3409=CARTESIAN_POINT('',(0.0128261814415455,0.00758116951584817,0.005));
#3410=CARTESIAN_POINT('',(0.0128261814415455,0.00758116951584817,0.005));
#3411=CARTESIAN_POINT('',(0.0128261814415455,0.00958116951584817,0.005));
#3412=CARTESIAN_POINT('',(0.0133261814415455,0.00758116951584817,0.005));
#3413=CARTESIAN_POINT('',(0.0133261814415455,0.00758116951584817,0.002));
#3414=CARTESIAN_POINT('',(0.0138261814415455,0.00758116951584816,0.002));
#3415=CARTESIAN_POINT('',(0.0138261814415455,0.00758116951584816,0.005));
#3416=CARTESIAN_POINT('',(0.0138261814415455,0.00758116951584816,0.005));
#3417=CARTESIAN_POINT('',(0.0133261814415455,0.00758116951584817,0.005));
#3418=CARTESIAN_POINT('',(0.0138261814415455,0.00958116951584815,0.005));
#3419=CARTESIAN_POINT('',(0.0138261814415455,0.00958116951584815,0.002));
#3420=CARTESIAN_POINT('',(0.0158261814415455,0.00958116951584815,0.002));
#3421=CARTESIAN_POINT('',(0.0158261814415455,0.00958116951584815,0.005));
#3422=CARTESIAN_POINT('',(0.0158261814415455,0.00958116951584815,0.005));
#3423=CARTESIAN_POINT('',(0.0138261814415455,0.00958116951584815,0.005));
#3424=CARTESIAN_POINT('',(0.0158261814415455,0.0180811695158482,0.005));
#3425=CARTESIAN_POINT('',(0.0158261814415455,0.0265811695158482,0.002));
#3426=CARTESIAN_POINT('',(0.0158261814415455,0.0265811695158482,0.002));
#3427=CARTESIAN_POINT('',(0.0158261814415455,0.0265811695158482,0.005));
#3428=CARTESIAN_POINT('',(0.0158261814415455,0.0265811695158482,0.005));
#3429=CARTESIAN_POINT('',(0.0158261814415455,0.0180811695158482,0.005));
#3430=CARTESIAN_POINT('',(0.0208261814415455,0.0265811695158482,0.005));
#3431=CARTESIAN_POINT('',(0.0208261814415455,0.0265811695158482,0.002));
#3432=CARTESIAN_POINT('',(0.0208261814415455,0.0315811695158482,0.002));
#3433=CARTESIAN_POINT('',(0.0208261814415455,0.0315811695158482,0.005));
#3434=CARTESIAN_POINT('',(0.0208261814415455,0.0315811695158482,0.005));
#3435=CARTESIAN_POINT('',(0.0208261814415455,0.0265811695158482,0.005));
#3436=CARTESIAN_POINT('',(0.0238261814415455,0.0315811695158482,0.005));
#3437=CARTESIAN_POINT('',(0.0268261814415455,0.0315811695158482,0.002));
#3438=CARTESIAN_POINT('',(0.0268261814415455,0.0315811695158482,0.002));
#3439=CARTESIAN_POINT('',(0.0268261814415455,0.0315811695158482,0.005));
#3440=CARTESIAN_POINT('',(0.0268261814415455,0.0315811695158482,0.005));
#3441=CARTESIAN_POINT('',(0.0238261814415455,0.0315811695158482,0.005));
#3442=CARTESIAN_POINT('',(0.0268261814415455,0.0265811695158482,0.005));
#3443=CARTESIAN_POINT('',(0.0268261814415455,0.0265811695158482,0.002));
#3444=CARTESIAN_POINT('',(0.0318261814415454,0.0265811695158482,0.002));
#3445=CARTESIAN_POINT('',(0.0318261814415454,0.0265811695158482,0.005));
#3446=CARTESIAN_POINT('',(0.0318261814415454,0.0265811695158482,0.005));
#3447=CARTESIAN_POINT('',(0.0268261814415455,0.0265811695158482,0.005));
#3448=CARTESIAN_POINT('',(0.0318261814415454,0.0170811695158481,0.005));
#3449=CARTESIAN_POINT('',(0.0318261814415454,0.0170811695158481,0.002));
#3450=CARTESIAN_POINT('',(0.0318261814415454,-0.0234188304841518,0.002));
#3451=CARTESIAN_POINT('',(0.0318261814415454,-0.0234188304841518,0.005));
#3452=CARTESIAN_POINT('',(0.0318261814415454,-0.0234188304841518,0.005));
#3453=CARTESIAN_POINT('',(0.0318261814415454,0.0170811695158481,0.005));
#3454=CARTESIAN_POINT('',(0.0268261814415455,-0.0234188304841518,0.005));
#3455=CARTESIAN_POINT('',(0.0268261814415455,-0.0234188304841518,0.002));
#3456=CARTESIAN_POINT('',(0.0268261814415455,-0.0284188304841518,0.002));
#3457=CARTESIAN_POINT('',(0.0268261814415455,-0.0284188304841518,0.005));
#3458=CARTESIAN_POINT('',(0.0268261814415455,-0.0284188304841518,0.005));
#3459=CARTESIAN_POINT('',(0.0268261814415455,-0.0234188304841518,0.005));
#3460=CARTESIAN_POINT('',(0.0238261814415455,-0.0284188304841518,0.005));
#3461=CARTESIAN_POINT('',(0.0238261814415455,-0.0284188304841518,0.002));
#3462=CARTESIAN_POINT('',(0.0208261814415455,-0.0284188304841518,0.002));
#3463=CARTESIAN_POINT('',(0.0208261814415455,-0.0284188304841518,0.005));
#3464=CARTESIAN_POINT('',(0.0208261814415455,-0.0284188304841518,0.005));
#3465=CARTESIAN_POINT('',(0.0238261814415455,-0.0284188304841518,0.005));
#3466=CARTESIAN_POINT('',(0.0208261814415455,-0.0234188304841518,0.005));
#3467=CARTESIAN_POINT('',(0.0208261814415455,-0.0234188304841518,0.002));
#3468=CARTESIAN_POINT('',(0.0158261814415455,-0.0234188304841518,0.002));
#3469=CARTESIAN_POINT('',(0.0158261814415455,-0.0234188304841518,0.005));
#3470=CARTESIAN_POINT('',(0.0158261814415455,-0.0234188304841518,0.005));
#3471=CARTESIAN_POINT('',(0.0208261814415455,-0.0234188304841518,0.005));
#3472=CARTESIAN_POINT('',(0.0158261814415455,-0.0149188304841518,0.005));
#3473=CARTESIAN_POINT('',(0.0158261814415455,-0.0149188304841518,0.002));
#3474=CARTESIAN_POINT('',(0.0158261814415455,-0.00641883048415184,0.002));
#3475=CARTESIAN_POINT('',(0.0158261814415455,-0.00641883048415184,0.005));
#3476=CARTESIAN_POINT('',(0.0158261814415455,-0.00641883048415184,0.005));
#3477=CARTESIAN_POINT('',(0.0158261814415455,-0.0149188304841518,0.005));
#3478=CARTESIAN_POINT('',(0.0138261814415455,-0.00641883048415184,0.005));
#3479=CARTESIAN_POINT('',(0.0138261814415455,-0.00641883048415184,0.002));
#3480=CARTESIAN_POINT('',(0.0138261814415455,-0.00441883048415184,0.002));
#3481=CARTESIAN_POINT('',(0.0138261814415455,-0.00441883048415184,0.005));
#3482=CARTESIAN_POINT('',(0.0138261814415455,-0.00441883048415184,0.005));
#3483=CARTESIAN_POINT('',(0.0138261814415455,-0.00641883048415184,0.005));
#3484=CARTESIAN_POINT('',(0.0133261814415455,-0.00441883048415183,0.005));
#3485=CARTESIAN_POINT('',(0.0128261814415455,-0.00441883048415183,0.002));
#3486=CARTESIAN_POINT('',(0.0128261814415455,-0.00441883048415183,0.002));
#3487=CARTESIAN_POINT('',(0.0128261814415455,-0.00441883048415183,0.005));
#3488=CARTESIAN_POINT('',(0.0128261814415455,-0.00441883048415183,0.005));
#3489=CARTESIAN_POINT('',(0.0133261814415455,-0.00441883048415183,0.005));
#3490=CARTESIAN_POINT('',(0.0128261814415455,-0.00641883048415183,0.005));
#3491=CARTESIAN_POINT('',(0.0128261814415455,-0.00641883048415183,0.002));
#3492=CARTESIAN_POINT('',(0.0108261814415455,-0.00641883048415183,0.002));
#3493=CARTESIAN_POINT('',(0.0108261814415455,-0.00641883048415183,0.005));
#3494=CARTESIAN_POINT('',(0.0108261814415455,-0.00641883048415183,0.005));
#3495=CARTESIAN_POINT('',(0.0128261814415455,-0.00641883048415183,0.005));
#3496=CARTESIAN_POINT('',(0.0108261814415455,-0.0149188304841518,0.005));
#3497=CARTESIAN_POINT('',(0.0108261814415455,-0.0234188304841518,0.002));
#3498=CARTESIAN_POINT('',(0.0108261814415455,-0.0234188304841518,0.002));
#3499=CARTESIAN_POINT('',(0.0108261814415455,-0.0234188304841518,0.005));
#3500=CARTESIAN_POINT('',(0.0108261814415455,-0.0234188304841518,0.005));
#3501=CARTESIAN_POINT('',(0.0108261814415455,-0.0149188304841518,0.005));
#3502=CARTESIAN_POINT('',(0.00582618144154547,-0.0234188304841518,0.005));
#3503=CARTESIAN_POINT('',(0.00582618144154547,-0.0234188304841518,0.002));
#3504=CARTESIAN_POINT('',(0.00582618144154548,-0.0284188304841518,0.002));
#3505=CARTESIAN_POINT('',(0.00582618144154548,-0.0284188304841518,0.005));
#3506=CARTESIAN_POINT('',(0.00582618144154548,-0.0284188304841518,0.005));
#3507=CARTESIAN_POINT('',(0.00582618144154547,-0.0234188304841518,0.005));
#3508=CARTESIAN_POINT('',(0.00382618144154547,-0.0284188304841518,0.005));
#3509=CARTESIAN_POINT('',(0.00382618144154547,-0.0284188304841518,0.002));
#3510=CARTESIAN_POINT('',(0.00182618144154545,-0.0284188304841518,0.002));
#3511=CARTESIAN_POINT('',(0.00182618144154545,-0.0284188304841518,0.005));
#3512=CARTESIAN_POINT('',(0.00182618144154545,-0.0284188304841518,0.005));
#3513=CARTESIAN_POINT('',(0.00382618144154547,-0.0284188304841518,0.005));
#3514=CARTESIAN_POINT('',(0.00182618144154545,-0.0234188304841518,0.005));
#3515=CARTESIAN_POINT('',(0.00182618144154545,-0.0234188304841518,0.002));
#3516=CARTESIAN_POINT('',(-0.00317381855845453,-0.0234188304841518,0.002));
#3517=CARTESIAN_POINT('',(-0.00317381855845453,-0.0234188304841518,0.005));
#3518=CARTESIAN_POINT('',(-0.00317381855845453,-0.0234188304841518,0.005));
#3519=CARTESIAN_POINT('',(0.00182618144154545,-0.0234188304841518,0.005));
#3520=CARTESIAN_POINT('',(-0.00317381855845454,-0.0149188304841518,0.005));
#3521=CARTESIAN_POINT('',(-0.00317381855845454,-0.0149188304841518,0.002));
#3522=CARTESIAN_POINT('',(-0.00317381855845454,-0.00641883048415184,0.002));
#3523=CARTESIAN_POINT('',(-0.00317381855845454,-0.00641883048415184,0.005));
#3524=CARTESIAN_POINT('',(-0.00317381855845454,-0.00641883048415184,0.005));
#3525=CARTESIAN_POINT('',(-0.00317381855845454,-0.0149188304841518,0.005));
#3526=CARTESIAN_POINT('',(-0.00517381855845454,-0.00641883048415184,0.005));
#3527=CARTESIAN_POINT('',(-0.00517381855845454,-0.00641883048415184,0.002));
#3528=CARTESIAN_POINT('',(-0.00517381855845454,-0.00441883048415184,0.002));
#3529=CARTESIAN_POINT('',(-0.00517381855845454,-0.00441883048415184,0.005));
#3530=CARTESIAN_POINT('',(-0.00517381855845454,-0.00441883048415184,0.005));
#3531=CARTESIAN_POINT('',(-0.00517381855845454,-0.00641883048415184,0.005));
#3532=CARTESIAN_POINT('',(-0.00617381855845454,-0.00441883048415184,0.005));
#3533=CARTESIAN_POINT('',(-0.00617381855845454,-0.00441883048415184,0.002));
#3534=CARTESIAN_POINT('',(-0.00717381855845454,-0.00441883048415184,0.002));
#3535=CARTESIAN_POINT('',(-0.00717381855845454,-0.00441883048415184,0.005));
#3536=CARTESIAN_POINT('',(-0.00717381855845454,-0.00441883048415184,0.005));
#3537=CARTESIAN_POINT('',(-0.00617381855845454,-0.00441883048415184,0.005));
#3538=CARTESIAN_POINT('',(-0.00717381855845454,-0.00641883048415184,0.005));
#3539=CARTESIAN_POINT('',(-0.00717381855845454,-0.00641883048415184,0.002));
#3540=CARTESIAN_POINT('',(-0.00917381855845454,-0.00641883048415184,0.002));
#3541=CARTESIAN_POINT('',(-0.00917381855845454,-0.00641883048415184,0.005));
#3542=CARTESIAN_POINT('',(-0.00917381855845454,-0.00641883048415184,0.005));
#3543=CARTESIAN_POINT('',(-0.00717381855845454,-0.00641883048415184,0.005));
#3544=CARTESIAN_POINT('',(-0.00917381855845455,-0.0149188304841518,0.005));
#3545=CARTESIAN_POINT('',(-0.00917381855845455,-0.0234188304841518,0.002));
#3546=CARTESIAN_POINT('',(-0.00917381855845455,-0.0234188304841518,0.002));
#3547=CARTESIAN_POINT('',(-0.00917381855845455,-0.0234188304841518,0.005));
#3548=CARTESIAN_POINT('',(-0.00917381855845455,-0.0234188304841518,0.005));
#3549=CARTESIAN_POINT('',(-0.00917381855845455,-0.0149188304841518,0.005));
#3550=CARTESIAN_POINT('',(-0.0141738185584545,-0.0234188304841518,0.005));
#3551=CARTESIAN_POINT('',(-0.0141738185584545,-0.0234188304841518,0.002));
#3552=CARTESIAN_POINT('',(-0.0141738185584545,-0.0284188304841518,0.002));
#3553=CARTESIAN_POINT('',(-0.0141738185584545,-0.0284188304841518,0.005));
#3554=CARTESIAN_POINT('',(-0.0141738185584545,-0.0284188304841518,0.005));
#3555=CARTESIAN_POINT('',(-0.0141738185584545,-0.0234188304841518,0.005));
#3556=CARTESIAN_POINT('',(-0.0161738185584545,-0.0284188304841518,0.005));
#3557=CARTESIAN_POINT('',(-0.0161738185584545,-0.0284188304841518,0.002));
#3558=CARTESIAN_POINT('',(-0.0181738185584546,-0.0284188304841518,0.002));
#3559=CARTESIAN_POINT('',(-0.0181738185584546,-0.0284188304841518,0.005));
#3560=CARTESIAN_POINT('',(-0.0181738185584546,-0.0284188304841518,0.005));
#3561=CARTESIAN_POINT('',(-0.0161738185584545,-0.0284188304841518,0.005));
#3562=CARTESIAN_POINT('',(-0.0181738185584546,-0.0234188304841518,0.005));
#3563=CARTESIAN_POINT('',(-0.0181738185584546,-0.0234188304841518,0.002));
#3564=CARTESIAN_POINT('',(-0.0231738185584545,-0.0234188304841518,0.002));
#3565=CARTESIAN_POINT('',(-0.0231738185584545,-0.0234188304841518,0.005));
#3566=CARTESIAN_POINT('',(-0.0231738185584545,-0.0234188304841518,0.005));
#3567=CARTESIAN_POINT('',(-0.0181738185584546,-0.0234188304841518,0.005));
#3568=CARTESIAN_POINT('',(-0.0231738185584545,-0.0149188304841518,0.005));
#3569=CARTESIAN_POINT('',(-0.0231738185584545,-0.0149188304841518,0.002));
#3570=CARTESIAN_POINT('',(-0.0231738185584545,-0.00641883048415184,0.002));
#3571=CARTESIAN_POINT('',(-0.0231738185584545,-0.00641883048415184,0.005));
#3572=CARTESIAN_POINT('',(-0.0231738185584545,-0.00641883048415184,0.005));
#3573=CARTESIAN_POINT('',(-0.0231738185584545,-0.0149188304841518,0.005));
#3574=CARTESIAN_POINT('',(-0.0251738185584546,-0.00641883048415183,0.005));
#3575=CARTESIAN_POINT('',(-0.0251738185584546,-0.00641883048415183,0.002));
#3576=CARTESIAN_POINT('',(-0.0251738185584546,-0.00441883048415184,0.002));
#3577=CARTESIAN_POINT('',(-0.0251738185584546,-0.00441883048415184,0.005));
#3578=CARTESIAN_POINT('',(-0.0251738185584546,-0.00441883048415184,0.005));
#3579=CARTESIAN_POINT('',(-0.0251738185584546,-0.00641883048415183,0.005));
#3580=CARTESIAN_POINT('',(-0.0261738185584546,-0.00441883048415184,0.005));
#3581=CARTESIAN_POINT('',(-0.0261738185584546,-0.00441883048415184,0.002));
#3582=CARTESIAN_POINT('',(-0.0271738185584545,-0.00441883048415184,0.002));
#3583=CARTESIAN_POINT('',(-0.0271738185584545,-0.00441883048415184,0.005));
#3584=CARTESIAN_POINT('',(-0.0271738185584545,-0.00441883048415184,0.005));
#3585=CARTESIAN_POINT('',(-0.0261738185584546,-0.00441883048415184,0.005));
#3586=CARTESIAN_POINT('',(-0.0271738185584545,-0.00641883048415183,0.005));
#3587=CARTESIAN_POINT('',(-0.0271738185584545,-0.00641883048415183,0.002));
#3588=CARTESIAN_POINT('',(-0.0291738185584546,-0.00641883048415183,0.002));
#3589=CARTESIAN_POINT('',(-0.0291738185584546,-0.00641883048415183,0.005));
#3590=CARTESIAN_POINT('',(-0.0291738185584546,-0.00641883048415183,0.005));
#3591=CARTESIAN_POINT('',(-0.0271738185584545,-0.00641883048415183,0.005));
#3592=CARTESIAN_POINT('',(-0.0291738185584546,-0.0149188304841518,0.005));
#3593=CARTESIAN_POINT('',(-0.0291738185584546,-0.0234188304841518,0.002));
#3594=CARTESIAN_POINT('',(-0.0291738185584546,-0.0234188304841518,0.002));
#3595=CARTESIAN_POINT('',(-0.0291738185584546,-0.0234188304841518,0.005));
#3596=CARTESIAN_POINT('',(-0.0291738185584546,-0.0234188304841518,0.005));
#3597=CARTESIAN_POINT('',(-0.0291738185584546,-0.0149188304841518,0.005));
#3598=CARTESIAN_POINT('',(-0.0341738185584545,-0.0234188304841518,0.005));
#3599=CARTESIAN_POINT('',(-0.0341738185584545,-0.0234188304841518,0.002));
#3600=CARTESIAN_POINT('',(-0.0341738185584545,-0.0284188304841518,0.002));
#3601=CARTESIAN_POINT('',(-0.0341738185584545,-0.0284188304841518,0.005));
#3602=CARTESIAN_POINT('',(-0.0341738185584545,-0.0284188304841518,0.005));
#3603=CARTESIAN_POINT('',(-0.0341738185584545,-0.0234188304841518,0.005));
#3604=CARTESIAN_POINT('',(-0.0361738185584545,-0.0284188304841518,0.005));
#3605=CARTESIAN_POINT('',(-0.0361738185584545,-0.0284188304841518,0.002));
#3606=CARTESIAN_POINT('',(-0.0381738185584545,-0.0284188304841518,0.002));
#3607=CARTESIAN_POINT('',(-0.0381738185584545,-0.0284188304841518,0.005));
#3608=CARTESIAN_POINT('',(-0.0381738185584545,-0.0284188304841518,0.005));
#3609=CARTESIAN_POINT('',(-0.0361738185584545,-0.0284188304841518,0.005));
#3610=CARTESIAN_POINT('',(-0.0381738185584545,-0.0234188304841518,0.005));
#3611=CARTESIAN_POINT('',(-0.0381738185584545,-0.0234188304841518,0.002));
#3612=CARTESIAN_POINT('',(-0.0431738185584545,-0.0234188304841518,0.002));
#3613=CARTESIAN_POINT('',(-0.0431738185584545,-0.0234188304841518,0.005));
#3614=CARTESIAN_POINT('',(-0.0431738185584545,-0.0234188304841518,0.005));
#3615=CARTESIAN_POINT('',(-0.0381738185584545,-0.0234188304841518,0.005));
#3616=CARTESIAN_POINT('',(-0.0431738185584545,-0.0109188304841518,0.005));
#3617=CARTESIAN_POINT('',(-0.0431738185584545,-0.0109188304841518,0.002));
#3618=CARTESIAN_POINT('',(-0.0431738185584545,0.0265811695158482,0.002));
#3619=CARTESIAN_POINT('',(-0.0431738185584545,0.0265811695158482,0.005));
#3620=CARTESIAN_POINT('',(-0.0431738185584545,0.0265811695158482,0.005));
#3621=CARTESIAN_POINT('',(-0.0431738185584545,-0.0109188304841518,0.005));
#3622=CARTESIAN_POINT('',(-0.0381738185584545,0.0265811695158482,0.005));
#3623=CARTESIAN_POINT('',(-0.0381738185584545,0.0265811695158482,0.002));
#3624=CARTESIAN_POINT('',(-0.0381738185584545,0.0315811695158481,0.002));
#3625=CARTESIAN_POINT('',(-0.0381738185584545,0.0315811695158481,0.005));
#3626=CARTESIAN_POINT('',(-0.0381738185584545,0.0315811695158481,0.005));
#3627=CARTESIAN_POINT('',(-0.0381738185584545,0.0265811695158482,0.005));
#3628=CARTESIAN_POINT('',(-0.0361738185584545,0.0315811695158481,0.005));
#3629=CARTESIAN_POINT('',(-0.0341738185584545,0.0315811695158481,0.002));
#3630=CARTESIAN_POINT('',(-0.0341738185584545,0.0315811695158481,0.002));
#3631=CARTESIAN_POINT('',(-0.0341738185584545,0.0315811695158481,0.005));
#3632=CARTESIAN_POINT('',(-0.0341738185584545,0.0315811695158481,0.005));
#3633=CARTESIAN_POINT('',(-0.0361738185584545,0.0315811695158481,0.005));
#3634=CARTESIAN_POINT('',(-0.0341738185584545,0.0265811695158482,0.005));
#3635=CARTESIAN_POINT('',(-0.0341738185584545,0.0265811695158482,0.002));
#3636=CARTESIAN_POINT('',(-0.0291738185584546,0.0265811695158482,0.002));
#3637=CARTESIAN_POINT('',(-0.0291738185584546,0.0265811695158482,0.005));
#3638=CARTESIAN_POINT('',(-0.0291738185584546,0.0265811695158482,0.005));
#3639=CARTESIAN_POINT('',(-0.0341738185584545,0.0265811695158482,0.005));
#3640=CARTESIAN_POINT('',(-0.0291738185584546,0.0180811695158482,0.005));
#3641=CARTESIAN_POINT('',(-0.0291738185584546,0.00958116951584816,0.002));
#3642=CARTESIAN_POINT('',(-0.0291738185584546,0.00958116951584816,0.002));
#3643=CARTESIAN_POINT('',(-0.0291738185584546,0.00958116951584816,0.005));
#3644=CARTESIAN_POINT('',(-0.0291738185584546,0.00958116951584816,0.005));
#3645=CARTESIAN_POINT('',(-0.0291738185584546,0.0180811695158482,0.005));
#3646=CARTESIAN_POINT('',(-0.0271738185584545,0.00958116951584816,0.005));
#3647=CARTESIAN_POINT('',(-0.0271738185584545,0.00958116951584816,0.002));
#3648=CARTESIAN_POINT('',(-0.0271738185584545,0.00958116951584816,0.005));
#3649=CARTESIAN_POINT('',(0.0338261814415454,-0.0234188304841518,0.005));
#3650=CARTESIAN_POINT('',(0.0338261814415454,-0.0234188304841518,0.));
#3651=CARTESIAN_POINT('',(0.0338261814415454,-0.0234188304841518,0.005));
#3652=CARTESIAN_POINT('',(-0.00617381855845452,0.00158116951584817,0.005));
#3653=CARTESIAN_POINT('',(0.0388261814415455,-0.0234188304841518,0.005));
#3654=CARTESIAN_POINT('',(0.0347011814415455,-0.0234188304841518,0.005));
#3655=CARTESIAN_POINT('',(0.0388261814415455,0.00158116951584815,0.005));
#3656=CARTESIAN_POINT('',(0.0347011814415455,0.00158116951584815,0.005));
#3657=CARTESIAN_POINT('',(0.0388261814415455,0.0265811695158482,0.005));
#3658=CARTESIAN_POINT('',(0.0347011814415455,0.0265811695158482,0.005));
#3659=CARTESIAN_POINT('',(-0.0511738185584545,0.0265811695158482,0.005));
#3660=CARTESIAN_POINT('',(-0.0552988185584545,0.0265811695158482,0.005));
#3661=CARTESIAN_POINT('',(-0.0511738185584545,0.00158116951584817,0.005));
#3662=CARTESIAN_POINT('',(-0.0552988185584545,0.00158116951584817,0.005));
#3663=CARTESIAN_POINT('',(-0.0511738185584545,-0.0234188304841518,0.005));
#3664=CARTESIAN_POINT('',(-0.0552988185584545,-0.0234188304841518,0.005));
#3665=CARTESIAN_POINT('',(-0.00617381855845452,0.00158116951584817,0.));
#3666=CARTESIAN_POINT('',(0.0388261814415455,-0.0234188304841518,0.));
#3667=CARTESIAN_POINT('',(0.0408261814415455,-0.0234188304841518,0.));
#3668=CARTESIAN_POINT('',(0.0388261814415455,0.00158116951584815,0.));
#3669=CARTESIAN_POINT('',(0.0408261814415455,0.00158116951584815,0.));
#3670=CARTESIAN_POINT('',(0.0388261814415455,0.0265811695158482,0.));
#3671=CARTESIAN_POINT('',(0.0408261814415455,0.0265811695158482,0.));
#3672=CARTESIAN_POINT('',(-0.0511738185584545,0.0265811695158482,0.));
#3673=CARTESIAN_POINT('',(-0.0491738185584545,0.0265811695158482,0.));
#3674=CARTESIAN_POINT('',(-0.0511738185584545,0.00158116951584817,0.));
#3675=CARTESIAN_POINT('',(-0.0491738185584545,0.00158116951584817,0.));
#3676=CARTESIAN_POINT('',(-0.0511738185584545,-0.0234188304841518,0.));
#3677=CARTESIAN_POINT('',(-0.0491738185584545,-0.0234188304841518,0.));
#3678=CARTESIAN_POINT('',(0.0138261814415455,-0.00641883048415183,0.));
#3679=CARTESIAN_POINT('',(0.0128261814415455,-0.00641883048415183,0.));
#3680=CARTESIAN_POINT('',(0.0138261814415455,-0.00641883048415183,0.));
#3681=CARTESIAN_POINT('',(0.0138261814415455,0.00158116951584817,0.));
#3682=CARTESIAN_POINT('',(0.0138261814415455,-0.0234188304841518,0.));
#3683=CARTESIAN_POINT('',(0.0208261814415455,-0.0234188304841518,0.));
#3684=CARTESIAN_POINT('',(0.0208261814415455,-0.0304188304841518,0.));
#3685=CARTESIAN_POINT('',(-0.00617381855845452,-0.0304188304841518,0.));
#3686=CARTESIAN_POINT('',(0.0268261814415455,-0.0304188304841518,0.));
#3687=CARTESIAN_POINT('',(0.0268261814415455,-0.0234188304841518,0.));
#3688=CARTESIAN_POINT('',(0.0338261814415454,-0.0234188304841518,0.));
#3689=CARTESIAN_POINT('',(0.0338261814415454,0.00158116951584817,0.));
#3690=CARTESIAN_POINT('',(0.0338261814415454,0.0265811695158482,0.));
#3691=CARTESIAN_POINT('',(0.0268261814415455,0.0265811695158482,0.));
#3692=CARTESIAN_POINT('',(0.0268261814415455,0.0335811695158482,0.));
#3693=CARTESIAN_POINT('',(0.0208261814415455,0.0335811695158482,0.));
#3694=CARTESIAN_POINT('',(0.0208261814415455,0.0335811695158482,0.));
#3695=CARTESIAN_POINT('',(0.0208261814415455,0.0265811695158482,0.));
#3696=CARTESIAN_POINT('',(0.0138261814415455,0.0265811695158482,0.));
#3697=CARTESIAN_POINT('',(0.0138261814415455,0.00958116951584815,0.));
#3698=CARTESIAN_POINT('',(0.0138261814415455,0.00958116951584817,0.));
#3699=CARTESIAN_POINT('',(-0.00617381855845452,0.00958116951584817,0.));
#3700=CARTESIAN_POINT('',(0.0128261814415455,0.00958116951584817,0.));
#3701=CARTESIAN_POINT('',(0.0128261814415455,0.00158116951584817,0.));
#3702=CARTESIAN_POINT('',(0.0128261814415454,0.0265811695158482,0.));
#3703=CARTESIAN_POINT('',(0.00582618144154547,0.0265811695158482,0.));
#3704=CARTESIAN_POINT('',(0.00582618144154547,0.0335811695158482,0.));
#3705=CARTESIAN_POINT('',(0.00182618144154545,0.0335811695158482,0.));
#3706=CARTESIAN_POINT('',(0.00182618144154545,0.0335811695158481,0.));
#3707=CARTESIAN_POINT('',(0.00182618144154545,0.0265811695158482,0.));
#3708=CARTESIAN_POINT('',(-0.00517381855845454,0.0265811695158482,0.));
#3709=CARTESIAN_POINT('',(-0.00517381855845454,0.00958116951584816,0.));
#3710=CARTESIAN_POINT('',(-0.00517381855845454,0.00958116951584816,0.));
#3711=CARTESIAN_POINT('',(-0.00617381855845452,0.00958116951584816,0.));
#3712=CARTESIAN_POINT('',(-0.00717381855845454,0.00958116951584816,0.));
#3713=CARTESIAN_POINT('',(-0.00717381855845454,0.00158116951584817,0.));
#3714=CARTESIAN_POINT('',(-0.00717381855845454,0.0265811695158482,0.));
#3715=CARTESIAN_POINT('',(-0.0141738185584545,0.0265811695158482,0.));
#3716=CARTESIAN_POINT('',(-0.0141738185584545,0.0335811695158481,0.));
#3717=CARTESIAN_POINT('',(-0.0181738185584546,0.0335811695158481,0.));
#3718=CARTESIAN_POINT('',(-0.0181738185584546,0.0335811695158481,0.));
#3719=CARTESIAN_POINT('',(-0.0181738185584546,0.0265811695158482,0.));
#3720=CARTESIAN_POINT('',(-0.0251738185584546,0.0265811695158482,0.));
#3721=CARTESIAN_POINT('',(-0.0251738185584546,0.00958116951584816,0.));
#3722=CARTESIAN_POINT('',(-0.0251738185584546,0.00958116951584816,0.));
#3723=CARTESIAN_POINT('',(-0.0271738185584545,0.00958116951584816,0.));
#3724=CARTESIAN_POINT('',(-0.0271738185584545,0.00958116951584816,0.));
#3725=CARTESIAN_POINT('',(-0.0271738185584545,0.0265811695158482,0.));
#3726=CARTESIAN_POINT('',(-0.0271738185584545,0.0265811695158482,0.));
#3727=CARTESIAN_POINT('',(-0.0341738185584545,0.0265811695158482,0.));
#3728=CARTESIAN_POINT('',(-0.0341738185584545,0.0335811695158481,0.));
#3729=CARTESIAN_POINT('',(-0.0381738185584545,0.0335811695158481,0.));
#3730=CARTESIAN_POINT('',(-0.0381738185584545,0.0335811695158481,0.));
#3731=CARTESIAN_POINT('',(-0.0381738185584545,0.0265811695158482,0.));
#3732=CARTESIAN_POINT('',(-0.0451738185584545,0.0265811695158482,0.));
#3733=CARTESIAN_POINT('',(-0.0451738185584546,0.00158116951584818,0.));
#3734=CARTESIAN_POINT('',(-0.0451738185584545,-0.0234188304841518,0.));
#3735=CARTESIAN_POINT('',(-0.0381738185584545,-0.0234188304841518,0.));
#3736=CARTESIAN_POINT('',(-0.0381738185584545,-0.0304188304841518,0.));
#3737=CARTESIAN_POINT('',(-0.00617381855845452,-0.0304188304841518,0.));
#3738=CARTESIAN_POINT('',(-0.0341738185584545,-0.0304188304841518,0.));
#3739=CARTESIAN_POINT('',(-0.0341738185584545,-0.0234188304841518,0.));
#3740=CARTESIAN_POINT('',(-0.0271738185584545,-0.0234188304841518,0.));
#3741=CARTESIAN_POINT('',(-0.0271738185584545,-0.00641883048415184,0.));
#3742=CARTESIAN_POINT('',(-0.0271738185584545,-0.00641883048415184,0.));
#3743=CARTESIAN_POINT('',(-0.00617381855845452,-0.00641883048415184,0.));
#3744=CARTESIAN_POINT('',(-0.0251738185584546,-0.00641883048415183,0.));
#3745=CARTESIAN_POINT('',(-0.0251738185584546,0.00158116951584817,0.));
#3746=CARTESIAN_POINT('',(-0.0251738185584546,-0.0234188304841518,0.));
#3747=CARTESIAN_POINT('',(-0.0181738185584546,-0.0234188304841518,0.));
#3748=CARTESIAN_POINT('',(-0.0181738185584546,-0.0304188304841518,0.));
#3749=CARTESIAN_POINT('',(-0.00617381855845452,-0.0304188304841518,0.));
#3750=CARTESIAN_POINT('',(-0.0141738185584545,-0.0304188304841518,0.));
#3751=CARTESIAN_POINT('',(-0.0141738185584545,-0.0234188304841518,0.));
#3752=CARTESIAN_POINT('',(-0.00717381855845455,-0.0234188304841518,0.));
#3753=CARTESIAN_POINT('',(-0.00717381855845454,-0.00641883048415184,0.));
#3754=CARTESIAN_POINT('',(-0.00717381855845454,-0.00641883048415184,0.));
#3755=CARTESIAN_POINT('',(-0.00617381855845452,-0.00641883048415184,0.));
#3756=CARTESIAN_POINT('',(-0.00517381855845454,-0.00641883048415184,0.));
#3757=CARTESIAN_POINT('',(-0.00517381855845454,0.00158116951584817,0.));
#3758=CARTESIAN_POINT('',(-0.00517381855845454,-0.0234188304841518,0.));
#3759=CARTESIAN_POINT('',(0.00182618144154545,-0.0234188304841518,0.));
#3760=CARTESIAN_POINT('',(0.00182618144154545,-0.0304188304841518,0.));
#3761=CARTESIAN_POINT('',(-0.00617381855845452,-0.0304188304841518,0.));
#3762=CARTESIAN_POINT('',(0.00582618144154548,-0.0304188304841518,0.));
#3763=CARTESIAN_POINT('',(0.00582618144154547,-0.0234188304841518,0.));
#3764=CARTESIAN_POINT('',(0.0128261814415455,-0.0234188304841518,0.));
#3765=CARTESIAN_POINT('',(0.0128261814415455,-0.00641883048415183,0.));
#3766=CARTESIAN_POINT('',(-0.0271738185584545,0.00958116951584816,0.002));
#3767=CARTESIAN_POINT('',(-0.0271738185584545,0.00958116951584816,0.));
#3768=CARTESIAN_POINT('',(-0.0271738185584545,0.00758116951584816,0.002));
#3769=CARTESIAN_POINT('',(-0.00617381855845452,0.00958116951584815,0.));
#3770=CARTESIAN_POINT('',(-0.0251738185584546,0.00758116951584816,0.002));
#3771=CARTESIAN_POINT('',(-0.0271738185584545,0.00158116951584817,0.));
#3772=CARTESIAN_POINT('',(-0.0271738185584545,0.0265811695158482,0.));
#3773=CARTESIAN_POINT('',(-0.0251738185584546,0.00958116951584816,0.002));
#3774=CARTESIAN_POINT('',(-0.0231738185584545,0.00958116951584816,0.002));
#3775=CARTESIAN_POINT('',(-0.0341738185584545,0.0265811695158482,0.));
#3776=CARTESIAN_POINT('',(-0.0341738185584545,0.0335811695158481,0.));
#3777=CARTESIAN_POINT('',(-0.0251738185584546,0.00158116951584817,0.));
#3778=CARTESIAN_POINT('',(-0.0231738185584545,0.0265811695158482,0.002));
#3779=CARTESIAN_POINT('',(-0.00617381855845452,0.0335811695158481,0.));
#3780=CARTESIAN_POINT('',(-0.0381738185584545,0.0335811695158481,0.));
#3781=CARTESIAN_POINT('',(-0.0181738185584546,0.0265811695158482,0.));
#3782=CARTESIAN_POINT('',(-0.0181738185584546,0.0315811695158481,0.002));
#3783=CARTESIAN_POINT('',(-0.0381738185584545,0.0265811695158482,0.));
#3784=CARTESIAN_POINT('',(-0.0451738185584545,0.0265811695158482,0.));
#3785=CARTESIAN_POINT('',(-0.00617381855845452,0.0335811695158481,0.));
#3786=CARTESIAN_POINT('',(-0.0141738185584545,0.0315811695158481,0.002));
#3787=CARTESIAN_POINT('',(-0.0431738185584545,-0.0109188304841518,0.002));
#3788=CARTESIAN_POINT('',(-0.0451738185584546,-0.0234188304841518,0.));
#3789=CARTESIAN_POINT('',(-0.0141738185584545,0.0265811695158482,0.));
#3790=CARTESIAN_POINT('',(-0.00917381855845454,0.0265811695158482,0.002));
#3791=CARTESIAN_POINT('',(-0.0381738185584545,-0.0234188304841518,0.));
#3792=CARTESIAN_POINT('',(-0.0381738185584545,-0.0304188304841518,0.));
#3793=CARTESIAN_POINT('',(-0.00917381855845454,0.0180811695158482,0.002));
#3794=CARTESIAN_POINT('',(-0.00917381855845454,0.00958116951584816,0.002));
#3795=CARTESIAN_POINT('',(-0.0361738185584545,-0.0284188304841518,0.002));
#3796=CARTESIAN_POINT('',(-0.0341738185584545,-0.0304188304841518,0.));
#3797=CARTESIAN_POINT('',(-0.00717381855845454,0.00958116951584816,0.002));
#3798=CARTESIAN_POINT('',(-0.00717381855845454,0.00758116951584817,0.002));
#3799=CARTESIAN_POINT('',(-0.0341738185584545,-0.0234188304841518,0.));
#3800=CARTESIAN_POINT('',(-0.0271738185584545,-0.0234188304841518,0.));
#3801=CARTESIAN_POINT('',(-0.00617381855845454,0.00758116951584816,0.002));
#3802=CARTESIAN_POINT('',(-0.00517381855845454,0.00758116951584816,0.002));
#3803=CARTESIAN_POINT('',(-0.0271738185584545,0.00158116951584818,0.));
#3804=CARTESIAN_POINT('',(-0.0271738185584545,-0.00641883048415184,0.));
#3805=CARTESIAN_POINT('',(-0.00517381855845454,0.00958116951584816,0.002));
#3806=CARTESIAN_POINT('',(-0.00317381855845454,0.00958116951584816,0.002));
#3807=CARTESIAN_POINT('',(-0.0271738185584545,-0.00641883048415183,0.002));
#3808=CARTESIAN_POINT('',(-0.0271738185584545,-0.00641883048415183,0.));
#3809=CARTESIAN_POINT('',(-0.00517381855845454,0.00158116951584817,0.));
#3810=CARTESIAN_POINT('',(-0.00317381855845454,0.0265811695158482,0.002));
#3811=CARTESIAN_POINT('',(-0.0261738185584546,-0.00441883048415184,0.002));
#3812=CARTESIAN_POINT('',(-0.0251738185584546,-0.00641883048415184,0.));
#3813=CARTESIAN_POINT('',(0.00182618144154545,0.0265811695158482,0.));
#3814=CARTESIAN_POINT('',(0.00182618144154545,0.0315811695158481,0.002));
#3815=CARTESIAN_POINT('',(-0.0251738185584546,-0.00641883048415183,0.002));
#3816=CARTESIAN_POINT('',(-0.0251738185584546,-0.00641883048415183,0.));
#3817=CARTESIAN_POINT('',(-0.00617381855845452,0.0335811695158482,0.));
#3818=CARTESIAN_POINT('',(0.00582618144154547,0.0315811695158482,0.002));
#3819=CARTESIAN_POINT('',(-0.0231738185584545,-0.0149188304841518,0.002));
#3820=CARTESIAN_POINT('',(-0.0251738185584546,-0.0234188304841518,0.));
#3821=CARTESIAN_POINT('',(0.00582618144154547,0.0265811695158482,0.));
#3822=CARTESIAN_POINT('',(0.0108261814415454,0.0265811695158482,0.002));
#3823=CARTESIAN_POINT('',(-0.0181738185584546,-0.0234188304841518,0.));
#3824=CARTESIAN_POINT('',(-0.0181738185584546,-0.0304188304841518,0.));
#3825=CARTESIAN_POINT('',(0.0108261814415455,0.0180811695158482,0.002));
#3826=CARTESIAN_POINT('',(0.0108261814415455,0.00958116951584817,0.002));
#3827=CARTESIAN_POINT('',(-0.0161738185584545,-0.0284188304841518,0.002));
#3828=CARTESIAN_POINT('',(-0.0141738185584545,-0.0304188304841518,0.));
#3829=CARTESIAN_POINT('',(0.0128261814415455,0.00958116951584817,0.002));
#3830=CARTESIAN_POINT('',(0.0128261814415455,0.00758116951584817,0.002));
#3831=CARTESIAN_POINT('',(-0.0141738185584545,-0.0234188304841518,0.));
#3832=CARTESIAN_POINT('',(-0.00717381855845455,-0.0234188304841518,0.));
#3833=CARTESIAN_POINT('',(0.0133261814415455,0.00758116951584817,0.002));
#3834=CARTESIAN_POINT('',(0.0138261814415455,0.00758116951584817,0.002));
#3835=CARTESIAN_POINT('',(-0.00717381855845454,0.00158116951584817,0.));
#3836=CARTESIAN_POINT('',(-0.00717381855845454,-0.00641883048415184,0.));
#3837=CARTESIAN_POINT('',(0.0138261814415455,0.00958116951584815,0.002));
#3838=CARTESIAN_POINT('',(0.0158261814415455,0.00958116951584815,0.002));
#3839=CARTESIAN_POINT('',(-0.00717381855845454,-0.00641883048415184,0.002));
#3840=CARTESIAN_POINT('',(-0.00717381855845454,-0.00641883048415184,0.));
#3841=CARTESIAN_POINT('',(0.0138261814415455,0.00158116951584817,0.));
#3842=CARTESIAN_POINT('',(0.0158261814415455,0.0265811695158482,0.002));
#3843=CARTESIAN_POINT('',(-0.00617381855845454,-0.00441883048415184,0.002));
#3844=CARTESIAN_POINT('',(-0.00517381855845454,-0.00641883048415184,0.));
#3845=CARTESIAN_POINT('',(0.0208261814415455,0.0265811695158482,0.));
#3846=CARTESIAN_POINT('',(0.0208261814415455,0.0315811695158482,0.002));
#3847=CARTESIAN_POINT('',(-0.00517381855845454,-0.00641883048415184,0.002));
#3848=CARTESIAN_POINT('',(-0.00517381855845454,-0.00641883048415184,0.));
#3849=CARTESIAN_POINT('',(-0.00617381855845452,0.0335811695158482,0.));
#3850=CARTESIAN_POINT('',(0.0268261814415455,0.0315811695158482,0.002));
#3851=CARTESIAN_POINT('',(-0.00317381855845454,-0.0149188304841518,0.002));
#3852=CARTESIAN_POINT('',(-0.00517381855845454,-0.0234188304841518,0.));
#3853=CARTESIAN_POINT('',(0.0268261814415455,0.0265811695158482,0.));
#3854=CARTESIAN_POINT('',(0.0318261814415454,0.0265811695158482,0.002));
#3855=CARTESIAN_POINT('',(0.00182618144154545,-0.0234188304841518,0.));
#3856=CARTESIAN_POINT('',(0.00182618144154545,-0.0304188304841518,0.));
#3857=CARTESIAN_POINT('',(0.0318261814415454,0.0170811695158481,0.002));
#3858=CARTESIAN_POINT('',(0.0318261814415454,-0.0234188304841518,0.002));
#3859=CARTESIAN_POINT('',(0.00382618144154547,-0.0284188304841518,0.002));
#3860=CARTESIAN_POINT('',(0.00582618144154548,-0.0304188304841518,0.));
#3861=CARTESIAN_POINT('',(0.0268261814415455,-0.0234188304841518,0.));
#3862=CARTESIAN_POINT('',(0.0268261814415455,-0.0284188304841518,0.002));
#3863=CARTESIAN_POINT('',(0.00582618144154547,-0.0234188304841518,0.));
#3864=CARTESIAN_POINT('',(0.0128261814415455,-0.0234188304841518,0.));
#3865=CARTESIAN_POINT('',(0.0238261814415455,-0.0284188304841518,0.002));
#3866=CARTESIAN_POINT('',(0.0208261814415455,-0.0284188304841518,0.002));
#3867=CARTESIAN_POINT('',(0.0128261814415455,0.00158116951584817,0.));
#3868=CARTESIAN_POINT('',(0.0128261814415455,-0.00641883048415183,0.));
#3869=CARTESIAN_POINT('',(0.0208261814415455,-0.0234188304841518,0.));
#3870=CARTESIAN_POINT('',(0.0158261814415455,-0.0234188304841518,0.002));
#3871=CARTESIAN_POINT('',(0.0128261814415455,-0.00641883048415183,0.002));
#3872=CARTESIAN_POINT('',(0.0128261814415455,-0.00641883048415183,0.));
#3873=CARTESIAN_POINT('',(0.0158261814415455,-0.0149188304841518,0.002));
#3874=CARTESIAN_POINT('',(0.0158261814415455,-0.00641883048415184,0.002));
#3875=CARTESIAN_POINT('',(-0.00617381855845452,-0.00641883048415183,0.));
#3876=CARTESIAN_POINT('',(0.0138261814415455,-0.00641883048415183,0.));
#3877=CARTESIAN_POINT('',(0.0138261814415455,-0.00641883048415184,0.002));
#3878=CARTESIAN_POINT('',(-0.0511738185584545,-0.0234188304841518,0.005));
#3879=CARTESIAN_POINT('',(-0.0511738185584545,-0.0234188304841518,0.001));
#3880=CARTESIAN_POINT('',(-0.0531738185584545,-0.0234188304841518,0.001));
#3881=CARTESIAN_POINT('',(-0.0470488185584545,-0.0234188304841518,0.001));
#3882=CARTESIAN_POINT('',(-0.0511738185584545,-0.0234188304841518,0.001));
#3883=CARTESIAN_POINT('',(-0.0552988185584545,-0.0234188304841518,0.001));
#3884=CARTESIAN_POINT('',(-0.0511738185584545,-0.0234188304841518,0.005));
#3885=CARTESIAN_POINT('',(-0.0511738185584545,0.00158116951584817,0.005));
#3886=CARTESIAN_POINT('',(-0.0511738185584545,0.00158116951584817,0.001));
#3887=CARTESIAN_POINT('',(-0.0531738185584545,0.00158116951584817,0.001));
#3888=CARTESIAN_POINT('',(-0.0470488185584545,0.00158116951584817,0.001));
#3889=CARTESIAN_POINT('',(-0.0511738185584545,0.00158116951584817,0.001));
#3890=CARTESIAN_POINT('',(-0.0552988185584545,0.00158116951584817,0.001));
#3891=CARTESIAN_POINT('',(-0.0511738185584545,0.00158116951584817,0.005));
#3892=CARTESIAN_POINT('',(-0.0511738185584545,0.0265811695158482,0.005));
#3893=CARTESIAN_POINT('',(-0.0511738185584545,0.0265811695158482,0.001));
#3894=CARTESIAN_POINT('',(-0.0531738185584545,0.0265811695158482,0.001));
#3895=CARTESIAN_POINT('',(-0.0470488185584545,0.0265811695158482,0.001));
#3896=CARTESIAN_POINT('',(-0.0511738185584545,0.0265811695158482,0.001));
#3897=CARTESIAN_POINT('',(-0.0552988185584545,0.0265811695158482,0.001));
#3898=CARTESIAN_POINT('',(-0.0511738185584545,0.0265811695158482,0.005));
#3899=CARTESIAN_POINT('',(0.0388261814415455,0.0265811695158482,0.005));
#3900=CARTESIAN_POINT('',(0.0388261814415455,0.0265811695158482,0.001));
#3901=CARTESIAN_POINT('',(0.0368261814415455,0.0265811695158482,0.001));
#3902=CARTESIAN_POINT('',(0.0429511814415455,0.0265811695158482,0.001));
#3903=CARTESIAN_POINT('',(0.0388261814415455,0.0265811695158482,0.001));
#3904=CARTESIAN_POINT('',(0.0347011814415455,0.0265811695158482,0.001));
#3905=CARTESIAN_POINT('',(0.0388261814415455,0.0265811695158482,0.005));
#3906=CARTESIAN_POINT('',(0.0388261814415455,0.00158116951584815,0.005));
#3907=CARTESIAN_POINT('',(0.0388261814415455,0.00158116951584815,0.001));
#3908=CARTESIAN_POINT('',(0.0368261814415455,0.00158116951584815,0.001));
#3909=CARTESIAN_POINT('',(0.0429511814415455,0.00158116951584815,0.001));
#3910=CARTESIAN_POINT('',(0.0388261814415455,0.00158116951584815,0.001));
#3911=CARTESIAN_POINT('',(0.0347011814415455,0.00158116951584815,0.001));
#3912=CARTESIAN_POINT('',(0.0388261814415455,0.00158116951584815,0.005));
#3913=CARTESIAN_POINT('',(0.0388261814415455,-0.0234188304841518,0.005));
#3914=CARTESIAN_POINT('',(0.0388261814415455,-0.0234188304841518,0.001));
#3915=CARTESIAN_POINT('',(0.0368261814415455,-0.0234188304841518,0.001));
#3916=CARTESIAN_POINT('',(0.0429511814415455,-0.0234188304841518,0.001));
#3917=CARTESIAN_POINT('',(0.0388261814415455,-0.0234188304841518,0.001));
#3918=CARTESIAN_POINT('',(0.0347011814415455,-0.0234188304841518,0.001));
#3919=CARTESIAN_POINT('',(0.0388261814415455,-0.0234188304841518,0.005));
#3920=MECHANICAL_DESIGN_GEOMETRIC_PRESENTATION_REPRESENTATION('',(#2309),#3921);
#3921=(
GEOMETRIC_REPRESENTATION_CONTEXT(3)
GLOBAL_UNCERTAINTY_ASSIGNED_CONTEXT((#3922))
GLOBAL_UNIT_ASSIGNED_CONTEXT((#3925,#3924,#3923))
REPRESENTATION_CONTEXT('Part 1','TOP_LEVEL_ASSEMBLY_PART')
);
#3922=UNCERTAINTY_MEASURE_WITH_UNIT(LENGTH_MEASURE(1.E-08),#3925,'DISTANCE_ACCURACY_VALUE','Maximum Tolerance applied to model');
#3923=(
NAMED_UNIT(*)
SI_UNIT($,.STERADIAN.)
SOLID_ANGLE_UNIT()
);
#3924=(
NAMED_UNIT(*)
PLANE_ANGLE_UNIT()
SI_UNIT($,.RADIAN.)
);
#3925=(
LENGTH_UNIT()
NAMED_UNIT(*)
SI_UNIT($,.METRE.)
);
#3926=PRODUCT_DEFINITION_SHAPE('','',#3927);
#3927=PRODUCT_DEFINITION('','',#3929,#3928);
#3928=PRODUCT_DEFINITION_CONTEXT('',#3935,'design');
#3929=PRODUCT_DEFINITION_FORMATION_WITH_SPECIFIED_SOURCE('','',#3931,.NOT_KNOWN.);
#3930=PRODUCT_RELATED_PRODUCT_CATEGORY('','',(#3931));
#3931=PRODUCT('Part 1','Part 1','Part 1',(#3933));
#3932=PRODUCT_CATEGORY('','');
#3933=PRODUCT_CONTEXT('',#3935,'mechanical');
#3934=APPLICATION_PROTOCOL_DEFINITION('international standard','ap242_managed_model_based_3d_engineering',2020,#3935);
#3935=APPLICATION_CONTEXT('managed model based 3d engineering');
#3936=SHAPE_ASPECT('RADIUS.F25RHcl5mlQCg5j_0',$,#3926,.T.);
#3937=GEOMETRIC_ITEM_SPECIFIC_USAGE('','',#3936,#11,#2212);
#3938=DIMENSIONAL_SIZE(#3936,'radius');
#3940=(
LENGTH_UNIT()
NAMED_UNIT(*)
SI_UNIT(.MILLI.,.METRE.)
);
#3941=PRECISION_QUALIFIER(3);
#3939=(
LENGTH_MEASURE_WITH_UNIT()
MEASURE_REPRESENTATION_ITEM()
MEASURE_WITH_UNIT(POSITIVE_LENGTH_MEASURE(2.),#3940)
QUALIFIED_REPRESENTATION_ITEM((#3941))
REPRESENTATION_ITEM('nominal value')
);
#3942=SHAPE_DIMENSION_REPRESENTATION('',(#3939),#3921);
#3943=DIMENSIONAL_CHARACTERISTIC_REPRESENTATION(#3938,#3942);
#3944=PRESENTATION_STYLE_ASSIGNMENT((NULL_STYLE(.NULL.)));
#3945=CARTESIAN_POINT('',(-0.00717381855845454,-0.00641883048415184,0.0035));
#3946=DIRECTION('',(0.,0.,-1.));
#3947=DIRECTION('',(1.,0.,0.));
#3948=AXIS2_PLACEMENT_3D('',#3945,#3946,#3947);
#3949=PLANE('',#3948);
#3950=ANNOTATION_PLANE('',(#3944),#3949,(#3977));
#3951=CARTESIAN_POINT('',(0.,0.,0.));
#3952=DIRECTION('',(0.,0.,1.));
#3953=DIRECTION('',(1.,0.,0.));
#3954=AXIS2_PLACEMENT_3D('',#3951,#3952,#3953);
#3955=CARTESIAN_POINT('',(0.,0.,0.));
#3956=DIRECTION('',(0.,0.,1.));
#3957=DIRECTION('',(1.,0.,0.));
#3958=AXIS2_PLACEMENT_3D('',#3955,#3956,#3957);
#3959=SHAPE_REPRESENTATION('',(#3958,#2317),#3921);
#3960=REPRESENTATION_MAP(#3954,#3959);
#3961=MAPPED_ITEM('',#3960,#3954);
#3962=PRESENTATION_STYLE_ASSIGNMENT((NULL_STYLE(.NULL.)));
#3963=STYLED_ITEM('',(#3962),#3961);
#3964=DRAUGHTING_MODEL('',(#3950,#3954,#3961,#3963),#3921);
#3965=DRAUGHTING_PRE_DEFINED_CURVE_FONT('continuous');
#3966=COLOUR_RGB('',0.,0.,0.);
#3967=CURVE_STYLE('',#3965,POSITIVE_LENGTH_MEASURE(0.02),#3966);
#3968=PRESENTATION_STYLE_ASSIGNMENT((#3967));
#3969=COORDINATES_LIST('coordinates',501,((-0.0124274,-0.0037772,0.0035000),(-0.0124274,-0.0053785,0.0035000),(-0.0125060,-0.0055213,0.0035000),(-0.0124274,-0.0037772,0.0035000),(-0.0125060,-0.0055213,0.0035000),(-0.0125661,-0.0055571,0.0035000),(-0.0124274,-0.0037772,0.0035000),(-0.0125661,-0.0055571,0.0035000),(-0.0126401,-0.0055690,0.0035000),(-0.0124274,-0.0037772,0.0035000),(-0.0126401,-0.0055690,0.0035000),(-0.0127878,-0.0055213,0.0035000),(-0.0124274,-0.0037772,0.0035000),(-0.0127878,-0.0055213,0.0035000),(-0.0128310,-0.0054618,0.0035000),(-0.0124274,-0.0037772,0.0035000),(-0.0128310,-0.0054618,0.0035000),(-0.0128539,-0.0053785,0.0035000),(-0.0124274,-0.0037772,0.0035000),(-0.0128539,-0.0053785,0.0035000),(-0.0128539,-0.0017515,0.0035000),(-0.0124274,-0.0037772,0.0035000),(-0.0128539,-0.0017515,0.0035000),(-0.0128399,-0.0016724,0.0035000),(-0.0124274,-0.0037772,0.0035000),(-0.0128399,-0.0016724,0.0035000),(-0.0127978,-0.0015981,0.0035000),(-0.0124274,-0.0037772,0.0035000),(-0.0127978,-0.0015981,0.0035000),(-0.0127261,-0.0015481,0.0035000),(-0.0124274,-0.0037772,0.0035000),(-0.0127261,-0.0015481,0.0035000),(-0.0126401,-0.0015314,0.0035000),(-0.0126401,-0.0015314,0.0035000),(-0.0109341,-0.0015314,0.0035000),(-0.0108209,-0.0015366,0.0035000),(-0.0126401,-0.0015314,0.0035000),(-0.0108209,-0.0015366,0.0035000),(-0.0107114,-0.0015523,0.0035000),(-0.0126401,-0.0015314,0.0035000),(-0.0107114,-0.0015523,0.0035000),(-0.0106056,-0.0015783,0.0035000),(-0.0126401,-0.0015314,0.0035000),(-0.0106056,-0.0015783,0.0035000),(-0.0105036,-0.0016148,0.0035000),(-0.0126401,-0.0015314,0.0035000),(-0.0105036,-0.0016148,0.0035000),(-0.0104054,-0.0016616,0.0035000),(-0.0126401,-0.0015314,0.0035000),(-0.0104054,-0.0016616,0.0035000),(-0.0103108,-0.0017189,0.0035000),(-0.0126401,-0.0015314,0.0035000),(-0.0103108,-0.0017189,0.0035000),(-0.0102200,-0.0017867,0.0035000),(-0.0126401,-0.0015314,0.0035000),(-0.0102200,-0.0017867,0.0035000),(-0.0101329,-0.0018648,0.0035000),(-0.0126401,-0.0015314,0.0035000),(-0.0101329,-0.0018648,0.0035000),(-0.0100566,-0.0019501,0.0035000),(-0.0126401,-0.0015314,0.0035000),(-0.0100566,-0.0019501,0.0035000),(-0.0099903,-0.0020393,0.0035000),(-0.0126401,-0.0015314,0.0035000),(-0.0099903,-0.0020393,0.0035000),(-0.0099343,-0.0021324,0.0035000),(-0.0099343,-0.0021324,0.0035000),(-0.0098885,-0.0022294,0.0035000),(-0.0098528,-0.0023303,0.0035000),(-0.0099343,-0.0021324,0.0035000),(-0.0098528,-0.0023303,0.0035000),(-0.0098274,-0.0024351,0.0035000),(-0.0099343,-0.0021324,0.0035000),(-0.0098274,-0.0024351,0.0035000),(-0.0098121,-0.0025438,0.0035000),(-0.0099343,-0.0021324,0.0035000),(-0.0098121,-0.0025438,0.0035000),(-0.0098070,-0.0026564,0.0035000),(-0.0099343,-0.0021324,0.0035000),(-0.0098070,-0.0026564,0.0035000),(-0.0098121,-0.0027651,0.0035000),(-0.0099343,-0.0021324,0.0035000),(-0.0098121,-0.0027651,0.0035000),(-0.0098274,-0.0028711,0.0035000),(-0.0099343,-0.0021324,0.0035000),(-0.0098274,-0.0028711,0.0035000),(-0.0098528,-0.0029744,0.0035000),(-0.0099343,-0.0021324,0.0035000),(-0.0098528,-0.0029744,0.0035000),(-0.0098885,-0.0030750,0.0035000),(-0.0099343,-0.0021324,0.0035000),(-0.0098885,-0.0030750,0.0035000),(-0.0102840,-0.0029258,0.0035000),(-0.0099343,-0.0021324,0.0035000),(-0.0102840,-0.0029258,0.0035000),(-0.0102453,-0.0027968,0.0035000),(-0.0099343,-0.0021324,0.0035000),(-0.0102453,-0.0027968,0.0035000),(-0.0102324,-0.0026564,0.0035000),(-0.0099343,-0.0021324,0.0035000),(-0.0102324,-0.0026564,0.0035000),(-0.0102453,-0.0025174,0.0035000),(-0.0099343,-0.0021324,0.0035000),(-0.0102453,-0.0025174,0.0035000),(-0.0102840,-0.0023892,0.0035000),(-0.0099343,-0.0021324,0.0035000),(-0.0102840,-0.0023892,0.0035000),(-0.0103485,-0.0022719,0.0035000),(-0.0099343,-0.0021324,0.0035000),(-0.0103485,-0.0022719,0.0035000),(-0.0104388,-0.0021654,0.0035000),(-0.0099343,-0.0021324,0.0035000),(-0.0104388,-0.0021654,0.0035000),(-0.0105460,-0.0020774,0.0035000),(-0.0099343,-0.0021324,0.0035000),(-0.0105460,-0.0020774,0.0035000),(-0.0106632,-0.0020145,0.0035000),(-0.0099343,-0.0021324,0.0035000),(-0.0106632,-0.0020145,0.0035000),(-0.0107904,-0.0019768,0.0035000),(-0.0126401,-0.0015314,0.0035000),(-0.0099343,-0.0021324,0.0035000),(-0.0107904,-0.0019768,0.0035000),(-0.0126401,-0.0015314,0.0035000),(-0.0107904,-0.0019768,0.0035000),(-0.0109278,-0.0019643,0.0035000),(-0.0126401,-0.0015314,0.0035000),(-0.0109278,-0.0019643,0.0035000),(-0.0124274,-0.0019643,0.0035000),(-0.0124274,-0.0037772,0.0035000),(-0.0126401,-0.0015314,0.0035000),(-0.0124274,-0.0019643,0.0035000),(-0.0103485,-0.0030434,0.0035000),(-0.0102840,-0.0029258,0.0035000),(-0.0098885,-0.0030750,0.0035000),(-0.0104388,-0.0031496,0.0035000),(-0.0103485,-0.0030434,0.0035000),(-0.0098885,-0.0030750,0.0035000),(-0.0105487,-0.0032376,0.0035000),(-0.0104388,-0.0031496,0.0035000),(-0.0098885,-0.0030750,0.0035000),(-0.0106679,-0.0033004,0.0035000),(-0.0105487,-0.0032376,0.0035000),(-0.0098885,-0.0030750,0.0035000),(-0.0107964,-0.0033381,0.0035000),(-0.0106679,-0.0033004,0.0035000),(-0.0098885,-0.0030750,0.0035000),(-0.0107964,-0.0033381,0.0035000),(-0.0098885,-0.0030750,0.0035000),(-0.0099343,-0.0031729,0.0035000),(-0.0107964,-0.0033381,0.0035000),(-0.0099343,-0.0031729,0.0035000),(-0.0099903,-0.0032680,0.0035000),(-0.0109341,-0.0033507,0.0035000),(-0.0107964,-0.0033381,0.0035000),(-0.0099903,-0.0032680,0.0035000),(-0.0109341,-0.0033507,0.0035000),(-0.0099903,-0.0032680,0.0035000),(-0.0100566,-0.0033604,0.0035000),(-0.0124274,-0.0033507,0.0035000),(-0.0109341,-0.0033507,0.0035000),(-0.0100566,-0.0033604,0.0035000),(-0.0124274,-0.0033507,0.0035000),(-0.0100566,-0.0033604,0.0035000),(-0.0101329,-0.0034502,0.0035000),(-0.0124274,-0.0033507,0.0035000),(-0.0101329,-0.0034502,0.0035000),(-0.0102140,-0.0035268,0.0035000),(-0.0124274,-0.0033507,0.0035000),(-0.0102140,-0.0035268,0.0035000),(-0.0103005,-0.0035932,0.0035000),(-0.0124274,-0.0033507,0.0035000),(-0.0103005,-0.0035932,0.0035000),(-0.0103925,-0.0036495,0.0035000),(-0.0124274,-0.0033507,0.0035000),(-0.0103925,-0.0036495,0.0035000),(-0.0104899,-0.0036954,0.0035000),(-0.0124274,-0.0033507,0.0035000),(-0.0104899,-0.0036954,0.0035000),(-0.0105927,-0.0037312,0.0035000),(-0.0124274,-0.0033507,0.0035000),(-0.0105927,-0.0037312,0.0035000),(-0.0107011,-0.0037568,0.0035000),(-0.0124274,-0.0033507,0.0035000),(-0.0107011,-0.0037568,0.0035000),(-0.0108149,-0.0037721,0.0035000),(-0.0124274,-0.0033507,0.0035000),(-0.0108149,-0.0037721,0.0035000),(-0.0109341,-0.0037772,0.0035000),(-0.0124274,-0.0033507,0.0035000),(-0.0109341,-0.0037772,0.0035000),(-0.0110198,-0.0037772,0.0035000),(-0.0110198,-0.0037772,0.0035000),(-0.0098440,-0.0053023,0.0035000),(-0.0097996,-0.0054345,0.0035000),(-0.0110198,-0.0037772,0.0035000),(-0.0097996,-0.0054345,0.0035000),(-0.0098210,-0.0055303,0.0035000),(-0.0110198,-0.0037772,0.0035000),(-0.0098210,-0.0055303,0.0035000),(-0.0098853,-0.0056039,0.0035000),(-0.0110198,-0.0037772,0.0035000),(-0.0098853,-0.0056039,0.0035000),(-0.0100176,-0.0056494,0.0035000),(-0.0110198,-0.0037772,0.0035000),(-0.0100176,-0.0056494,0.0035000),(-0.0101094,-0.0056288,0.0035000),(-0.0110198,-0.0037772,0.0035000),(-0.0101094,-0.0056288,0.0035000),(-0.0101816,-0.0055668,0.0035000),(-0.0110198,-0.0037772,0.0035000),(-0.0101816,-0.0055668,0.0035000),(-0.0115638,-0.0037772,0.0035000),(-0.0124274,-0.0033507,0.0035000),(-0.0110198,-0.0037772,0.0035000),(-0.0115638,-0.0037772,0.0035000),(-0.0124274,-0.0033507,0.0035000),(-0.0115638,-0.0037772,0.0035000),(-0.0124274,-0.0037772,0.0035000),(-0.0124274,-0.0033507,0.0035000),(-0.0124274,-0.0037772,0.0035000),(-0.0124274,-0.0019643,0.0035000),(-0.0085973,-0.0051657,0.0035000),(-0.0073612,-0.0051657,0.0035000),(-0.0072757,-0.0051808,0.0035000),(-0.0085973,-0.0051657,0.0035000),(-0.0072757,-0.0051808,0.0035000),(-0.0072098,-0.0052261,0.0035000),(-0.0085973,-0.0051657,0.0035000),(-0.0072098,-0.0052261,0.0035000),(-0.0071654,-0.0052943,0.0035000),(-0.0085973,-0.0051657,0.0035000),(-0.0071654,-0.0052943,0.0035000),(-0.0071506,-0.0053785,0.0035000),(-0.0085973,-0.0051657,0.0035000),(-0.0071506,-0.0053785,0.0035000),(-0.0071654,-0.0054618,0.0035000),(-0.0085973,-0.0051657,0.0035000),(-0.0071654,-0.0054618,0.0035000),(-0.0072098,-0.0055298,0.0035000),(-0.0085973,-0.0051657,0.0035000),(-0.0072098,-0.0055298,0.0035000),(-0.0072778,-0.0055750,0.0035000),(-0.0085973,-0.0051657,0.0035000),(-0.0072778,-0.0055750,0.0035000),(-0.0073612,-0.0055901,0.0035000),(-0.0085973,-0.0051657,0.0035000),(-0.0073612,-0.0055901,0.0035000),(-0.0090164,-0.0055901,0.0035000),(-0.0074257,-0.0035751,0.0035000),(-0.0085973,-0.0051657,0.0035000),(-0.0090164,-0.0055901,0.0035000),(-0.0074257,-0.0035751,0.0035000),(-0.0090164,-0.0055901,0.0035000),(-0.0090823,-0.0055785,0.0035000),(-0.0074257,-0.0035751,0.0035000),(-0.0090823,-0.0055785,0.0035000),(-0.0091508,-0.0055436,0.0035000),(-0.0074257,-0.0035751,0.0035000),(-0.0091508,-0.0055436,0.0035000),(-0.0092027,-0.0054877,0.0035000),(-0.0074257,-0.0035751,0.0035000),(-0.0092027,-0.0054877,0.0035000),(-0.0092291,-0.0054091,0.0035000),(-0.0074257,-0.0035751,0.0035000),(-0.0092291,-0.0054091,0.0035000),(-0.0092312,-0.0053742,0.0035000),(-0.0074257,-0.0035751,0.0035000),(-0.0092312,-0.0053742,0.0035000),(-0.0091847,-0.0052493,0.0035000),(-0.0074257,-0.0035751,0.0035000),(-0.0091847,-0.0052493,0.0035000),(-0.0077612,-0.0033158,0.0035000),(-0.0074257,-0.0035751,0.0035000),(-0.0077612,-0.0033158,0.0035000),(-0.0076793,-0.0031853,0.0035000),(-0.0074257,-0.0035751,0.0035000),(-0.0076793,-0.0031853,0.0035000),(-0.0076207,-0.0030417,0.0035000),(-0.0074257,-0.0035751,0.0035000),(-0.0076207,-0.0030417,0.0035000),(-0.0076002,-0.0029649,0.0035000),(-0.0074257,-0.0035751,0.0035000),(-0.0076002,-0.0029649,0.0035000),(-0.0075856,-0.0028848,0.0035000),(-0.0074257,-0.0035751,0.0035000),(-0.0075856,-0.0028848,0.0035000),(-0.0075768,-0.0028013,0.0035000),(-0.0074257,-0.0035751,0.0035000),(-0.0075768,-0.0028013,0.0035000),(-0.0075739,-0.0027146,0.0035000),(-0.0074257,-0.0035751,0.0035000),(-0.0075739,-0.0027146,0.0035000),(-0.0075773,-0.0026305,0.0035000),(-0.0074257,-0.0035751,0.0035000),(-0.0075773,-0.0026305,0.0035000),(-0.0075877,-0.0025497,0.0035000),(-0.0088026,-0.0027093,0.0035000),(-0.0088026,-0.0027146,0.0035000),(-0.0088185,-0.0027961,0.0035000),(-0.0087993,-0.0026224,0.0035000),(-0.0088026,-0.0027093,0.0035000),(-0.0088185,-0.0027961,0.0035000),(-0.0087993,-0.0026224,0.0035000),(-0.0088185,-0.0027961,0.0035000),(-0.0088661,-0.0028649,0.0035000),(-0.0087893,-0.0025400,0.0035000),(-0.0087993,-0.0026224,0.0035000),(-0.0088661,-0.0028649,0.0035000),(-0.0087727,-0.0024621,0.0035000),(-0.0087893,-0.0025400,0.0035000),(-0.0088661,-0.0028649,0.0035000),(-0.0087727,-0.0024621,0.0035000),(-0.0088661,-0.0028649,0.0035000),(-0.0089349,-0.0029117,0.0035000),(-0.0087494,-0.0023887,0.0035000),(-0.0087727,-0.0024621,0.0035000),(-0.0089349,-0.0029117,0.0035000),(-0.0087494,-0.0023887,0.0035000),(-0.0089349,-0.0029117,0.0035000),(-0.0090164,-0.0029274,0.0035000),(-0.0087494,-0.0023887,0.0035000),(-0.0090164,-0.0029274,0.0035000),(-0.0090979,-0.0029117,0.0035000),(-0.0086830,-0.0022553,0.0035000),(-0.0087494,-0.0023887,0.0035000),(-0.0090979,-0.0029117,0.0035000),(-0.0086830,-0.0022553,0.0035000),(-0.0090979,-0.0029117,0.0035000),(-0.0091667,-0.0028649,0.0035000),(-0.0086830,-0.0022553,0.0035000),(-0.0091667,-0.0028649,0.0035000),(-0.0092135,-0.0027961,0.0035000),(-0.0085899,-0.0021400,0.0035000),(-0.0086830,-0.0022553,0.0035000),(-0.0092135,-0.0027961,0.0035000),(-0.0085899,-0.0021400,0.0035000),(-0.0092135,-0.0027961,0.0035000),(-0.0092291,-0.0027146,0.0035000),(-0.0085899,-0.0021400,0.0035000),(-0.0092291,-0.0027146,0.0035000),(-0.0092291,-0.0027093,0.0035000),(-0.0085899,-0.0021400,0.0035000),(-0.0092291,-0.0027093,0.0035000),(-0.0092239,-0.0025784,0.0035000),(-0.0084990,-0.0020612,0.0035000),(-0.0085899,-0.0021400,0.0035000),(-0.0092239,-0.0025784,0.0035000),(-0.0084990,-0.0020612,0.0035000),(-0.0092239,-0.0025784,0.0035000),(-0.0092080,-0.0024538,0.0035000),(-0.0084020,-0.0020050,0.0035000),(-0.0084990,-0.0020612,0.0035000),(-0.0092080,-0.0024538,0.0035000),(-0.0084020,-0.0020050,0.0035000),(-0.0092080,-0.0024538,0.0035000),(-0.0091817,-0.0023355,0.0035000),(-0.0084020,-0.0020050,0.0035000),(-0.0091817,-0.0023355,0.0035000),(-0.0091447,-0.0022236,0.0035000),(-0.0082990,-0.0019713,0.0035000),(-0.0084020,-0.0020050,0.0035000),(-0.0091447,-0.0022236,0.0035000),(-0.0082990,-0.0019713,0.0035000),(-0.0091447,-0.0022236,0.0035000),(-0.0090973,-0.0021180,0.0035000),(-0.0082990,-0.0019713,0.0035000),(-0.0090973,-0.0021180,0.0035000),(-0.0090392,-0.0020188,0.0035000),(-0.0081898,-0.0019600,0.0035000),(-0.0082990,-0.0019713,0.0035000),(-0.0090392,-0.0020188,0.0035000),(-0.0081898,-0.0019600,0.0035000),(-0.0090392,-0.0020188,0.0035000),(-0.0089707,-0.0019259,0.0035000),(-0.0081898,-0.0019600,0.0035000),(-0.0089707,-0.0019259,0.0035000),(-0.0088915,-0.0018394,0.0035000),(-0.0080766,-0.0019709,0.0035000),(-0.0081898,-0.0019600,0.0035000),(-0.0088915,-0.0018394,0.0035000),(-0.0080766,-0.0019709,0.0035000),(-0.0088915,-0.0018394,0.0035000),(-0.0088141,-0.0017677,0.0035000),(-0.0080766,-0.0019709,0.0035000),(-0.0088141,-0.0017677,0.0035000),(-0.0087336,-0.0017056,0.0035000),(-0.0079729,-0.0020034,0.0035000),(-0.0080766,-0.0019709,0.0035000),(-0.0087336,-0.0017056,0.0035000),(-0.0079729,-0.0020034,0.0035000),(-0.0087336,-0.0017056,0.0035000),(-0.0086502,-0.0016530,0.0035000),(-0.0079729,-0.0020034,0.0035000),(-0.0086502,-0.0016530,0.0035000),(-0.0085637,-0.0016100,0.0035000),(-0.0078787,-0.0020577,0.0035000),(-0.0079729,-0.0020034,0.0035000),(-0.0085637,-0.0016100,0.0035000),(-0.0078787,-0.0020577,0.0035000),(-0.0085637,-0.0016100,0.0035000),(-0.0084742,-0.0015765,0.0035000),(-0.0078787,-0.0020577,0.0035000),(-0.0084742,-0.0015765,0.0035000),(-0.0083817,-0.0015526,0.0035000),(-0.0077940,-0.0021336,0.0035000),(-0.0078787,-0.0020577,0.0035000),(-0.0083817,-0.0015526,0.0035000),(-0.0077940,-0.0021336,0.0035000),(-0.0083817,-0.0015526,0.0035000),(-0.0082862,-0.0015383,0.0035000),(-0.0077424,-0.0021948,0.0035000),(-0.0077940,-0.0021336,0.0035000),(-0.0082862,-0.0015383,0.0035000),(-0.0077424,-0.0021948,0.0035000),(-0.0082862,-0.0015383,0.0035000),(-0.0081877,-0.0015335,0.0035000),(-0.0076977,-0.0022592,0.0035000),(-0.0077424,-0.0021948,0.0035000),(-0.0081877,-0.0015335,0.0035000),(-0.0076977,-0.0022592,0.0035000),(-0.0081877,-0.0015335,0.0035000),(-0.0080834,-0.0015384,0.0035000),(-0.0076977,-0.0022592,0.0035000),(-0.0080834,-0.0015384,0.0035000),(-0.0079835,-0.0015530,0.0035000),(-0.0076289,-0.0023979,0.0035000),(-0.0076977,-0.0022592,0.0035000),(-0.0079835,-0.0015530,0.0035000),(-0.0076289,-0.0023979,0.0035000),(-0.0079835,-0.0015530,0.0035000),(-0.0078881,-0.0015774,0.0035000),(-0.0076289,-0.0023979,0.0035000),(-0.0078881,-0.0015774,0.0035000),(-0.0077972,-0.0016116,0.0035000),(-0.0075877,-0.0025497,0.0035000),(-0.0076289,-0.0023979,0.0035000),(-0.0077972,-0.0016116,0.0035000),(-0.0075877,-0.0025497,0.0035000),(-0.0077972,-0.0016116,0.0035000),(-0.0077108,-0.0016555,0.0035000),(-0.0074257,-0.0035751,0.0035000),(-0.0075877,-0.0025497,0.0035000),(-0.0077108,-0.0016555,0.0035000),(-0.0074257,-0.0035751,0.0035000),(-0.0077108,-0.0016555,0.0035000),(-0.0076289,-0.0017091,0.0035000),(-0.0074257,-0.0035751,0.0035000),(-0.0076289,-0.0017091,0.0035000),(-0.0075515,-0.0017726,0.0035000),(-0.0074257,-0.0035751,0.0035000),(-0.0075515,-0.0017726,0.0035000),(-0.0074786,-0.0018457,0.0035000),(-0.0074257,-0.0035751,0.0035000),(-0.0074786,-0.0018457,0.0035000),(-0.0074018,-0.0019385,0.0035000),(-0.0074257,-0.0035751,0.0035000),(-0.0074018,-0.0019385,0.0035000),(-0.0073351,-0.0020359,0.0035000),(-0.0074257,-0.0035751,0.0035000),(-0.0073351,-0.0020359,0.0035000),(-0.0072787,-0.0021379,0.0035000),(-0.0074257,-0.0035751,0.0035000),(-0.0072787,-0.0021379,0.0035000),(-0.0072326,-0.0022445,0.0035000),(-0.0074257,-0.0035751,0.0035000),(-0.0072326,-0.0022445,0.0035000),(-0.0071967,-0.0023556,0.0035000),(-0.0074257,-0.0035751,0.0035000),(-0.0071967,-0.0023556,0.0035000),(-0.0071711,-0.0024714,0.0035000),(-0.0074257,-0.0035751,0.0035000),(-0.0071711,-0.0024714,0.0035000),(-0.0071557,-0.0025918,0.0035000),(-0.0074257,-0.0035751,0.0035000),(-0.0071557,-0.0025918,0.0035000),(-0.0071506,-0.0027167,0.0035000),(-0.0074257,-0.0035751,0.0035000),(-0.0071506,-0.0027167,0.0035000),(-0.0071549,-0.0028376,0.0035000),(-0.0074257,-0.0035751,0.0035000),(-0.0071549,-0.0028376,0.0035000),(-0.0071678,-0.0029545,0.0035000),(-0.0074257,-0.0035751,0.0035000),(-0.0071678,-0.0029545,0.0035000),(-0.0071893,-0.0030676,0.0035000),(-0.0074257,-0.0035751,0.0035000),(-0.0071893,-0.0030676,0.0035000),(-0.0072194,-0.0031769,0.0035000),(-0.0074257,-0.0035751,0.0035000),(-0.0072194,-0.0031769,0.0035000),(-0.0072581,-0.0032822,0.0035000),(-0.0074257,-0.0035751,0.0035000),(-0.0072581,-0.0032822,0.0035000),(-0.0073053,-0.0033837,0.0035000),(-0.0074257,-0.0035751,0.0035000),(-0.0073053,-0.0033837,0.0035000),(-0.0073612,-0.0034813,0.0035000),(-0.0100022,-0.0021762,0.0035000),(-0.0085880,-0.0050046,0.0035000),(-0.0114165,-0.0035904,0.0035000)));
#3970=COMPLEX_TRIANGULATED_SURFACE_SET('surface set',#3969,501,(),(),(),((1,2,3),(4,5,6),(7,8,9),(10,11,12),(13,14,15),(16,17,18),(19,20,21),(22,23,24),(25,26,27),(28,29,30),(31,32,33),(34,35,36),(37,38,39),(40,41,42),(43,44,45),(46,47,48),(49,50,51),(52,53,54),(55,56,57),(58,59,60),(61,62,63),(64,65,66),(67,68,69),(70,71,72),(73,74,75),(76,77,78),(79,80,81),(82,83,84),(85,86,87),(88,89,90),(91,92,93),(94,95,96),(97,98,99),(100,101,102),(103,104,105),(106,107,108),(109,110,111),(112,113,114),(115,116,117),(118,119,120),(121,122,123),(124,125,126),(127,128,129),(130,131,132),(133,134,135),(136,137,138),(139,140,141),(142,143,144),(145,146,147),(148,149,150),(151,152,153),(154,155,156),(157,158,159),(160,161,162),(163,164,165),(166,167,168),(169,170,171),(172,173,174),(175,176,177),(178,179,180),(181,182,183),(184,185,186),(187,188,189),(190,191,192),(193,194,195),(196,197,198),(199,200,201),(202,203,204),(205,206,207),(208,209,210),(211,212,213),(214,215,216),(217,218,219),(220,221,222),(223,224,225),(226,227,228),(229,230,231),(232,233,234),(235,236,237),(238,239,240),(241,242,243),(244,245,246),(247,248,249),(250,251,252),(253,254,255),(256,257,258),(259,260,261),(262,263,264),(265,266,267),(268,269,270),(271,272,273),(274,275,276),(277,278,279),(280,281,282),(283,284,285),(286,287,288),(289,290,291),(292,293,294),(295,296,297),(298,299,300),(301,302,303),(304,305,306),(307,308,309),(310,311,312),(313,314,315),(316,317,318),(319,320,321),(322,323,324),(325,326,327),(328,329,330),(331,332,333),(334,335,336),(337,338,339),(340,341,342),(343,344,345),(346,347,348),(349,350,351),(352,353,354),(355,356,357),(358,359,360),(361,362,363),(364,365,366),(367,368,369),(370,371,372),(373,374,375),(376,377,378),(379,380,381),(382,383,384),(385,386,387),(388,389,390),(391,392,393),(394,395,396),(397,398,399),(400,401,402),(403,404,405),(406,407,408),(409,410,411),(412,413,414),(415,416,417),(418,419,420),(421,422,423),(424,425,426),(427,428,429),(430,431,432),(433,434,435),(436,437,438),(439,440,441),(442,443,444),(445,446,447),(448,449,450),(451,452,453),(454,455,456),(457,458,459),(460,461,462),(463,464,465),(466,467,468),(469,470,471),(472,473,474),(475,476,477),(478,479,480),(481,482,483),(484,485,486),(487,488,489),(490,491,492),(493,494,495),(496,497,498),(499,500,501)));
#3971=TESSELLATED_GEOMETRIC_SET('radial dimension',(#3970));
#3972=COORDINATES_LIST('coordinates',2,((-0.0085880,-0.0050046,0.0035000),(-0.0100022,-0.0035904,0.0035000)));
#3973=TESSELLATED_CURVE_SET('curve set',#3972,((1,2)));
#3974=TESSELLATED_GEOMETRIC_SET('radial dimension',(#3973));
#3975=TESSELLATED_ANNOTATION_OCCURRENCE('radial dimension',(#3968),#3971);
#3976=TESSELLATED_ANNOTATION_OCCURRENCE('radial dimension',(#3968),#3974);
#3977=DRAUGHTING_CALLOUT('radial dimension',(#3975,#3976));
#3978=DRAUGHTING_MODEL_ITEM_ASSOCIATION('','',#3936,#3964,#3977);
#3979=DRAUGHTING_MODEL_ITEM_ASSOCIATION('','',#3938,#3964,#3977);
ENDSEC;
END-ISO-10303-21;
