ISO-10303-21;
HEADER;
/* Generated by software containing ST-Developer
 * from STEP Tools, Inc. (www.steptools.com) 
 */
/* OPTION: using custom renumber hook */

FILE_DESCRIPTION(
/* description */ ('STEP AP242 Edition 2',
'CAx-IF Rec.Pracs.---Representation and Presentation of Product Manufa
cturing Information (PMI)---4.0---2014-10-13',
'CAx-IF Rec.Pracs.---3D Tessellated Geometry---0.4---2014-09-14','2;1',
'CAx-IF Rec.Pracs.---User Defined Attributes---1.5---2016-08-15'),
/* implementation_level */ '2;1');

FILE_NAME(
/* name */ 'main-chassis',
/* time_stamp */ '2026-06-29T12:09:22Z',
/* author */ (''),
/* organization */ (''),
/* preprocessor_version */ 'ST-DEVELOPER v20',
/* originating_system */ 'ONSHAPE BY PTC INC, 1.217',
/* authorisation */ '  ');

FILE_SCHEMA (('AP242_MANAGED_MODEL_BASED_3D_ENGINEERING_MIM_LF { 1 0 10303 442 3 1 4 }'));
ENDSEC;

DATA;
#10=SHAPE_REPRESENTATION_RELATIONSHIP('','',#2632,#11);
#11=ADVANCED_BREP_SHAPE_REPRESENTATION('',(#2630),#4276);
#12=ELLIPSE('',#2666,0.00200030465608782,0.002);
#13=ELLIPSE('',#2667,0.00200030465608782,0.002);
#14=ELLIPSE('',#2675,0.00200030465608782,0.002);
#15=ELLIPSE('',#2676,0.00200030465608782,0.002);
#16=ELLIPSE('',#2678,0.00200030465608782,0.002);
#17=ELLIPSE('',#2679,0.00200030465608782,0.002);
#18=ELLIPSE('',#2683,0.00200030465608782,0.002);
#19=ELLIPSE('',#2684,0.00200030465608782,0.002);
#20=CYLINDRICAL_SURFACE('',#2659,0.0075);
#21=CYLINDRICAL_SURFACE('',#2662,0.0075);
#22=CYLINDRICAL_SURFACE('',#2668,0.0075);
#23=CYLINDRICAL_SURFACE('',#2671,0.0075);
#24=CYLINDRICAL_SURFACE('',#2687,0.01);
#25=CYLINDRICAL_SURFACE('',#2690,0.01);
#26=CYLINDRICAL_SURFACE('',#2692,0.01);
#27=CYLINDRICAL_SURFACE('',#2694,0.01);
#28=CYLINDRICAL_SURFACE('',#2711,0.002);
#29=CYLINDRICAL_SURFACE('',#2713,0.002);
#30=CYLINDRICAL_SURFACE('',#2715,0.002);
#31=CYLINDRICAL_SURFACE('',#2717,0.002);
#32=CYLINDRICAL_SURFACE('',#2719,0.002);
#33=CYLINDRICAL_SURFACE('',#2721,0.002);
#34=CYLINDRICAL_SURFACE('',#2723,0.011);
#35=CYLINDRICAL_SURFACE('',#2725,0.011);
#36=CYLINDRICAL_SURFACE('',#2727,0.015);
#37=CYLINDRICAL_SURFACE('',#2733,0.015);
#38=CYLINDRICAL_SURFACE('',#2738,0.002);
#39=CYLINDRICAL_SURFACE('',#2739,0.002);
#40=CYLINDRICAL_SURFACE('',#2740,0.002);
#41=CYLINDRICAL_SURFACE('',#2741,0.002);
#42=CYLINDRICAL_SURFACE('',#2743,0.0015);
#43=CYLINDRICAL_SURFACE('',#2746,0.003);
#44=CYLINDRICAL_SURFACE('',#2749,0.0015);
#45=CYLINDRICAL_SURFACE('',#2751,0.003);
#46=CYLINDRICAL_SURFACE('',#2754,0.0015);
#47=CYLINDRICAL_SURFACE('',#2756,0.003);
#48=CYLINDRICAL_SURFACE('',#2759,0.0015);
#49=CYLINDRICAL_SURFACE('',#2762,0.003);
#50=CYLINDRICAL_SURFACE('',#2817,0.003);
#51=CYLINDRICAL_SURFACE('',#2820,0.003);
#52=CYLINDRICAL_SURFACE('',#2834,0.01);
#53=CYLINDRICAL_SURFACE('',#2836,0.01);
#54=CYLINDRICAL_SURFACE('',#2839,0.0075);
#55=LINE('',#3546,#338);
#56=LINE('',#3548,#339);
#57=LINE('',#3552,#340);
#58=LINE('',#3556,#341);
#59=LINE('',#3558,#342);
#60=LINE('',#3562,#343);
#61=LINE('',#3564,#344);
#62=LINE('',#3567,#345);
#63=LINE('',#3569,#346);
#64=LINE('',#3571,#347);
#65=LINE('',#3573,#348);
#66=LINE('',#3575,#349);
#67=LINE('',#3577,#350);
#68=LINE('',#3579,#351);
#69=LINE('',#3581,#352);
#70=LINE('',#3584,#353);
#71=LINE('',#3586,#354);
#72=LINE('',#3588,#355);
#73=LINE('',#3590,#356);
#74=LINE('',#3592,#357);
#75=LINE('',#3594,#358);
#76=LINE('',#3596,#359);
#77=LINE('',#3598,#360);
#78=LINE('',#3601,#361);
#79=LINE('',#3603,#362);
#80=LINE('',#3605,#363);
#81=LINE('',#3607,#364);
#82=LINE('',#3609,#365);
#83=LINE('',#3611,#366);
#84=LINE('',#3613,#367);
#85=LINE('',#3615,#368);
#86=LINE('',#3618,#369);
#87=LINE('',#3620,#370);
#88=LINE('',#3622,#371);
#89=LINE('',#3624,#372);
#90=LINE('',#3626,#373);
#91=LINE('',#3628,#374);
#92=LINE('',#3630,#375);
#93=LINE('',#3632,#376);
#94=LINE('',#3634,#377);
#95=LINE('',#3636,#378);
#96=LINE('',#3638,#379);
#97=LINE('',#3640,#380);
#98=LINE('',#3642,#381);
#99=LINE('',#3644,#382);
#100=LINE('',#3647,#383);
#101=LINE('',#3648,#384);
#102=LINE('',#3650,#385);
#103=LINE('',#3653,#386);
#104=LINE('',#3654,#387);
#105=LINE('',#3656,#388);
#106=LINE('',#3659,#389);
#107=LINE('',#3661,#390);
#108=LINE('',#3663,#391);
#109=LINE('',#3665,#392);
#110=LINE('',#3667,#393);
#111=LINE('',#3669,#394);
#112=LINE('',#3671,#395);
#113=LINE('',#3673,#396);
#114=LINE('',#3675,#397);
#115=LINE('',#3677,#398);
#116=LINE('',#3679,#399);
#117=LINE('',#3682,#400);
#118=LINE('',#3684,#401);
#119=LINE('',#3686,#402);
#120=LINE('',#3688,#403);
#121=LINE('',#3690,#404);
#122=LINE('',#3692,#405);
#123=LINE('',#3694,#406);
#124=LINE('',#3696,#407);
#125=LINE('',#3698,#408);
#126=LINE('',#3700,#409);
#127=LINE('',#3702,#410);
#128=LINE('',#3705,#411);
#129=LINE('',#3707,#412);
#130=LINE('',#3709,#413);
#131=LINE('',#3711,#414);
#132=LINE('',#3713,#415);
#133=LINE('',#3715,#416);
#134=LINE('',#3717,#417);
#135=LINE('',#3719,#418);
#136=LINE('',#3721,#419);
#137=LINE('',#3723,#420);
#138=LINE('',#3725,#421);
#139=LINE('',#3728,#422);
#140=LINE('',#3730,#423);
#141=LINE('',#3732,#424);
#142=LINE('',#3734,#425);
#143=LINE('',#3736,#426);
#144=LINE('',#3738,#427);
#145=LINE('',#3740,#428);
#146=LINE('',#3742,#429);
#147=LINE('',#3744,#430);
#148=LINE('',#3746,#431);
#149=LINE('',#3748,#432);
#150=LINE('',#3749,#433);
#151=LINE('',#3751,#434);
#152=LINE('',#3753,#435);
#153=LINE('',#3755,#436);
#154=LINE('',#3757,#437);
#155=LINE('',#3760,#438);
#156=LINE('',#3762,#439);
#157=LINE('',#3764,#440);
#158=LINE('',#3766,#441);
#159=LINE('',#3771,#442);
#160=LINE('',#3775,#443);
#161=LINE('',#3780,#444);
#162=LINE('',#3788,#445);
#163=LINE('',#3790,#446);
#164=LINE('',#3792,#447);
#165=LINE('',#3796,#448);
#166=LINE('',#3800,#449);
#167=LINE('',#3805,#450);
#168=LINE('',#3813,#451);
#169=LINE('',#3814,#452);
#170=LINE('',#3820,#453);
#171=LINE('',#3822,#454);
#172=LINE('',#3824,#455);
#173=LINE('',#3826,#456);
#174=LINE('',#3829,#457);
#175=LINE('',#3831,#458);
#176=LINE('',#3833,#459);
#177=LINE('',#3836,#460);
#178=LINE('',#3838,#461);
#179=LINE('',#3840,#462);
#180=LINE('',#3846,#463);
#181=LINE('',#3848,#464);
#182=LINE('',#3850,#465);
#183=LINE('',#3854,#466);
#184=LINE('',#3857,#467);
#185=LINE('',#3859,#468);
#186=LINE('',#3861,#469);
#187=LINE('',#3864,#470);
#188=LINE('',#3866,#471);
#189=LINE('',#3877,#472);
#190=LINE('',#3879,#473);
#191=LINE('',#3881,#474);
#192=LINE('',#3882,#475);
#193=LINE('',#3884,#476);
#194=LINE('',#3886,#477);
#195=LINE('',#3888,#478);
#196=LINE('',#3890,#479);
#197=LINE('',#3900,#480);
#198=LINE('',#3902,#481);
#199=LINE('',#3904,#482);
#200=LINE('',#3906,#483);
#201=LINE('',#3914,#484);
#202=LINE('',#3915,#485);
#203=LINE('',#3923,#486);
#204=LINE('',#3924,#487);
#205=LINE('',#3953,#488);
#206=LINE('',#3957,#489);
#207=LINE('',#3959,#490);
#208=LINE('',#3960,#491);
#209=LINE('',#3962,#492);
#210=LINE('',#3963,#493);
#211=LINE('',#3970,#494);
#212=LINE('',#3972,#495);
#213=LINE('',#3975,#496);
#214=LINE('',#3976,#497);
#215=LINE('',#3978,#498);
#216=LINE('',#3984,#499);
#217=LINE('',#3986,#500);
#218=LINE('',#3988,#501);
#219=LINE('',#3989,#502);
#220=LINE('',#3991,#503);
#221=LINE('',#3993,#504);
#222=LINE('',#3994,#505);
#223=LINE('',#3996,#506);
#224=LINE('',#3998,#507);
#225=LINE('',#3999,#508);
#226=LINE('',#4001,#509);
#227=LINE('',#4003,#510);
#228=LINE('',#4004,#511);
#229=LINE('',#4006,#512);
#230=LINE('',#4008,#513);
#231=LINE('',#4009,#514);
#232=LINE('',#4011,#515);
#233=LINE('',#4013,#516);
#234=LINE('',#4014,#517);
#235=LINE('',#4016,#518);
#236=LINE('',#4050,#519);
#237=LINE('',#4052,#520);
#238=LINE('',#4054,#521);
#239=LINE('',#4056,#522);
#240=LINE('',#4058,#523);
#241=LINE('',#4060,#524);
#242=LINE('',#4062,#525);
#243=LINE('',#4064,#526);
#244=LINE('',#4066,#527);
#245=LINE('',#4068,#528);
#246=LINE('',#4070,#529);
#247=LINE('',#4072,#530);
#248=LINE('',#4074,#531);
#249=LINE('',#4076,#532);
#250=LINE('',#4078,#533);
#251=LINE('',#4080,#534);
#252=LINE('',#4082,#535);
#253=LINE('',#4084,#536);
#254=LINE('',#4086,#537);
#255=LINE('',#4088,#538);
#256=LINE('',#4090,#539);
#257=LINE('',#4092,#540);
#258=LINE('',#4094,#541);
#259=LINE('',#4096,#542);
#260=LINE('',#4098,#543);
#261=LINE('',#4100,#544);
#262=LINE('',#4102,#545);
#263=LINE('',#4104,#546);
#264=LINE('',#4106,#547);
#265=LINE('',#4108,#548);
#266=LINE('',#4110,#549);
#267=LINE('',#4112,#550);
#268=LINE('',#4114,#551);
#269=LINE('',#4116,#552);
#270=LINE('',#4118,#553);
#271=LINE('',#4120,#554);
#272=LINE('',#4122,#555);
#273=LINE('',#4124,#556);
#274=LINE('',#4126,#557);
#275=LINE('',#4128,#558);
#276=LINE('',#4131,#559);
#277=LINE('',#4132,#560);
#278=LINE('',#4134,#561);
#279=LINE('',#4136,#562);
#280=LINE('',#4138,#563);
#281=LINE('',#4140,#564);
#282=LINE('',#4143,#565);
#283=LINE('',#4145,#566);
#284=LINE('',#4147,#567);
#285=LINE('',#4150,#568);
#286=LINE('',#4151,#569);
#287=LINE('',#4153,#570);
#288=LINE('',#4155,#571);
#289=LINE('',#4157,#572);
#290=LINE('',#4159,#573);
#291=LINE('',#4161,#574);
#292=LINE('',#4164,#575);
#293=LINE('',#4165,#576);
#294=LINE('',#4167,#577);
#295=LINE('',#4169,#578);
#296=LINE('',#4171,#579);
#297=LINE('',#4173,#580);
#298=LINE('',#4175,#581);
#299=LINE('',#4177,#582);
#300=LINE('',#4179,#583);
#301=LINE('',#4181,#584);
#302=LINE('',#4184,#585);
#303=LINE('',#4185,#586);
#304=LINE('',#4187,#587);
#305=LINE('',#4189,#588);
#306=LINE('',#4191,#589);
#307=LINE('',#4193,#590);
#308=LINE('',#4195,#591);
#309=LINE('',#4197,#592);
#310=LINE('',#4199,#593);
#311=LINE('',#4201,#594);
#312=LINE('',#4203,#595);
#313=LINE('',#4205,#596);
#314=LINE('',#4207,#597);
#315=LINE('',#4210,#598);
#316=LINE('',#4211,#599);
#317=LINE('',#4213,#600);
#318=LINE('',#4215,#601);
#319=LINE('',#4217,#602);
#320=LINE('',#4219,#603);
#321=LINE('',#4222,#604);
#322=LINE('',#4226,#605);
#323=LINE('',#4228,#606);
#324=LINE('',#4230,#607);
#325=LINE('',#4232,#608);
#326=LINE('',#4236,#609);
#327=LINE('',#4238,#610);
#328=LINE('',#4243,#611);
#329=LINE('',#4247,#612);
#330=LINE('',#4251,#613);
#331=LINE('',#4255,#614);
#332=LINE('',#4259,#615);
#333=LINE('',#4263,#616);
#334=LINE('',#4265,#617);
#335=LINE('',#4267,#618);
#336=LINE('',#4269,#619);
#337=LINE('',#4271,#620);
#338=VECTOR('',#2850,1.);
#339=VECTOR('',#2851,1.);
#340=VECTOR('',#2854,1.);
#341=VECTOR('',#2857,1.);
#342=VECTOR('',#2858,1.);
#343=VECTOR('',#2861,1.);
#344=VECTOR('',#2864,1.);
#345=VECTOR('',#2865,1.);
#346=VECTOR('',#2866,1.);
#347=VECTOR('',#2867,1.);
#348=VECTOR('',#2868,1.);
#349=VECTOR('',#2869,1.);
#350=VECTOR('',#2870,1.);
#351=VECTOR('',#2871,1.);
#352=VECTOR('',#2874,1.);
#353=VECTOR('',#2875,1.);
#354=VECTOR('',#2876,1.);
#355=VECTOR('',#2877,1.);
#356=VECTOR('',#2878,1.);
#357=VECTOR('',#2879,1.);
#358=VECTOR('',#2880,1.);
#359=VECTOR('',#2881,1.);
#360=VECTOR('',#2884,1.);
#361=VECTOR('',#2885,1.);
#362=VECTOR('',#2886,1.);
#363=VECTOR('',#2887,1.);
#364=VECTOR('',#2888,1.);
#365=VECTOR('',#2889,1.);
#366=VECTOR('',#2890,1.);
#367=VECTOR('',#2891,1.);
#368=VECTOR('',#2894,1.);
#369=VECTOR('',#2895,1.);
#370=VECTOR('',#2896,1.);
#371=VECTOR('',#2897,1.);
#372=VECTOR('',#2898,1.);
#373=VECTOR('',#2899,1.);
#374=VECTOR('',#2900,1.);
#375=VECTOR('',#2901,1.);
#376=VECTOR('',#2904,1.);
#377=VECTOR('',#2905,1.);
#378=VECTOR('',#2906,1.);
#379=VECTOR('',#2909,1.);
#380=VECTOR('',#2910,1.);
#381=VECTOR('',#2911,1.);
#382=VECTOR('',#2914,1.);
#383=VECTOR('',#2915,1.);
#384=VECTOR('',#2916,1.);
#385=VECTOR('',#2919,1.);
#386=VECTOR('',#2920,1.);
#387=VECTOR('',#2921,1.);
#388=VECTOR('',#2924,1.);
#389=VECTOR('',#2925,1.);
#390=VECTOR('',#2926,1.);
#391=VECTOR('',#2927,1.);
#392=VECTOR('',#2930,1.);
#393=VECTOR('',#2931,1.);
#394=VECTOR('',#2932,1.);
#395=VECTOR('',#2933,1.);
#396=VECTOR('',#2934,1.);
#397=VECTOR('',#2935,1.);
#398=VECTOR('',#2936,1.);
#399=VECTOR('',#2939,1.);
#400=VECTOR('',#2940,1.);
#401=VECTOR('',#2941,1.);
#402=VECTOR('',#2942,1.);
#403=VECTOR('',#2945,1.);
#404=VECTOR('',#2946,1.);
#405=VECTOR('',#2947,1.);
#406=VECTOR('',#2948,1.);
#407=VECTOR('',#2949,1.);
#408=VECTOR('',#2950,1.);
#409=VECTOR('',#2951,1.);
#410=VECTOR('',#2954,1.);
#411=VECTOR('',#2955,1.);
#412=VECTOR('',#2956,1.);
#413=VECTOR('',#2957,1.);
#414=VECTOR('',#2960,1.);
#415=VECTOR('',#2961,1.);
#416=VECTOR('',#2962,1.);
#417=VECTOR('',#2963,1.);
#418=VECTOR('',#2964,1.);
#419=VECTOR('',#2965,1.);
#420=VECTOR('',#2966,1.);
#421=VECTOR('',#2969,1.);
#422=VECTOR('',#2970,1.);
#423=VECTOR('',#2971,1.);
#424=VECTOR('',#2972,1.);
#425=VECTOR('',#2975,1.);
#426=VECTOR('',#2976,1.);
#427=VECTOR('',#2977,1.);
#428=VECTOR('',#2978,1.);
#429=VECTOR('',#2979,1.);
#430=VECTOR('',#2980,1.);
#431=VECTOR('',#2981,1.);
#432=VECTOR('',#2984,1.);
#433=VECTOR('',#2985,1.);
#434=VECTOR('',#2986,1.);
#435=VECTOR('',#2987,1.);
#436=VECTOR('',#2988,1.);
#437=VECTOR('',#2991,1.);
#438=VECTOR('',#2992,1.);
#439=VECTOR('',#2993,1.);
#440=VECTOR('',#2994,1.);
#441=VECTOR('',#2997,1.);
#442=VECTOR('',#3000,1.);
#443=VECTOR('',#3005,1.);
#444=VECTOR('',#3008,1.);
#445=VECTOR('',#3017,1.);
#446=VECTOR('',#3018,1.);
#447=VECTOR('',#3019,1.);
#448=VECTOR('',#3024,1.);
#449=VECTOR('',#3029,1.);
#450=VECTOR('',#3032,1.);
#451=VECTOR('',#3041,1.);
#452=VECTOR('',#3042,1.);
#453=VECTOR('',#3049,1.);
#454=VECTOR('',#3050,1.);
#455=VECTOR('',#3051,1.);
#456=VECTOR('',#3054,1.);
#457=VECTOR('',#3055,1.);
#458=VECTOR('',#3056,1.);
#459=VECTOR('',#3057,1.);
#460=VECTOR('',#3060,1.);
#461=VECTOR('',#3061,1.);
#462=VECTOR('',#3062,1.);
#463=VECTOR('',#3069,1.);
#464=VECTOR('',#3070,1.);
#465=VECTOR('',#3071,1.);
#466=VECTOR('',#3076,1.);
#467=VECTOR('',#3077,1.);
#468=VECTOR('',#3078,1.);
#469=VECTOR('',#3079,1.);
#470=VECTOR('',#3084,1.);
#471=VECTOR('',#3085,1.);
#472=VECTOR('',#3102,1.);
#473=VECTOR('',#3103,1.);
#474=VECTOR('',#3106,1.);
#475=VECTOR('',#3107,1.);
#476=VECTOR('',#3108,1.);
#477=VECTOR('',#3109,1.);
#478=VECTOR('',#3110,1.);
#479=VECTOR('',#3111,1.);
#480=VECTOR('',#3122,1.);
#481=VECTOR('',#3123,1.);
#482=VECTOR('',#3124,1.);
#483=VECTOR('',#3125,1.);
#484=VECTOR('',#3134,1.);
#485=VECTOR('',#3135,1.);
#486=VECTOR('',#3144,1.);
#487=VECTOR('',#3145,1.);
#488=VECTOR('',#3182,1.);
#489=VECTOR('',#3185,1.);
#490=VECTOR('',#3188,1.);
#491=VECTOR('',#3189,1.);
#492=VECTOR('',#3192,1.);
#493=VECTOR('',#3193,1.);
#494=VECTOR('',#3202,1.);
#495=VECTOR('',#3205,1.);
#496=VECTOR('',#3206,1.);
#497=VECTOR('',#3207,1.);
#498=VECTOR('',#3210,1.);
#499=VECTOR('',#3221,1.);
#500=VECTOR('',#3222,1.);
#501=VECTOR('',#3223,1.);
#502=VECTOR('',#3224,1.);
#503=VECTOR('',#3225,1.);
#504=VECTOR('',#3226,1.);
#505=VECTOR('',#3227,1.);
#506=VECTOR('',#3228,1.);
#507=VECTOR('',#3229,1.);
#508=VECTOR('',#3230,1.);
#509=VECTOR('',#3231,1.);
#510=VECTOR('',#3232,1.);
#511=VECTOR('',#3233,1.);
#512=VECTOR('',#3234,1.);
#513=VECTOR('',#3235,1.);
#514=VECTOR('',#3236,1.);
#515=VECTOR('',#3237,1.);
#516=VECTOR('',#3238,1.);
#517=VECTOR('',#3239,1.);
#518=VECTOR('',#3240,1.);
#519=VECTOR('',#3287,1.);
#520=VECTOR('',#3290,1.);
#521=VECTOR('',#3291,1.);
#522=VECTOR('',#3292,1.);
#523=VECTOR('',#3295,1.);
#524=VECTOR('',#3296,1.);
#525=VECTOR('',#3299,1.);
#526=VECTOR('',#3300,1.);
#527=VECTOR('',#3303,1.);
#528=VECTOR('',#3306,1.);
#529=VECTOR('',#3307,1.);
#530=VECTOR('',#3310,1.);
#531=VECTOR('',#3311,1.);
#532=VECTOR('',#3314,1.);
#533=VECTOR('',#3317,1.);
#534=VECTOR('',#3318,1.);
#535=VECTOR('',#3321,1.);
#536=VECTOR('',#3324,1.);
#537=VECTOR('',#3325,1.);
#538=VECTOR('',#3328,1.);
#539=VECTOR('',#3329,1.);
#540=VECTOR('',#3332,1.);
#541=VECTOR('',#3335,1.);
#542=VECTOR('',#3336,1.);
#543=VECTOR('',#3337,1.);
#544=VECTOR('',#3340,1.);
#545=VECTOR('',#3343,1.);
#546=VECTOR('',#3346,1.);
#547=VECTOR('',#3349,1.);
#548=VECTOR('',#3350,1.);
#549=VECTOR('',#3351,1.);
#550=VECTOR('',#3354,1.);
#551=VECTOR('',#3357,1.);
#552=VECTOR('',#3358,1.);
#553=VECTOR('',#3361,1.);
#554=VECTOR('',#3362,1.);
#555=VECTOR('',#3365,1.);
#556=VECTOR('',#3368,1.);
#557=VECTOR('',#3369,1.);
#558=VECTOR('',#3372,1.);
#559=VECTOR('',#3373,1.);
#560=VECTOR('',#3374,1.);
#561=VECTOR('',#3377,1.);
#562=VECTOR('',#3378,1.);
#563=VECTOR('',#3381,1.);
#564=VECTOR('',#3384,1.);
#565=VECTOR('',#3389,1.);
#566=VECTOR('',#3390,1.);
#567=VECTOR('',#3393,1.);
#568=VECTOR('',#3394,1.);
#569=VECTOR('',#3395,1.);
#570=VECTOR('',#3398,1.);
#571=VECTOR('',#3399,1.);
#572=VECTOR('',#3402,1.);
#573=VECTOR('',#3405,1.);
#574=VECTOR('',#3408,1.);
#575=VECTOR('',#3409,1.);
#576=VECTOR('',#3410,1.);
#577=VECTOR('',#3413,1.);
#578=VECTOR('',#3414,1.);
#579=VECTOR('',#3417,1.);
#580=VECTOR('',#3420,1.);
#581=VECTOR('',#3421,1.);
#582=VECTOR('',#3424,1.);
#583=VECTOR('',#3427,1.);
#584=VECTOR('',#3430,1.);
#585=VECTOR('',#3431,1.);
#586=VECTOR('',#3432,1.);
#587=VECTOR('',#3435,1.);
#588=VECTOR('',#3436,1.);
#589=VECTOR('',#3439,1.);
#590=VECTOR('',#3440,1.);
#591=VECTOR('',#3443,1.);
#592=VECTOR('',#3446,1.);
#593=VECTOR('',#3449,1.);
#594=VECTOR('',#3452,1.);
#595=VECTOR('',#3453,1.);
#596=VECTOR('',#3456,1.);
#597=VECTOR('',#3459,1.);
#598=VECTOR('',#3460,1.);
#599=VECTOR('',#3461,1.);
#600=VECTOR('',#3464,1.);
#601=VECTOR('',#3465,1.);
#602=VECTOR('',#3468,1.);
#603=VECTOR('',#3471,1.);
#604=VECTOR('',#3476,1.);
#605=VECTOR('',#3479,1.);
#606=VECTOR('',#3482,1.);
#607=VECTOR('',#3483,1.);
#608=VECTOR('',#3486,1.);
#609=VECTOR('',#3491,1.);
#610=VECTOR('',#3494,1.);
#611=VECTOR('',#3501,1.);
#612=VECTOR('',#3504,1.);
#613=VECTOR('',#3507,1.);
#614=VECTOR('',#3512,1.);
#615=VECTOR('',#3515,1.);
#616=VECTOR('',#3518,1.);
#617=VECTOR('',#3521,1.);
#618=VECTOR('',#3524,1.);
#619=VECTOR('',#3527,1.);
#620=VECTOR('',#3530,1.);
#621=ORIENTED_EDGE('',*,*,#1327,.T.);
#622=ORIENTED_EDGE('',*,*,#1328,.T.);
#623=ORIENTED_EDGE('',*,*,#1329,.F.);
#624=ORIENTED_EDGE('',*,*,#1330,.T.);
#625=ORIENTED_EDGE('',*,*,#1331,.F.);
#626=ORIENTED_EDGE('',*,*,#1332,.F.);
#627=ORIENTED_EDGE('',*,*,#1333,.T.);
#628=ORIENTED_EDGE('',*,*,#1334,.F.);
#629=ORIENTED_EDGE('',*,*,#1335,.T.);
#630=ORIENTED_EDGE('',*,*,#1336,.T.);
#631=ORIENTED_EDGE('',*,*,#1337,.F.);
#632=ORIENTED_EDGE('',*,*,#1338,.T.);
#633=ORIENTED_EDGE('',*,*,#1339,.T.);
#634=ORIENTED_EDGE('',*,*,#1340,.F.);
#635=ORIENTED_EDGE('',*,*,#1341,.F.);
#636=ORIENTED_EDGE('',*,*,#1342,.T.);
#637=ORIENTED_EDGE('',*,*,#1343,.T.);
#638=ORIENTED_EDGE('',*,*,#1344,.F.);
#639=ORIENTED_EDGE('',*,*,#1345,.F.);
#640=ORIENTED_EDGE('',*,*,#1346,.T.);
#641=ORIENTED_EDGE('',*,*,#1347,.T.);
#642=ORIENTED_EDGE('',*,*,#1348,.F.);
#643=ORIENTED_EDGE('',*,*,#1349,.T.);
#644=ORIENTED_EDGE('',*,*,#1350,.F.);
#645=ORIENTED_EDGE('',*,*,#1351,.T.);
#646=ORIENTED_EDGE('',*,*,#1352,.T.);
#647=ORIENTED_EDGE('',*,*,#1353,.F.);
#648=ORIENTED_EDGE('',*,*,#1354,.T.);
#649=ORIENTED_EDGE('',*,*,#1355,.F.);
#650=ORIENTED_EDGE('',*,*,#1356,.T.);
#651=ORIENTED_EDGE('',*,*,#1357,.T.);
#652=ORIENTED_EDGE('',*,*,#1358,.T.);
#653=ORIENTED_EDGE('',*,*,#1359,.F.);
#654=ORIENTED_EDGE('',*,*,#1360,.F.);
#655=ORIENTED_EDGE('',*,*,#1361,.F.);
#656=ORIENTED_EDGE('',*,*,#1362,.T.);
#657=ORIENTED_EDGE('',*,*,#1363,.F.);
#658=ORIENTED_EDGE('',*,*,#1364,.T.);
#659=ORIENTED_EDGE('',*,*,#1365,.T.);
#660=ORIENTED_EDGE('',*,*,#1366,.T.);
#661=ORIENTED_EDGE('',*,*,#1367,.F.);
#662=ORIENTED_EDGE('',*,*,#1368,.F.);
#663=ORIENTED_EDGE('',*,*,#1369,.F.);
#664=ORIENTED_EDGE('',*,*,#1370,.F.);
#665=ORIENTED_EDGE('',*,*,#1371,.F.);
#666=ORIENTED_EDGE('',*,*,#1339,.F.);
#667=ORIENTED_EDGE('',*,*,#1372,.T.);
#668=ORIENTED_EDGE('',*,*,#1373,.T.);
#669=ORIENTED_EDGE('',*,*,#1374,.F.);
#670=ORIENTED_EDGE('',*,*,#1347,.F.);
#671=ORIENTED_EDGE('',*,*,#1375,.T.);
#672=ORIENTED_EDGE('',*,*,#1376,.T.);
#673=ORIENTED_EDGE('',*,*,#1377,.F.);
#674=ORIENTED_EDGE('',*,*,#1378,.T.);
#675=ORIENTED_EDGE('',*,*,#1355,.T.);
#676=ORIENTED_EDGE('',*,*,#1379,.T.);
#677=ORIENTED_EDGE('',*,*,#1380,.F.);
#678=ORIENTED_EDGE('',*,*,#1381,.T.);
#679=ORIENTED_EDGE('',*,*,#1363,.T.);
#680=ORIENTED_EDGE('',*,*,#1382,.T.);
#681=ORIENTED_EDGE('',*,*,#1383,.F.);
#682=ORIENTED_EDGE('',*,*,#1384,.F.);
#683=ORIENTED_EDGE('',*,*,#1385,.T.);
#684=ORIENTED_EDGE('',*,*,#1386,.T.);
#685=ORIENTED_EDGE('',*,*,#1384,.T.);
#686=ORIENTED_EDGE('',*,*,#1387,.T.);
#687=ORIENTED_EDGE('',*,*,#1388,.F.);
#688=ORIENTED_EDGE('',*,*,#1389,.F.);
#689=ORIENTED_EDGE('',*,*,#1390,.T.);
#690=ORIENTED_EDGE('',*,*,#1391,.T.);
#691=ORIENTED_EDGE('',*,*,#1392,.F.);
#692=ORIENTED_EDGE('',*,*,#1393,.F.);
#693=ORIENTED_EDGE('',*,*,#1394,.F.);
#694=ORIENTED_EDGE('',*,*,#1395,.T.);
#695=ORIENTED_EDGE('',*,*,#1396,.T.);
#696=ORIENTED_EDGE('',*,*,#1397,.T.);
#697=ORIENTED_EDGE('',*,*,#1396,.F.);
#698=ORIENTED_EDGE('',*,*,#1398,.F.);
#699=ORIENTED_EDGE('',*,*,#1399,.F.);
#700=ORIENTED_EDGE('',*,*,#1400,.F.);
#701=ORIENTED_EDGE('',*,*,#1401,.F.);
#702=ORIENTED_EDGE('',*,*,#1402,.T.);
#703=ORIENTED_EDGE('',*,*,#1403,.F.);
#704=ORIENTED_EDGE('',*,*,#1404,.T.);
#705=ORIENTED_EDGE('',*,*,#1405,.F.);
#706=ORIENTED_EDGE('',*,*,#1406,.T.);
#707=ORIENTED_EDGE('',*,*,#1407,.T.);
#708=ORIENTED_EDGE('',*,*,#1408,.T.);
#709=ORIENTED_EDGE('',*,*,#1407,.F.);
#710=ORIENTED_EDGE('',*,*,#1409,.T.);
#711=ORIENTED_EDGE('',*,*,#1410,.T.);
#712=ORIENTED_EDGE('',*,*,#1411,.T.);
#713=ORIENTED_EDGE('',*,*,#1412,.F.);
#714=ORIENTED_EDGE('',*,*,#1413,.F.);
#715=ORIENTED_EDGE('',*,*,#1414,.F.);
#716=ORIENTED_EDGE('',*,*,#1415,.F.);
#717=ORIENTED_EDGE('',*,*,#1416,.F.);
#718=ORIENTED_EDGE('',*,*,#1417,.T.);
#719=ORIENTED_EDGE('',*,*,#1418,.T.);
#720=ORIENTED_EDGE('',*,*,#1419,.T.);
#721=ORIENTED_EDGE('',*,*,#1418,.F.);
#722=ORIENTED_EDGE('',*,*,#1420,.T.);
#723=ORIENTED_EDGE('',*,*,#1421,.T.);
#724=ORIENTED_EDGE('',*,*,#1422,.T.);
#725=ORIENTED_EDGE('',*,*,#1423,.F.);
#726=ORIENTED_EDGE('',*,*,#1424,.T.);
#727=ORIENTED_EDGE('',*,*,#1425,.F.);
#728=ORIENTED_EDGE('',*,*,#1426,.F.);
#729=ORIENTED_EDGE('',*,*,#1385,.F.);
#730=ORIENTED_EDGE('',*,*,#1393,.T.);
#731=ORIENTED_EDGE('',*,*,#1427,.F.);
#732=ORIENTED_EDGE('',*,*,#1344,.T.);
#733=ORIENTED_EDGE('',*,*,#1428,.T.);
#734=ORIENTED_EDGE('',*,*,#1429,.T.);
#735=ORIENTED_EDGE('',*,*,#1430,.T.);
#736=ORIENTED_EDGE('',*,*,#1431,.T.);
#737=ORIENTED_EDGE('',*,*,#1432,.F.);
#738=ORIENTED_EDGE('',*,*,#1433,.F.);
#739=ORIENTED_EDGE('',*,*,#1434,.T.);
#740=ORIENTED_EDGE('',*,*,#1435,.T.);
#741=ORIENTED_EDGE('',*,*,#1436,.T.);
#742=ORIENTED_EDGE('',*,*,#1437,.T.);
#743=ORIENTED_EDGE('',*,*,#1438,.F.);
#744=ORIENTED_EDGE('',*,*,#1439,.F.);
#745=ORIENTED_EDGE('',*,*,#1440,.T.);
#746=ORIENTED_EDGE('',*,*,#1441,.T.);
#747=ORIENTED_EDGE('',*,*,#1442,.F.);
#748=ORIENTED_EDGE('',*,*,#1443,.F.);
#749=ORIENTED_EDGE('',*,*,#1444,.F.);
#750=ORIENTED_EDGE('',*,*,#1445,.F.);
#751=ORIENTED_EDGE('',*,*,#1442,.T.);
#752=ORIENTED_EDGE('',*,*,#1446,.T.);
#753=ORIENTED_EDGE('',*,*,#1447,.F.);
#754=ORIENTED_EDGE('',*,*,#1448,.F.);
#755=ORIENTED_EDGE('',*,*,#1447,.T.);
#756=ORIENTED_EDGE('',*,*,#1449,.T.);
#757=ORIENTED_EDGE('',*,*,#1450,.F.);
#758=ORIENTED_EDGE('',*,*,#1451,.F.);
#759=ORIENTED_EDGE('',*,*,#1452,.T.);
#760=ORIENTED_EDGE('',*,*,#1453,.T.);
#761=ORIENTED_EDGE('',*,*,#1454,.F.);
#762=ORIENTED_EDGE('',*,*,#1455,.F.);
#763=ORIENTED_EDGE('',*,*,#1456,.F.);
#764=ORIENTED_EDGE('',*,*,#1457,.F.);
#765=ORIENTED_EDGE('',*,*,#1454,.T.);
#766=ORIENTED_EDGE('',*,*,#1458,.T.);
#767=ORIENTED_EDGE('',*,*,#1436,.F.);
#768=ORIENTED_EDGE('',*,*,#1459,.F.);
#769=ORIENTED_EDGE('',*,*,#1460,.F.);
#770=ORIENTED_EDGE('',*,*,#1461,.F.);
#771=ORIENTED_EDGE('',*,*,#1462,.T.);
#772=ORIENTED_EDGE('',*,*,#1463,.F.);
#773=ORIENTED_EDGE('',*,*,#1464,.F.);
#774=ORIENTED_EDGE('',*,*,#1331,.T.);
#775=ORIENTED_EDGE('',*,*,#1465,.F.);
#776=ORIENTED_EDGE('',*,*,#1466,.T.);
#777=ORIENTED_EDGE('',*,*,#1467,.T.);
#778=ORIENTED_EDGE('',*,*,#1468,.T.);
#779=ORIENTED_EDGE('',*,*,#1469,.T.);
#780=ORIENTED_EDGE('',*,*,#1470,.T.);
#781=ORIENTED_EDGE('',*,*,#1471,.T.);
#782=ORIENTED_EDGE('',*,*,#1472,.F.);
#783=ORIENTED_EDGE('',*,*,#1333,.F.);
#784=ORIENTED_EDGE('',*,*,#1473,.T.);
#785=ORIENTED_EDGE('',*,*,#1474,.T.);
#786=ORIENTED_EDGE('',*,*,#1475,.T.);
#787=ORIENTED_EDGE('',*,*,#1476,.T.);
#788=ORIENTED_EDGE('',*,*,#1477,.F.);
#789=ORIENTED_EDGE('',*,*,#1335,.F.);
#790=ORIENTED_EDGE('',*,*,#1478,.F.);
#791=ORIENTED_EDGE('',*,*,#1479,.T.);
#792=ORIENTED_EDGE('',*,*,#1480,.F.);
#793=ORIENTED_EDGE('',*,*,#1481,.F.);
#794=ORIENTED_EDGE('',*,*,#1482,.T.);
#795=ORIENTED_EDGE('',*,*,#1481,.T.);
#796=ORIENTED_EDGE('',*,*,#1483,.F.);
#797=ORIENTED_EDGE('',*,*,#1462,.F.);
#798=ORIENTED_EDGE('',*,*,#1484,.F.);
#799=ORIENTED_EDGE('',*,*,#1485,.F.);
#800=ORIENTED_EDGE('',*,*,#1486,.T.);
#801=ORIENTED_EDGE('',*,*,#1464,.T.);
#802=ORIENTED_EDGE('',*,*,#1487,.F.);
#803=ORIENTED_EDGE('',*,*,#1470,.F.);
#804=ORIENTED_EDGE('',*,*,#1332,.T.);
#805=ORIENTED_EDGE('',*,*,#1472,.T.);
#806=ORIENTED_EDGE('',*,*,#1488,.F.);
#807=ORIENTED_EDGE('',*,*,#1475,.F.);
#808=ORIENTED_EDGE('',*,*,#1334,.T.);
#809=ORIENTED_EDGE('',*,*,#1477,.T.);
#810=ORIENTED_EDGE('',*,*,#1489,.F.);
#811=ORIENTED_EDGE('',*,*,#1479,.F.);
#812=ORIENTED_EDGE('',*,*,#1490,.T.);
#813=ORIENTED_EDGE('',*,*,#1491,.T.);
#814=ORIENTED_EDGE('',*,*,#1492,.T.);
#815=ORIENTED_EDGE('',*,*,#1493,.T.);
#816=ORIENTED_EDGE('',*,*,#1455,.T.);
#817=ORIENTED_EDGE('',*,*,#1459,.T.);
#818=ORIENTED_EDGE('',*,*,#1439,.T.);
#819=ORIENTED_EDGE('',*,*,#1494,.T.);
#820=ORIENTED_EDGE('',*,*,#1495,.F.);
#821=ORIENTED_EDGE('',*,*,#1496,.T.);
#822=ORIENTED_EDGE('',*,*,#1497,.T.);
#823=ORIENTED_EDGE('',*,*,#1498,.T.);
#824=ORIENTED_EDGE('',*,*,#1443,.T.);
#825=ORIENTED_EDGE('',*,*,#1448,.T.);
#826=ORIENTED_EDGE('',*,*,#1451,.T.);
#827=ORIENTED_EDGE('',*,*,#1499,.F.);
#828=ORIENTED_EDGE('',*,*,#1500,.F.);
#829=ORIENTED_EDGE('',*,*,#1501,.F.);
#830=ORIENTED_EDGE('',*,*,#1502,.F.);
#831=ORIENTED_EDGE('',*,*,#1382,.F.);
#832=ORIENTED_EDGE('',*,*,#1370,.T.);
#833=ORIENTED_EDGE('',*,*,#1503,.F.);
#834=ORIENTED_EDGE('',*,*,#1504,.T.);
#835=ORIENTED_EDGE('',*,*,#1505,.T.);
#836=ORIENTED_EDGE('',*,*,#1506,.T.);
#837=ORIENTED_EDGE('',*,*,#1507,.F.);
#838=ORIENTED_EDGE('',*,*,#1508,.F.);
#839=ORIENTED_EDGE('',*,*,#1509,.F.);
#840=ORIENTED_EDGE('',*,*,#1510,.F.);
#841=ORIENTED_EDGE('',*,*,#1437,.F.);
#842=ORIENTED_EDGE('',*,*,#1458,.F.);
#843=ORIENTED_EDGE('',*,*,#1453,.F.);
#844=ORIENTED_EDGE('',*,*,#1511,.F.);
#845=ORIENTED_EDGE('',*,*,#1505,.F.);
#846=ORIENTED_EDGE('',*,*,#1512,.F.);
#847=ORIENTED_EDGE('',*,*,#1513,.F.);
#848=ORIENTED_EDGE('',*,*,#1514,.F.);
#849=ORIENTED_EDGE('',*,*,#1515,.F.);
#850=ORIENTED_EDGE('',*,*,#1430,.F.);
#851=ORIENTED_EDGE('',*,*,#1516,.F.);
#852=ORIENTED_EDGE('',*,*,#1449,.F.);
#853=ORIENTED_EDGE('',*,*,#1446,.F.);
#854=ORIENTED_EDGE('',*,*,#1441,.F.);
#855=ORIENTED_EDGE('',*,*,#1514,.T.);
#856=ORIENTED_EDGE('',*,*,#1517,.F.);
#857=ORIENTED_EDGE('',*,*,#1513,.T.);
#858=ORIENTED_EDGE('',*,*,#1518,.F.);
#859=ORIENTED_EDGE('',*,*,#1512,.T.);
#860=ORIENTED_EDGE('',*,*,#1519,.F.);
#861=ORIENTED_EDGE('',*,*,#1509,.T.);
#862=ORIENTED_EDGE('',*,*,#1520,.F.);
#863=ORIENTED_EDGE('',*,*,#1508,.T.);
#864=ORIENTED_EDGE('',*,*,#1521,.F.);
#865=ORIENTED_EDGE('',*,*,#1507,.T.);
#866=ORIENTED_EDGE('',*,*,#1522,.F.);
#867=ORIENTED_EDGE('',*,*,#1469,.F.);
#868=ORIENTED_EDGE('',*,*,#1523,.T.);
#869=ORIENTED_EDGE('',*,*,#1478,.T.);
#870=ORIENTED_EDGE('',*,*,#1524,.T.);
#871=ORIENTED_EDGE('',*,*,#1525,.T.);
#872=ORIENTED_EDGE('',*,*,#1526,.F.);
#873=ORIENTED_EDGE('',*,*,#1527,.F.);
#874=ORIENTED_EDGE('',*,*,#1528,.T.);
#875=ORIENTED_EDGE('',*,*,#1529,.T.);
#876=ORIENTED_EDGE('',*,*,#1497,.F.);
#877=ORIENTED_EDGE('',*,*,#1530,.F.);
#878=ORIENTED_EDGE('',*,*,#1526,.T.);
#879=ORIENTED_EDGE('',*,*,#1531,.F.);
#880=ORIENTED_EDGE('',*,*,#1528,.F.);
#881=ORIENTED_EDGE('',*,*,#1532,.T.);
#882=ORIENTED_EDGE('',*,*,#1495,.T.);
#883=ORIENTED_EDGE('',*,*,#1524,.F.);
#884=ORIENTED_EDGE('',*,*,#1527,.T.);
#885=ORIENTED_EDGE('',*,*,#1530,.T.);
#886=ORIENTED_EDGE('',*,*,#1496,.F.);
#887=ORIENTED_EDGE('',*,*,#1532,.F.);
#888=ORIENTED_EDGE('',*,*,#1533,.T.);
#889=ORIENTED_EDGE('',*,*,#1434,.F.);
#890=ORIENTED_EDGE('',*,*,#1534,.F.);
#891=ORIENTED_EDGE('',*,*,#1535,.T.);
#892=ORIENTED_EDGE('',*,*,#1536,.F.);
#893=ORIENTED_EDGE('',*,*,#1537,.F.);
#894=ORIENTED_EDGE('',*,*,#1535,.F.);
#895=ORIENTED_EDGE('',*,*,#1538,.T.);
#896=ORIENTED_EDGE('',*,*,#1539,.F.);
#897=ORIENTED_EDGE('',*,*,#1538,.F.);
#898=ORIENTED_EDGE('',*,*,#1534,.T.);
#899=ORIENTED_EDGE('',*,*,#1433,.T.);
#900=ORIENTED_EDGE('',*,*,#1523,.F.);
#901=ORIENTED_EDGE('',*,*,#1445,.T.);
#902=ORIENTED_EDGE('',*,*,#1474,.F.);
#903=ORIENTED_EDGE('',*,*,#1444,.T.);
#904=ORIENTED_EDGE('',*,*,#1473,.F.);
#905=ORIENTED_EDGE('',*,*,#1457,.T.);
#906=ORIENTED_EDGE('',*,*,#1461,.T.);
#907=ORIENTED_EDGE('',*,*,#1456,.T.);
#908=ORIENTED_EDGE('',*,*,#1460,.T.);
#909=ORIENTED_EDGE('',*,*,#1540,.T.);
#910=ORIENTED_EDGE('',*,*,#1541,.T.);
#911=ORIENTED_EDGE('',*,*,#1542,.F.);
#912=ORIENTED_EDGE('',*,*,#1361,.T.);
#913=ORIENTED_EDGE('',*,*,#1543,.T.);
#914=ORIENTED_EDGE('',*,*,#1544,.T.);
#915=ORIENTED_EDGE('',*,*,#1545,.F.);
#916=ORIENTED_EDGE('',*,*,#1353,.T.);
#917=ORIENTED_EDGE('',*,*,#1546,.T.);
#918=ORIENTED_EDGE('',*,*,#1547,.T.);
#919=ORIENTED_EDGE('',*,*,#1548,.F.);
#920=ORIENTED_EDGE('',*,*,#1345,.T.);
#921=ORIENTED_EDGE('',*,*,#1427,.T.);
#922=ORIENTED_EDGE('',*,*,#1392,.T.);
#923=ORIENTED_EDGE('',*,*,#1549,.T.);
#924=ORIENTED_EDGE('',*,*,#1550,.T.);
#925=ORIENTED_EDGE('',*,*,#1551,.F.);
#926=ORIENTED_EDGE('',*,*,#1403,.T.);
#927=ORIENTED_EDGE('',*,*,#1552,.T.);
#928=ORIENTED_EDGE('',*,*,#1553,.T.);
#929=ORIENTED_EDGE('',*,*,#1554,.F.);
#930=ORIENTED_EDGE('',*,*,#1414,.T.);
#931=ORIENTED_EDGE('',*,*,#1555,.T.);
#932=ORIENTED_EDGE('',*,*,#1556,.T.);
#933=ORIENTED_EDGE('',*,*,#1557,.F.);
#934=ORIENTED_EDGE('',*,*,#1425,.T.);
#935=ORIENTED_EDGE('',*,*,#1558,.T.);
#936=ORIENTED_EDGE('',*,*,#1559,.T.);
#937=ORIENTED_EDGE('',*,*,#1503,.T.);
#938=ORIENTED_EDGE('',*,*,#1369,.T.);
#939=ORIENTED_EDGE('',*,*,#1522,.T.);
#940=ORIENTED_EDGE('',*,*,#1521,.T.);
#941=ORIENTED_EDGE('',*,*,#1519,.T.);
#942=ORIENTED_EDGE('',*,*,#1518,.T.);
#943=ORIENTED_EDGE('',*,*,#1517,.T.);
#944=ORIENTED_EDGE('',*,*,#1520,.T.);
#945=ORIENTED_EDGE('',*,*,#1480,.T.);
#946=ORIENTED_EDGE('',*,*,#1489,.T.);
#947=ORIENTED_EDGE('',*,*,#1476,.F.);
#948=ORIENTED_EDGE('',*,*,#1488,.T.);
#949=ORIENTED_EDGE('',*,*,#1471,.F.);
#950=ORIENTED_EDGE('',*,*,#1487,.T.);
#951=ORIENTED_EDGE('',*,*,#1463,.T.);
#952=ORIENTED_EDGE('',*,*,#1483,.T.);
#953=ORIENTED_EDGE('',*,*,#1560,.T.);
#954=ORIENTED_EDGE('',*,*,#1561,.F.);
#955=ORIENTED_EDGE('',*,*,#1562,.F.);
#956=ORIENTED_EDGE('',*,*,#1502,.T.);
#957=ORIENTED_EDGE('',*,*,#1560,.F.);
#958=ORIENTED_EDGE('',*,*,#1562,.T.);
#959=ORIENTED_EDGE('',*,*,#1563,.T.);
#960=ORIENTED_EDGE('',*,*,#1328,.F.);
#961=ORIENTED_EDGE('',*,*,#1564,.F.);
#962=ORIENTED_EDGE('',*,*,#1501,.T.);
#963=ORIENTED_EDGE('',*,*,#1563,.F.);
#964=ORIENTED_EDGE('',*,*,#1564,.T.);
#965=ORIENTED_EDGE('',*,*,#1565,.T.);
#966=ORIENTED_EDGE('',*,*,#1327,.F.);
#967=ORIENTED_EDGE('',*,*,#1566,.F.);
#968=ORIENTED_EDGE('',*,*,#1500,.T.);
#969=ORIENTED_EDGE('',*,*,#1565,.F.);
#970=ORIENTED_EDGE('',*,*,#1566,.T.);
#971=ORIENTED_EDGE('',*,*,#1567,.T.);
#972=ORIENTED_EDGE('',*,*,#1568,.F.);
#973=ORIENTED_EDGE('',*,*,#1569,.F.);
#974=ORIENTED_EDGE('',*,*,#1499,.T.);
#975=ORIENTED_EDGE('',*,*,#1567,.F.);
#976=ORIENTED_EDGE('',*,*,#1569,.T.);
#977=ORIENTED_EDGE('',*,*,#1536,.T.);
#978=ORIENTED_EDGE('',*,*,#1539,.T.);
#979=ORIENTED_EDGE('',*,*,#1432,.T.);
#980=ORIENTED_EDGE('',*,*,#1570,.F.);
#981=ORIENTED_EDGE('',*,*,#1571,.T.);
#982=ORIENTED_EDGE('',*,*,#1572,.T.);
#983=ORIENTED_EDGE('',*,*,#1573,.F.);
#984=ORIENTED_EDGE('',*,*,#1466,.F.);
#985=ORIENTED_EDGE('',*,*,#1573,.T.);
#986=ORIENTED_EDGE('',*,*,#1574,.T.);
#987=ORIENTED_EDGE('',*,*,#1575,.F.);
#988=ORIENTED_EDGE('',*,*,#1467,.F.);
#989=ORIENTED_EDGE('',*,*,#1575,.T.);
#990=ORIENTED_EDGE('',*,*,#1576,.T.);
#991=ORIENTED_EDGE('',*,*,#1577,.F.);
#992=ORIENTED_EDGE('',*,*,#1468,.F.);
#993=ORIENTED_EDGE('',*,*,#1465,.T.);
#994=ORIENTED_EDGE('',*,*,#1577,.T.);
#995=ORIENTED_EDGE('',*,*,#1578,.F.);
#996=ORIENTED_EDGE('',*,*,#1571,.F.);
#997=ORIENTED_EDGE('',*,*,#1579,.F.);
#998=ORIENTED_EDGE('',*,*,#1580,.F.);
#999=ORIENTED_EDGE('',*,*,#1340,.T.);
#1000=ORIENTED_EDGE('',*,*,#1371,.T.);
#1001=ORIENTED_EDGE('',*,*,#1581,.F.);
#1002=ORIENTED_EDGE('',*,*,#1582,.F.);
#1003=ORIENTED_EDGE('',*,*,#1341,.T.);
#1004=ORIENTED_EDGE('',*,*,#1580,.T.);
#1005=ORIENTED_EDGE('',*,*,#1583,.T.);
#1006=ORIENTED_EDGE('',*,*,#1372,.F.);
#1007=ORIENTED_EDGE('',*,*,#1346,.F.);
#1008=ORIENTED_EDGE('',*,*,#1548,.T.);
#1009=ORIENTED_EDGE('',*,*,#1343,.F.);
#1010=ORIENTED_EDGE('',*,*,#1584,.T.);
#1011=ORIENTED_EDGE('',*,*,#1585,.T.);
#1012=ORIENTED_EDGE('',*,*,#1428,.F.);
#1013=ORIENTED_EDGE('',*,*,#1586,.T.);
#1014=ORIENTED_EDGE('',*,*,#1584,.F.);
#1015=ORIENTED_EDGE('',*,*,#1342,.F.);
#1016=ORIENTED_EDGE('',*,*,#1582,.T.);
#1017=ORIENTED_EDGE('',*,*,#1587,.F.);
#1018=ORIENTED_EDGE('',*,*,#1588,.F.);
#1019=ORIENTED_EDGE('',*,*,#1348,.T.);
#1020=ORIENTED_EDGE('',*,*,#1374,.T.);
#1021=ORIENTED_EDGE('',*,*,#1589,.T.);
#1022=ORIENTED_EDGE('',*,*,#1590,.F.);
#1023=ORIENTED_EDGE('',*,*,#1349,.F.);
#1024=ORIENTED_EDGE('',*,*,#1588,.T.);
#1025=ORIENTED_EDGE('',*,*,#1591,.T.);
#1026=ORIENTED_EDGE('',*,*,#1375,.F.);
#1027=ORIENTED_EDGE('',*,*,#1354,.F.);
#1028=ORIENTED_EDGE('',*,*,#1545,.T.);
#1029=ORIENTED_EDGE('',*,*,#1351,.F.);
#1030=ORIENTED_EDGE('',*,*,#1592,.T.);
#1031=ORIENTED_EDGE('',*,*,#1593,.T.);
#1032=ORIENTED_EDGE('',*,*,#1594,.F.);
#1033=ORIENTED_EDGE('',*,*,#1595,.T.);
#1034=ORIENTED_EDGE('',*,*,#1546,.F.);
#1035=ORIENTED_EDGE('',*,*,#1352,.F.);
#1036=ORIENTED_EDGE('',*,*,#1594,.T.);
#1037=ORIENTED_EDGE('',*,*,#1596,.F.);
#1038=ORIENTED_EDGE('',*,*,#1592,.F.);
#1039=ORIENTED_EDGE('',*,*,#1350,.T.);
#1040=ORIENTED_EDGE('',*,*,#1590,.T.);
#1041=ORIENTED_EDGE('',*,*,#1597,.T.);
#1042=ORIENTED_EDGE('',*,*,#1379,.F.);
#1043=ORIENTED_EDGE('',*,*,#1362,.F.);
#1044=ORIENTED_EDGE('',*,*,#1542,.T.);
#1045=ORIENTED_EDGE('',*,*,#1598,.F.);
#1046=ORIENTED_EDGE('',*,*,#1599,.F.);
#1047=ORIENTED_EDGE('',*,*,#1600,.F.);
#1048=ORIENTED_EDGE('',*,*,#1359,.T.);
#1049=ORIENTED_EDGE('',*,*,#1601,.F.);
#1050=ORIENTED_EDGE('',*,*,#1543,.F.);
#1051=ORIENTED_EDGE('',*,*,#1360,.T.);
#1052=ORIENTED_EDGE('',*,*,#1600,.T.);
#1053=ORIENTED_EDGE('',*,*,#1602,.T.);
#1054=ORIENTED_EDGE('',*,*,#1603,.F.);
#1055=ORIENTED_EDGE('',*,*,#1356,.F.);
#1056=ORIENTED_EDGE('',*,*,#1378,.F.);
#1057=ORIENTED_EDGE('',*,*,#1604,.T.);
#1058=ORIENTED_EDGE('',*,*,#1605,.F.);
#1059=ORIENTED_EDGE('',*,*,#1357,.F.);
#1060=ORIENTED_EDGE('',*,*,#1603,.T.);
#1061=ORIENTED_EDGE('',*,*,#1606,.T.);
#1062=ORIENTED_EDGE('',*,*,#1598,.T.);
#1063=ORIENTED_EDGE('',*,*,#1358,.F.);
#1064=ORIENTED_EDGE('',*,*,#1605,.T.);
#1065=ORIENTED_EDGE('',*,*,#1607,.F.);
#1066=ORIENTED_EDGE('',*,*,#1540,.F.);
#1067=ORIENTED_EDGE('',*,*,#1368,.T.);
#1068=ORIENTED_EDGE('',*,*,#1608,.T.);
#1069=ORIENTED_EDGE('',*,*,#1609,.T.);
#1070=ORIENTED_EDGE('',*,*,#1610,.F.);
#1071=ORIENTED_EDGE('',*,*,#1365,.F.);
#1072=ORIENTED_EDGE('',*,*,#1611,.T.);
#1073=ORIENTED_EDGE('',*,*,#1612,.T.);
#1074=ORIENTED_EDGE('',*,*,#1613,.T.);
#1075=ORIENTED_EDGE('',*,*,#1366,.F.);
#1076=ORIENTED_EDGE('',*,*,#1610,.T.);
#1077=ORIENTED_EDGE('',*,*,#1614,.T.);
#1078=ORIENTED_EDGE('',*,*,#1611,.F.);
#1079=ORIENTED_EDGE('',*,*,#1364,.F.);
#1080=ORIENTED_EDGE('',*,*,#1381,.F.);
#1081=ORIENTED_EDGE('',*,*,#1613,.F.);
#1082=ORIENTED_EDGE('',*,*,#1615,.F.);
#1083=ORIENTED_EDGE('',*,*,#1608,.F.);
#1084=ORIENTED_EDGE('',*,*,#1367,.T.);
#1085=ORIENTED_EDGE('',*,*,#1579,.T.);
#1086=ORIENTED_EDGE('',*,*,#1373,.F.);
#1087=ORIENTED_EDGE('',*,*,#1583,.F.);
#1088=ORIENTED_EDGE('',*,*,#1547,.F.);
#1089=ORIENTED_EDGE('',*,*,#1595,.F.);
#1090=ORIENTED_EDGE('',*,*,#1593,.F.);
#1091=ORIENTED_EDGE('',*,*,#1596,.T.);
#1092=ORIENTED_EDGE('',*,*,#1589,.F.);
#1093=ORIENTED_EDGE('',*,*,#1587,.T.);
#1094=ORIENTED_EDGE('',*,*,#1376,.F.);
#1095=ORIENTED_EDGE('',*,*,#1591,.F.);
#1096=ORIENTED_EDGE('',*,*,#1544,.F.);
#1097=ORIENTED_EDGE('',*,*,#1601,.T.);
#1098=ORIENTED_EDGE('',*,*,#1599,.T.);
#1099=ORIENTED_EDGE('',*,*,#1606,.F.);
#1100=ORIENTED_EDGE('',*,*,#1604,.F.);
#1101=ORIENTED_EDGE('',*,*,#1602,.F.);
#1102=ORIENTED_EDGE('',*,*,#1377,.T.);
#1103=ORIENTED_EDGE('',*,*,#1597,.F.);
#1104=ORIENTED_EDGE('',*,*,#1541,.F.);
#1105=ORIENTED_EDGE('',*,*,#1607,.T.);
#1106=ORIENTED_EDGE('',*,*,#1615,.T.);
#1107=ORIENTED_EDGE('',*,*,#1612,.F.);
#1108=ORIENTED_EDGE('',*,*,#1609,.F.);
#1109=ORIENTED_EDGE('',*,*,#1614,.F.);
#1110=ORIENTED_EDGE('',*,*,#1380,.T.);
#1111=ORIENTED_EDGE('',*,*,#1506,.F.);
#1112=ORIENTED_EDGE('',*,*,#1511,.T.);
#1113=ORIENTED_EDGE('',*,*,#1452,.F.);
#1114=ORIENTED_EDGE('',*,*,#1493,.F.);
#1115=ORIENTED_EDGE('',*,*,#1450,.T.);
#1116=ORIENTED_EDGE('',*,*,#1516,.T.);
#1117=ORIENTED_EDGE('',*,*,#1429,.F.);
#1118=ORIENTED_EDGE('',*,*,#1585,.F.);
#1119=ORIENTED_EDGE('',*,*,#1586,.F.);
#1120=ORIENTED_EDGE('',*,*,#1581,.T.);
#1121=ORIENTED_EDGE('',*,*,#1537,.T.);
#1122=ORIENTED_EDGE('',*,*,#1570,.T.);
#1123=ORIENTED_EDGE('',*,*,#1435,.F.);
#1124=ORIENTED_EDGE('',*,*,#1533,.F.);
#1125=ORIENTED_EDGE('',*,*,#1572,.F.);
#1126=ORIENTED_EDGE('',*,*,#1578,.T.);
#1127=ORIENTED_EDGE('',*,*,#1576,.F.);
#1128=ORIENTED_EDGE('',*,*,#1574,.F.);
#1129=ORIENTED_EDGE('',*,*,#1616,.T.);
#1130=ORIENTED_EDGE('',*,*,#1549,.F.);
#1131=ORIENTED_EDGE('',*,*,#1391,.F.);
#1132=ORIENTED_EDGE('',*,*,#1617,.T.);
#1133=ORIENTED_EDGE('',*,*,#1618,.F.);
#1134=ORIENTED_EDGE('',*,*,#1619,.F.);
#1135=ORIENTED_EDGE('',*,*,#1388,.T.);
#1136=ORIENTED_EDGE('',*,*,#1620,.T.);
#1137=ORIENTED_EDGE('',*,*,#1621,.F.);
#1138=ORIENTED_EDGE('',*,*,#1622,.F.);
#1139=ORIENTED_EDGE('',*,*,#1389,.T.);
#1140=ORIENTED_EDGE('',*,*,#1619,.T.);
#1141=ORIENTED_EDGE('',*,*,#1623,.T.);
#1142=ORIENTED_EDGE('',*,*,#1620,.F.);
#1143=ORIENTED_EDGE('',*,*,#1387,.F.);
#1144=ORIENTED_EDGE('',*,*,#1383,.T.);
#1145=ORIENTED_EDGE('',*,*,#1390,.F.);
#1146=ORIENTED_EDGE('',*,*,#1622,.T.);
#1147=ORIENTED_EDGE('',*,*,#1624,.T.);
#1148=ORIENTED_EDGE('',*,*,#1617,.F.);
#1149=ORIENTED_EDGE('',*,*,#1625,.F.);
#1150=ORIENTED_EDGE('',*,*,#1626,.T.);
#1151=ORIENTED_EDGE('',*,*,#1400,.T.);
#1152=ORIENTED_EDGE('',*,*,#1627,.T.);
#1153=ORIENTED_EDGE('',*,*,#1628,.F.);
#1154=ORIENTED_EDGE('',*,*,#1629,.F.);
#1155=ORIENTED_EDGE('',*,*,#1398,.T.);
#1156=ORIENTED_EDGE('',*,*,#1395,.F.);
#1157=ORIENTED_EDGE('',*,*,#1630,.T.);
#1158=ORIENTED_EDGE('',*,*,#1397,.F.);
#1159=ORIENTED_EDGE('',*,*,#1404,.F.);
#1160=ORIENTED_EDGE('',*,*,#1551,.T.);
#1161=ORIENTED_EDGE('',*,*,#1626,.F.);
#1162=ORIENTED_EDGE('',*,*,#1631,.F.);
#1163=ORIENTED_EDGE('',*,*,#1632,.F.);
#1164=ORIENTED_EDGE('',*,*,#1401,.T.);
#1165=ORIENTED_EDGE('',*,*,#1633,.T.);
#1166=ORIENTED_EDGE('',*,*,#1552,.F.);
#1167=ORIENTED_EDGE('',*,*,#1402,.F.);
#1168=ORIENTED_EDGE('',*,*,#1632,.T.);
#1169=ORIENTED_EDGE('',*,*,#1634,.F.);
#1170=ORIENTED_EDGE('',*,*,#1627,.F.);
#1171=ORIENTED_EDGE('',*,*,#1399,.T.);
#1172=ORIENTED_EDGE('',*,*,#1629,.T.);
#1173=ORIENTED_EDGE('',*,*,#1635,.T.);
#1174=ORIENTED_EDGE('',*,*,#1636,.F.);
#1175=ORIENTED_EDGE('',*,*,#1410,.F.);
#1176=ORIENTED_EDGE('',*,*,#1637,.T.);
#1177=ORIENTED_EDGE('',*,*,#1638,.T.);
#1178=ORIENTED_EDGE('',*,*,#1639,.T.);
#1179=ORIENTED_EDGE('',*,*,#1411,.F.);
#1180=ORIENTED_EDGE('',*,*,#1636,.T.);
#1181=ORIENTED_EDGE('',*,*,#1640,.F.);
#1182=ORIENTED_EDGE('',*,*,#1555,.F.);
#1183=ORIENTED_EDGE('',*,*,#1413,.T.);
#1184=ORIENTED_EDGE('',*,*,#1641,.T.);
#1185=ORIENTED_EDGE('',*,*,#1642,.F.);
#1186=ORIENTED_EDGE('',*,*,#1408,.F.);
#1187=ORIENTED_EDGE('',*,*,#1415,.T.);
#1188=ORIENTED_EDGE('',*,*,#1554,.T.);
#1189=ORIENTED_EDGE('',*,*,#1639,.F.);
#1190=ORIENTED_EDGE('',*,*,#1643,.F.);
#1191=ORIENTED_EDGE('',*,*,#1641,.F.);
#1192=ORIENTED_EDGE('',*,*,#1412,.T.);
#1193=ORIENTED_EDGE('',*,*,#1644,.T.);
#1194=ORIENTED_EDGE('',*,*,#1637,.F.);
#1195=ORIENTED_EDGE('',*,*,#1409,.F.);
#1196=ORIENTED_EDGE('',*,*,#1406,.F.);
#1197=ORIENTED_EDGE('',*,*,#1645,.T.);
#1198=ORIENTED_EDGE('',*,*,#1558,.F.);
#1199=ORIENTED_EDGE('',*,*,#1424,.F.);
#1200=ORIENTED_EDGE('',*,*,#1646,.T.);
#1201=ORIENTED_EDGE('',*,*,#1647,.F.);
#1202=ORIENTED_EDGE('',*,*,#1419,.F.);
#1203=ORIENTED_EDGE('',*,*,#1426,.T.);
#1204=ORIENTED_EDGE('',*,*,#1557,.T.);
#1205=ORIENTED_EDGE('',*,*,#1648,.T.);
#1206=ORIENTED_EDGE('',*,*,#1649,.F.);
#1207=ORIENTED_EDGE('',*,*,#1421,.F.);
#1208=ORIENTED_EDGE('',*,*,#1650,.T.);
#1209=ORIENTED_EDGE('',*,*,#1651,.T.);
#1210=ORIENTED_EDGE('',*,*,#1652,.T.);
#1211=ORIENTED_EDGE('',*,*,#1422,.F.);
#1212=ORIENTED_EDGE('',*,*,#1649,.T.);
#1213=ORIENTED_EDGE('',*,*,#1653,.T.);
#1214=ORIENTED_EDGE('',*,*,#1650,.F.);
#1215=ORIENTED_EDGE('',*,*,#1420,.F.);
#1216=ORIENTED_EDGE('',*,*,#1417,.F.);
#1217=ORIENTED_EDGE('',*,*,#1652,.F.);
#1218=ORIENTED_EDGE('',*,*,#1654,.F.);
#1219=ORIENTED_EDGE('',*,*,#1646,.F.);
#1220=ORIENTED_EDGE('',*,*,#1423,.T.);
#1221=ORIENTED_EDGE('',*,*,#1618,.T.);
#1222=ORIENTED_EDGE('',*,*,#1623,.F.);
#1223=ORIENTED_EDGE('',*,*,#1386,.F.);
#1224=ORIENTED_EDGE('',*,*,#1431,.F.);
#1225=ORIENTED_EDGE('',*,*,#1515,.T.);
#1226=ORIENTED_EDGE('',*,*,#1440,.F.);
#1227=ORIENTED_EDGE('',*,*,#1498,.F.);
#1228=ORIENTED_EDGE('',*,*,#1529,.F.);
#1229=ORIENTED_EDGE('',*,*,#1525,.F.);
#1230=ORIENTED_EDGE('',*,*,#1531,.T.);
#1231=ORIENTED_EDGE('',*,*,#1494,.F.);
#1232=ORIENTED_EDGE('',*,*,#1438,.T.);
#1233=ORIENTED_EDGE('',*,*,#1510,.T.);
#1234=ORIENTED_EDGE('',*,*,#1504,.F.);
#1235=ORIENTED_EDGE('',*,*,#1559,.F.);
#1236=ORIENTED_EDGE('',*,*,#1645,.F.);
#1237=ORIENTED_EDGE('',*,*,#1654,.T.);
#1238=ORIENTED_EDGE('',*,*,#1651,.F.);
#1239=ORIENTED_EDGE('',*,*,#1648,.F.);
#1240=ORIENTED_EDGE('',*,*,#1653,.F.);
#1241=ORIENTED_EDGE('',*,*,#1416,.T.);
#1242=ORIENTED_EDGE('',*,*,#1647,.T.);
#1243=ORIENTED_EDGE('',*,*,#1556,.F.);
#1244=ORIENTED_EDGE('',*,*,#1640,.T.);
#1245=ORIENTED_EDGE('',*,*,#1643,.T.);
#1246=ORIENTED_EDGE('',*,*,#1638,.F.);
#1247=ORIENTED_EDGE('',*,*,#1635,.F.);
#1248=ORIENTED_EDGE('',*,*,#1644,.F.);
#1249=ORIENTED_EDGE('',*,*,#1405,.T.);
#1250=ORIENTED_EDGE('',*,*,#1642,.T.);
#1251=ORIENTED_EDGE('',*,*,#1553,.F.);
#1252=ORIENTED_EDGE('',*,*,#1633,.F.);
#1253=ORIENTED_EDGE('',*,*,#1631,.T.);
#1254=ORIENTED_EDGE('',*,*,#1625,.T.);
#1255=ORIENTED_EDGE('',*,*,#1634,.T.);
#1256=ORIENTED_EDGE('',*,*,#1628,.T.);
#1257=ORIENTED_EDGE('',*,*,#1394,.T.);
#1258=ORIENTED_EDGE('',*,*,#1630,.F.);
#1259=ORIENTED_EDGE('',*,*,#1550,.F.);
#1260=ORIENTED_EDGE('',*,*,#1616,.F.);
#1261=ORIENTED_EDGE('',*,*,#1624,.F.);
#1262=ORIENTED_EDGE('',*,*,#1621,.T.);
#1263=ORIENTED_EDGE('',*,*,#1329,.T.);
#1264=ORIENTED_EDGE('',*,*,#1655,.F.);
#1265=ORIENTED_EDGE('',*,*,#1656,.F.);
#1266=ORIENTED_EDGE('',*,*,#1657,.T.);
#1267=ORIENTED_EDGE('',*,*,#1338,.F.);
#1268=ORIENTED_EDGE('',*,*,#1658,.F.);
#1269=ORIENTED_EDGE('',*,*,#1659,.T.);
#1270=ORIENTED_EDGE('',*,*,#1655,.T.);
#1271=ORIENTED_EDGE('',*,*,#1337,.T.);
#1272=ORIENTED_EDGE('',*,*,#1660,.F.);
#1273=ORIENTED_EDGE('',*,*,#1661,.F.);
#1274=ORIENTED_EDGE('',*,*,#1658,.T.);
#1275=ORIENTED_EDGE('',*,*,#1336,.F.);
#1276=ORIENTED_EDGE('',*,*,#1492,.F.);
#1277=ORIENTED_EDGE('',*,*,#1662,.T.);
#1278=ORIENTED_EDGE('',*,*,#1660,.T.);
#1279=ORIENTED_EDGE('',*,*,#1330,.F.);
#1280=ORIENTED_EDGE('',*,*,#1657,.F.);
#1281=ORIENTED_EDGE('',*,*,#1663,.T.);
#1282=ORIENTED_EDGE('',*,*,#1484,.T.);
#1283=ORIENTED_EDGE('',*,*,#1568,.T.);
#1284=ORIENTED_EDGE('',*,*,#1664,.F.);
#1285=ORIENTED_EDGE('',*,*,#1662,.F.);
#1286=ORIENTED_EDGE('',*,*,#1665,.F.);
#1287=ORIENTED_EDGE('',*,*,#1666,.F.);
#1288=ORIENTED_EDGE('',*,*,#1667,.F.);
#1289=ORIENTED_EDGE('',*,*,#1668,.F.);
#1290=ORIENTED_EDGE('',*,*,#1669,.F.);
#1291=ORIENTED_EDGE('',*,*,#1663,.F.);
#1292=ORIENTED_EDGE('',*,*,#1656,.T.);
#1293=ORIENTED_EDGE('',*,*,#1659,.F.);
#1294=ORIENTED_EDGE('',*,*,#1661,.T.);
#1295=ORIENTED_EDGE('',*,*,#1670,.T.);
#1296=ORIENTED_EDGE('',*,*,#1486,.F.);
#1297=ORIENTED_EDGE('',*,*,#1671,.T.);
#1298=ORIENTED_EDGE('',*,*,#1672,.T.);
#1299=ORIENTED_EDGE('',*,*,#1673,.T.);
#1300=ORIENTED_EDGE('',*,*,#1674,.T.);
#1301=ORIENTED_EDGE('',*,*,#1675,.T.);
#1302=ORIENTED_EDGE('',*,*,#1490,.F.);
#1303=ORIENTED_EDGE('',*,*,#1482,.F.);
#1304=ORIENTED_EDGE('',*,*,#1665,.T.);
#1305=ORIENTED_EDGE('',*,*,#1491,.F.);
#1306=ORIENTED_EDGE('',*,*,#1675,.F.);
#1307=ORIENTED_EDGE('',*,*,#1676,.T.);
#1308=ORIENTED_EDGE('',*,*,#1666,.T.);
#1309=ORIENTED_EDGE('',*,*,#1676,.F.);
#1310=ORIENTED_EDGE('',*,*,#1674,.F.);
#1311=ORIENTED_EDGE('',*,*,#1677,.T.);
#1312=ORIENTED_EDGE('',*,*,#1667,.T.);
#1313=ORIENTED_EDGE('',*,*,#1677,.F.);
#1314=ORIENTED_EDGE('',*,*,#1673,.F.);
#1315=ORIENTED_EDGE('',*,*,#1678,.T.);
#1316=ORIENTED_EDGE('',*,*,#1668,.T.);
#1317=ORIENTED_EDGE('',*,*,#1678,.F.);
#1318=ORIENTED_EDGE('',*,*,#1672,.F.);
#1319=ORIENTED_EDGE('',*,*,#1679,.T.);
#1320=ORIENTED_EDGE('',*,*,#1669,.T.);
#1321=ORIENTED_EDGE('',*,*,#1679,.F.);
#1322=ORIENTED_EDGE('',*,*,#1671,.F.);
#1323=ORIENTED_EDGE('',*,*,#1485,.T.);
#1324=ORIENTED_EDGE('',*,*,#1561,.T.);
#1325=ORIENTED_EDGE('',*,*,#1670,.F.);
#1326=ORIENTED_EDGE('',*,*,#1664,.T.);
#1327=EDGE_CURVE('',#1680,#1680,#1928,.F.);
#1328=EDGE_CURVE('',#1681,#1681,#1929,.F.);
#1329=EDGE_CURVE('',#1682,#1683,#1930,.T.);
#1330=EDGE_CURVE('',#1682,#1684,#55,.T.);
#1331=EDGE_CURVE('',#1685,#1684,#56,.T.);
#1332=EDGE_CURVE('',#1686,#1685,#1931,.F.);
#1333=EDGE_CURVE('',#1686,#1687,#57,.T.);
#1334=EDGE_CURVE('',#1688,#1687,#1932,.F.);
#1335=EDGE_CURVE('',#1688,#1689,#58,.T.);
#1336=EDGE_CURVE('',#1689,#1690,#59,.T.);
#1337=EDGE_CURVE('',#1691,#1690,#1933,.T.);
#1338=EDGE_CURVE('',#1691,#1683,#60,.T.);
#1339=EDGE_CURVE('',#1692,#1693,#61,.T.);
#1340=EDGE_CURVE('',#1694,#1693,#62,.T.);
#1341=EDGE_CURVE('',#1695,#1694,#63,.T.);
#1342=EDGE_CURVE('',#1695,#1696,#64,.T.);
#1343=EDGE_CURVE('',#1696,#1697,#65,.T.);
#1344=EDGE_CURVE('',#1698,#1697,#66,.T.);
#1345=EDGE_CURVE('',#1699,#1698,#67,.T.);
#1346=EDGE_CURVE('',#1699,#1692,#68,.T.);
#1347=EDGE_CURVE('',#1700,#1701,#69,.T.);
#1348=EDGE_CURVE('',#1702,#1701,#70,.T.);
#1349=EDGE_CURVE('',#1702,#1703,#71,.T.);
#1350=EDGE_CURVE('',#1704,#1703,#72,.T.);
#1351=EDGE_CURVE('',#1704,#1705,#73,.T.);
#1352=EDGE_CURVE('',#1705,#1706,#74,.T.);
#1353=EDGE_CURVE('',#1707,#1706,#75,.T.);
#1354=EDGE_CURVE('',#1707,#1700,#76,.T.);
#1355=EDGE_CURVE('',#1708,#1709,#77,.T.);
#1356=EDGE_CURVE('',#1708,#1710,#78,.T.);
#1357=EDGE_CURVE('',#1710,#1711,#79,.T.);
#1358=EDGE_CURVE('',#1711,#1712,#80,.T.);
#1359=EDGE_CURVE('',#1713,#1712,#81,.T.);
#1360=EDGE_CURVE('',#1714,#1713,#82,.T.);
#1361=EDGE_CURVE('',#1715,#1714,#83,.T.);
#1362=EDGE_CURVE('',#1715,#1709,#84,.T.);
#1363=EDGE_CURVE('',#1716,#1717,#85,.T.);
#1364=EDGE_CURVE('',#1716,#1718,#86,.T.);
#1365=EDGE_CURVE('',#1718,#1719,#87,.T.);
#1366=EDGE_CURVE('',#1719,#1720,#88,.T.);
#1367=EDGE_CURVE('',#1721,#1720,#89,.T.);
#1368=EDGE_CURVE('',#1722,#1721,#90,.T.);
#1369=EDGE_CURVE('',#1723,#1722,#91,.T.);
#1370=EDGE_CURVE('',#1717,#1723,#92,.T.);
#1371=EDGE_CURVE('',#1693,#1724,#93,.T.);
#1372=EDGE_CURVE('',#1692,#1725,#94,.T.);
#1373=EDGE_CURVE('',#1725,#1724,#95,.T.);
#1374=EDGE_CURVE('',#1701,#1726,#96,.T.);
#1375=EDGE_CURVE('',#1700,#1727,#97,.T.);
#1376=EDGE_CURVE('',#1727,#1726,#98,.T.);
#1377=EDGE_CURVE('',#1728,#1729,#99,.T.);
#1378=EDGE_CURVE('',#1728,#1708,#100,.T.);
#1379=EDGE_CURVE('',#1709,#1729,#101,.T.);
#1380=EDGE_CURVE('',#1730,#1731,#102,.T.);
#1381=EDGE_CURVE('',#1730,#1716,#103,.T.);
#1382=EDGE_CURVE('',#1717,#1731,#104,.T.);
#1383=EDGE_CURVE('',#1732,#1733,#105,.T.);
#1384=EDGE_CURVE('',#1734,#1732,#106,.T.);
#1385=EDGE_CURVE('',#1734,#1735,#107,.T.);
#1386=EDGE_CURVE('',#1735,#1733,#108,.T.);
#1387=EDGE_CURVE('',#1732,#1736,#109,.T.);
#1388=EDGE_CURVE('',#1737,#1736,#110,.T.);
#1389=EDGE_CURVE('',#1738,#1737,#111,.T.);
#1390=EDGE_CURVE('',#1738,#1739,#112,.T.);
#1391=EDGE_CURVE('',#1739,#1740,#113,.T.);
#1392=EDGE_CURVE('',#1741,#1740,#114,.T.);
#1393=EDGE_CURVE('',#1734,#1741,#115,.T.);
#1394=EDGE_CURVE('',#1742,#1743,#116,.T.);
#1395=EDGE_CURVE('',#1742,#1744,#117,.T.);
#1396=EDGE_CURVE('',#1744,#1745,#118,.T.);
#1397=EDGE_CURVE('',#1745,#1743,#119,.T.);
#1398=EDGE_CURVE('',#1746,#1744,#120,.T.);
#1399=EDGE_CURVE('',#1747,#1746,#121,.T.);
#1400=EDGE_CURVE('',#1748,#1747,#122,.T.);
#1401=EDGE_CURVE('',#1749,#1748,#123,.T.);
#1402=EDGE_CURVE('',#1749,#1750,#124,.T.);
#1403=EDGE_CURVE('',#1751,#1750,#125,.T.);
#1404=EDGE_CURVE('',#1751,#1745,#126,.T.);
#1405=EDGE_CURVE('',#1752,#1753,#127,.T.);
#1406=EDGE_CURVE('',#1752,#1754,#128,.T.);
#1407=EDGE_CURVE('',#1754,#1755,#129,.T.);
#1408=EDGE_CURVE('',#1755,#1753,#130,.T.);
#1409=EDGE_CURVE('',#1754,#1756,#131,.T.);
#1410=EDGE_CURVE('',#1756,#1757,#132,.T.);
#1411=EDGE_CURVE('',#1757,#1758,#133,.T.);
#1412=EDGE_CURVE('',#1759,#1758,#134,.T.);
#1413=EDGE_CURVE('',#1760,#1759,#135,.T.);
#1414=EDGE_CURVE('',#1761,#1760,#136,.T.);
#1415=EDGE_CURVE('',#1755,#1761,#137,.T.);
#1416=EDGE_CURVE('',#1762,#1763,#138,.T.);
#1417=EDGE_CURVE('',#1762,#1764,#139,.T.);
#1418=EDGE_CURVE('',#1764,#1765,#140,.T.);
#1419=EDGE_CURVE('',#1765,#1763,#141,.T.);
#1420=EDGE_CURVE('',#1764,#1766,#142,.T.);
#1421=EDGE_CURVE('',#1766,#1767,#143,.T.);
#1422=EDGE_CURVE('',#1767,#1768,#144,.T.);
#1423=EDGE_CURVE('',#1769,#1768,#145,.T.);
#1424=EDGE_CURVE('',#1769,#1770,#146,.T.);
#1425=EDGE_CURVE('',#1771,#1770,#147,.T.);
#1426=EDGE_CURVE('',#1765,#1771,#148,.T.);
#1427=EDGE_CURVE('',#1698,#1741,#149,.T.);
#1428=EDGE_CURVE('',#1697,#1772,#150,.T.);
#1429=EDGE_CURVE('',#1772,#1773,#151,.T.);
#1430=EDGE_CURVE('',#1773,#1774,#152,.T.);
#1431=EDGE_CURVE('',#1774,#1735,#153,.T.);
#1432=EDGE_CURVE('',#1775,#1776,#154,.T.);
#1433=EDGE_CURVE('',#1777,#1775,#155,.T.);
#1434=EDGE_CURVE('',#1777,#1778,#156,.T.);
#1435=EDGE_CURVE('',#1778,#1776,#157,.T.);
#1436=EDGE_CURVE('',#1779,#1780,#158,.T.);
#1437=EDGE_CURVE('',#1780,#1781,#1934,.T.);
#1438=EDGE_CURVE('',#1782,#1781,#159,.T.);
#1439=EDGE_CURVE('',#1779,#1782,#1935,.T.);
#1440=EDGE_CURVE('',#1783,#1784,#160,.T.);
#1441=EDGE_CURVE('',#1784,#1785,#1936,.T.);
#1442=EDGE_CURVE('',#1786,#1785,#161,.T.);
#1443=EDGE_CURVE('',#1783,#1786,#1937,.T.);
#1444=EDGE_CURVE('',#1787,#1787,#12,.T.);
#1445=EDGE_CURVE('',#1788,#1788,#13,.T.);
#1446=EDGE_CURVE('',#1785,#1789,#162,.T.);
#1447=EDGE_CURVE('',#1790,#1789,#163,.T.);
#1448=EDGE_CURVE('',#1786,#1790,#164,.T.);
#1449=EDGE_CURVE('',#1789,#1791,#1938,.T.);
#1450=EDGE_CURVE('',#1792,#1791,#165,.T.);
#1451=EDGE_CURVE('',#1790,#1792,#1939,.T.);
#1452=EDGE_CURVE('',#1793,#1794,#166,.T.);
#1453=EDGE_CURVE('',#1794,#1795,#1940,.T.);
#1454=EDGE_CURVE('',#1796,#1795,#167,.T.);
#1455=EDGE_CURVE('',#1793,#1796,#1941,.T.);
#1456=EDGE_CURVE('',#1797,#1797,#14,.T.);
#1457=EDGE_CURVE('',#1798,#1798,#15,.T.);
#1458=EDGE_CURVE('',#1795,#1780,#168,.T.);
#1459=EDGE_CURVE('',#1796,#1779,#169,.T.);
#1460=EDGE_CURVE('',#1799,#1799,#16,.T.);
#1461=EDGE_CURVE('',#1800,#1800,#17,.T.);
#1462=EDGE_CURVE('',#1684,#1801,#170,.T.);
#1463=EDGE_CURVE('',#1802,#1801,#171,.T.);
#1464=EDGE_CURVE('',#1685,#1802,#172,.T.);
#1465=EDGE_CURVE('',#1803,#1804,#173,.T.);
#1466=EDGE_CURVE('',#1803,#1805,#174,.T.);
#1467=EDGE_CURVE('',#1805,#1806,#175,.T.);
#1468=EDGE_CURVE('',#1806,#1804,#176,.T.);
#1469=EDGE_CURVE('',#1807,#1807,#1942,.T.);
#1470=EDGE_CURVE('',#1686,#1808,#177,.T.);
#1471=EDGE_CURVE('',#1808,#1809,#178,.T.);
#1472=EDGE_CURVE('',#1687,#1809,#179,.T.);
#1473=EDGE_CURVE('',#1810,#1810,#18,.T.);
#1474=EDGE_CURVE('',#1811,#1811,#19,.T.);
#1475=EDGE_CURVE('',#1688,#1812,#180,.T.);
#1476=EDGE_CURVE('',#1812,#1813,#181,.T.);
#1477=EDGE_CURVE('',#1689,#1813,#182,.T.);
#1478=EDGE_CURVE('',#1814,#1814,#1943,.T.);
#1479=EDGE_CURVE('',#1815,#1816,#183,.T.);
#1480=EDGE_CURVE('',#1817,#1816,#184,.T.);
#1481=EDGE_CURVE('',#1818,#1817,#185,.T.);
#1482=EDGE_CURVE('',#1818,#1815,#186,.T.);
#1483=EDGE_CURVE('',#1801,#1817,#1944,.T.);
#1484=EDGE_CURVE('',#1819,#1684,#187,.T.);
#1485=EDGE_CURVE('',#1820,#1819,#188,.T.);
#1486=EDGE_CURVE('',#1820,#1818,#1945,.F.);
#1487=EDGE_CURVE('',#1808,#1802,#1946,.T.);
#1488=EDGE_CURVE('',#1812,#1809,#1947,.T.);
#1489=EDGE_CURVE('',#1816,#1813,#1948,.T.);
#1490=EDGE_CURVE('',#1815,#1821,#1949,.F.);
#1491=EDGE_CURVE('',#1821,#1822,#189,.T.);
#1492=EDGE_CURVE('',#1822,#1689,#190,.T.);
#1493=EDGE_CURVE('',#1792,#1793,#191,.T.);
#1494=EDGE_CURVE('',#1782,#1823,#192,.T.);
#1495=EDGE_CURVE('',#1824,#1823,#193,.T.);
#1496=EDGE_CURVE('',#1824,#1825,#194,.T.);
#1497=EDGE_CURVE('',#1825,#1826,#195,.T.);
#1498=EDGE_CURVE('',#1826,#1783,#196,.T.);
#1499=EDGE_CURVE('',#1827,#1827,#1950,.T.);
#1500=EDGE_CURVE('',#1828,#1828,#1951,.T.);
#1501=EDGE_CURVE('',#1829,#1829,#1952,.T.);
#1502=EDGE_CURVE('',#1830,#1830,#1953,.T.);
#1503=EDGE_CURVE('',#1831,#1723,#197,.T.);
#1504=EDGE_CURVE('',#1831,#1832,#198,.T.);
#1505=EDGE_CURVE('',#1832,#1833,#199,.T.);
#1506=EDGE_CURVE('',#1833,#1731,#200,.T.);
#1507=EDGE_CURVE('',#1834,#1834,#1954,.F.);
#1508=EDGE_CURVE('',#1835,#1835,#1955,.F.);
#1509=EDGE_CURVE('',#1836,#1836,#1956,.F.);
#1510=EDGE_CURVE('',#1781,#1832,#201,.T.);
#1511=EDGE_CURVE('',#1833,#1794,#202,.T.);
#1512=EDGE_CURVE('',#1837,#1837,#1957,.F.);
#1513=EDGE_CURVE('',#1838,#1838,#1958,.F.);
#1514=EDGE_CURVE('',#1839,#1839,#1959,.F.);
#1515=EDGE_CURVE('',#1774,#1784,#203,.T.);
#1516=EDGE_CURVE('',#1791,#1773,#204,.T.);
#1517=EDGE_CURVE('',#1840,#1840,#1960,.T.);
#1518=EDGE_CURVE('',#1841,#1841,#1961,.T.);
#1519=EDGE_CURVE('',#1842,#1842,#1962,.T.);
#1520=EDGE_CURVE('',#1843,#1843,#1963,.T.);
#1521=EDGE_CURVE('',#1844,#1844,#1964,.T.);
#1522=EDGE_CURVE('',#1845,#1845,#1965,.T.);
#1523=EDGE_CURVE('',#1846,#1846,#1966,.T.);
#1524=EDGE_CURVE('',#1847,#1847,#1967,.T.);
#1525=EDGE_CURVE('',#1848,#1849,#1968,.T.);
#1526=EDGE_CURVE('',#1850,#1849,#205,.T.);
#1527=EDGE_CURVE('',#1851,#1850,#1969,.T.);
#1528=EDGE_CURVE('',#1851,#1848,#206,.T.);
#1529=EDGE_CURVE('',#1849,#1826,#207,.T.);
#1530=EDGE_CURVE('',#1850,#1825,#208,.T.);
#1531=EDGE_CURVE('',#1848,#1823,#209,.T.);
#1532=EDGE_CURVE('',#1851,#1824,#210,.T.);
#1533=EDGE_CURVE('',#1852,#1778,#1970,.T.);
#1534=EDGE_CURVE('',#1853,#1777,#1971,.T.);
#1535=EDGE_CURVE('',#1853,#1852,#211,.T.);
#1536=EDGE_CURVE('',#1854,#1855,#212,.T.);
#1537=EDGE_CURVE('',#1852,#1854,#213,.T.);
#1538=EDGE_CURVE('',#1853,#1855,#214,.T.);
#1539=EDGE_CURVE('',#1855,#1775,#215,.T.);
#1540=EDGE_CURVE('',#1722,#1856,#216,.T.);
#1541=EDGE_CURVE('',#1856,#1857,#217,.T.);
#1542=EDGE_CURVE('',#1715,#1857,#218,.T.);
#1543=EDGE_CURVE('',#1714,#1858,#219,.T.);
#1544=EDGE_CURVE('',#1858,#1859,#220,.T.);
#1545=EDGE_CURVE('',#1707,#1859,#221,.T.);
#1546=EDGE_CURVE('',#1706,#1860,#222,.T.);
#1547=EDGE_CURVE('',#1860,#1861,#223,.T.);
#1548=EDGE_CURVE('',#1699,#1861,#224,.T.);
#1549=EDGE_CURVE('',#1740,#1862,#225,.T.);
#1550=EDGE_CURVE('',#1862,#1863,#226,.T.);
#1551=EDGE_CURVE('',#1751,#1863,#227,.T.);
#1552=EDGE_CURVE('',#1750,#1864,#228,.T.);
#1553=EDGE_CURVE('',#1864,#1865,#229,.T.);
#1554=EDGE_CURVE('',#1761,#1865,#230,.T.);
#1555=EDGE_CURVE('',#1760,#1866,#231,.T.);
#1556=EDGE_CURVE('',#1866,#1867,#232,.T.);
#1557=EDGE_CURVE('',#1771,#1867,#233,.T.);
#1558=EDGE_CURVE('',#1770,#1868,#234,.T.);
#1559=EDGE_CURVE('',#1868,#1831,#235,.T.);
#1560=EDGE_CURVE('',#1869,#1869,#1972,.T.);
#1561=EDGE_CURVE('',#1870,#1870,#1973,.F.);
#1562=EDGE_CURVE('',#1871,#1871,#1974,.T.);
#1563=EDGE_CURVE('',#1872,#1872,#1975,.T.);
#1564=EDGE_CURVE('',#1873,#1873,#1976,.T.);
#1565=EDGE_CURVE('',#1874,#1874,#1977,.T.);
#1566=EDGE_CURVE('',#1875,#1875,#1978,.T.);
#1567=EDGE_CURVE('',#1876,#1876,#1979,.T.);
#1568=EDGE_CURVE('',#1877,#1877,#1980,.F.);
#1569=EDGE_CURVE('',#1878,#1878,#1981,.T.);
#1570=EDGE_CURVE('',#1854,#1776,#236,.T.);
#1571=EDGE_CURVE('',#1803,#1879,#237,.T.);
#1572=EDGE_CURVE('',#1879,#1880,#238,.T.);
#1573=EDGE_CURVE('',#1805,#1880,#239,.T.);
#1574=EDGE_CURVE('',#1880,#1881,#240,.T.);
#1575=EDGE_CURVE('',#1806,#1881,#241,.T.);
#1576=EDGE_CURVE('',#1881,#1882,#242,.T.);
#1577=EDGE_CURVE('',#1804,#1882,#243,.T.);
#1578=EDGE_CURVE('',#1879,#1882,#244,.T.);
#1579=EDGE_CURVE('',#1883,#1724,#245,.T.);
#1580=EDGE_CURVE('',#1694,#1883,#246,.T.);
#1581=EDGE_CURVE('',#1884,#1883,#247,.T.);
#1582=EDGE_CURVE('',#1695,#1884,#248,.T.);
#1583=EDGE_CURVE('',#1861,#1725,#249,.T.);
#1584=EDGE_CURVE('',#1696,#1885,#250,.T.);
#1585=EDGE_CURVE('',#1885,#1772,#251,.T.);
#1586=EDGE_CURVE('',#1884,#1885,#252,.T.);
#1587=EDGE_CURVE('',#1886,#1726,#253,.T.);
#1588=EDGE_CURVE('',#1702,#1886,#254,.T.);
#1589=EDGE_CURVE('',#1886,#1887,#255,.T.);
#1590=EDGE_CURVE('',#1703,#1887,#256,.T.);
#1591=EDGE_CURVE('',#1859,#1727,#257,.T.);
#1592=EDGE_CURVE('',#1704,#1888,#258,.T.);
#1593=EDGE_CURVE('',#1888,#1889,#259,.T.);
#1594=EDGE_CURVE('',#1705,#1889,#260,.T.);
#1595=EDGE_CURVE('',#1889,#1860,#261,.T.);
#1596=EDGE_CURVE('',#1888,#1887,#262,.T.);
#1597=EDGE_CURVE('',#1857,#1729,#263,.T.);
#1598=EDGE_CURVE('',#1890,#1712,#264,.T.);
#1599=EDGE_CURVE('',#1891,#1890,#265,.T.);
#1600=EDGE_CURVE('',#1713,#1891,#266,.T.);
#1601=EDGE_CURVE('',#1858,#1891,#267,.T.);
#1602=EDGE_CURVE('',#1728,#1892,#268,.T.);
#1603=EDGE_CURVE('',#1710,#1892,#269,.T.);
#1604=EDGE_CURVE('',#1892,#1893,#270,.T.);
#1605=EDGE_CURVE('',#1711,#1893,#271,.T.);
#1606=EDGE_CURVE('',#1893,#1890,#272,.T.);
#1607=EDGE_CURVE('',#1856,#1894,#273,.T.);
#1608=EDGE_CURVE('',#1721,#1894,#274,.T.);
#1609=EDGE_CURVE('',#1895,#1896,#275,.T.);
#1610=EDGE_CURVE('',#1719,#1896,#276,.T.);
#1611=EDGE_CURVE('',#1718,#1895,#277,.T.);
#1612=EDGE_CURVE('',#1896,#1897,#278,.T.);
#1613=EDGE_CURVE('',#1897,#1720,#279,.T.);
#1614=EDGE_CURVE('',#1730,#1895,#280,.T.);
#1615=EDGE_CURVE('',#1894,#1897,#281,.T.);
#1616=EDGE_CURVE('',#1898,#1862,#282,.T.);
#1617=EDGE_CURVE('',#1739,#1898,#283,.T.);
#1618=EDGE_CURVE('',#1899,#1900,#284,.T.);
#1619=EDGE_CURVE('',#1737,#1899,#285,.T.);
#1620=EDGE_CURVE('',#1736,#1900,#286,.T.);
#1621=EDGE_CURVE('',#1901,#1899,#287,.T.);
#1622=EDGE_CURVE('',#1738,#1901,#288,.T.);
#1623=EDGE_CURVE('',#1733,#1900,#289,.T.);
#1624=EDGE_CURVE('',#1901,#1898,#290,.T.);
#1625=EDGE_CURVE('',#1902,#1903,#291,.T.);
#1626=EDGE_CURVE('',#1902,#1748,#292,.T.);
#1627=EDGE_CURVE('',#1747,#1903,#293,.T.);
#1628=EDGE_CURVE('',#1904,#1742,#294,.T.);
#1629=EDGE_CURVE('',#1746,#1904,#295,.T.);
#1630=EDGE_CURVE('',#1863,#1743,#296,.T.);
#1631=EDGE_CURVE('',#1905,#1902,#297,.T.);
#1632=EDGE_CURVE('',#1749,#1905,#298,.T.);
#1633=EDGE_CURVE('',#1905,#1864,#299,.T.);
#1634=EDGE_CURVE('',#1903,#1904,#300,.T.);
#1635=EDGE_CURVE('',#1906,#1907,#301,.T.);
#1636=EDGE_CURVE('',#1757,#1907,#302,.T.);
#1637=EDGE_CURVE('',#1756,#1906,#303,.T.);
#1638=EDGE_CURVE('',#1907,#1908,#304,.T.);
#1639=EDGE_CURVE('',#1908,#1758,#305,.T.);
#1640=EDGE_CURVE('',#1866,#1909,#306,.T.);
#1641=EDGE_CURVE('',#1759,#1909,#307,.T.);
#1642=EDGE_CURVE('',#1753,#1865,#308,.T.);
#1643=EDGE_CURVE('',#1909,#1908,#309,.T.);
#1644=EDGE_CURVE('',#1752,#1906,#310,.T.);
#1645=EDGE_CURVE('',#1910,#1868,#311,.T.);
#1646=EDGE_CURVE('',#1769,#1910,#312,.T.);
#1647=EDGE_CURVE('',#1763,#1867,#313,.T.);
#1648=EDGE_CURVE('',#1911,#1912,#314,.T.);
#1649=EDGE_CURVE('',#1767,#1912,#315,.T.);
#1650=EDGE_CURVE('',#1766,#1911,#316,.T.);
#1651=EDGE_CURVE('',#1912,#1913,#317,.T.);
#1652=EDGE_CURVE('',#1913,#1768,#318,.T.);
#1653=EDGE_CURVE('',#1762,#1911,#319,.T.);
#1654=EDGE_CURVE('',#1910,#1913,#320,.T.);
#1655=EDGE_CURVE('',#1914,#1683,#321,.T.);
#1656=EDGE_CURVE('',#1915,#1914,#1982,.T.);
#1657=EDGE_CURVE('',#1915,#1682,#322,.T.);
#1658=EDGE_CURVE('',#1916,#1691,#323,.T.);
#1659=EDGE_CURVE('',#1916,#1914,#324,.T.);
#1660=EDGE_CURVE('',#1917,#1690,#325,.T.);
#1661=EDGE_CURVE('',#1916,#1917,#1983,.T.);
#1662=EDGE_CURVE('',#1822,#1917,#326,.T.);
#1663=EDGE_CURVE('',#1915,#1819,#327,.T.);
#1664=EDGE_CURVE('',#1918,#1918,#1984,.F.);
#1665=EDGE_CURVE('',#1919,#1822,#328,.T.);
#1666=EDGE_CURVE('',#1920,#1919,#1985,.T.);
#1667=EDGE_CURVE('',#1921,#1920,#329,.T.);
#1668=EDGE_CURVE('',#1922,#1921,#1986,.T.);
#1669=EDGE_CURVE('',#1819,#1922,#330,.T.);
#1670=EDGE_CURVE('',#1923,#1923,#1987,.T.);
#1671=EDGE_CURVE('',#1820,#1924,#331,.T.);
#1672=EDGE_CURVE('',#1924,#1925,#1988,.T.);
#1673=EDGE_CURVE('',#1925,#1926,#332,.T.);
#1674=EDGE_CURVE('',#1926,#1927,#1989,.T.);
#1675=EDGE_CURVE('',#1927,#1821,#333,.T.);
#1676=EDGE_CURVE('',#1927,#1919,#334,.T.);
#1677=EDGE_CURVE('',#1926,#1920,#335,.T.);
#1678=EDGE_CURVE('',#1925,#1921,#336,.T.);
#1679=EDGE_CURVE('',#1924,#1922,#337,.T.);
#1680=VERTEX_POINT('',#3540);
#1681=VERTEX_POINT('',#3542);
#1682=VERTEX_POINT('',#3544);
#1683=VERTEX_POINT('',#3545);
#1684=VERTEX_POINT('',#3547);
#1685=VERTEX_POINT('',#3549);
#1686=VERTEX_POINT('',#3551);
#1687=VERTEX_POINT('',#3553);
#1688=VERTEX_POINT('',#3555);
#1689=VERTEX_POINT('',#3557);
#1690=VERTEX_POINT('',#3559);
#1691=VERTEX_POINT('',#3561);
#1692=VERTEX_POINT('',#3565);
#1693=VERTEX_POINT('',#3566);
#1694=VERTEX_POINT('',#3568);
#1695=VERTEX_POINT('',#3570);
#1696=VERTEX_POINT('',#3572);
#1697=VERTEX_POINT('',#3574);
#1698=VERTEX_POINT('',#3576);
#1699=VERTEX_POINT('',#3578);
#1700=VERTEX_POINT('',#3582);
#1701=VERTEX_POINT('',#3583);
#1702=VERTEX_POINT('',#3585);
#1703=VERTEX_POINT('',#3587);
#1704=VERTEX_POINT('',#3589);
#1705=VERTEX_POINT('',#3591);
#1706=VERTEX_POINT('',#3593);
#1707=VERTEX_POINT('',#3595);
#1708=VERTEX_POINT('',#3599);
#1709=VERTEX_POINT('',#3600);
#1710=VERTEX_POINT('',#3602);
#1711=VERTEX_POINT('',#3604);
#1712=VERTEX_POINT('',#3606);
#1713=VERTEX_POINT('',#3608);
#1714=VERTEX_POINT('',#3610);
#1715=VERTEX_POINT('',#3612);
#1716=VERTEX_POINT('',#3616);
#1717=VERTEX_POINT('',#3617);
#1718=VERTEX_POINT('',#3619);
#1719=VERTEX_POINT('',#3621);
#1720=VERTEX_POINT('',#3623);
#1721=VERTEX_POINT('',#3625);
#1722=VERTEX_POINT('',#3627);
#1723=VERTEX_POINT('',#3629);
#1724=VERTEX_POINT('',#3633);
#1725=VERTEX_POINT('',#3635);
#1726=VERTEX_POINT('',#3639);
#1727=VERTEX_POINT('',#3641);
#1728=VERTEX_POINT('',#3645);
#1729=VERTEX_POINT('',#3646);
#1730=VERTEX_POINT('',#3651);
#1731=VERTEX_POINT('',#3652);
#1732=VERTEX_POINT('',#3657);
#1733=VERTEX_POINT('',#3658);
#1734=VERTEX_POINT('',#3660);
#1735=VERTEX_POINT('',#3662);
#1736=VERTEX_POINT('',#3666);
#1737=VERTEX_POINT('',#3668);
#1738=VERTEX_POINT('',#3670);
#1739=VERTEX_POINT('',#3672);
#1740=VERTEX_POINT('',#3674);
#1741=VERTEX_POINT('',#3676);
#1742=VERTEX_POINT('',#3680);
#1743=VERTEX_POINT('',#3681);
#1744=VERTEX_POINT('',#3683);
#1745=VERTEX_POINT('',#3685);
#1746=VERTEX_POINT('',#3689);
#1747=VERTEX_POINT('',#3691);
#1748=VERTEX_POINT('',#3693);
#1749=VERTEX_POINT('',#3695);
#1750=VERTEX_POINT('',#3697);
#1751=VERTEX_POINT('',#3699);
#1752=VERTEX_POINT('',#3703);
#1753=VERTEX_POINT('',#3704);
#1754=VERTEX_POINT('',#3706);
#1755=VERTEX_POINT('',#3708);
#1756=VERTEX_POINT('',#3712);
#1757=VERTEX_POINT('',#3714);
#1758=VERTEX_POINT('',#3716);
#1759=VERTEX_POINT('',#3718);
#1760=VERTEX_POINT('',#3720);
#1761=VERTEX_POINT('',#3722);
#1762=VERTEX_POINT('',#3726);
#1763=VERTEX_POINT('',#3727);
#1764=VERTEX_POINT('',#3729);
#1765=VERTEX_POINT('',#3731);
#1766=VERTEX_POINT('',#3735);
#1767=VERTEX_POINT('',#3737);
#1768=VERTEX_POINT('',#3739);
#1769=VERTEX_POINT('',#3741);
#1770=VERTEX_POINT('',#3743);
#1771=VERTEX_POINT('',#3745);
#1772=VERTEX_POINT('',#3750);
#1773=VERTEX_POINT('',#3752);
#1774=VERTEX_POINT('',#3754);
#1775=VERTEX_POINT('',#3758);
#1776=VERTEX_POINT('',#3759);
#1777=VERTEX_POINT('',#3761);
#1778=VERTEX_POINT('',#3763);
#1779=VERTEX_POINT('',#3767);
#1780=VERTEX_POINT('',#3768);
#1781=VERTEX_POINT('',#3770);
#1782=VERTEX_POINT('',#3772);
#1783=VERTEX_POINT('',#3776);
#1784=VERTEX_POINT('',#3777);
#1785=VERTEX_POINT('',#3779);
#1786=VERTEX_POINT('',#3781);
#1787=VERTEX_POINT('',#3785);
#1788=VERTEX_POINT('',#3787);
#1789=VERTEX_POINT('',#3789);
#1790=VERTEX_POINT('',#3791);
#1791=VERTEX_POINT('',#3795);
#1792=VERTEX_POINT('',#3797);
#1793=VERTEX_POINT('',#3801);
#1794=VERTEX_POINT('',#3802);
#1795=VERTEX_POINT('',#3804);
#1796=VERTEX_POINT('',#3806);
#1797=VERTEX_POINT('',#3810);
#1798=VERTEX_POINT('',#3812);
#1799=VERTEX_POINT('',#3817);
#1800=VERTEX_POINT('',#3819);
#1801=VERTEX_POINT('',#3821);
#1802=VERTEX_POINT('',#3823);
#1803=VERTEX_POINT('',#3827);
#1804=VERTEX_POINT('',#3828);
#1805=VERTEX_POINT('',#3830);
#1806=VERTEX_POINT('',#3832);
#1807=VERTEX_POINT('',#3835);
#1808=VERTEX_POINT('',#3837);
#1809=VERTEX_POINT('',#3839);
#1810=VERTEX_POINT('',#3843);
#1811=VERTEX_POINT('',#3845);
#1812=VERTEX_POINT('',#3847);
#1813=VERTEX_POINT('',#3849);
#1814=VERTEX_POINT('',#3853);
#1815=VERTEX_POINT('',#3855);
#1816=VERTEX_POINT('',#3856);
#1817=VERTEX_POINT('',#3858);
#1818=VERTEX_POINT('',#3860);
#1819=VERTEX_POINT('',#3865);
#1820=VERTEX_POINT('',#3867);
#1821=VERTEX_POINT('',#3876);
#1822=VERTEX_POINT('',#3878);
#1823=VERTEX_POINT('',#3883);
#1824=VERTEX_POINT('',#3885);
#1825=VERTEX_POINT('',#3887);
#1826=VERTEX_POINT('',#3889);
#1827=VERTEX_POINT('',#3892);
#1828=VERTEX_POINT('',#3894);
#1829=VERTEX_POINT('',#3896);
#1830=VERTEX_POINT('',#3898);
#1831=VERTEX_POINT('',#3901);
#1832=VERTEX_POINT('',#3903);
#1833=VERTEX_POINT('',#3905);
#1834=VERTEX_POINT('',#3909);
#1835=VERTEX_POINT('',#3911);
#1836=VERTEX_POINT('',#3913);
#1837=VERTEX_POINT('',#3918);
#1838=VERTEX_POINT('',#3920);
#1839=VERTEX_POINT('',#3922);
#1840=VERTEX_POINT('',#3927);
#1841=VERTEX_POINT('',#3930);
#1842=VERTEX_POINT('',#3933);
#1843=VERTEX_POINT('',#3936);
#1844=VERTEX_POINT('',#3939);
#1845=VERTEX_POINT('',#3942);
#1846=VERTEX_POINT('',#3945);
#1847=VERTEX_POINT('',#3948);
#1848=VERTEX_POINT('',#3951);
#1849=VERTEX_POINT('',#3952);
#1850=VERTEX_POINT('',#3954);
#1851=VERTEX_POINT('',#3956);
#1852=VERTEX_POINT('',#3967);
#1853=VERTEX_POINT('',#3969);
#1854=VERTEX_POINT('',#3973);
#1855=VERTEX_POINT('',#3974);
#1856=VERTEX_POINT('',#3985);
#1857=VERTEX_POINT('',#3987);
#1858=VERTEX_POINT('',#3990);
#1859=VERTEX_POINT('',#3992);
#1860=VERTEX_POINT('',#3995);
#1861=VERTEX_POINT('',#3997);
#1862=VERTEX_POINT('',#4000);
#1863=VERTEX_POINT('',#4002);
#1864=VERTEX_POINT('',#4005);
#1865=VERTEX_POINT('',#4007);
#1866=VERTEX_POINT('',#4010);
#1867=VERTEX_POINT('',#4012);
#1868=VERTEX_POINT('',#4015);
#1869=VERTEX_POINT('',#4019);
#1870=VERTEX_POINT('',#4021);
#1871=VERTEX_POINT('',#4024);
#1872=VERTEX_POINT('',#4028);
#1873=VERTEX_POINT('',#4031);
#1874=VERTEX_POINT('',#4035);
#1875=VERTEX_POINT('',#4038);
#1876=VERTEX_POINT('',#4042);
#1877=VERTEX_POINT('',#4044);
#1878=VERTEX_POINT('',#4047);
#1879=VERTEX_POINT('',#4053);
#1880=VERTEX_POINT('',#4055);
#1881=VERTEX_POINT('',#4059);
#1882=VERTEX_POINT('',#4063);
#1883=VERTEX_POINT('',#4069);
#1884=VERTEX_POINT('',#4073);
#1885=VERTEX_POINT('',#4079);
#1886=VERTEX_POINT('',#4085);
#1887=VERTEX_POINT('',#4089);
#1888=VERTEX_POINT('',#4095);
#1889=VERTEX_POINT('',#4097);
#1890=VERTEX_POINT('',#4107);
#1891=VERTEX_POINT('',#4109);
#1892=VERTEX_POINT('',#4115);
#1893=VERTEX_POINT('',#4119);
#1894=VERTEX_POINT('',#4125);
#1895=VERTEX_POINT('',#4129);
#1896=VERTEX_POINT('',#4130);
#1897=VERTEX_POINT('',#4135);
#1898=VERTEX_POINT('',#4144);
#1899=VERTEX_POINT('',#4148);
#1900=VERTEX_POINT('',#4149);
#1901=VERTEX_POINT('',#4154);
#1902=VERTEX_POINT('',#4162);
#1903=VERTEX_POINT('',#4163);
#1904=VERTEX_POINT('',#4168);
#1905=VERTEX_POINT('',#4174);
#1906=VERTEX_POINT('',#4182);
#1907=VERTEX_POINT('',#4183);
#1908=VERTEX_POINT('',#4188);
#1909=VERTEX_POINT('',#4192);
#1910=VERTEX_POINT('',#4202);
#1911=VERTEX_POINT('',#4208);
#1912=VERTEX_POINT('',#4209);
#1913=VERTEX_POINT('',#4214);
#1914=VERTEX_POINT('',#4223);
#1915=VERTEX_POINT('',#4225);
#1916=VERTEX_POINT('',#4229);
#1917=VERTEX_POINT('',#4233);
#1918=VERTEX_POINT('',#4242);
#1919=VERTEX_POINT('',#4244);
#1920=VERTEX_POINT('',#4246);
#1921=VERTEX_POINT('',#4248);
#1922=VERTEX_POINT('',#4250);
#1923=VERTEX_POINT('',#4254);
#1924=VERTEX_POINT('',#4256);
#1925=VERTEX_POINT('',#4258);
#1926=VERTEX_POINT('',#4260);
#1927=VERTEX_POINT('',#4262);
#1928=CIRCLE('',#2635,0.0015);
#1929=CIRCLE('',#2636,0.0015);
#1930=CIRCLE('',#2637,0.003);
#1931=CIRCLE('',#2638,0.01);
#1932=CIRCLE('',#2639,0.01);
#1933=CIRCLE('',#2640,0.003);
#1934=CIRCLE('',#2660,0.0075);
#1935=CIRCLE('',#2661,0.0075);
#1936=CIRCLE('',#2663,0.0075);
#1937=CIRCLE('',#2664,0.0075);
#1938=CIRCLE('',#2669,0.0075);
#1939=CIRCLE('',#2670,0.0075);
#1940=CIRCLE('',#2672,0.0075);
#1941=CIRCLE('',#2673,0.0075);
#1942=CIRCLE('',#2681,0.011);
#1943=CIRCLE('',#2686,0.011);
#1944=CIRCLE('',#2688,0.01);
#1945=CIRCLE('',#2689,0.01);
#1946=CIRCLE('',#2691,0.01);
#1947=CIRCLE('',#2693,0.01);
#1948=CIRCLE('',#2695,0.01);
#1949=CIRCLE('',#2696,0.01);
#1950=CIRCLE('',#2698,0.003);
#1951=CIRCLE('',#2699,0.003);
#1952=CIRCLE('',#2700,0.003);
#1953=CIRCLE('',#2701,0.003);
#1954=CIRCLE('',#2704,0.002);
#1955=CIRCLE('',#2705,0.002);
#1956=CIRCLE('',#2706,0.002);
#1957=CIRCLE('',#2708,0.002);
#1958=CIRCLE('',#2709,0.002);
#1959=CIRCLE('',#2710,0.002);
#1960=CIRCLE('',#2712,0.002);
#1961=CIRCLE('',#2714,0.002);
#1962=CIRCLE('',#2716,0.002);
#1963=CIRCLE('',#2718,0.002);
#1964=CIRCLE('',#2720,0.002);
#1965=CIRCLE('',#2722,0.002);
#1966=CIRCLE('',#2724,0.011);
#1967=CIRCLE('',#2726,0.011);
#1968=CIRCLE('',#2728,0.015);
#1969=CIRCLE('',#2729,0.015);
#1970=CIRCLE('',#2734,0.015);
#1971=CIRCLE('',#2735,0.015);
#1972=CIRCLE('',#2744,0.0015);
#1973=CIRCLE('',#2745,0.0015);
#1974=CIRCLE('',#2747,0.003);
#1975=CIRCLE('',#2750,0.0015);
#1976=CIRCLE('',#2752,0.003);
#1977=CIRCLE('',#2755,0.0015);
#1978=CIRCLE('',#2757,0.003);
#1979=CIRCLE('',#2760,0.0015);
#1980=CIRCLE('',#2761,0.0015);
#1981=CIRCLE('',#2763,0.003);
#1982=CIRCLE('',#2818,0.003);
#1983=CIRCLE('',#2821,0.003);
#1984=CIRCLE('',#2826,0.0075);
#1985=CIRCLE('',#2827,0.01);
#1986=CIRCLE('',#2828,0.01);
#1987=CIRCLE('',#2830,0.0075);
#1988=CIRCLE('',#2831,0.01);
#1989=CIRCLE('',#2832,0.01);
#1990=EDGE_LOOP('',(#621));
#1991=EDGE_LOOP('',(#622));
#1992=EDGE_LOOP('',(#623,#624,#625,#626,#627,#628,#629,#630,#631,#632));
#1993=EDGE_LOOP('',(#633,#634,#635,#636,#637,#638,#639,#640));
#1994=EDGE_LOOP('',(#641,#642,#643,#644,#645,#646,#647,#648));
#1995=EDGE_LOOP('',(#649,#650,#651,#652,#653,#654,#655,#656));
#1996=EDGE_LOOP('',(#657,#658,#659,#660,#661,#662,#663,#664));
#1997=EDGE_LOOP('',(#665,#666,#667,#668));
#1998=EDGE_LOOP('',(#669,#670,#671,#672));
#1999=EDGE_LOOP('',(#673,#674,#675,#676));
#2000=EDGE_LOOP('',(#677,#678,#679,#680));
#2001=EDGE_LOOP('',(#681,#682,#683,#684));
#2002=EDGE_LOOP('',(#685,#686,#687,#688,#689,#690,#691,#692));
#2003=EDGE_LOOP('',(#693,#694,#695,#696));
#2004=EDGE_LOOP('',(#697,#698,#699,#700,#701,#702,#703,#704));
#2005=EDGE_LOOP('',(#705,#706,#707,#708));
#2006=EDGE_LOOP('',(#709,#710,#711,#712,#713,#714,#715,#716));
#2007=EDGE_LOOP('',(#717,#718,#719,#720));
#2008=EDGE_LOOP('',(#721,#722,#723,#724,#725,#726,#727,#728));
#2009=EDGE_LOOP('',(#729,#730,#731,#732,#733,#734,#735,#736));
#2010=EDGE_LOOP('',(#737,#738,#739,#740));
#2011=EDGE_LOOP('',(#741,#742,#743,#744));
#2012=EDGE_LOOP('',(#745,#746,#747,#748));
#2013=EDGE_LOOP('',(#749));
#2014=EDGE_LOOP('',(#750));
#2015=EDGE_LOOP('',(#751,#752,#753,#754));
#2016=EDGE_LOOP('',(#755,#756,#757,#758));
#2017=EDGE_LOOP('',(#759,#760,#761,#762));
#2018=EDGE_LOOP('',(#763));
#2019=EDGE_LOOP('',(#764));
#2020=EDGE_LOOP('',(#765,#766,#767,#768));
#2021=EDGE_LOOP('',(#769));
#2022=EDGE_LOOP('',(#770));
#2023=EDGE_LOOP('',(#771,#772,#773,#774));
#2024=EDGE_LOOP('',(#775,#776,#777,#778));
#2025=EDGE_LOOP('',(#779));
#2026=EDGE_LOOP('',(#780,#781,#782,#783));
#2027=EDGE_LOOP('',(#784));
#2028=EDGE_LOOP('',(#785));
#2029=EDGE_LOOP('',(#786,#787,#788,#789));
#2030=EDGE_LOOP('',(#790));
#2031=EDGE_LOOP('',(#791,#792,#793,#794));
#2032=EDGE_LOOP('',(#795,#796,#797,#798,#799,#800));
#2033=EDGE_LOOP('',(#801,#802,#803,#804));
#2034=EDGE_LOOP('',(#805,#806,#807,#808));
#2035=EDGE_LOOP('',(#809,#810,#811,#812,#813,#814));
#2036=EDGE_LOOP('',(#815,#816,#817,#818,#819,#820,#821,#822,#823,#824,#825,
#826));
#2037=EDGE_LOOP('',(#827));
#2038=EDGE_LOOP('',(#828));
#2039=EDGE_LOOP('',(#829));
#2040=EDGE_LOOP('',(#830));
#2041=EDGE_LOOP('',(#831,#832,#833,#834,#835,#836));
#2042=EDGE_LOOP('',(#837));
#2043=EDGE_LOOP('',(#838));
#2044=EDGE_LOOP('',(#839));
#2045=EDGE_LOOP('',(#840,#841,#842,#843,#844,#845));
#2046=EDGE_LOOP('',(#846));
#2047=EDGE_LOOP('',(#847));
#2048=EDGE_LOOP('',(#848));
#2049=EDGE_LOOP('',(#849,#850,#851,#852,#853,#854));
#2050=EDGE_LOOP('',(#855));
#2051=EDGE_LOOP('',(#856));
#2052=EDGE_LOOP('',(#857));
#2053=EDGE_LOOP('',(#858));
#2054=EDGE_LOOP('',(#859));
#2055=EDGE_LOOP('',(#860));
#2056=EDGE_LOOP('',(#861));
#2057=EDGE_LOOP('',(#862));
#2058=EDGE_LOOP('',(#863));
#2059=EDGE_LOOP('',(#864));
#2060=EDGE_LOOP('',(#865));
#2061=EDGE_LOOP('',(#866));
#2062=EDGE_LOOP('',(#867));
#2063=EDGE_LOOP('',(#868));
#2064=EDGE_LOOP('',(#869));
#2065=EDGE_LOOP('',(#870));
#2066=EDGE_LOOP('',(#871,#872,#873,#874));
#2067=EDGE_LOOP('',(#875,#876,#877,#878));
#2068=EDGE_LOOP('',(#879,#880,#881,#882));
#2069=EDGE_LOOP('',(#883));
#2070=EDGE_LOOP('',(#884,#885,#886,#887));
#2071=EDGE_LOOP('',(#888,#889,#890,#891));
#2072=EDGE_LOOP('',(#892,#893,#894,#895));
#2073=EDGE_LOOP('',(#896,#897,#898,#899));
#2074=EDGE_LOOP('',(#900));
#2075=EDGE_LOOP('',(#901));
#2076=EDGE_LOOP('',(#902));
#2077=EDGE_LOOP('',(#903));
#2078=EDGE_LOOP('',(#904));
#2079=EDGE_LOOP('',(#905));
#2080=EDGE_LOOP('',(#906));
#2081=EDGE_LOOP('',(#907));
#2082=EDGE_LOOP('',(#908));
#2083=EDGE_LOOP('',(#909,#910,#911,#912,#913,#914,#915,#916,#917,#918,#919,
#920,#921,#922,#923,#924,#925,#926,#927,#928,#929,#930,#931,#932,#933,#934,
#935,#936,#937,#938));
#2084=EDGE_LOOP('',(#939));
#2085=EDGE_LOOP('',(#940));
#2086=EDGE_LOOP('',(#941));
#2087=EDGE_LOOP('',(#942));
#2088=EDGE_LOOP('',(#943));
#2089=EDGE_LOOP('',(#944));
#2090=EDGE_LOOP('',(#945,#946,#947,#948,#949,#950,#951,#952));
#2091=EDGE_LOOP('',(#953));
#2092=EDGE_LOOP('',(#954));
#2093=EDGE_LOOP('',(#955));
#2094=EDGE_LOOP('',(#956));
#2095=EDGE_LOOP('',(#957));
#2096=EDGE_LOOP('',(#958));
#2097=EDGE_LOOP('',(#959));
#2098=EDGE_LOOP('',(#960));
#2099=EDGE_LOOP('',(#961));
#2100=EDGE_LOOP('',(#962));
#2101=EDGE_LOOP('',(#963));
#2102=EDGE_LOOP('',(#964));
#2103=EDGE_LOOP('',(#965));
#2104=EDGE_LOOP('',(#966));
#2105=EDGE_LOOP('',(#967));
#2106=EDGE_LOOP('',(#968));
#2107=EDGE_LOOP('',(#969));
#2108=EDGE_LOOP('',(#970));
#2109=EDGE_LOOP('',(#971));
#2110=EDGE_LOOP('',(#972));
#2111=EDGE_LOOP('',(#973));
#2112=EDGE_LOOP('',(#974));
#2113=EDGE_LOOP('',(#975));
#2114=EDGE_LOOP('',(#976));
#2115=EDGE_LOOP('',(#977,#978,#979,#980));
#2116=EDGE_LOOP('',(#981,#982,#983,#984));
#2117=EDGE_LOOP('',(#985,#986,#987,#988));
#2118=EDGE_LOOP('',(#989,#990,#991,#992));
#2119=EDGE_LOOP('',(#993,#994,#995,#996));
#2120=EDGE_LOOP('',(#997,#998,#999,#1000));
#2121=EDGE_LOOP('',(#1001,#1002,#1003,#1004));
#2122=EDGE_LOOP('',(#1005,#1006,#1007,#1008));
#2123=EDGE_LOOP('',(#1009,#1010,#1011,#1012));
#2124=EDGE_LOOP('',(#1013,#1014,#1015,#1016));
#2125=EDGE_LOOP('',(#1017,#1018,#1019,#1020));
#2126=EDGE_LOOP('',(#1021,#1022,#1023,#1024));
#2127=EDGE_LOOP('',(#1025,#1026,#1027,#1028));
#2128=EDGE_LOOP('',(#1029,#1030,#1031,#1032));
#2129=EDGE_LOOP('',(#1033,#1034,#1035,#1036));
#2130=EDGE_LOOP('',(#1037,#1038,#1039,#1040));
#2131=EDGE_LOOP('',(#1041,#1042,#1043,#1044));
#2132=EDGE_LOOP('',(#1045,#1046,#1047,#1048));
#2133=EDGE_LOOP('',(#1049,#1050,#1051,#1052));
#2134=EDGE_LOOP('',(#1053,#1054,#1055,#1056));
#2135=EDGE_LOOP('',(#1057,#1058,#1059,#1060));
#2136=EDGE_LOOP('',(#1061,#1062,#1063,#1064));
#2137=EDGE_LOOP('',(#1065,#1066,#1067,#1068));
#2138=EDGE_LOOP('',(#1069,#1070,#1071,#1072));
#2139=EDGE_LOOP('',(#1073,#1074,#1075,#1076));
#2140=EDGE_LOOP('',(#1077,#1078,#1079,#1080));
#2141=EDGE_LOOP('',(#1081,#1082,#1083,#1084));
#2142=EDGE_LOOP('',(#1085,#1086,#1087,#1088,#1089,#1090,#1091,#1092,#1093,
#1094,#1095,#1096,#1097,#1098,#1099,#1100,#1101,#1102,#1103,#1104,#1105,
#1106,#1107,#1108,#1109,#1110,#1111,#1112,#1113,#1114,#1115,#1116,#1117,
#1118,#1119,#1120));
#2143=EDGE_LOOP('',(#1121,#1122,#1123,#1124));
#2144=EDGE_LOOP('',(#1125,#1126,#1127,#1128));
#2145=EDGE_LOOP('',(#1129,#1130,#1131,#1132));
#2146=EDGE_LOOP('',(#1133,#1134,#1135,#1136));
#2147=EDGE_LOOP('',(#1137,#1138,#1139,#1140));
#2148=EDGE_LOOP('',(#1141,#1142,#1143,#1144));
#2149=EDGE_LOOP('',(#1145,#1146,#1147,#1148));
#2150=EDGE_LOOP('',(#1149,#1150,#1151,#1152));
#2151=EDGE_LOOP('',(#1153,#1154,#1155,#1156));
#2152=EDGE_LOOP('',(#1157,#1158,#1159,#1160));
#2153=EDGE_LOOP('',(#1161,#1162,#1163,#1164));
#2154=EDGE_LOOP('',(#1165,#1166,#1167,#1168));
#2155=EDGE_LOOP('',(#1169,#1170,#1171,#1172));
#2156=EDGE_LOOP('',(#1173,#1174,#1175,#1176));
#2157=EDGE_LOOP('',(#1177,#1178,#1179,#1180));
#2158=EDGE_LOOP('',(#1181,#1182,#1183,#1184));
#2159=EDGE_LOOP('',(#1185,#1186,#1187,#1188));
#2160=EDGE_LOOP('',(#1189,#1190,#1191,#1192));
#2161=EDGE_LOOP('',(#1193,#1194,#1195,#1196));
#2162=EDGE_LOOP('',(#1197,#1198,#1199,#1200));
#2163=EDGE_LOOP('',(#1201,#1202,#1203,#1204));
#2164=EDGE_LOOP('',(#1205,#1206,#1207,#1208));
#2165=EDGE_LOOP('',(#1209,#1210,#1211,#1212));
#2166=EDGE_LOOP('',(#1213,#1214,#1215,#1216));
#2167=EDGE_LOOP('',(#1217,#1218,#1219,#1220));
#2168=EDGE_LOOP('',(#1221,#1222,#1223,#1224,#1225,#1226,#1227,#1228,#1229,
#1230,#1231,#1232,#1233,#1234,#1235,#1236,#1237,#1238,#1239,#1240,#1241,
#1242,#1243,#1244,#1245,#1246,#1247,#1248,#1249,#1250,#1251,#1252,#1253,
#1254,#1255,#1256,#1257,#1258,#1259,#1260,#1261,#1262));
#2169=EDGE_LOOP('',(#1263,#1264,#1265,#1266));
#2170=EDGE_LOOP('',(#1267,#1268,#1269,#1270));
#2171=EDGE_LOOP('',(#1271,#1272,#1273,#1274));
#2172=EDGE_LOOP('',(#1275,#1276,#1277,#1278));
#2173=EDGE_LOOP('',(#1279,#1280,#1281,#1282));
#2174=EDGE_LOOP('',(#1283));
#2175=EDGE_LOOP('',(#1284));
#2176=EDGE_LOOP('',(#1285,#1286,#1287,#1288,#1289,#1290,#1291,#1292,#1293,
#1294));
#2177=EDGE_LOOP('',(#1295));
#2178=EDGE_LOOP('',(#1296,#1297,#1298,#1299,#1300,#1301,#1302,#1303));
#2179=EDGE_LOOP('',(#1304,#1305,#1306,#1307));
#2180=EDGE_LOOP('',(#1308,#1309,#1310,#1311));
#2181=EDGE_LOOP('',(#1312,#1313,#1314,#1315));
#2182=EDGE_LOOP('',(#1316,#1317,#1318,#1319));
#2183=EDGE_LOOP('',(#1320,#1321,#1322,#1323));
#2184=EDGE_LOOP('',(#1324));
#2185=EDGE_LOOP('',(#1325));
#2186=EDGE_LOOP('',(#1326));
#2187=FACE_BOUND('',#1990,.T.);
#2188=FACE_BOUND('',#1991,.T.);
#2189=FACE_BOUND('',#1992,.T.);
#2190=FACE_BOUND('',#1993,.T.);
#2191=FACE_BOUND('',#1994,.T.);
#2192=FACE_BOUND('',#1995,.T.);
#2193=FACE_BOUND('',#1996,.T.);
#2194=FACE_BOUND('',#1997,.T.);
#2195=FACE_BOUND('',#1998,.T.);
#2196=FACE_BOUND('',#1999,.T.);
#2197=FACE_BOUND('',#2000,.T.);
#2198=FACE_BOUND('',#2001,.T.);
#2199=FACE_BOUND('',#2002,.T.);
#2200=FACE_BOUND('',#2003,.T.);
#2201=FACE_BOUND('',#2004,.T.);
#2202=FACE_BOUND('',#2005,.T.);
#2203=FACE_BOUND('',#2006,.T.);
#2204=FACE_BOUND('',#2007,.T.);
#2205=FACE_BOUND('',#2008,.T.);
#2206=FACE_BOUND('',#2009,.T.);
#2207=FACE_BOUND('',#2010,.T.);
#2208=FACE_BOUND('',#2011,.T.);
#2209=FACE_BOUND('',#2012,.T.);
#2210=FACE_BOUND('',#2013,.T.);
#2211=FACE_BOUND('',#2014,.T.);
#2212=FACE_BOUND('',#2015,.T.);
#2213=FACE_BOUND('',#2016,.T.);
#2214=FACE_BOUND('',#2017,.T.);
#2215=FACE_BOUND('',#2018,.T.);
#2216=FACE_BOUND('',#2019,.T.);
#2217=FACE_BOUND('',#2020,.T.);
#2218=FACE_BOUND('',#2021,.T.);
#2219=FACE_BOUND('',#2022,.T.);
#2220=FACE_BOUND('',#2023,.T.);
#2221=FACE_BOUND('',#2024,.T.);
#2222=FACE_BOUND('',#2025,.T.);
#2223=FACE_BOUND('',#2026,.T.);
#2224=FACE_BOUND('',#2027,.T.);
#2225=FACE_BOUND('',#2028,.T.);
#2226=FACE_BOUND('',#2029,.T.);
#2227=FACE_BOUND('',#2030,.T.);
#2228=FACE_BOUND('',#2031,.T.);
#2229=FACE_BOUND('',#2032,.T.);
#2230=FACE_BOUND('',#2033,.T.);
#2231=FACE_BOUND('',#2034,.T.);
#2232=FACE_BOUND('',#2035,.T.);
#2233=FACE_BOUND('',#2036,.T.);
#2234=FACE_BOUND('',#2037,.T.);
#2235=FACE_BOUND('',#2038,.T.);
#2236=FACE_BOUND('',#2039,.T.);
#2237=FACE_BOUND('',#2040,.T.);
#2238=FACE_BOUND('',#2041,.T.);
#2239=FACE_BOUND('',#2042,.T.);
#2240=FACE_BOUND('',#2043,.T.);
#2241=FACE_BOUND('',#2044,.T.);
#2242=FACE_BOUND('',#2045,.T.);
#2243=FACE_BOUND('',#2046,.T.);
#2244=FACE_BOUND('',#2047,.T.);
#2245=FACE_BOUND('',#2048,.T.);
#2246=FACE_BOUND('',#2049,.T.);
#2247=FACE_BOUND('',#2050,.T.);
#2248=FACE_BOUND('',#2051,.T.);
#2249=FACE_BOUND('',#2052,.T.);
#2250=FACE_BOUND('',#2053,.T.);
#2251=FACE_BOUND('',#2054,.T.);
#2252=FACE_BOUND('',#2055,.T.);
#2253=FACE_BOUND('',#2056,.T.);
#2254=FACE_BOUND('',#2057,.T.);
#2255=FACE_BOUND('',#2058,.T.);
#2256=FACE_BOUND('',#2059,.T.);
#2257=FACE_BOUND('',#2060,.T.);
#2258=FACE_BOUND('',#2061,.T.);
#2259=FACE_BOUND('',#2062,.T.);
#2260=FACE_BOUND('',#2063,.T.);
#2261=FACE_BOUND('',#2064,.T.);
#2262=FACE_BOUND('',#2065,.T.);
#2263=FACE_BOUND('',#2066,.T.);
#2264=FACE_BOUND('',#2067,.T.);
#2265=FACE_BOUND('',#2068,.T.);
#2266=FACE_BOUND('',#2069,.T.);
#2267=FACE_BOUND('',#2070,.T.);
#2268=FACE_BOUND('',#2071,.T.);
#2269=FACE_BOUND('',#2072,.T.);
#2270=FACE_BOUND('',#2073,.T.);
#2271=FACE_BOUND('',#2074,.T.);
#2272=FACE_BOUND('',#2075,.T.);
#2273=FACE_BOUND('',#2076,.T.);
#2274=FACE_BOUND('',#2077,.T.);
#2275=FACE_BOUND('',#2078,.T.);
#2276=FACE_BOUND('',#2079,.T.);
#2277=FACE_BOUND('',#2080,.T.);
#2278=FACE_BOUND('',#2081,.T.);
#2279=FACE_BOUND('',#2082,.T.);
#2280=FACE_BOUND('',#2083,.T.);
#2281=FACE_BOUND('',#2084,.T.);
#2282=FACE_BOUND('',#2085,.T.);
#2283=FACE_BOUND('',#2086,.T.);
#2284=FACE_BOUND('',#2087,.T.);
#2285=FACE_BOUND('',#2088,.T.);
#2286=FACE_BOUND('',#2089,.T.);
#2287=FACE_BOUND('',#2090,.T.);
#2288=FACE_BOUND('',#2091,.T.);
#2289=FACE_BOUND('',#2092,.T.);
#2290=FACE_BOUND('',#2093,.T.);
#2291=FACE_BOUND('',#2094,.T.);
#2292=FACE_BOUND('',#2095,.T.);
#2293=FACE_BOUND('',#2096,.T.);
#2294=FACE_BOUND('',#2097,.T.);
#2295=FACE_BOUND('',#2098,.T.);
#2296=FACE_BOUND('',#2099,.T.);
#2297=FACE_BOUND('',#2100,.T.);
#2298=FACE_BOUND('',#2101,.T.);
#2299=FACE_BOUND('',#2102,.T.);
#2300=FACE_BOUND('',#2103,.T.);
#2301=FACE_BOUND('',#2104,.T.);
#2302=FACE_BOUND('',#2105,.T.);
#2303=FACE_BOUND('',#2106,.T.);
#2304=FACE_BOUND('',#2107,.T.);
#2305=FACE_BOUND('',#2108,.T.);
#2306=FACE_BOUND('',#2109,.T.);
#2307=FACE_BOUND('',#2110,.T.);
#2308=FACE_BOUND('',#2111,.T.);
#2309=FACE_BOUND('',#2112,.T.);
#2310=FACE_BOUND('',#2113,.T.);
#2311=FACE_BOUND('',#2114,.T.);
#2312=FACE_BOUND('',#2115,.T.);
#2313=FACE_BOUND('',#2116,.T.);
#2314=FACE_BOUND('',#2117,.T.);
#2315=FACE_BOUND('',#2118,.T.);
#2316=FACE_BOUND('',#2119,.T.);
#2317=FACE_BOUND('',#2120,.T.);
#2318=FACE_BOUND('',#2121,.T.);
#2319=FACE_BOUND('',#2122,.T.);
#2320=FACE_BOUND('',#2123,.T.);
#2321=FACE_BOUND('',#2124,.T.);
#2322=FACE_BOUND('',#2125,.T.);
#2323=FACE_BOUND('',#2126,.T.);
#2324=FACE_BOUND('',#2127,.T.);
#2325=FACE_BOUND('',#2128,.T.);
#2326=FACE_BOUND('',#2129,.T.);
#2327=FACE_BOUND('',#2130,.T.);
#2328=FACE_BOUND('',#2131,.T.);
#2329=FACE_BOUND('',#2132,.T.);
#2330=FACE_BOUND('',#2133,.T.);
#2331=FACE_BOUND('',#2134,.T.);
#2332=FACE_BOUND('',#2135,.T.);
#2333=FACE_BOUND('',#2136,.T.);
#2334=FACE_BOUND('',#2137,.T.);
#2335=FACE_BOUND('',#2138,.T.);
#2336=FACE_BOUND('',#2139,.T.);
#2337=FACE_BOUND('',#2140,.T.);
#2338=FACE_BOUND('',#2141,.T.);
#2339=FACE_BOUND('',#2142,.T.);
#2340=FACE_BOUND('',#2143,.T.);
#2341=FACE_BOUND('',#2144,.T.);
#2342=FACE_BOUND('',#2145,.T.);
#2343=FACE_BOUND('',#2146,.T.);
#2344=FACE_BOUND('',#2147,.T.);
#2345=FACE_BOUND('',#2148,.T.);
#2346=FACE_BOUND('',#2149,.T.);
#2347=FACE_BOUND('',#2150,.T.);
#2348=FACE_BOUND('',#2151,.T.);
#2349=FACE_BOUND('',#2152,.T.);
#2350=FACE_BOUND('',#2153,.T.);
#2351=FACE_BOUND('',#2154,.T.);
#2352=FACE_BOUND('',#2155,.T.);
#2353=FACE_BOUND('',#2156,.T.);
#2354=FACE_BOUND('',#2157,.T.);
#2355=FACE_BOUND('',#2158,.T.);
#2356=FACE_BOUND('',#2159,.T.);
#2357=FACE_BOUND('',#2160,.T.);
#2358=FACE_BOUND('',#2161,.T.);
#2359=FACE_BOUND('',#2162,.T.);
#2360=FACE_BOUND('',#2163,.T.);
#2361=FACE_BOUND('',#2164,.T.);
#2362=FACE_BOUND('',#2165,.T.);
#2363=FACE_BOUND('',#2166,.T.);
#2364=FACE_BOUND('',#2167,.T.);
#2365=FACE_BOUND('',#2168,.T.);
#2366=FACE_BOUND('',#2169,.T.);
#2367=FACE_BOUND('',#2170,.T.);
#2368=FACE_BOUND('',#2171,.T.);
#2369=FACE_BOUND('',#2172,.T.);
#2370=FACE_BOUND('',#2173,.T.);
#2371=FACE_BOUND('',#2174,.T.);
#2372=FACE_BOUND('',#2175,.T.);
#2373=FACE_BOUND('',#2176,.T.);
#2374=FACE_BOUND('',#2177,.T.);
#2375=FACE_BOUND('',#2178,.T.);
#2376=FACE_BOUND('',#2179,.T.);
#2377=FACE_BOUND('',#2180,.T.);
#2378=FACE_BOUND('',#2181,.T.);
#2379=FACE_BOUND('',#2182,.T.);
#2380=FACE_BOUND('',#2183,.T.);
#2381=FACE_BOUND('',#2184,.T.);
#2382=FACE_BOUND('',#2185,.T.);
#2383=FACE_BOUND('',#2186,.T.);
#2384=PLANE('',#2634);
#2385=PLANE('',#2641);
#2386=PLANE('',#2642);
#2387=PLANE('',#2643);
#2388=PLANE('',#2644);
#2389=PLANE('',#2645);
#2390=PLANE('',#2646);
#2391=PLANE('',#2647);
#2392=PLANE('',#2648);
#2393=PLANE('',#2649);
#2394=PLANE('',#2650);
#2395=PLANE('',#2651);
#2396=PLANE('',#2652);
#2397=PLANE('',#2653);
#2398=PLANE('',#2654);
#2399=PLANE('',#2655);
#2400=PLANE('',#2656);
#2401=PLANE('',#2657);
#2402=PLANE('',#2658);
#2403=PLANE('',#2665);
#2404=PLANE('',#2674);
#2405=PLANE('',#2677);
#2406=PLANE('',#2680);
#2407=PLANE('',#2682);
#2408=PLANE('',#2685);
#2409=PLANE('',#2697);
#2410=PLANE('',#2702);
#2411=PLANE('',#2703);
#2412=PLANE('',#2707);
#2413=PLANE('',#2730);
#2414=PLANE('',#2731);
#2415=PLANE('',#2732);
#2416=PLANE('',#2736);
#2417=PLANE('',#2737);
#2418=PLANE('',#2742);
#2419=PLANE('',#2748);
#2420=PLANE('',#2753);
#2421=PLANE('',#2758);
#2422=PLANE('',#2764);
#2423=PLANE('',#2765);
#2424=PLANE('',#2766);
#2425=PLANE('',#2767);
#2426=PLANE('',#2768);
#2427=PLANE('',#2769);
#2428=PLANE('',#2770);
#2429=PLANE('',#2771);
#2430=PLANE('',#2772);
#2431=PLANE('',#2773);
#2432=PLANE('',#2774);
#2433=PLANE('',#2775);
#2434=PLANE('',#2776);
#2435=PLANE('',#2777);
#2436=PLANE('',#2778);
#2437=PLANE('',#2779);
#2438=PLANE('',#2780);
#2439=PLANE('',#2781);
#2440=PLANE('',#2782);
#2441=PLANE('',#2783);
#2442=PLANE('',#2784);
#2443=PLANE('',#2785);
#2444=PLANE('',#2786);
#2445=PLANE('',#2787);
#2446=PLANE('',#2788);
#2447=PLANE('',#2789);
#2448=PLANE('',#2790);
#2449=PLANE('',#2791);
#2450=PLANE('',#2792);
#2451=PLANE('',#2793);
#2452=PLANE('',#2794);
#2453=PLANE('',#2795);
#2454=PLANE('',#2796);
#2455=PLANE('',#2797);
#2456=PLANE('',#2798);
#2457=PLANE('',#2799);
#2458=PLANE('',#2800);
#2459=PLANE('',#2801);
#2460=PLANE('',#2802);
#2461=PLANE('',#2803);
#2462=PLANE('',#2804);
#2463=PLANE('',#2805);
#2464=PLANE('',#2806);
#2465=PLANE('',#2807);
#2466=PLANE('',#2808);
#2467=PLANE('',#2809);
#2468=PLANE('',#2810);
#2469=PLANE('',#2811);
#2470=PLANE('',#2812);
#2471=PLANE('',#2813);
#2472=PLANE('',#2814);
#2473=PLANE('',#2815);
#2474=PLANE('',#2816);
#2475=PLANE('',#2819);
#2476=PLANE('',#2822);
#2477=PLANE('',#2823);
#2478=PLANE('',#2824);
#2479=PLANE('',#2825);
#2480=PLANE('',#2829);
#2481=PLANE('',#2833);
#2482=PLANE('',#2835);
#2483=PLANE('',#2837);
#2484=PLANE('',#2838);
#2485=ADVANCED_FACE('',(#2187,#2188,#2189),#2384,.T.);
#2486=ADVANCED_FACE('',(#2190),#2385,.T.);
#2487=ADVANCED_FACE('',(#2191),#2386,.T.);
#2488=ADVANCED_FACE('',(#2192),#2387,.T.);
#2489=ADVANCED_FACE('',(#2193),#2388,.T.);
#2490=ADVANCED_FACE('',(#2194),#2389,.F.);
#2491=ADVANCED_FACE('',(#2195),#2390,.F.);
#2492=ADVANCED_FACE('',(#2196),#2391,.T.);
#2493=ADVANCED_FACE('',(#2197),#2392,.T.);
#2494=ADVANCED_FACE('',(#2198),#2393,.F.);
#2495=ADVANCED_FACE('',(#2199),#2394,.T.);
#2496=ADVANCED_FACE('',(#2200),#2395,.T.);
#2497=ADVANCED_FACE('',(#2201),#2396,.T.);
#2498=ADVANCED_FACE('',(#2202),#2397,.T.);
#2499=ADVANCED_FACE('',(#2203),#2398,.T.);
#2500=ADVANCED_FACE('',(#2204),#2399,.T.);
#2501=ADVANCED_FACE('',(#2205),#2400,.T.);
#2502=ADVANCED_FACE('',(#2206),#2401,.T.);
#2503=ADVANCED_FACE('',(#2207),#2402,.F.);
#2504=ADVANCED_FACE('',(#2208),#20,.F.);
#2505=ADVANCED_FACE('',(#2209),#21,.F.);
#2506=ADVANCED_FACE('',(#2210,#2211,#2212),#2403,.T.);
#2507=ADVANCED_FACE('',(#2213),#22,.F.);
#2508=ADVANCED_FACE('',(#2214),#23,.F.);
#2509=ADVANCED_FACE('',(#2215,#2216,#2217),#2404,.T.);
#2510=ADVANCED_FACE('',(#2218,#2219,#2220),#2405,.T.);
#2511=ADVANCED_FACE('',(#2221,#2222,#2223),#2406,.F.);
#2512=ADVANCED_FACE('',(#2224,#2225,#2226),#2407,.F.);
#2513=ADVANCED_FACE('',(#2227,#2228),#2408,.T.);
#2514=ADVANCED_FACE('',(#2229),#24,.T.);
#2515=ADVANCED_FACE('',(#2230),#25,.T.);
#2516=ADVANCED_FACE('',(#2231),#26,.T.);
#2517=ADVANCED_FACE('',(#2232),#27,.T.);
#2518=ADVANCED_FACE('',(#2233,#2234,#2235,#2236,#2237),#2409,.T.);
#2519=ADVANCED_FACE('',(#2238),#2410,.T.);
#2520=ADVANCED_FACE('',(#2239,#2240,#2241,#2242),#2411,.F.);
#2521=ADVANCED_FACE('',(#2243,#2244,#2245,#2246),#2412,.F.);
#2522=ADVANCED_FACE('',(#2247,#2248),#28,.F.);
#2523=ADVANCED_FACE('',(#2249,#2250),#29,.F.);
#2524=ADVANCED_FACE('',(#2251,#2252),#30,.F.);
#2525=ADVANCED_FACE('',(#2253,#2254),#31,.F.);
#2526=ADVANCED_FACE('',(#2255,#2256),#32,.F.);
#2527=ADVANCED_FACE('',(#2257,#2258),#33,.F.);
#2528=ADVANCED_FACE('',(#2259,#2260),#34,.F.);
#2529=ADVANCED_FACE('',(#2261,#2262),#35,.F.);
#2530=ADVANCED_FACE('',(#2263),#36,.T.);
#2531=ADVANCED_FACE('',(#2264),#2413,.F.);
#2532=ADVANCED_FACE('',(#2265),#2414,.T.);
#2533=ADVANCED_FACE('',(#2266,#2267),#2415,.T.);
#2534=ADVANCED_FACE('',(#2268),#37,.T.);
#2535=ADVANCED_FACE('',(#2269),#2416,.T.);
#2536=ADVANCED_FACE('',(#2270,#2271),#2417,.T.);
#2537=ADVANCED_FACE('',(#2272,#2273),#38,.F.);
#2538=ADVANCED_FACE('',(#2274,#2275),#39,.F.);
#2539=ADVANCED_FACE('',(#2276,#2277),#40,.F.);
#2540=ADVANCED_FACE('',(#2278,#2279),#41,.F.);
#2541=ADVANCED_FACE('',(#2280,#2281,#2282,#2283,#2284,#2285,#2286,#2287),
#2418,.F.);
#2542=ADVANCED_FACE('',(#2288,#2289),#42,.F.);
#2543=ADVANCED_FACE('',(#2290,#2291),#43,.T.);
#2544=ADVANCED_FACE('',(#2292,#2293),#2419,.T.);
#2545=ADVANCED_FACE('',(#2294,#2295),#44,.F.);
#2546=ADVANCED_FACE('',(#2296,#2297),#45,.T.);
#2547=ADVANCED_FACE('',(#2298,#2299),#2420,.T.);
#2548=ADVANCED_FACE('',(#2300,#2301),#46,.F.);
#2549=ADVANCED_FACE('',(#2302,#2303),#47,.T.);
#2550=ADVANCED_FACE('',(#2304,#2305),#2421,.T.);
#2551=ADVANCED_FACE('',(#2306,#2307),#48,.F.);
#2552=ADVANCED_FACE('',(#2308,#2309),#49,.T.);
#2553=ADVANCED_FACE('',(#2310,#2311),#2422,.T.);
#2554=ADVANCED_FACE('',(#2312),#2423,.F.);
#2555=ADVANCED_FACE('',(#2313),#2424,.F.);
#2556=ADVANCED_FACE('',(#2314),#2425,.F.);
#2557=ADVANCED_FACE('',(#2315),#2426,.F.);
#2558=ADVANCED_FACE('',(#2316),#2427,.T.);
#2559=ADVANCED_FACE('',(#2317),#2428,.T.);
#2560=ADVANCED_FACE('',(#2318),#2429,.T.);
#2561=ADVANCED_FACE('',(#2319),#2430,.F.);
#2562=ADVANCED_FACE('',(#2320),#2431,.F.);
#2563=ADVANCED_FACE('',(#2321),#2432,.F.);
#2564=ADVANCED_FACE('',(#2322),#2433,.T.);
#2565=ADVANCED_FACE('',(#2323),#2434,.F.);
#2566=ADVANCED_FACE('',(#2324),#2435,.F.);
#2567=ADVANCED_FACE('',(#2325),#2436,.F.);
#2568=ADVANCED_FACE('',(#2326),#2437,.F.);
#2569=ADVANCED_FACE('',(#2327),#2438,.T.);
#2570=ADVANCED_FACE('',(#2328),#2439,.F.);
#2571=ADVANCED_FACE('',(#2329),#2440,.T.);
#2572=ADVANCED_FACE('',(#2330),#2441,.T.);
#2573=ADVANCED_FACE('',(#2331),#2442,.F.);
#2574=ADVANCED_FACE('',(#2332),#2443,.F.);
#2575=ADVANCED_FACE('',(#2333),#2444,.F.);
#2576=ADVANCED_FACE('',(#2334),#2445,.T.);
#2577=ADVANCED_FACE('',(#2335),#2446,.F.);
#2578=ADVANCED_FACE('',(#2336),#2447,.F.);
#2579=ADVANCED_FACE('',(#2337),#2448,.F.);
#2580=ADVANCED_FACE('',(#2338),#2449,.T.);
#2581=ADVANCED_FACE('',(#2339,#2340,#2341),#2450,.T.);
#2582=ADVANCED_FACE('',(#2342),#2451,.F.);
#2583=ADVANCED_FACE('',(#2343),#2452,.T.);
#2584=ADVANCED_FACE('',(#2344),#2453,.T.);
#2585=ADVANCED_FACE('',(#2345),#2454,.F.);
#2586=ADVANCED_FACE('',(#2346),#2455,.F.);
#2587=ADVANCED_FACE('',(#2347),#2456,.T.);
#2588=ADVANCED_FACE('',(#2348),#2457,.T.);
#2589=ADVANCED_FACE('',(#2349),#2458,.F.);
#2590=ADVANCED_FACE('',(#2350),#2459,.T.);
#2591=ADVANCED_FACE('',(#2351),#2460,.F.);
#2592=ADVANCED_FACE('',(#2352),#2461,.T.);
#2593=ADVANCED_FACE('',(#2353),#2462,.F.);
#2594=ADVANCED_FACE('',(#2354),#2463,.F.);
#2595=ADVANCED_FACE('',(#2355),#2464,.T.);
#2596=ADVANCED_FACE('',(#2356),#2465,.T.);
#2597=ADVANCED_FACE('',(#2357),#2466,.T.);
#2598=ADVANCED_FACE('',(#2358),#2467,.F.);
#2599=ADVANCED_FACE('',(#2359),#2468,.F.);
#2600=ADVANCED_FACE('',(#2360),#2469,.T.);
#2601=ADVANCED_FACE('',(#2361),#2470,.F.);
#2602=ADVANCED_FACE('',(#2362),#2471,.F.);
#2603=ADVANCED_FACE('',(#2363),#2472,.F.);
#2604=ADVANCED_FACE('',(#2364),#2473,.T.);
#2605=ADVANCED_FACE('',(#2365),#2474,.T.);
#2606=ADVANCED_FACE('',(#2366),#50,.T.);
#2607=ADVANCED_FACE('',(#2367),#2475,.T.);
#2608=ADVANCED_FACE('',(#2368),#51,.T.);
#2609=ADVANCED_FACE('',(#2369),#2476,.T.);
#2610=ADVANCED_FACE('',(#2370),#2477,.T.);
#2611=ADVANCED_FACE('',(#2371),#2478,.F.);
#2612=ADVANCED_FACE('',(#2372,#2373),#2479,.F.);
#2613=ADVANCED_FACE('',(#2374,#2375),#2480,.T.);
#2614=ADVANCED_FACE('',(#2376),#2481,.F.);
#2615=ADVANCED_FACE('',(#2377),#52,.T.);
#2616=ADVANCED_FACE('',(#2378),#2482,.F.);
#2617=ADVANCED_FACE('',(#2379),#53,.T.);
#2618=ADVANCED_FACE('',(#2380),#2483,.F.);
#2619=ADVANCED_FACE('',(#2381),#2484,.F.);
#2620=ADVANCED_FACE('',(#2382,#2383),#54,.F.);
#2621=CLOSED_SHELL('',(#2485,#2486,#2487,#2488,#2489,#2490,#2491,#2492,
#2493,#2494,#2495,#2496,#2497,#2498,#2499,#2500,#2501,#2502,#2503,#2504,
#2505,#2506,#2507,#2508,#2509,#2510,#2511,#2512,#2513,#2514,#2515,#2516,
#2517,#2518,#2519,#2520,#2521,#2522,#2523,#2524,#2525,#2526,#2527,#2528,
#2529,#2530,#2531,#2532,#2533,#2534,#2535,#2536,#2537,#2538,#2539,#2540,
#2541,#2542,#2543,#2544,#2545,#2546,#2547,#2548,#2549,#2550,#2551,#2552,
#2553,#2554,#2555,#2556,#2557,#2558,#2559,#2560,#2561,#2562,#2563,#2564,
#2565,#2566,#2567,#2568,#2569,#2570,#2571,#2572,#2573,#2574,#2575,#2576,
#2577,#2578,#2579,#2580,#2581,#2582,#2583,#2584,#2585,#2586,#2587,#2588,
#2589,#2590,#2591,#2592,#2593,#2594,#2595,#2596,#2597,#2598,#2599,#2600,
#2601,#2602,#2603,#2604,#2605,#2606,#2607,#2608,#2609,#2610,#2611,#2612,
#2613,#2614,#2615,#2616,#2617,#2618,#2619,#2620));
#2622=STYLED_ITEM('',(#2623),#2630);
#2623=PRESENTATION_STYLE_ASSIGNMENT((#2624));
#2624=SURFACE_STYLE_USAGE(.BOTH.,#2625);
#2625=SURFACE_SIDE_STYLE('',(#2626));
#2626=SURFACE_STYLE_FILL_AREA(#2627);
#2627=FILL_AREA_STYLE('',(#2628));
#2628=FILL_AREA_STYLE_COLOUR('',#2629);
#2629=COLOUR_RGB('',0.701960784313725,0.701960784313725,0.701960784313725);
#2630=MANIFOLD_SOLID_BREP('Part 1',#2621);
#2631=SHAPE_DEFINITION_REPRESENTATION(#4281,#2632);
#2632=SHAPE_REPRESENTATION('Part 1',(#2633),#4276);
#2633=AXIS2_PLACEMENT_3D('',#3537,#2840,#2841);
#2634=AXIS2_PLACEMENT_3D('',#3538,#2842,#2843);
#2635=AXIS2_PLACEMENT_3D('',#3539,#2844,#2845);
#2636=AXIS2_PLACEMENT_3D('',#3541,#2846,#2847);
#2637=AXIS2_PLACEMENT_3D('',#3543,#2848,#2849);
#2638=AXIS2_PLACEMENT_3D('',#3550,#2852,#2853);
#2639=AXIS2_PLACEMENT_3D('',#3554,#2855,#2856);
#2640=AXIS2_PLACEMENT_3D('',#3560,#2859,#2860);
#2641=AXIS2_PLACEMENT_3D('',#3563,#2862,#2863);
#2642=AXIS2_PLACEMENT_3D('',#3580,#2872,#2873);
#2643=AXIS2_PLACEMENT_3D('',#3597,#2882,#2883);
#2644=AXIS2_PLACEMENT_3D('',#3614,#2892,#2893);
#2645=AXIS2_PLACEMENT_3D('',#3631,#2902,#2903);
#2646=AXIS2_PLACEMENT_3D('',#3637,#2907,#2908);
#2647=AXIS2_PLACEMENT_3D('',#3643,#2912,#2913);
#2648=AXIS2_PLACEMENT_3D('',#3649,#2917,#2918);
#2649=AXIS2_PLACEMENT_3D('',#3655,#2922,#2923);
#2650=AXIS2_PLACEMENT_3D('',#3664,#2928,#2929);
#2651=AXIS2_PLACEMENT_3D('',#3678,#2937,#2938);
#2652=AXIS2_PLACEMENT_3D('',#3687,#2943,#2944);
#2653=AXIS2_PLACEMENT_3D('',#3701,#2952,#2953);
#2654=AXIS2_PLACEMENT_3D('',#3710,#2958,#2959);
#2655=AXIS2_PLACEMENT_3D('',#3724,#2967,#2968);
#2656=AXIS2_PLACEMENT_3D('',#3733,#2973,#2974);
#2657=AXIS2_PLACEMENT_3D('',#3747,#2982,#2983);
#2658=AXIS2_PLACEMENT_3D('',#3756,#2989,#2990);
#2659=AXIS2_PLACEMENT_3D('',#3765,#2995,#2996);
#2660=AXIS2_PLACEMENT_3D('',#3769,#2998,#2999);
#2661=AXIS2_PLACEMENT_3D('',#3773,#3001,#3002);
#2662=AXIS2_PLACEMENT_3D('',#3774,#3003,#3004);
#2663=AXIS2_PLACEMENT_3D('',#3778,#3006,#3007);
#2664=AXIS2_PLACEMENT_3D('',#3782,#3009,#3010);
#2665=AXIS2_PLACEMENT_3D('',#3783,#3011,#3012);
#2666=AXIS2_PLACEMENT_3D('',#3784,#3013,#3014);
#2667=AXIS2_PLACEMENT_3D('',#3786,#3015,#3016);
#2668=AXIS2_PLACEMENT_3D('',#3793,#3020,#3021);
#2669=AXIS2_PLACEMENT_3D('',#3794,#3022,#3023);
#2670=AXIS2_PLACEMENT_3D('',#3798,#3025,#3026);
#2671=AXIS2_PLACEMENT_3D('',#3799,#3027,#3028);
#2672=AXIS2_PLACEMENT_3D('',#3803,#3030,#3031);
#2673=AXIS2_PLACEMENT_3D('',#3807,#3033,#3034);
#2674=AXIS2_PLACEMENT_3D('',#3808,#3035,#3036);
#2675=AXIS2_PLACEMENT_3D('',#3809,#3037,#3038);
#2676=AXIS2_PLACEMENT_3D('',#3811,#3039,#3040);
#2677=AXIS2_PLACEMENT_3D('',#3815,#3043,#3044);
#2678=AXIS2_PLACEMENT_3D('',#3816,#3045,#3046);
#2679=AXIS2_PLACEMENT_3D('',#3818,#3047,#3048);
#2680=AXIS2_PLACEMENT_3D('',#3825,#3052,#3053);
#2681=AXIS2_PLACEMENT_3D('',#3834,#3058,#3059);
#2682=AXIS2_PLACEMENT_3D('',#3841,#3063,#3064);
#2683=AXIS2_PLACEMENT_3D('',#3842,#3065,#3066);
#2684=AXIS2_PLACEMENT_3D('',#3844,#3067,#3068);
#2685=AXIS2_PLACEMENT_3D('',#3851,#3072,#3073);
#2686=AXIS2_PLACEMENT_3D('',#3852,#3074,#3075);
#2687=AXIS2_PLACEMENT_3D('',#3862,#3080,#3081);
#2688=AXIS2_PLACEMENT_3D('',#3863,#3082,#3083);
#2689=AXIS2_PLACEMENT_3D('',#3868,#3086,#3087);
#2690=AXIS2_PLACEMENT_3D('',#3869,#3088,#3089);
#2691=AXIS2_PLACEMENT_3D('',#3870,#3090,#3091);
#2692=AXIS2_PLACEMENT_3D('',#3871,#3092,#3093);
#2693=AXIS2_PLACEMENT_3D('',#3872,#3094,#3095);
#2694=AXIS2_PLACEMENT_3D('',#3873,#3096,#3097);
#2695=AXIS2_PLACEMENT_3D('',#3874,#3098,#3099);
#2696=AXIS2_PLACEMENT_3D('',#3875,#3100,#3101);
#2697=AXIS2_PLACEMENT_3D('',#3880,#3104,#3105);
#2698=AXIS2_PLACEMENT_3D('',#3891,#3112,#3113);
#2699=AXIS2_PLACEMENT_3D('',#3893,#3114,#3115);
#2700=AXIS2_PLACEMENT_3D('',#3895,#3116,#3117);
#2701=AXIS2_PLACEMENT_3D('',#3897,#3118,#3119);
#2702=AXIS2_PLACEMENT_3D('',#3899,#3120,#3121);
#2703=AXIS2_PLACEMENT_3D('',#3907,#3126,#3127);
#2704=AXIS2_PLACEMENT_3D('',#3908,#3128,#3129);
#2705=AXIS2_PLACEMENT_3D('',#3910,#3130,#3131);
#2706=AXIS2_PLACEMENT_3D('',#3912,#3132,#3133);
#2707=AXIS2_PLACEMENT_3D('',#3916,#3136,#3137);
#2708=AXIS2_PLACEMENT_3D('',#3917,#3138,#3139);
#2709=AXIS2_PLACEMENT_3D('',#3919,#3140,#3141);
#2710=AXIS2_PLACEMENT_3D('',#3921,#3142,#3143);
#2711=AXIS2_PLACEMENT_3D('',#3925,#3146,#3147);
#2712=AXIS2_PLACEMENT_3D('',#3926,#3148,#3149);
#2713=AXIS2_PLACEMENT_3D('',#3928,#3150,#3151);
#2714=AXIS2_PLACEMENT_3D('',#3929,#3152,#3153);
#2715=AXIS2_PLACEMENT_3D('',#3931,#3154,#3155);
#2716=AXIS2_PLACEMENT_3D('',#3932,#3156,#3157);
#2717=AXIS2_PLACEMENT_3D('',#3934,#3158,#3159);
#2718=AXIS2_PLACEMENT_3D('',#3935,#3160,#3161);
#2719=AXIS2_PLACEMENT_3D('',#3937,#3162,#3163);
#2720=AXIS2_PLACEMENT_3D('',#3938,#3164,#3165);
#2721=AXIS2_PLACEMENT_3D('',#3940,#3166,#3167);
#2722=AXIS2_PLACEMENT_3D('',#3941,#3168,#3169);
#2723=AXIS2_PLACEMENT_3D('',#3943,#3170,#3171);
#2724=AXIS2_PLACEMENT_3D('',#3944,#3172,#3173);
#2725=AXIS2_PLACEMENT_3D('',#3946,#3174,#3175);
#2726=AXIS2_PLACEMENT_3D('',#3947,#3176,#3177);
#2727=AXIS2_PLACEMENT_3D('',#3949,#3178,#3179);
#2728=AXIS2_PLACEMENT_3D('',#3950,#3180,#3181);
#2729=AXIS2_PLACEMENT_3D('',#3955,#3183,#3184);
#2730=AXIS2_PLACEMENT_3D('',#3958,#3186,#3187);
#2731=AXIS2_PLACEMENT_3D('',#3961,#3190,#3191);
#2732=AXIS2_PLACEMENT_3D('',#3964,#3194,#3195);
#2733=AXIS2_PLACEMENT_3D('',#3965,#3196,#3197);
#2734=AXIS2_PLACEMENT_3D('',#3966,#3198,#3199);
#2735=AXIS2_PLACEMENT_3D('',#3968,#3200,#3201);
#2736=AXIS2_PLACEMENT_3D('',#3971,#3203,#3204);
#2737=AXIS2_PLACEMENT_3D('',#3977,#3208,#3209);
#2738=AXIS2_PLACEMENT_3D('',#3979,#3211,#3212);
#2739=AXIS2_PLACEMENT_3D('',#3980,#3213,#3214);
#2740=AXIS2_PLACEMENT_3D('',#3981,#3215,#3216);
#2741=AXIS2_PLACEMENT_3D('',#3982,#3217,#3218);
#2742=AXIS2_PLACEMENT_3D('',#3983,#3219,#3220);
#2743=AXIS2_PLACEMENT_3D('',#4017,#3241,#3242);
#2744=AXIS2_PLACEMENT_3D('',#4018,#3243,#3244);
#2745=AXIS2_PLACEMENT_3D('',#4020,#3245,#3246);
#2746=AXIS2_PLACEMENT_3D('',#4022,#3247,#3248);
#2747=AXIS2_PLACEMENT_3D('',#4023,#3249,#3250);
#2748=AXIS2_PLACEMENT_3D('',#4025,#3251,#3252);
#2749=AXIS2_PLACEMENT_3D('',#4026,#3253,#3254);
#2750=AXIS2_PLACEMENT_3D('',#4027,#3255,#3256);
#2751=AXIS2_PLACEMENT_3D('',#4029,#3257,#3258);
#2752=AXIS2_PLACEMENT_3D('',#4030,#3259,#3260);
#2753=AXIS2_PLACEMENT_3D('',#4032,#3261,#3262);
#2754=AXIS2_PLACEMENT_3D('',#4033,#3263,#3264);
#2755=AXIS2_PLACEMENT_3D('',#4034,#3265,#3266);
#2756=AXIS2_PLACEMENT_3D('',#4036,#3267,#3268);
#2757=AXIS2_PLACEMENT_3D('',#4037,#3269,#3270);
#2758=AXIS2_PLACEMENT_3D('',#4039,#3271,#3272);
#2759=AXIS2_PLACEMENT_3D('',#4040,#3273,#3274);
#2760=AXIS2_PLACEMENT_3D('',#4041,#3275,#3276);
#2761=AXIS2_PLACEMENT_3D('',#4043,#3277,#3278);
#2762=AXIS2_PLACEMENT_3D('',#4045,#3279,#3280);
#2763=AXIS2_PLACEMENT_3D('',#4046,#3281,#3282);
#2764=AXIS2_PLACEMENT_3D('',#4048,#3283,#3284);
#2765=AXIS2_PLACEMENT_3D('',#4049,#3285,#3286);
#2766=AXIS2_PLACEMENT_3D('',#4051,#3288,#3289);
#2767=AXIS2_PLACEMENT_3D('',#4057,#3293,#3294);
#2768=AXIS2_PLACEMENT_3D('',#4061,#3297,#3298);
#2769=AXIS2_PLACEMENT_3D('',#4065,#3301,#3302);
#2770=AXIS2_PLACEMENT_3D('',#4067,#3304,#3305);
#2771=AXIS2_PLACEMENT_3D('',#4071,#3308,#3309);
#2772=AXIS2_PLACEMENT_3D('',#4075,#3312,#3313);
#2773=AXIS2_PLACEMENT_3D('',#4077,#3315,#3316);
#2774=AXIS2_PLACEMENT_3D('',#4081,#3319,#3320);
#2775=AXIS2_PLACEMENT_3D('',#4083,#3322,#3323);
#2776=AXIS2_PLACEMENT_3D('',#4087,#3326,#3327);
#2777=AXIS2_PLACEMENT_3D('',#4091,#3330,#3331);
#2778=AXIS2_PLACEMENT_3D('',#4093,#3333,#3334);
#2779=AXIS2_PLACEMENT_3D('',#4099,#3338,#3339);
#2780=AXIS2_PLACEMENT_3D('',#4101,#3341,#3342);
#2781=AXIS2_PLACEMENT_3D('',#4103,#3344,#3345);
#2782=AXIS2_PLACEMENT_3D('',#4105,#3347,#3348);
#2783=AXIS2_PLACEMENT_3D('',#4111,#3352,#3353);
#2784=AXIS2_PLACEMENT_3D('',#4113,#3355,#3356);
#2785=AXIS2_PLACEMENT_3D('',#4117,#3359,#3360);
#2786=AXIS2_PLACEMENT_3D('',#4121,#3363,#3364);
#2787=AXIS2_PLACEMENT_3D('',#4123,#3366,#3367);
#2788=AXIS2_PLACEMENT_3D('',#4127,#3370,#3371);
#2789=AXIS2_PLACEMENT_3D('',#4133,#3375,#3376);
#2790=AXIS2_PLACEMENT_3D('',#4137,#3379,#3380);
#2791=AXIS2_PLACEMENT_3D('',#4139,#3382,#3383);
#2792=AXIS2_PLACEMENT_3D('',#4141,#3385,#3386);
#2793=AXIS2_PLACEMENT_3D('',#4142,#3387,#3388);
#2794=AXIS2_PLACEMENT_3D('',#4146,#3391,#3392);
#2795=AXIS2_PLACEMENT_3D('',#4152,#3396,#3397);
#2796=AXIS2_PLACEMENT_3D('',#4156,#3400,#3401);
#2797=AXIS2_PLACEMENT_3D('',#4158,#3403,#3404);
#2798=AXIS2_PLACEMENT_3D('',#4160,#3406,#3407);
#2799=AXIS2_PLACEMENT_3D('',#4166,#3411,#3412);
#2800=AXIS2_PLACEMENT_3D('',#4170,#3415,#3416);
#2801=AXIS2_PLACEMENT_3D('',#4172,#3418,#3419);
#2802=AXIS2_PLACEMENT_3D('',#4176,#3422,#3423);
#2803=AXIS2_PLACEMENT_3D('',#4178,#3425,#3426);
#2804=AXIS2_PLACEMENT_3D('',#4180,#3428,#3429);
#2805=AXIS2_PLACEMENT_3D('',#4186,#3433,#3434);
#2806=AXIS2_PLACEMENT_3D('',#4190,#3437,#3438);
#2807=AXIS2_PLACEMENT_3D('',#4194,#3441,#3442);
#2808=AXIS2_PLACEMENT_3D('',#4196,#3444,#3445);
#2809=AXIS2_PLACEMENT_3D('',#4198,#3447,#3448);
#2810=AXIS2_PLACEMENT_3D('',#4200,#3450,#3451);
#2811=AXIS2_PLACEMENT_3D('',#4204,#3454,#3455);
#2812=AXIS2_PLACEMENT_3D('',#4206,#3457,#3458);
#2813=AXIS2_PLACEMENT_3D('',#4212,#3462,#3463);
#2814=AXIS2_PLACEMENT_3D('',#4216,#3466,#3467);
#2815=AXIS2_PLACEMENT_3D('',#4218,#3469,#3470);
#2816=AXIS2_PLACEMENT_3D('',#4220,#3472,#3473);
#2817=AXIS2_PLACEMENT_3D('',#4221,#3474,#3475);
#2818=AXIS2_PLACEMENT_3D('',#4224,#3477,#3478);
#2819=AXIS2_PLACEMENT_3D('',#4227,#3480,#3481);
#2820=AXIS2_PLACEMENT_3D('',#4231,#3484,#3485);
#2821=AXIS2_PLACEMENT_3D('',#4234,#3487,#3488);
#2822=AXIS2_PLACEMENT_3D('',#4235,#3489,#3490);
#2823=AXIS2_PLACEMENT_3D('',#4237,#3492,#3493);
#2824=AXIS2_PLACEMENT_3D('',#4239,#3495,#3496);
#2825=AXIS2_PLACEMENT_3D('',#4240,#3497,#3498);
#2826=AXIS2_PLACEMENT_3D('',#4241,#3499,#3500);
#2827=AXIS2_PLACEMENT_3D('',#4245,#3502,#3503);
#2828=AXIS2_PLACEMENT_3D('',#4249,#3505,#3506);
#2829=AXIS2_PLACEMENT_3D('',#4252,#3508,#3509);
#2830=AXIS2_PLACEMENT_3D('',#4253,#3510,#3511);
#2831=AXIS2_PLACEMENT_3D('',#4257,#3513,#3514);
#2832=AXIS2_PLACEMENT_3D('',#4261,#3516,#3517);
#2833=AXIS2_PLACEMENT_3D('',#4264,#3519,#3520);
#2834=AXIS2_PLACEMENT_3D('',#4266,#3522,#3523);
#2835=AXIS2_PLACEMENT_3D('',#4268,#3525,#3526);
#2836=AXIS2_PLACEMENT_3D('',#4270,#3528,#3529);
#2837=AXIS2_PLACEMENT_3D('',#4272,#3531,#3532);
#2838=AXIS2_PLACEMENT_3D('',#4273,#3533,#3534);
#2839=AXIS2_PLACEMENT_3D('',#4274,#3535,#3536);
#2840=DIRECTION('',(0.,0.,1.));
#2841=DIRECTION('',(1.,0.,0.));
#2842=DIRECTION('',(0.,0.,-1.));
#2843=DIRECTION('',(1.,0.,0.));
#2844=DIRECTION('',(0.,0.,-1.));
#2845=DIRECTION('',(-1.,0.,0.));
#2846=DIRECTION('',(0.,0.,-1.));
#2847=DIRECTION('',(-1.,0.,0.));
#2848=DIRECTION('',(0.,0.,-1.));
#2849=DIRECTION('',(-1.,0.,0.));
#2850=DIRECTION('',(-1.,0.,0.));
#2851=DIRECTION('',(0.,-1.,0.));
#2852=DIRECTION('',(0.,0.,-1.));
#2853=DIRECTION('',(-1.,0.,0.));
#2854=DIRECTION('',(1.,0.,0.));
#2855=DIRECTION('',(0.,0.,-1.));
#2856=DIRECTION('',(-1.,0.,0.));
#2857=DIRECTION('',(0.,-1.,0.));
#2858=DIRECTION('',(-1.,0.,0.));
#2859=DIRECTION('',(0.,0.,-1.));
#2860=DIRECTION('',(-1.,0.,0.));
#2861=DIRECTION('',(-1.,0.,0.));
#2862=DIRECTION('',(0.,-1.,0.));
#2863=DIRECTION('',(1.,0.,0.));
#2864=DIRECTION('',(1.,0.,0.));
#2865=DIRECTION('',(0.,0.,-1.));
#2866=DIRECTION('',(-1.,0.,0.));
#2867=DIRECTION('',(3.46944695195362E-16,0.,-1.));
#2868=DIRECTION('',(1.,0.,0.));
#2869=DIRECTION('',(0.,0.,-1.));
#2870=DIRECTION('',(1.,0.,0.));
#2871=DIRECTION('',(0.,0.,-1.));
#2872=DIRECTION('',(0.,-1.,0.));
#2873=DIRECTION('',(1.,0.,0.));
#2874=DIRECTION('',(1.,0.,0.));
#2875=DIRECTION('',(5.42101086242752E-17,0.,-1.));
#2876=DIRECTION('',(1.,0.,0.));
#2877=DIRECTION('',(-1.7347234759768E-16,0.,1.));
#2878=DIRECTION('',(1.,0.,0.));
#2879=DIRECTION('',(0.,0.,1.));
#2880=DIRECTION('',(1.,0.,0.));
#2881=DIRECTION('',(0.,0.,-1.));
#2882=DIRECTION('',(0.,-1.,0.));
#2883=DIRECTION('',(1.,0.,0.));
#2884=DIRECTION('',(-1.,0.,0.));
#2885=DIRECTION('',(-3.46944695195362E-16,0.,1.));
#2886=DIRECTION('',(1.,0.,0.));
#2887=DIRECTION('',(0.,0.,-1.));
#2888=DIRECTION('',(-1.,0.,0.));
#2889=DIRECTION('',(7.88510670898549E-17,0.,-1.));
#2890=DIRECTION('',(1.,0.,0.));
#2891=DIRECTION('',(0.,0.,-1.));
#2892=DIRECTION('',(0.,-1.,0.));
#2893=DIRECTION('',(1.,0.,0.));
#2894=DIRECTION('',(-1.,0.,0.));
#2895=DIRECTION('',(0.,0.,1.));
#2896=DIRECTION('',(1.,0.,0.));
#2897=DIRECTION('',(0.,0.,-1.));
#2898=DIRECTION('',(-1.,0.,0.));
#2899=DIRECTION('',(0.,0.,-1.));
#2900=DIRECTION('',(1.,0.,0.));
#2901=DIRECTION('',(0.,0.,1.));
#2902=DIRECTION('',(0.,0.,1.));
#2903=DIRECTION('',(1.,0.,0.));
#2904=DIRECTION('',(0.,1.,0.));
#2905=DIRECTION('',(0.,1.,0.));
#2906=DIRECTION('',(1.,0.,0.));
#2907=DIRECTION('',(0.,0.,1.));
#2908=DIRECTION('',(1.,0.,0.));
#2909=DIRECTION('',(0.,1.,0.));
#2910=DIRECTION('',(0.,1.,0.));
#2911=DIRECTION('',(1.,0.,0.));
#2912=DIRECTION('',(0.,0.,-1.));
#2913=DIRECTION('',(-1.,0.,0.));
#2914=DIRECTION('',(-1.,0.,0.));
#2915=DIRECTION('',(0.,-1.,0.));
#2916=DIRECTION('',(0.,1.,0.));
#2917=DIRECTION('',(0.,0.,-1.));
#2918=DIRECTION('',(-1.,0.,0.));
#2919=DIRECTION('',(-1.,0.,0.));
#2920=DIRECTION('',(0.,-1.,0.));
#2921=DIRECTION('',(0.,1.,0.));
#2922=DIRECTION('',(0.,0.,1.));
#2923=DIRECTION('',(1.,0.,0.));
#2924=DIRECTION('',(0.,-1.,0.));
#2925=DIRECTION('',(-1.,0.,0.));
#2926=DIRECTION('',(0.,-1.,0.));
#2927=DIRECTION('',(-1.,0.,0.));
#2928=DIRECTION('',(0.,1.,0.));
#2929=DIRECTION('',(-1.,0.,0.));
#2930=DIRECTION('',(3.46944695195362E-16,0.,1.));
#2931=DIRECTION('',(1.,0.,-2.16840434497101E-16));
#2932=DIRECTION('',(3.46944695195362E-16,0.,1.));
#2933=DIRECTION('',(-1.,0.,0.));
#2934=DIRECTION('',(0.,0.,1.));
#2935=DIRECTION('',(-1.,0.,0.));
#2936=DIRECTION('',(0.,0.,1.));
#2937=DIRECTION('',(0.,0.,-1.));
#2938=DIRECTION('',(-1.,0.,0.));
#2939=DIRECTION('',(1.,0.,0.));
#2940=DIRECTION('',(0.,1.,0.));
#2941=DIRECTION('',(1.,0.,0.));
#2942=DIRECTION('',(0.,-1.,0.));
#2943=DIRECTION('',(0.,1.,0.));
#2944=DIRECTION('',(-1.,0.,0.));
#2945=DIRECTION('',(-3.46944695195362E-16,0.,-1.));
#2946=DIRECTION('',(1.,0.,0.));
#2947=DIRECTION('',(1.84314369322536E-16,0.,1.));
#2948=DIRECTION('',(1.,0.,0.));
#2949=DIRECTION('',(1.7347234759768E-16,0.,1.));
#2950=DIRECTION('',(-1.,0.,0.));
#2951=DIRECTION('',(-1.7347234759768E-16,0.,-1.));
#2952=DIRECTION('',(0.,0.,-1.));
#2953=DIRECTION('',(-1.,0.,0.));
#2954=DIRECTION('',(1.,0.,0.));
#2955=DIRECTION('',(0.,1.,0.));
#2956=DIRECTION('',(1.,0.,0.));
#2957=DIRECTION('',(0.,-1.,0.));
#2958=DIRECTION('',(0.,1.,0.));
#2959=DIRECTION('',(-1.,0.,0.));
#2960=DIRECTION('',(8.67361737988404E-17,0.,1.));
#2961=DIRECTION('',(-1.,0.,0.));
#2962=DIRECTION('',(-3.46944695195362E-16,0.,-1.));
#2963=DIRECTION('',(1.,0.,0.));
#2964=DIRECTION('',(0.,0.,-1.));
#2965=DIRECTION('',(-1.,0.,0.));
#2966=DIRECTION('',(0.,0.,1.));
#2967=DIRECTION('',(0.,0.,-1.));
#2968=DIRECTION('',(-1.,0.,0.));
#2969=DIRECTION('',(1.,0.,0.));
#2970=DIRECTION('',(0.,1.,0.));
#2971=DIRECTION('',(1.,0.,0.));
#2972=DIRECTION('',(0.,-1.,0.));
#2973=DIRECTION('',(0.,1.,0.));
#2974=DIRECTION('',(-1.,0.,0.));
#2975=DIRECTION('',(0.,0.,1.));
#2976=DIRECTION('',(-1.,0.,0.));
#2977=DIRECTION('',(0.,0.,-1.));
#2978=DIRECTION('',(1.,0.,0.));
#2979=DIRECTION('',(0.,0.,1.));
#2980=DIRECTION('',(-1.,0.,0.));
#2981=DIRECTION('',(0.,0.,1.));
#2982=DIRECTION('',(-1.,0.,0.));
#2983=DIRECTION('',(0.,0.,1.));
#2984=DIRECTION('',(0.,-1.,0.));
#2985=DIRECTION('',(0.,1.,0.));
#2986=DIRECTION('',(0.,0.,-1.));
#2987=DIRECTION('',(0.,-1.,0.));
#2988=DIRECTION('',(0.,0.,1.));
#2989=DIRECTION('',(1.,0.,1.21734980770302E-16));
#2990=DIRECTION('',(1.21734980770302E-16,0.,-1.));
#2991=DIRECTION('',(0.,1.,0.));
#2992=DIRECTION('',(1.21734980770302E-16,0.,-1.));
#2993=DIRECTION('',(0.,1.,0.));
#2994=DIRECTION('',(1.21734980770302E-16,0.,-1.));
#2995=DIRECTION('',(0.,0.,1.));
#2996=DIRECTION('',(1.,0.,0.));
#2997=DIRECTION('',(0.,0.,1.));
#2998=DIRECTION('',(0.,0.,1.));
#2999=DIRECTION('',(1.,0.,0.));
#3000=DIRECTION('',(0.,0.,1.));
#3001=DIRECTION('',(0.,0.,1.));
#3002=DIRECTION('',(1.,0.,0.));
#3003=DIRECTION('',(0.,0.,1.));
#3004=DIRECTION('',(1.,0.,0.));
#3005=DIRECTION('',(0.,0.,1.));
#3006=DIRECTION('',(0.,0.,1.));
#3007=DIRECTION('',(1.,0.,0.));
#3008=DIRECTION('',(0.,0.,1.));
#3009=DIRECTION('',(0.,0.,1.));
#3010=DIRECTION('',(1.,0.,0.));
#3011=DIRECTION('',(-1.,2.83220159343153E-16,0.));
#3012=DIRECTION('',(-2.83220159343153E-16,-1.,0.));
#3013=DIRECTION('',(-1.,2.83220159343153E-16,0.));
#3014=DIRECTION('',(5.2302072433342E-30,1.84669313634459E-14,-1.));
#3015=DIRECTION('',(-1.,2.83220159343153E-16,0.));
#3016=DIRECTION('',(5.2302072433342E-30,1.84669313634459E-14,-1.));
#3017=DIRECTION('',(2.83220159343153E-16,1.,0.));
#3018=DIRECTION('',(0.,0.,1.));
#3019=DIRECTION('',(2.83220159343153E-16,1.,0.));
#3020=DIRECTION('',(0.,0.,1.));
#3021=DIRECTION('',(1.,0.,0.));
#3022=DIRECTION('',(0.,0.,1.));
#3023=DIRECTION('',(1.,0.,0.));
#3024=DIRECTION('',(0.,0.,1.));
#3025=DIRECTION('',(0.,0.,1.));
#3026=DIRECTION('',(1.,0.,0.));
#3027=DIRECTION('',(0.,0.,1.));
#3028=DIRECTION('',(1.,0.,0.));
#3029=DIRECTION('',(0.,0.,1.));
#3030=DIRECTION('',(0.,0.,1.));
#3031=DIRECTION('',(1.,0.,0.));
#3032=DIRECTION('',(0.,0.,1.));
#3033=DIRECTION('',(0.,0.,1.));
#3034=DIRECTION('',(1.,0.,0.));
#3035=DIRECTION('',(1.,2.83220159343153E-16,0.));
#3036=DIRECTION('',(-2.83220159343153E-16,1.,0.));
#3037=DIRECTION('',(1.,2.83220159343153E-16,0.));
#3038=DIRECTION('',(-1.44210820969361E-29,5.09182754871039E-14,-1.));
#3039=DIRECTION('',(1.,2.83220159343153E-16,0.));
#3040=DIRECTION('',(-1.44210820969361E-29,5.09182754871039E-14,-1.));
#3041=DIRECTION('',(2.83220159343153E-16,-1.,0.));
#3042=DIRECTION('',(2.83220159343153E-16,-1.,0.));
#3043=DIRECTION('',(-1.,0.,0.));
#3044=DIRECTION('',(0.,0.,1.));
#3045=DIRECTION('',(-1.,0.,0.));
#3046=DIRECTION('',(0.,3.46926034252749E-14,-1.));
#3047=DIRECTION('',(-1.,0.,0.));
#3048=DIRECTION('',(0.,3.46926034252749E-14,-1.));
#3049=DIRECTION('',(0.,0.,1.));
#3050=DIRECTION('',(0.,-1.,0.));
#3051=DIRECTION('',(0.,0.,1.));
#3052=DIRECTION('',(0.,-1.,0.));
#3053=DIRECTION('',(0.,0.,-1.));
#3054=DIRECTION('',(0.,0.,1.));
#3055=DIRECTION('',(1.,0.,0.));
#3056=DIRECTION('',(0.,0.,1.));
#3057=DIRECTION('',(-1.,0.,0.));
#3058=DIRECTION('',(0.,-1.,0.));
#3059=DIRECTION('',(0.,0.,-1.));
#3060=DIRECTION('',(0.,0.,1.));
#3061=DIRECTION('',(1.,0.,0.));
#3062=DIRECTION('',(0.,0.,1.));
#3063=DIRECTION('',(-1.,0.,0.));
#3064=DIRECTION('',(0.,0.,1.));
#3065=DIRECTION('',(-1.,0.,0.));
#3066=DIRECTION('',(0.,3.46926034252749E-14,-1.));
#3067=DIRECTION('',(-1.,0.,0.));
#3068=DIRECTION('',(0.,3.46926034252749E-14,-1.));
#3069=DIRECTION('',(0.,0.,1.));
#3070=DIRECTION('',(0.,-1.,0.));
#3071=DIRECTION('',(0.,0.,1.));
#3072=DIRECTION('',(0.,-1.,0.));
#3073=DIRECTION('',(0.,0.,-1.));
#3074=DIRECTION('',(0.,-1.,0.));
#3075=DIRECTION('',(0.,0.,-1.));
#3076=DIRECTION('',(0.,0.,1.));
#3077=DIRECTION('',(1.,0.,0.));
#3078=DIRECTION('',(0.,0.,1.));
#3079=DIRECTION('',(1.,0.,0.));
#3080=DIRECTION('',(0.,0.,1.));
#3081=DIRECTION('',(1.,0.,0.));
#3082=DIRECTION('',(0.,0.,1.));
#3083=DIRECTION('',(1.,0.,0.));
#3084=DIRECTION('',(0.,0.,1.));
#3085=DIRECTION('',(0.,0.,1.));
#3086=DIRECTION('',(0.,0.,-1.));
#3087=DIRECTION('',(-1.,0.,0.));
#3088=DIRECTION('',(0.,0.,1.));
#3089=DIRECTION('',(1.,0.,0.));
#3090=DIRECTION('',(0.,0.,1.));
#3091=DIRECTION('',(1.,0.,0.));
#3092=DIRECTION('',(0.,0.,1.));
#3093=DIRECTION('',(1.,0.,0.));
#3094=DIRECTION('',(0.,0.,1.));
#3095=DIRECTION('',(1.,0.,0.));
#3096=DIRECTION('',(0.,0.,1.));
#3097=DIRECTION('',(1.,0.,0.));
#3098=DIRECTION('',(0.,0.,1.));
#3099=DIRECTION('',(1.,0.,0.));
#3100=DIRECTION('',(0.,0.,-1.));
#3101=DIRECTION('',(-1.,0.,0.));
#3102=DIRECTION('',(0.,0.,1.));
#3103=DIRECTION('',(0.,0.,1.));
#3104=DIRECTION('',(0.,0.,1.));
#3105=DIRECTION('',(1.,0.,0.));
#3106=DIRECTION('',(-1.,0.,0.));
#3107=DIRECTION('',(1.,0.,0.));
#3108=DIRECTION('',(0.,-1.,0.));
#3109=DIRECTION('',(1.,0.,0.));
#3110=DIRECTION('',(0.,-1.,0.));
#3111=DIRECTION('',(1.,0.,0.));
#3112=DIRECTION('',(0.,0.,1.));
#3113=DIRECTION('',(1.,0.,0.));
#3114=DIRECTION('',(0.,0.,1.));
#3115=DIRECTION('',(1.,0.,0.));
#3116=DIRECTION('',(0.,0.,1.));
#3117=DIRECTION('',(1.,0.,0.));
#3118=DIRECTION('',(0.,0.,1.));
#3119=DIRECTION('',(1.,0.,0.));
#3120=DIRECTION('',(1.,0.,0.));
#3121=DIRECTION('',(0.,0.,-1.));
#3122=DIRECTION('',(0.,1.,0.));
#3123=DIRECTION('',(0.,0.,-1.));
#3124=DIRECTION('',(0.,1.,0.));
#3125=DIRECTION('',(0.,0.,1.));
#3126=DIRECTION('',(0.,0.,1.));
#3127=DIRECTION('',(1.,0.,0.));
#3128=DIRECTION('',(0.,0.,1.));
#3129=DIRECTION('',(1.,0.,0.));
#3130=DIRECTION('',(0.,0.,1.));
#3131=DIRECTION('',(1.,0.,0.));
#3132=DIRECTION('',(0.,0.,1.));
#3133=DIRECTION('',(1.,0.,0.));
#3134=DIRECTION('',(1.,0.,0.));
#3135=DIRECTION('',(-1.,0.,0.));
#3136=DIRECTION('',(0.,0.,1.));
#3137=DIRECTION('',(1.,0.,0.));
#3138=DIRECTION('',(0.,0.,1.));
#3139=DIRECTION('',(1.,0.,0.));
#3140=DIRECTION('',(0.,0.,1.));
#3141=DIRECTION('',(1.,0.,0.));
#3142=DIRECTION('',(0.,0.,1.));
#3143=DIRECTION('',(1.,0.,0.));
#3144=DIRECTION('',(1.,0.,0.));
#3145=DIRECTION('',(-1.,0.,0.));
#3146=DIRECTION('',(0.,0.,-1.));
#3147=DIRECTION('',(-1.,0.,0.));
#3148=DIRECTION('',(0.,0.,-1.));
#3149=DIRECTION('',(-1.,0.,0.));
#3150=DIRECTION('',(0.,0.,-1.));
#3151=DIRECTION('',(-1.,0.,0.));
#3152=DIRECTION('',(0.,0.,-1.));
#3153=DIRECTION('',(-1.,0.,0.));
#3154=DIRECTION('',(0.,0.,-1.));
#3155=DIRECTION('',(-1.,0.,0.));
#3156=DIRECTION('',(0.,0.,-1.));
#3157=DIRECTION('',(-1.,0.,0.));
#3158=DIRECTION('',(0.,0.,-1.));
#3159=DIRECTION('',(-1.,0.,0.));
#3160=DIRECTION('',(0.,0.,-1.));
#3161=DIRECTION('',(-1.,0.,0.));
#3162=DIRECTION('',(0.,0.,-1.));
#3163=DIRECTION('',(-1.,0.,0.));
#3164=DIRECTION('',(0.,0.,-1.));
#3165=DIRECTION('',(-1.,0.,0.));
#3166=DIRECTION('',(0.,0.,-1.));
#3167=DIRECTION('',(-1.,0.,0.));
#3168=DIRECTION('',(0.,0.,-1.));
#3169=DIRECTION('',(-1.,0.,0.));
#3170=DIRECTION('',(0.,-1.,0.));
#3171=DIRECTION('',(0.,0.,-1.));
#3172=DIRECTION('',(0.,-1.,0.));
#3173=DIRECTION('',(0.,0.,-1.));
#3174=DIRECTION('',(0.,-1.,0.));
#3175=DIRECTION('',(0.,0.,-1.));
#3176=DIRECTION('',(0.,1.,0.));
#3177=DIRECTION('',(0.,0.,1.));
#3178=DIRECTION('',(0.,-1.,0.));
#3179=DIRECTION('',(0.,0.,-1.));
#3180=DIRECTION('',(0.,1.,0.));
#3181=DIRECTION('',(0.,0.,1.));
#3182=DIRECTION('',(0.,-1.,0.));
#3183=DIRECTION('',(0.,1.,0.));
#3184=DIRECTION('',(0.,0.,1.));
#3185=DIRECTION('',(0.,-1.,0.));
#3186=DIRECTION('',(-1.,0.,1.21734980770302E-16));
#3187=DIRECTION('',(1.21734980770302E-16,0.,1.));
#3188=DIRECTION('',(-1.21734980770302E-16,0.,-1.));
#3189=DIRECTION('',(-1.21734980770302E-16,0.,-1.));
#3190=DIRECTION('',(-1.,0.,6.08674903851511E-17));
#3191=DIRECTION('',(6.08674903851511E-17,0.,1.));
#3192=DIRECTION('',(-6.08674903851511E-17,0.,-1.));
#3193=DIRECTION('',(-6.08674903851511E-17,0.,-1.));
#3194=DIRECTION('',(0.,1.,0.));
#3195=DIRECTION('',(-1.,0.,0.));
#3196=DIRECTION('',(0.,1.,0.));
#3197=DIRECTION('',(0.,0.,1.));
#3198=DIRECTION('',(0.,-1.,0.));
#3199=DIRECTION('',(0.,0.,-1.));
#3200=DIRECTION('',(0.,-1.,0.));
#3201=DIRECTION('',(0.,0.,-1.));
#3202=DIRECTION('',(0.,1.,0.));
#3203=DIRECTION('',(1.,0.,3.04337451925756E-16));
#3204=DIRECTION('',(3.04337451925756E-16,0.,-1.));
#3205=DIRECTION('',(0.,-1.,0.));
#3206=DIRECTION('',(3.04337451925756E-16,0.,-1.));
#3207=DIRECTION('',(3.04337451925756E-16,0.,-1.));
#3208=DIRECTION('',(0.,-1.,0.));
#3209=DIRECTION('',(1.,0.,0.));
#3210=DIRECTION('',(-1.,0.,-1.21734980770302E-16));
#3211=DIRECTION('',(-0.999847695156391,6.05469415345308E-16,-0.0174524064372811));
#3212=DIRECTION('',(-0.0174524064372811,0.,0.999847695156391));
#3213=DIRECTION('',(-0.999847695156391,6.05469415345308E-16,-0.0174524064372811));
#3214=DIRECTION('',(-0.0174524064372811,0.,0.999847695156391));
#3215=DIRECTION('',(-0.999847695156391,6.05469415345308E-16,-0.0174524064372811));
#3216=DIRECTION('',(-0.0174524064372811,0.,0.999847695156391));
#3217=DIRECTION('',(-0.999847695156391,6.05469415345308E-16,-0.0174524064372811));
#3218=DIRECTION('',(-0.0174524064372811,0.,0.999847695156391));
#3219=DIRECTION('',(0.,0.,-1.));
#3220=DIRECTION('',(1.,0.,0.));
#3221=DIRECTION('',(0.,1.,0.));
#3222=DIRECTION('',(1.,0.,0.));
#3223=DIRECTION('',(0.,1.,0.));
#3224=DIRECTION('',(0.,1.,0.));
#3225=DIRECTION('',(1.,0.,0.));
#3226=DIRECTION('',(0.,1.,0.));
#3227=DIRECTION('',(0.,1.,0.));
#3228=DIRECTION('',(1.,0.,0.));
#3229=DIRECTION('',(0.,1.,0.));
#3230=DIRECTION('',(0.,-1.,0.));
#3231=DIRECTION('',(-1.,0.,0.));
#3232=DIRECTION('',(0.,-1.,0.));
#3233=DIRECTION('',(0.,-1.,0.));
#3234=DIRECTION('',(-1.,0.,0.));
#3235=DIRECTION('',(0.,-1.,0.));
#3236=DIRECTION('',(0.,-1.,0.));
#3237=DIRECTION('',(-1.,0.,0.));
#3238=DIRECTION('',(0.,-1.,0.));
#3239=DIRECTION('',(0.,-1.,0.));
#3240=DIRECTION('',(-1.,0.,0.));
#3241=DIRECTION('',(0.,0.,-1.));
#3242=DIRECTION('',(-1.,0.,0.));
#3243=DIRECTION('',(0.,0.,1.));
#3244=DIRECTION('',(1.,0.,0.));
#3245=DIRECTION('',(0.,0.,-1.));
#3246=DIRECTION('',(-1.,0.,0.));
#3247=DIRECTION('',(0.,0.,-1.));
#3248=DIRECTION('',(-1.,0.,0.));
#3249=DIRECTION('',(0.,0.,1.));
#3250=DIRECTION('',(1.,0.,0.));
#3251=DIRECTION('',(0.,0.,1.));
#3252=DIRECTION('',(1.,0.,0.));
#3253=DIRECTION('',(0.,0.,-1.));
#3254=DIRECTION('',(-1.,0.,0.));
#3255=DIRECTION('',(0.,0.,1.));
#3256=DIRECTION('',(1.,0.,0.));
#3257=DIRECTION('',(0.,0.,-1.));
#3258=DIRECTION('',(-1.,0.,0.));
#3259=DIRECTION('',(0.,0.,1.));
#3260=DIRECTION('',(1.,0.,0.));
#3261=DIRECTION('',(0.,0.,1.));
#3262=DIRECTION('',(1.,0.,0.));
#3263=DIRECTION('',(0.,0.,-1.));
#3264=DIRECTION('',(-1.,0.,0.));
#3265=DIRECTION('',(0.,0.,1.));
#3266=DIRECTION('',(1.,0.,0.));
#3267=DIRECTION('',(0.,0.,-1.));
#3268=DIRECTION('',(-1.,0.,0.));
#3269=DIRECTION('',(0.,0.,1.));
#3270=DIRECTION('',(1.,0.,0.));
#3271=DIRECTION('',(0.,0.,1.));
#3272=DIRECTION('',(1.,0.,0.));
#3273=DIRECTION('',(0.,0.,-1.));
#3274=DIRECTION('',(-1.,0.,0.));
#3275=DIRECTION('',(0.,0.,1.));
#3276=DIRECTION('',(1.,0.,0.));
#3277=DIRECTION('',(0.,0.,-1.));
#3278=DIRECTION('',(-1.,0.,0.));
#3279=DIRECTION('',(0.,0.,-1.));
#3280=DIRECTION('',(-1.,0.,0.));
#3281=DIRECTION('',(0.,0.,1.));
#3282=DIRECTION('',(1.,0.,0.));
#3283=DIRECTION('',(0.,0.,1.));
#3284=DIRECTION('',(1.,0.,0.));
#3285=DIRECTION('',(-1.21734980770302E-16,0.,1.));
#3286=DIRECTION('',(1.,0.,1.21734980770302E-16));
#3287=DIRECTION('',(-1.,0.,-1.21734980770302E-16));
#3288=DIRECTION('',(0.,0.,-1.));
#3289=DIRECTION('',(-1.,0.,0.));
#3290=DIRECTION('',(0.,-1.,0.));
#3291=DIRECTION('',(1.,0.,0.));
#3292=DIRECTION('',(0.,-1.,0.));
#3293=DIRECTION('',(1.,0.,0.));
#3294=DIRECTION('',(0.,0.,-1.));
#3295=DIRECTION('',(0.,0.,1.));
#3296=DIRECTION('',(0.,-1.,0.));
#3297=DIRECTION('',(0.,0.,1.));
#3298=DIRECTION('',(1.,0.,0.));
#3299=DIRECTION('',(-1.,0.,0.));
#3300=DIRECTION('',(0.,-1.,0.));
#3301=DIRECTION('',(1.,0.,0.));
#3302=DIRECTION('',(0.,0.,-1.));
#3303=DIRECTION('',(0.,0.,1.));
#3304=DIRECTION('',(1.,0.,0.));
#3305=DIRECTION('',(0.,0.,-1.));
#3306=DIRECTION('',(0.,0.,-1.));
#3307=DIRECTION('',(0.,1.,0.));
#3308=DIRECTION('',(0.,0.,-1.));
#3309=DIRECTION('',(-1.,0.,0.));
#3310=DIRECTION('',(-1.,0.,0.));
#3311=DIRECTION('',(0.,1.,0.));
#3312=DIRECTION('',(1.,0.,0.));
#3313=DIRECTION('',(0.,0.,-1.));
#3314=DIRECTION('',(0.,0.,-1.));
#3315=DIRECTION('',(0.,0.,1.));
#3316=DIRECTION('',(1.,0.,0.));
#3317=DIRECTION('',(0.,1.,0.));
#3318=DIRECTION('',(1.,0.,0.));
#3319=DIRECTION('',(1.,0.,3.46944695195362E-16));
#3320=DIRECTION('',(3.46944695195362E-16,0.,-1.));
#3321=DIRECTION('',(3.46944695195362E-16,0.,-1.));
#3322=DIRECTION('',(1.,0.,5.42101086242752E-17));
#3323=DIRECTION('',(5.42101086242752E-17,0.,-1.));
#3324=DIRECTION('',(5.42101086242752E-17,0.,-1.));
#3325=DIRECTION('',(0.,1.,0.));
#3326=DIRECTION('',(0.,0.,1.));
#3327=DIRECTION('',(1.,0.,0.));
#3328=DIRECTION('',(1.,0.,0.));
#3329=DIRECTION('',(0.,1.,0.));
#3330=DIRECTION('',(1.,0.,0.));
#3331=DIRECTION('',(0.,0.,-1.));
#3332=DIRECTION('',(0.,0.,-1.));
#3333=DIRECTION('',(0.,0.,1.));
#3334=DIRECTION('',(1.,0.,0.));
#3335=DIRECTION('',(0.,1.,0.));
#3336=DIRECTION('',(1.,0.,0.));
#3337=DIRECTION('',(0.,1.,0.));
#3338=DIRECTION('',(-1.,0.,0.));
#3339=DIRECTION('',(0.,0.,1.));
#3340=DIRECTION('',(0.,0.,1.));
#3341=DIRECTION('',(-1.,0.,-1.7347234759768E-16));
#3342=DIRECTION('',(-1.7347234759768E-16,0.,1.));
#3343=DIRECTION('',(-1.7347234759768E-16,0.,1.));
#3344=DIRECTION('',(1.,0.,0.));
#3345=DIRECTION('',(0.,0.,-1.));
#3346=DIRECTION('',(0.,0.,-1.));
#3347=DIRECTION('',(0.,0.,-1.));
#3348=DIRECTION('',(-1.,0.,0.));
#3349=DIRECTION('',(0.,-1.,0.));
#3350=DIRECTION('',(-1.,0.,0.));
#3351=DIRECTION('',(0.,1.,0.));
#3352=DIRECTION('',(1.,0.,7.88510670898549E-17));
#3353=DIRECTION('',(7.88510670898549E-17,0.,-1.));
#3354=DIRECTION('',(7.88510670898549E-17,0.,-1.));
#3355=DIRECTION('',(-1.,0.,-3.46944695195362E-16));
#3356=DIRECTION('',(-3.46944695195362E-16,0.,1.));
#3357=DIRECTION('',(-3.46944695195362E-16,0.,1.));
#3358=DIRECTION('',(0.,1.,0.));
#3359=DIRECTION('',(0.,0.,1.));
#3360=DIRECTION('',(1.,0.,0.));
#3361=DIRECTION('',(1.,0.,0.));
#3362=DIRECTION('',(0.,1.,0.));
#3363=DIRECTION('',(1.,0.,0.));
#3364=DIRECTION('',(0.,0.,-1.));
#3365=DIRECTION('',(0.,0.,-1.));
#3366=DIRECTION('',(1.,0.,0.));
#3367=DIRECTION('',(0.,0.,-1.));
#3368=DIRECTION('',(0.,0.,-1.));
#3369=DIRECTION('',(0.,1.,0.));
#3370=DIRECTION('',(0.,0.,1.));
#3371=DIRECTION('',(1.,0.,0.));
#3372=DIRECTION('',(1.,0.,0.));
#3373=DIRECTION('',(0.,1.,0.));
#3374=DIRECTION('',(0.,1.,0.));
#3375=DIRECTION('',(1.,0.,0.));
#3376=DIRECTION('',(0.,0.,-1.));
#3377=DIRECTION('',(0.,0.,-1.));
#3378=DIRECTION('',(0.,-1.,0.));
#3379=DIRECTION('',(-1.,0.,0.));
#3380=DIRECTION('',(0.,0.,1.));
#3381=DIRECTION('',(0.,0.,1.));
#3382=DIRECTION('',(0.,0.,-1.));
#3383=DIRECTION('',(-1.,0.,0.));
#3384=DIRECTION('',(-1.,0.,0.));
#3385=DIRECTION('',(0.,-1.,0.));
#3386=DIRECTION('',(0.,0.,-1.));
#3387=DIRECTION('',(1.,0.,0.));
#3388=DIRECTION('',(0.,0.,-1.));
#3389=DIRECTION('',(0.,0.,1.));
#3390=DIRECTION('',(0.,-1.,0.));
#3391=DIRECTION('',(-2.16840434497101E-16,0.,-1.));
#3392=DIRECTION('',(-1.,0.,2.16840434497101E-16));
#3393=DIRECTION('',(1.,0.,-2.16840434497101E-16));
#3394=DIRECTION('',(0.,-1.,0.));
#3395=DIRECTION('',(0.,-1.,0.));
#3396=DIRECTION('',(1.,0.,-3.46944695195362E-16));
#3397=DIRECTION('',(-3.46944695195362E-16,0.,-1.));
#3398=DIRECTION('',(3.46944695195362E-16,0.,1.));
#3399=DIRECTION('',(0.,-1.,0.));
#3400=DIRECTION('',(1.,0.,-3.46944695195362E-16));
#3401=DIRECTION('',(-3.46944695195362E-16,0.,-1.));
#3402=DIRECTION('',(3.46944695195362E-16,0.,1.));
#3403=DIRECTION('',(0.,0.,1.));
#3404=DIRECTION('',(1.,0.,0.));
#3405=DIRECTION('',(-1.,0.,0.));
#3406=DIRECTION('',(1.,0.,-1.84314369322536E-16));
#3407=DIRECTION('',(-1.84314369322536E-16,0.,-1.));
#3408=DIRECTION('',(1.84314369322536E-16,0.,1.));
#3409=DIRECTION('',(0.,1.,0.));
#3410=DIRECTION('',(0.,-1.,0.));
#3411=DIRECTION('',(-1.,0.,3.46944695195362E-16));
#3412=DIRECTION('',(3.46944695195362E-16,0.,1.));
#3413=DIRECTION('',(-3.46944695195362E-16,0.,-1.));
#3414=DIRECTION('',(0.,-1.,0.));
#3415=DIRECTION('',(-1.,0.,1.7347234759768E-16));
#3416=DIRECTION('',(1.7347234759768E-16,0.,1.));
#3417=DIRECTION('',(-1.7347234759768E-16,0.,-1.));
#3418=DIRECTION('',(0.,0.,-1.));
#3419=DIRECTION('',(-1.,0.,0.));
#3420=DIRECTION('',(1.,0.,0.));
#3421=DIRECTION('',(0.,-1.,0.));
#3422=DIRECTION('',(1.,0.,-1.7347234759768E-16));
#3423=DIRECTION('',(-1.7347234759768E-16,0.,-1.));
#3424=DIRECTION('',(1.7347234759768E-16,0.,1.));
#3425=DIRECTION('',(0.,0.,-1.));
#3426=DIRECTION('',(-1.,0.,0.));
#3427=DIRECTION('',(1.,0.,0.));
#3428=DIRECTION('',(0.,0.,1.));
#3429=DIRECTION('',(1.,0.,0.));
#3430=DIRECTION('',(-1.,0.,0.));
#3431=DIRECTION('',(0.,-1.,0.));
#3432=DIRECTION('',(0.,-1.,0.));
#3433=DIRECTION('',(-1.,0.,3.46944695195362E-16));
#3434=DIRECTION('',(3.46944695195362E-16,0.,1.));
#3435=DIRECTION('',(-3.46944695195362E-16,0.,-1.));
#3436=DIRECTION('',(0.,1.,0.));
#3437=DIRECTION('',(-1.,0.,0.));
#3438=DIRECTION('',(0.,0.,1.));
#3439=DIRECTION('',(0.,0.,-1.));
#3440=DIRECTION('',(0.,-1.,0.));
#3441=DIRECTION('',(1.,0.,0.));
#3442=DIRECTION('',(0.,0.,-1.));
#3443=DIRECTION('',(0.,0.,1.));
#3444=DIRECTION('',(0.,0.,-1.));
#3445=DIRECTION('',(-1.,0.,0.));
#3446=DIRECTION('',(1.,0.,0.));
#3447=DIRECTION('',(1.,0.,-8.67361737988404E-17));
#3448=DIRECTION('',(-8.67361737988404E-17,0.,-1.));
#3449=DIRECTION('',(8.67361737988404E-17,0.,1.));
#3450=DIRECTION('',(1.,0.,0.));
#3451=DIRECTION('',(0.,0.,-1.));
#3452=DIRECTION('',(0.,0.,1.));
#3453=DIRECTION('',(0.,-1.,0.));
#3454=DIRECTION('',(1.,0.,0.));
#3455=DIRECTION('',(0.,0.,-1.));
#3456=DIRECTION('',(0.,0.,1.));
#3457=DIRECTION('',(0.,0.,1.));
#3458=DIRECTION('',(1.,0.,0.));
#3459=DIRECTION('',(-1.,0.,0.));
#3460=DIRECTION('',(0.,-1.,0.));
#3461=DIRECTION('',(0.,-1.,0.));
#3462=DIRECTION('',(-1.,0.,0.));
#3463=DIRECTION('',(0.,0.,1.));
#3464=DIRECTION('',(0.,0.,-1.));
#3465=DIRECTION('',(0.,1.,0.));
#3466=DIRECTION('',(1.,0.,0.));
#3467=DIRECTION('',(0.,0.,-1.));
#3468=DIRECTION('',(0.,0.,1.));
#3469=DIRECTION('',(0.,0.,-1.));
#3470=DIRECTION('',(-1.,0.,0.));
#3471=DIRECTION('',(1.,0.,0.));
#3472=DIRECTION('',(0.,1.,0.));
#3473=DIRECTION('',(0.,0.,1.));
#3474=DIRECTION('',(0.,0.,1.));
#3475=DIRECTION('',(1.,0.,0.));
#3476=DIRECTION('',(0.,0.,1.));
#3477=DIRECTION('',(0.,0.,-1.));
#3478=DIRECTION('',(-1.,0.,0.));
#3479=DIRECTION('',(0.,0.,1.));
#3480=DIRECTION('',(0.,1.,0.));
#3481=DIRECTION('',(0.,0.,1.));
#3482=DIRECTION('',(0.,0.,1.));
#3483=DIRECTION('',(-1.,0.,0.));
#3484=DIRECTION('',(0.,0.,1.));
#3485=DIRECTION('',(1.,0.,0.));
#3486=DIRECTION('',(0.,0.,1.));
#3487=DIRECTION('',(0.,0.,-1.));
#3488=DIRECTION('',(-1.,0.,0.));
#3489=DIRECTION('',(0.,1.,0.));
#3490=DIRECTION('',(0.,0.,1.));
#3491=DIRECTION('',(-1.,0.,0.));
#3492=DIRECTION('',(0.,1.,0.));
#3493=DIRECTION('',(0.,0.,1.));
#3494=DIRECTION('',(-1.,0.,0.));
#3495=DIRECTION('',(0.,0.,-1.));
#3496=DIRECTION('',(1.,0.,0.));
#3497=DIRECTION('',(0.,0.,-1.));
#3498=DIRECTION('',(1.,0.,0.));
#3499=DIRECTION('',(0.,0.,-1.));
#3500=DIRECTION('',(-1.,0.,0.));
#3501=DIRECTION('',(0.,-1.,0.));
#3502=DIRECTION('',(0.,0.,-1.));
#3503=DIRECTION('',(-1.,0.,0.));
#3504=DIRECTION('',(1.,0.,0.));
#3505=DIRECTION('',(0.,0.,-1.));
#3506=DIRECTION('',(-1.,0.,0.));
#3507=DIRECTION('',(0.,1.,0.));
#3508=DIRECTION('',(0.,0.,-1.));
#3509=DIRECTION('',(1.,0.,0.));
#3510=DIRECTION('',(0.,0.,1.));
#3511=DIRECTION('',(1.,0.,0.));
#3512=DIRECTION('',(0.,1.,0.));
#3513=DIRECTION('',(0.,0.,-1.));
#3514=DIRECTION('',(-1.,0.,0.));
#3515=DIRECTION('',(1.,0.,0.));
#3516=DIRECTION('',(0.,0.,-1.));
#3517=DIRECTION('',(-1.,0.,0.));
#3518=DIRECTION('',(0.,-1.,0.));
#3519=DIRECTION('',(-1.,0.,0.));
#3520=DIRECTION('',(0.,0.,1.));
#3521=DIRECTION('',(0.,0.,1.));
#3522=DIRECTION('',(0.,0.,1.));
#3523=DIRECTION('',(1.,0.,0.));
#3524=DIRECTION('',(0.,0.,1.));
#3525=DIRECTION('',(0.,-1.,0.));
#3526=DIRECTION('',(0.,0.,-1.));
#3527=DIRECTION('',(0.,0.,1.));
#3528=DIRECTION('',(0.,0.,1.));
#3529=DIRECTION('',(1.,0.,0.));
#3530=DIRECTION('',(0.,0.,1.));
#3531=DIRECTION('',(1.,0.,0.));
#3532=DIRECTION('',(0.,0.,-1.));
#3533=DIRECTION('',(0.,0.,-1.));
#3534=DIRECTION('',(1.,0.,0.));
#3535=DIRECTION('',(0.,0.,1.));
#3536=DIRECTION('',(1.,0.,0.));
#3537=CARTESIAN_POINT('',(0.,0.,0.));
#3538=CARTESIAN_POINT('',(-0.00617381855845452,0.00158116951584817,-0.11));
#3539=CARTESIAN_POINT('',(0.0265996314585209,0.0245811695158481,-0.11));
#3540=CARTESIAN_POINT('',(0.0250996314585209,0.0245811695158481,-0.11));
#3541=CARTESIAN_POINT('',(-0.0434003685414791,0.0245811695158481,-0.11));
#3542=CARTESIAN_POINT('',(-0.0449003685414791,0.0245811695158481,-0.11));
#3543=CARTESIAN_POINT('',(-0.0434003685414791,-0.0214188304841518,-0.11));
#3544=CARTESIAN_POINT('',(-0.0456364365189789,-0.0234188304841518,-0.11));
#3545=CARTESIAN_POINT('',(-0.0411643005639794,-0.0234188304841518,-0.11));
#3546=CARTESIAN_POINT('',(-0.0509051275387167,-0.0234188304841518,-0.11));
#3547=CARTESIAN_POINT('',(-0.0561738185584545,-0.0234188304841518,-0.11));
#3548=CARTESIAN_POINT('',(-0.0561738185584545,0.0170811695158481,-0.11));
#3549=CARTESIAN_POINT('',(-0.0561738185584545,0.0265811695158482,-0.11));
#3550=CARTESIAN_POINT('',(-0.0461738185584545,0.0265811695158482,-0.11));
#3551=CARTESIAN_POINT('',(-0.0461738185584545,0.0365811695158482,-0.11));
#3552=CARTESIAN_POINT('',(-0.00617381855845452,0.0365811695158482,-0.11));
#3553=CARTESIAN_POINT('',(0.0338261814415455,0.0365811695158482,-0.11));
#3554=CARTESIAN_POINT('',(0.0338261814415455,0.0265811695158482,-0.11));
#3555=CARTESIAN_POINT('',(0.0438261814415455,0.0265811695158482,-0.11));
#3556=CARTESIAN_POINT('',(0.0438261814415455,0.0170811695158481,-0.11));
#3557=CARTESIAN_POINT('',(0.0438261814415455,-0.0234188304841518,-0.11));
#3558=CARTESIAN_POINT('',(0.0363309404387831,-0.0234188304841518,-0.11));
#3559=CARTESIAN_POINT('',(0.0288356994360207,-0.0234188304841518,-0.11));
#3560=CARTESIAN_POINT('',(0.0265996314585209,-0.0214188304841519,-0.11));
#3561=CARTESIAN_POINT('',(0.0243635634810211,-0.0234188304841518,-0.11));
#3562=CARTESIAN_POINT('',(-0.00840036854147911,-0.0234188304841518,-0.11));
#3563=CARTESIAN_POINT('',(-0.00617381855845452,0.0295811695158481,-0.046));
#3564=CARTESIAN_POINT('',(0.0308261814415455,0.0295811695158481,-0.009));
#3565=CARTESIAN_POINT('',(0.0198261814415455,0.0295811695158481,-0.009));
#3566=CARTESIAN_POINT('',(0.0218261814415455,0.0295811695158481,-0.009));
#3567=CARTESIAN_POINT('',(0.0218261814415455,0.0295811695158481,0.003));
#3568=CARTESIAN_POINT('',(0.0218261814415455,0.0295811695158481,0.013));
#3569=CARTESIAN_POINT('',(0.0258261814415455,0.0295811695158481,0.013));
#3570=CARTESIAN_POINT('',(0.0298261814415455,0.0295811695158481,0.013));
#3571=CARTESIAN_POINT('',(0.0298261814415455,0.0295811695158481,0.003));
#3572=CARTESIAN_POINT('',(0.0298261814415455,0.0295811695158481,-0.009));
#3573=CARTESIAN_POINT('',(0.0308261814415455,0.0295811695158481,-0.009));
#3574=CARTESIAN_POINT('',(0.0318261814415455,0.0295811695158481,-0.009));
#3575=CARTESIAN_POINT('',(0.0318261814415455,0.0295811695158481,-0.11));
#3576=CARTESIAN_POINT('',(0.0318261814415455,0.0295811695158481,0.015));
#3577=CARTESIAN_POINT('',(-0.0018531043441831,0.0295811695158481,0.015));
#3578=CARTESIAN_POINT('',(0.0198261814415455,0.0295811695158481,0.015));
#3579=CARTESIAN_POINT('',(0.0198261814415455,0.0295811695158481,0.003));
#3580=CARTESIAN_POINT('',(-0.00617381855845452,0.0295811695158481,-0.046));
#3581=CARTESIAN_POINT('',(0.00285433483682573,0.0295811695158481,-0.009));
#3582=CARTESIAN_POINT('',(-0.00314566516317427,0.0295811695158481,-0.009));
#3583=CARTESIAN_POINT('',(-0.00114566516317427,0.0295811695158481,-0.009));
#3584=CARTESIAN_POINT('',(-0.00114566516317427,0.0295811695158481,0.003));
#3585=CARTESIAN_POINT('',(-0.00114566516317427,0.0295811695158481,0.013));
#3586=CARTESIAN_POINT('',(0.00285433483682573,0.0295811695158481,0.013));
#3587=CARTESIAN_POINT('',(0.00685433483682572,0.0295811695158481,0.013));
#3588=CARTESIAN_POINT('',(0.00685433483682573,0.0295811695158481,0.003));
#3589=CARTESIAN_POINT('',(0.00685433483682573,0.0295811695158481,-0.009));
#3590=CARTESIAN_POINT('',(0.00285433483682573,0.0295811695158481,-0.009));
#3591=CARTESIAN_POINT('',(0.00885433483682573,0.0295811695158481,-0.009));
#3592=CARTESIAN_POINT('',(0.00885433483682573,0.0295811695158481,-0.008));
#3593=CARTESIAN_POINT('',(0.00885433483682573,0.0295811695158481,0.015));
#3594=CARTESIAN_POINT('',(-0.0018531043441831,0.0295811695158481,0.015));
#3595=CARTESIAN_POINT('',(-0.00314566516317428,0.0295811695158481,0.015));
#3596=CARTESIAN_POINT('',(-0.00314566516317427,0.0295811695158481,-0.008));
#3597=CARTESIAN_POINT('',(-0.00617381855845452,0.0295811695158481,-0.046));
#3598=CARTESIAN_POINT('',(-0.0156219318120381,0.0295811695158481,-0.009));
#3599=CARTESIAN_POINT('',(-0.0206219318120381,0.0295811695158481,-0.009));
#3600=CARTESIAN_POINT('',(-0.0226219318120381,0.0295811695158481,-0.009));
#3601=CARTESIAN_POINT('',(-0.0206219318120381,0.0295811695158481,0.003));
#3602=CARTESIAN_POINT('',(-0.0206219318120381,0.0295811695158481,0.013));
#3603=CARTESIAN_POINT('',(-0.0166219318120381,0.0295811695158481,0.013));
#3604=CARTESIAN_POINT('',(-0.012621931812038,0.0295811695158481,0.013));
#3605=CARTESIAN_POINT('',(-0.012621931812038,0.0295811695158481,0.003));
#3606=CARTESIAN_POINT('',(-0.012621931812038,0.0295811695158481,-0.009));
#3607=CARTESIAN_POINT('',(-0.0156219318120381,0.0295811695158481,-0.009));
#3608=CARTESIAN_POINT('',(-0.010621931812038,0.0295811695158481,-0.009));
#3609=CARTESIAN_POINT('',(-0.010621931812038,0.0295811695158481,0.004));
#3610=CARTESIAN_POINT('',(-0.010621931812038,0.0295811695158481,0.015));
#3611=CARTESIAN_POINT('',(-0.0018531043441831,0.0295811695158481,0.015));
#3612=CARTESIAN_POINT('',(-0.0226219318120381,0.0295811695158481,0.015));
#3613=CARTESIAN_POINT('',(-0.0226219318120381,0.0295811695158481,0.014));
#3614=CARTESIAN_POINT('',(-0.00617381855845452,0.0295811695158481,-0.046));
#3615=CARTESIAN_POINT('',(-0.0351738185584545,0.0295811695158481,-0.009));
#3616=CARTESIAN_POINT('',(-0.0401738185584545,0.0295811695158481,-0.009));
#3617=CARTESIAN_POINT('',(-0.0421738185584545,0.0295811695158481,-0.009));
#3618=CARTESIAN_POINT('',(-0.0401738185584545,0.0295811695158481,0.003));
#3619=CARTESIAN_POINT('',(-0.0401738185584545,0.0295811695158481,0.013));
#3620=CARTESIAN_POINT('',(-0.0361738185584545,0.0295811695158481,0.013));
#3621=CARTESIAN_POINT('',(-0.0321738185584545,0.0295811695158481,0.013));
#3622=CARTESIAN_POINT('',(-0.0321738185584545,0.0295811695158481,0.003));
#3623=CARTESIAN_POINT('',(-0.0321738185584545,0.0295811695158481,-0.009));
#3624=CARTESIAN_POINT('',(-0.0351738185584545,0.0295811695158481,-0.009));
#3625=CARTESIAN_POINT('',(-0.0301738185584545,0.0295811695158481,-0.009));
#3626=CARTESIAN_POINT('',(-0.0301738185584545,0.0295811695158481,-0.008));
#3627=CARTESIAN_POINT('',(-0.0301738185584545,0.0295811695158481,0.015));
#3628=CARTESIAN_POINT('',(-0.0018531043441831,0.0295811695158481,0.015));
#3629=CARTESIAN_POINT('',(-0.0421738185584545,0.0295811695158481,0.015));
#3630=CARTESIAN_POINT('',(-0.0421738185584545,0.0295811695158481,-0.11));
#3631=CARTESIAN_POINT('',(0.0308261814415455,0.0295811695158481,-0.009));
#3632=CARTESIAN_POINT('',(0.0218261814415455,0.0295811695158481,-0.009));
#3633=CARTESIAN_POINT('',(0.0218261814415455,0.0335811695158481,-0.009));
#3634=CARTESIAN_POINT('',(0.0198261814415455,0.0295811695158481,-0.009));
#3635=CARTESIAN_POINT('',(0.0198261814415455,0.0335811695158481,-0.009));
#3636=CARTESIAN_POINT('',(0.0308261814415455,0.0335811695158481,-0.009));
#3637=CARTESIAN_POINT('',(0.00285433483682573,0.0295811695158481,-0.009));
#3638=CARTESIAN_POINT('',(-0.00114566516317427,0.0295811695158481,-0.009));
#3639=CARTESIAN_POINT('',(-0.00114566516317427,0.0335811695158481,-0.009));
#3640=CARTESIAN_POINT('',(-0.00314566516317427,0.0295811695158481,-0.009));
#3641=CARTESIAN_POINT('',(-0.00314566516317427,0.0335811695158481,-0.009));
#3642=CARTESIAN_POINT('',(0.00285433483682573,0.0335811695158481,-0.009));
#3643=CARTESIAN_POINT('',(-0.0156219318120381,0.0295811695158481,-0.009));
#3644=CARTESIAN_POINT('',(-0.0156219318120381,0.0335811695158481,-0.009));
#3645=CARTESIAN_POINT('',(-0.0206219318120381,0.0335811695158481,-0.009));
#3646=CARTESIAN_POINT('',(-0.0226219318120381,0.0335811695158481,-0.009));
#3647=CARTESIAN_POINT('',(-0.0206219318120381,0.0295811695158481,-0.009));
#3648=CARTESIAN_POINT('',(-0.0226219318120381,0.0295811695158481,-0.009));
#3649=CARTESIAN_POINT('',(-0.0351738185584545,0.0295811695158481,-0.009));
#3650=CARTESIAN_POINT('',(-0.0351738185584545,0.0335811695158481,-0.009));
#3651=CARTESIAN_POINT('',(-0.0401738185584545,0.0335811695158481,-0.009));
#3652=CARTESIAN_POINT('',(-0.0421738185584545,0.0335811695158481,-0.009));
#3653=CARTESIAN_POINT('',(-0.0401738185584545,0.0295811695158481,-0.009));
#3654=CARTESIAN_POINT('',(-0.0421738185584545,0.0295811695158481,-0.009));
#3655=CARTESIAN_POINT('',(0.030854105877314,-0.0264188304841518,-0.00900007026854356));
#3656=CARTESIAN_POINT('',(0.029854105877314,-0.0264188304841518,-0.00900007026854356));
#3657=CARTESIAN_POINT('',(0.029854105877314,-0.0264188304841518,-0.00900007026854356));
#3658=CARTESIAN_POINT('',(0.029854105877314,-0.0304188304841518,-0.00900007026854356));
#3659=CARTESIAN_POINT('',(0.030854105877314,-0.0264188304841518,-0.00900007026854356));
#3660=CARTESIAN_POINT('',(0.0318261814415455,-0.0264188304841518,-0.00900007026854356));
#3661=CARTESIAN_POINT('',(0.0318261814415455,-0.0264188304841518,-0.00900007026854356));
#3662=CARTESIAN_POINT('',(0.0318261814415455,-0.0304188304841518,-0.00900007026854356));
#3663=CARTESIAN_POINT('',(0.030854105877314,-0.0304188304841518,-0.00900007026854356));
#3664=CARTESIAN_POINT('',(-0.00617381855845452,-0.0264188304841518,-0.0455000351342718));
#3665=CARTESIAN_POINT('',(0.029854105877314,-0.0264188304841518,0.00299992973145643));
#3666=CARTESIAN_POINT('',(0.029854105877314,-0.0264188304841518,0.0129999297314564));
#3667=CARTESIAN_POINT('',(0.025854105877314,-0.0264188304841518,0.0129999297314564));
#3668=CARTESIAN_POINT('',(0.021854105877314,-0.0264188304841518,0.0129999297314564));
#3669=CARTESIAN_POINT('',(0.021854105877314,-0.0264188304841518,0.00299992973145643));
#3670=CARTESIAN_POINT('',(0.021854105877314,-0.0264188304841518,-0.00900007026854356));
#3671=CARTESIAN_POINT('',(0.030854105877314,-0.0264188304841518,-0.00900007026854356));
#3672=CARTESIAN_POINT('',(0.019854105877314,-0.0264188304841518,-0.00900007026854356));
#3673=CARTESIAN_POINT('',(0.019854105877314,-0.0264188304841518,-0.00800007026854356));
#3674=CARTESIAN_POINT('',(0.019854105877314,-0.0264188304841518,0.014999991216432));
#3675=CARTESIAN_POINT('',(-0.040494532772726,-0.0264188304841518,0.015));
#3676=CARTESIAN_POINT('',(0.0318261814415455,-0.0264188304841518,0.015));
#3677=CARTESIAN_POINT('',(0.0318261814415455,-0.0264188304841518,-0.11));
#3678=CARTESIAN_POINT('',(0.00188225927259422,-0.0264188304841518,-0.00900007026854356));
#3679=CARTESIAN_POINT('',(0.00188225927259422,-0.0304188304841518,-0.00900007026854356));
#3680=CARTESIAN_POINT('',(0.00688225927259421,-0.0304188304841518,-0.00900007026854356));
#3681=CARTESIAN_POINT('',(0.00888225927259422,-0.0304188304841518,-0.00900007026854356));
#3682=CARTESIAN_POINT('',(0.00688225927259421,-0.0264188304841518,-0.00900007026854356));
#3683=CARTESIAN_POINT('',(0.00688225927259421,-0.0264188304841518,-0.00900007026854356));
#3684=CARTESIAN_POINT('',(0.00188225927259422,-0.0264188304841518,-0.00900007026854356));
#3685=CARTESIAN_POINT('',(0.00888225927259422,-0.0264188304841518,-0.00900007026854356));
#3686=CARTESIAN_POINT('',(0.00888225927259422,-0.0264188304841518,-0.00900007026854356));
#3687=CARTESIAN_POINT('',(-0.00617381855845452,-0.0264188304841518,-0.0455000351342718));
#3688=CARTESIAN_POINT('',(0.00688225927259421,-0.0264188304841518,0.00299992973145644));
#3689=CARTESIAN_POINT('',(0.00688225927259422,-0.0264188304841518,0.0129999297314564));
#3690=CARTESIAN_POINT('',(0.00288225927259422,-0.0264188304841518,0.0129999297314564));
#3691=CARTESIAN_POINT('',(-0.00111774072740578,-0.0264188304841518,0.0129999297314564));
#3692=CARTESIAN_POINT('',(-0.00111774072740578,-0.0264188304841518,0.00299992973145644));
#3693=CARTESIAN_POINT('',(-0.00111774072740578,-0.0264188304841518,-0.00900007026854356));
#3694=CARTESIAN_POINT('',(0.00188225927259422,-0.0264188304841518,-0.00900007026854356));
#3695=CARTESIAN_POINT('',(-0.00311774072740579,-0.0264188304841518,-0.00900007026854356));
#3696=CARTESIAN_POINT('',(-0.00311774072740579,-0.0264188304841518,0.00299992973145644));
#3697=CARTESIAN_POINT('',(-0.00311774072740578,-0.0264188304841518,0.014999991216432));
#3698=CARTESIAN_POINT('',(-0.040494532772726,-0.0264188304841518,0.015));
#3699=CARTESIAN_POINT('',(0.00888225927259422,-0.0264188304841518,0.014999991216432));
#3700=CARTESIAN_POINT('',(0.00888225927259422,-0.0264188304841518,0.00299992973145644));
#3701=CARTESIAN_POINT('',(-0.0215940073762695,-0.0264188304841518,-0.00900007026854356));
#3702=CARTESIAN_POINT('',(-0.0215940073762695,-0.0304188304841518,-0.00900007026854356));
#3703=CARTESIAN_POINT('',(-0.0125940073762695,-0.0304188304841518,-0.00900007026854356));
#3704=CARTESIAN_POINT('',(-0.0105940073762695,-0.0304188304841518,-0.00900007026854356));
#3705=CARTESIAN_POINT('',(-0.0125940073762695,-0.0264188304841518,-0.00900007026854356));
#3706=CARTESIAN_POINT('',(-0.0125940073762695,-0.0264188304841518,-0.00900007026854355));
#3707=CARTESIAN_POINT('',(-0.0215940073762695,-0.0264188304841518,-0.00900007026854356));
#3708=CARTESIAN_POINT('',(-0.0105940073762695,-0.0264188304841518,-0.00900007026854356));
#3709=CARTESIAN_POINT('',(-0.0105940073762695,-0.0264188304841518,-0.00900007026854356));
#3710=CARTESIAN_POINT('',(-0.00617381855845452,-0.0264188304841518,-0.0455000351342718));
#3711=CARTESIAN_POINT('',(-0.0125940073762695,-0.0264188304841518,0.00299992973145644));
#3712=CARTESIAN_POINT('',(-0.0125940073762695,-0.0264188304841518,0.0129999297314564));
#3713=CARTESIAN_POINT('',(-0.0165940073762696,-0.0264188304841518,0.0129999297314564));
#3714=CARTESIAN_POINT('',(-0.0205940073762696,-0.0264188304841518,0.0129999297314564));
#3715=CARTESIAN_POINT('',(-0.0205940073762696,-0.0264188304841518,0.00299992973145645));
#3716=CARTESIAN_POINT('',(-0.0205940073762696,-0.0264188304841518,-0.00900007026854355));
#3717=CARTESIAN_POINT('',(-0.0215940073762695,-0.0264188304841518,-0.00900007026854356));
#3718=CARTESIAN_POINT('',(-0.0225940073762695,-0.0264188304841518,-0.00900007026854356));
#3719=CARTESIAN_POINT('',(-0.0225940073762695,-0.0264188304841518,0.00299992973145645));
#3720=CARTESIAN_POINT('',(-0.0225940073762695,-0.0264188304841518,0.0149999912164321));
#3721=CARTESIAN_POINT('',(-0.040494532772726,-0.0264188304841518,0.015));
#3722=CARTESIAN_POINT('',(-0.0105940073762695,-0.0264188304841518,0.014999991216432));
#3723=CARTESIAN_POINT('',(-0.0105940073762695,-0.0264188304841518,0.0139999297314564));
#3724=CARTESIAN_POINT('',(-0.037145894122686,-0.0264188304841518,-0.00900007026854355));
#3725=CARTESIAN_POINT('',(-0.037145894122686,-0.0304188304841518,-0.00900007026854355));
#3726=CARTESIAN_POINT('',(-0.0321458941226861,-0.0304188304841518,-0.00900007026854355));
#3727=CARTESIAN_POINT('',(-0.0301458941226861,-0.0304188304841518,-0.00900007026854356));
#3728=CARTESIAN_POINT('',(-0.0321458941226861,-0.0264188304841518,-0.00900007026854355));
#3729=CARTESIAN_POINT('',(-0.0321458941226861,-0.0264188304841518,-0.00900007026854355));
#3730=CARTESIAN_POINT('',(-0.037145894122686,-0.0264188304841518,-0.00900007026854355));
#3731=CARTESIAN_POINT('',(-0.0301458941226861,-0.0264188304841518,-0.00900007026854355));
#3732=CARTESIAN_POINT('',(-0.0301458941226861,-0.0264188304841518,-0.00900007026854355));
#3733=CARTESIAN_POINT('',(-0.00617381855845452,-0.0264188304841518,-0.0455000351342718));
#3734=CARTESIAN_POINT('',(-0.0321458941226861,-0.0264188304841518,0.00299992973145645));
#3735=CARTESIAN_POINT('',(-0.0321458941226861,-0.0264188304841518,0.0129999297314564));
#3736=CARTESIAN_POINT('',(-0.036145894122686,-0.0264188304841518,0.0129999297314564));
#3737=CARTESIAN_POINT('',(-0.0401458941226861,-0.0264188304841518,0.0129999297314564));
#3738=CARTESIAN_POINT('',(-0.0401458941226861,-0.0264188304841518,0.00299992973145645));
#3739=CARTESIAN_POINT('',(-0.0401458941226861,-0.0264188304841518,-0.00900007026854355));
#3740=CARTESIAN_POINT('',(-0.037145894122686,-0.0264188304841518,-0.00900007026854355));
#3741=CARTESIAN_POINT('',(-0.042145894122686,-0.0264188304841518,-0.00900007026854355));
#3742=CARTESIAN_POINT('',(-0.042145894122686,-0.0264188304841518,-0.00800007026854356));
#3743=CARTESIAN_POINT('',(-0.042145894122686,-0.0264188304841518,0.014999991216432));
#3744=CARTESIAN_POINT('',(-0.040494532772726,-0.0264188304841518,0.015));
#3745=CARTESIAN_POINT('',(-0.0301458941226861,-0.0264188304841518,0.0149999912164321));
#3746=CARTESIAN_POINT('',(-0.0301458941226861,-0.0264188304841518,0.0139999297314564));
#3747=CARTESIAN_POINT('',(0.0318261814415455,-0.0159188304841518,-0.01));
#3748=CARTESIAN_POINT('',(0.0318261814415455,-0.0159188304841518,0.015));
#3749=CARTESIAN_POINT('',(0.0318261814415455,0.0295811695158481,-0.009));
#3750=CARTESIAN_POINT('',(0.0318261814415455,0.0335811695158481,-0.009));
#3751=CARTESIAN_POINT('',(0.0318261814415455,0.0335811695158481,-0.11));
#3752=CARTESIAN_POINT('',(0.0318261814415455,0.0335811695158481,-0.01));
#3753=CARTESIAN_POINT('',(0.0318261814415455,-0.0159188304841518,-0.01));
#3754=CARTESIAN_POINT('',(0.0318261814415455,-0.0304188304841518,-0.01));
#3755=CARTESIAN_POINT('',(0.0318261814415455,-0.0304188304841518,-0.11));
#3756=CARTESIAN_POINT('',(-0.0311738185584545,0.0295811695158481,-0.0785));
#3757=CARTESIAN_POINT('',(-0.0311738185584545,0.0315811695158481,-0.097));
#3758=CARTESIAN_POINT('',(-0.0311738185584545,0.0295811695158481,-0.097));
#3759=CARTESIAN_POINT('',(-0.0311738185584545,0.0335811695158481,-0.097));
#3760=CARTESIAN_POINT('',(-0.0311738185584545,0.0295811695158481,-0.0785));
#3761=CARTESIAN_POINT('',(-0.0311738185584545,0.0295811695158481,-0.05));
#3762=CARTESIAN_POINT('',(-0.0311738185584545,0.0295811695158481,-0.05));
#3763=CARTESIAN_POINT('',(-0.0311738185584545,0.0335811695158481,-0.05));
#3764=CARTESIAN_POINT('',(-0.0311738185584545,0.0335811695158481,-0.0785));
#3765=CARTESIAN_POINT('',(-0.0458152469869974,-0.0229188304841518,-0.11));
#3766=CARTESIAN_POINT('',(-0.0533152469869974,-0.0229188304841518,-0.11));
#3767=CARTESIAN_POINT('',(-0.0533152469869974,-0.0229188304841518,-0.107));
#3768=CARTESIAN_POINT('',(-0.0533152469869974,-0.0229188304841518,-0.01));
#3769=CARTESIAN_POINT('',(-0.0458152469869974,-0.0229188304841518,-0.01));
#3770=CARTESIAN_POINT('',(-0.0458152469869974,-0.0304188304841518,-0.01));
#3771=CARTESIAN_POINT('',(-0.0458152469869974,-0.0304188304841518,-0.11));
#3772=CARTESIAN_POINT('',(-0.0458152469869974,-0.0304188304841518,-0.107));
#3773=CARTESIAN_POINT('',(-0.0458152469869974,-0.0229188304841518,-0.107));
#3774=CARTESIAN_POINT('',(0.0334676098700884,-0.0229188304841518,-0.11));
#3775=CARTESIAN_POINT('',(0.0334676098700884,-0.0304188304841518,-0.11));
#3776=CARTESIAN_POINT('',(0.0334676098700884,-0.0304188304841518,-0.107));
#3777=CARTESIAN_POINT('',(0.0334676098700884,-0.0304188304841518,-0.01));
#3778=CARTESIAN_POINT('',(0.0334676098700884,-0.0229188304841518,-0.01));
#3779=CARTESIAN_POINT('',(0.0409676098700884,-0.0229188304841518,-0.01));
#3780=CARTESIAN_POINT('',(0.0409676098700884,-0.0229188304841518,-0.11));
#3781=CARTESIAN_POINT('',(0.0409676098700884,-0.0229188304841518,-0.107));
#3782=CARTESIAN_POINT('',(0.0334676098700884,-0.0229188304841518,-0.107));
#3783=CARTESIAN_POINT('',(0.0409676098700884,0.00158116951584817,-0.11));
#3784=CARTESIAN_POINT('',(0.0409676098700884,-0.0114188304841519,-0.0640048775773475));
#3785=CARTESIAN_POINT('',(0.0409676098700884,-0.0114188304841518,-0.0660051822334353));
#3786=CARTESIAN_POINT('',(0.0409676098700884,0.0145811695158481,-0.0640048775773475));
#3787=CARTESIAN_POINT('',(0.0409676098700884,0.0145811695158482,-0.0660051822334353));
#3788=CARTESIAN_POINT('',(0.0409676098700884,0.00158116951584817,-0.01));
#3789=CARTESIAN_POINT('',(0.0409676098700884,0.0260811695158482,-0.01));
#3790=CARTESIAN_POINT('',(0.0409676098700884,0.0260811695158482,-0.11));
#3791=CARTESIAN_POINT('',(0.0409676098700884,0.0260811695158482,-0.107));
#3792=CARTESIAN_POINT('',(0.0409676098700884,0.00158116951584817,-0.107));
#3793=CARTESIAN_POINT('',(0.0334676098700884,0.0260811695158482,-0.11));
#3794=CARTESIAN_POINT('',(0.0334676098700884,0.0260811695158482,-0.01));
#3795=CARTESIAN_POINT('',(0.0334676098700884,0.0335811695158481,-0.01));
#3796=CARTESIAN_POINT('',(0.0334676098700884,0.0335811695158481,-0.11));
#3797=CARTESIAN_POINT('',(0.0334676098700884,0.0335811695158481,-0.107));
#3798=CARTESIAN_POINT('',(0.0334676098700884,0.0260811695158482,-0.107));
#3799=CARTESIAN_POINT('',(-0.0458152469869974,0.0260811695158482,-0.11));
#3800=CARTESIAN_POINT('',(-0.0458152469869974,0.0335811695158481,-0.11));
#3801=CARTESIAN_POINT('',(-0.0458152469869974,0.0335811695158481,-0.107));
#3802=CARTESIAN_POINT('',(-0.0458152469869974,0.0335811695158481,-0.01));
#3803=CARTESIAN_POINT('',(-0.0458152469869974,0.0260811695158482,-0.01));
#3804=CARTESIAN_POINT('',(-0.0533152469869974,0.0260811695158482,-0.01));
#3805=CARTESIAN_POINT('',(-0.0533152469869974,0.0260811695158482,-0.11));
#3806=CARTESIAN_POINT('',(-0.0533152469869974,0.0260811695158482,-0.107));
#3807=CARTESIAN_POINT('',(-0.0458152469869974,0.0260811695158482,-0.107));
#3808=CARTESIAN_POINT('',(-0.0533152469869974,0.00158116951584817,-0.11));
#3809=CARTESIAN_POINT('',(-0.0533152469869974,-0.0114188304841518,-0.0656505909654055));
#3810=CARTESIAN_POINT('',(-0.0533152469869974,-0.0114188304841517,-0.0676508956214933));
#3811=CARTESIAN_POINT('',(-0.0533152469869974,0.0145811695158482,-0.0656505909654055));
#3812=CARTESIAN_POINT('',(-0.0533152469869974,0.0145811695158483,-0.0676508956214933));
#3813=CARTESIAN_POINT('',(-0.0533152469869974,0.00158116951584817,-0.01));
#3814=CARTESIAN_POINT('',(-0.0533152469869974,0.00158116951584817,-0.107));
#3815=CARTESIAN_POINT('',(-0.0561738185584545,0.0170811695158481,-0.11));
#3816=CARTESIAN_POINT('',(-0.0561738185584545,-0.0114188304841518,-0.0657004875177873));
#3817=CARTESIAN_POINT('',(-0.0561738185584545,-0.0114188304841517,-0.0677007921738751));
#3818=CARTESIAN_POINT('',(-0.0561738185584545,0.0145811695158482,-0.0657004875177873));
#3819=CARTESIAN_POINT('',(-0.0561738185584545,0.0145811695158483,-0.0677007921738751));
#3820=CARTESIAN_POINT('',(-0.0561738185584545,-0.0234188304841518,-0.11));
#3821=CARTESIAN_POINT('',(-0.0561738185584545,-0.0234188304841518,0.015));
#3822=CARTESIAN_POINT('',(-0.0561738185584545,0.0170811695158481,0.015));
#3823=CARTESIAN_POINT('',(-0.0561738185584545,0.0265811695158482,0.015));
#3824=CARTESIAN_POINT('',(-0.0561738185584545,0.0265811695158482,-0.11));
#3825=CARTESIAN_POINT('',(-0.00617381855845452,0.0365811695158482,-0.11));
#3826=CARTESIAN_POINT('',(-0.0387089276106502,0.0365811695158482,-0.11));
#3827=CARTESIAN_POINT('',(-0.0387089276106502,0.0365811695158482,-0.105));
#3828=CARTESIAN_POINT('',(-0.0387089276106502,0.0365811695158482,-0.1));
#3829=CARTESIAN_POINT('',(-0.00617381855845452,0.0365811695158482,-0.105));
#3830=CARTESIAN_POINT('',(-0.0297089276106503,0.0365811695158482,-0.105));
#3831=CARTESIAN_POINT('',(-0.0297089276106503,0.0365811695158482,-0.11));
#3832=CARTESIAN_POINT('',(-0.0297089276106503,0.0365811695158482,-0.1));
#3833=CARTESIAN_POINT('',(-0.00617381855845452,0.0365811695158482,-0.1));
#3834=CARTESIAN_POINT('',(-0.0161738185584545,0.0365811695158482,-0.05));
#3835=CARTESIAN_POINT('',(-0.0161738185584545,0.0365811695158482,-0.061));
#3836=CARTESIAN_POINT('',(-0.0461738185584545,0.0365811695158482,-0.11));
#3837=CARTESIAN_POINT('',(-0.0461738185584545,0.0365811695158482,0.015));
#3838=CARTESIAN_POINT('',(-0.00617381855845452,0.0365811695158482,0.015));
#3839=CARTESIAN_POINT('',(0.0338261814415455,0.0365811695158482,0.015));
#3840=CARTESIAN_POINT('',(0.0338261814415455,0.0365811695158482,-0.11));
#3841=CARTESIAN_POINT('',(0.0438261814415455,0.0170811695158481,-0.11));
#3842=CARTESIAN_POINT('',(0.0438261814415455,-0.0114188304841519,-0.0639549810249657));
#3843=CARTESIAN_POINT('',(0.0438261814415455,-0.0114188304841518,-0.0659552856810535));
#3844=CARTESIAN_POINT('',(0.0438261814415455,0.0145811695158481,-0.0639549810249657));
#3845=CARTESIAN_POINT('',(0.0438261814415455,0.0145811695158482,-0.0659552856810535));
#3846=CARTESIAN_POINT('',(0.0438261814415455,0.0265811695158482,-0.11));
#3847=CARTESIAN_POINT('',(0.0438261814415455,0.0265811695158482,0.015));
#3848=CARTESIAN_POINT('',(0.0438261814415455,0.0170811695158481,0.015));
#3849=CARTESIAN_POINT('',(0.0438261814415455,-0.0234188304841518,0.015));
#3850=CARTESIAN_POINT('',(0.0438261814415455,-0.0234188304841518,-0.11));
#3851=CARTESIAN_POINT('',(-0.00617381855845452,-0.0334188304841519,-0.11));
#3852=CARTESIAN_POINT('',(-0.0161738185584545,-0.0334188304841519,-0.05));
#3853=CARTESIAN_POINT('',(-0.0161738185584545,-0.0334188304841519,-0.061));
#3854=CARTESIAN_POINT('',(0.0338261814415455,-0.0334188304841519,-0.11));
#3855=CARTESIAN_POINT('',(0.0338261814415454,-0.0334188304841519,-0.145));
#3856=CARTESIAN_POINT('',(0.0338261814415455,-0.0334188304841519,0.015));
#3857=CARTESIAN_POINT('',(-0.00617381855845452,-0.0334188304841519,0.015));
#3858=CARTESIAN_POINT('',(-0.0461738185584545,-0.0334188304841519,0.015));
#3859=CARTESIAN_POINT('',(-0.0461738185584545,-0.0334188304841519,-0.11));
#3860=CARTESIAN_POINT('',(-0.0461738185584545,-0.0334188304841519,-0.145));
#3861=CARTESIAN_POINT('',(-0.00617381855845452,-0.0334188304841519,-0.145));
#3862=CARTESIAN_POINT('',(-0.0461738185584545,-0.0234188304841518,-0.11));
#3863=CARTESIAN_POINT('',(-0.0461738185584545,-0.0234188304841518,0.015));
#3864=CARTESIAN_POINT('',(-0.0561738185584545,-0.0234188304841518,-0.14));
#3865=CARTESIAN_POINT('',(-0.0561738185584545,-0.0234188304841518,-0.14));
#3866=CARTESIAN_POINT('',(-0.0561738185584545,-0.0234188304841518,-0.145));
#3867=CARTESIAN_POINT('',(-0.0561738185584545,-0.0234188304841518,-0.145));
#3868=CARTESIAN_POINT('',(-0.0461738185584545,-0.0234188304841518,-0.145));
#3869=CARTESIAN_POINT('',(-0.0461738185584545,0.0265811695158482,-0.11));
#3870=CARTESIAN_POINT('',(-0.0461738185584545,0.0265811695158482,0.015));
#3871=CARTESIAN_POINT('',(0.0338261814415455,0.0265811695158482,-0.11));
#3872=CARTESIAN_POINT('',(0.0338261814415455,0.0265811695158482,0.015));
#3873=CARTESIAN_POINT('',(0.0338261814415454,-0.0234188304841518,-0.11));
#3874=CARTESIAN_POINT('',(0.0338261814415454,-0.0234188304841518,0.015));
#3875=CARTESIAN_POINT('',(0.0338261814415454,-0.0234188304841518,-0.145));
#3876=CARTESIAN_POINT('',(0.0438261814415455,-0.0234188304841518,-0.145));
#3877=CARTESIAN_POINT('',(0.0438261814415455,-0.0234188304841518,-0.145));
#3878=CARTESIAN_POINT('',(0.0438261814415455,-0.0234188304841518,-0.14));
#3879=CARTESIAN_POINT('',(0.0438261814415455,-0.0234188304841518,-0.14));
#3880=CARTESIAN_POINT('',(-0.0561738185584545,0.00158116951584817,-0.107));
#3881=CARTESIAN_POINT('',(-0.0018531043441831,0.0335811695158481,-0.107));
#3882=CARTESIAN_POINT('',(-0.040494532772726,-0.0304188304841518,-0.107));
#3883=CARTESIAN_POINT('',(-0.0311738185584545,-0.0304188304841518,-0.107));
#3884=CARTESIAN_POINT('',(-0.0311738185584545,-0.0264188304841518,-0.107));
#3885=CARTESIAN_POINT('',(-0.0311738185584545,-0.0264188304841518,-0.107));
#3886=CARTESIAN_POINT('',(-0.040494532772726,-0.0264188304841518,-0.107));
#3887=CARTESIAN_POINT('',(-0.0011738185584545,-0.0264188304841518,-0.107));
#3888=CARTESIAN_POINT('',(-0.0011738185584545,-0.0264188304841518,-0.107));
#3889=CARTESIAN_POINT('',(-0.0011738185584545,-0.0304188304841518,-0.107));
#3890=CARTESIAN_POINT('',(-0.040494532772726,-0.0304188304841518,-0.107));
#3891=CARTESIAN_POINT('',(0.0265996314585209,-0.0214188304841519,-0.107));
#3892=CARTESIAN_POINT('',(0.0295996314585209,-0.0214188304841519,-0.107));
#3893=CARTESIAN_POINT('',(0.0265996314585209,0.0245811695158481,-0.107));
#3894=CARTESIAN_POINT('',(0.0295996314585209,0.0245811695158481,-0.107));
#3895=CARTESIAN_POINT('',(-0.0434003685414791,0.0245811695158481,-0.107));
#3896=CARTESIAN_POINT('',(-0.0404003685414791,0.0245811695158481,-0.107));
#3897=CARTESIAN_POINT('',(-0.0434003685414791,-0.0214188304841518,-0.107));
#3898=CARTESIAN_POINT('',(-0.0404003685414791,-0.0214188304841518,-0.107));
#3899=CARTESIAN_POINT('',(-0.0421738185584545,0.0190811695158481,-0.01));
#3900=CARTESIAN_POINT('',(-0.0421738185584545,0.0190811695158481,0.015));
#3901=CARTESIAN_POINT('',(-0.0421738185584545,-0.0304188304841518,0.015));
#3902=CARTESIAN_POINT('',(-0.0421738185584545,-0.0304188304841518,-0.11));
#3903=CARTESIAN_POINT('',(-0.0421738185584545,-0.0304188304841518,-0.01));
#3904=CARTESIAN_POINT('',(-0.0421738185584545,0.0190811695158481,-0.01));
#3905=CARTESIAN_POINT('',(-0.0421738185584545,0.0335811695158481,-0.01));
#3906=CARTESIAN_POINT('',(-0.0421738185584545,0.0335811695158481,-0.11));
#3907=CARTESIAN_POINT('',(-0.00617381855845452,0.00158116951584817,-0.01));
#3908=CARTESIAN_POINT('',(-0.0511738185584545,0.0265811695158482,-0.01));
#3909=CARTESIAN_POINT('',(-0.0491738185584545,0.0265811695158482,-0.01));
#3910=CARTESIAN_POINT('',(-0.0511738185584545,-0.0234188304841518,-0.01));
#3911=CARTESIAN_POINT('',(-0.0491738185584545,-0.0234188304841518,-0.01));
#3912=CARTESIAN_POINT('',(-0.0511738185584545,0.00158116951584816,-0.01));
#3913=CARTESIAN_POINT('',(-0.0491738185584545,0.00158116951584816,-0.01));
#3914=CARTESIAN_POINT('',(-0.040494532772726,-0.0304188304841518,-0.01));
#3915=CARTESIAN_POINT('',(-0.0018531043441831,0.0335811695158481,-0.01));
#3916=CARTESIAN_POINT('',(-0.00617381855845452,0.00158116951584817,-0.01));
#3917=CARTESIAN_POINT('',(0.0388261814415455,-0.0234188304841518,-0.01));
#3918=CARTESIAN_POINT('',(0.0408261814415455,-0.0234188304841518,-0.01));
#3919=CARTESIAN_POINT('',(0.0388261814415455,0.00158116951584814,-0.01));
#3920=CARTESIAN_POINT('',(0.0408261814415455,0.00158116951584814,-0.01));
#3921=CARTESIAN_POINT('',(0.0388261814415455,0.0265811695158482,-0.01));
#3922=CARTESIAN_POINT('',(0.0408261814415455,0.0265811695158482,-0.01));
#3923=CARTESIAN_POINT('',(-0.040494532772726,-0.0304188304841518,-0.01));
#3924=CARTESIAN_POINT('',(-0.0018531043441831,0.0335811695158481,-0.01));
#3925=CARTESIAN_POINT('',(0.0388261814415455,0.0265811695158482,0.));
#3926=CARTESIAN_POINT('',(0.0388261814415455,0.0265811695158482,0.015));
#3927=CARTESIAN_POINT('',(0.0368261814415455,0.0265811695158482,0.015));
#3928=CARTESIAN_POINT('',(0.0388261814415455,0.00158116951584814,0.));
#3929=CARTESIAN_POINT('',(0.0388261814415455,0.00158116951584814,0.015));
#3930=CARTESIAN_POINT('',(0.0368261814415455,0.00158116951584814,0.015));
#3931=CARTESIAN_POINT('',(0.0388261814415455,-0.0234188304841518,0.));
#3932=CARTESIAN_POINT('',(0.0388261814415455,-0.0234188304841518,0.015));
#3933=CARTESIAN_POINT('',(0.0368261814415455,-0.0234188304841518,0.015));
#3934=CARTESIAN_POINT('',(-0.0511738185584545,0.00158116951584816,0.));
#3935=CARTESIAN_POINT('',(-0.0511738185584545,0.00158116951584816,0.015));
#3936=CARTESIAN_POINT('',(-0.0531738185584545,0.00158116951584816,0.015));
#3937=CARTESIAN_POINT('',(-0.0511738185584545,-0.0234188304841518,0.));
#3938=CARTESIAN_POINT('',(-0.0511738185584545,-0.0234188304841518,0.015));
#3939=CARTESIAN_POINT('',(-0.0531738185584545,-0.0234188304841518,0.015));
#3940=CARTESIAN_POINT('',(-0.0511738185584545,0.0265811695158482,0.));
#3941=CARTESIAN_POINT('',(-0.0511738185584545,0.0265811695158482,0.015));
#3942=CARTESIAN_POINT('',(-0.0531738185584545,0.0265811695158482,0.015));
#3943=CARTESIAN_POINT('',(-0.0161738185584545,0.0678811695158482,-0.05));
#3944=CARTESIAN_POINT('',(-0.0161738185584545,0.0295811695158481,-0.05));
#3945=CARTESIAN_POINT('',(-0.0161738185584545,0.0295811695158481,-0.061));
#3946=CARTESIAN_POINT('',(-0.0161738185584545,0.0678811695158482,-0.05));
#3947=CARTESIAN_POINT('',(-0.0161738185584545,-0.0264188304841518,-0.05));
#3948=CARTESIAN_POINT('',(-0.0161738185584545,-0.0264188304841518,-0.039));
#3949=CARTESIAN_POINT('',(-0.0161738185584545,-0.0264188304841518,-0.05));
#3950=CARTESIAN_POINT('',(-0.0161738185584545,-0.0304188304841518,-0.05));
#3951=CARTESIAN_POINT('',(-0.0311738185584545,-0.0304188304841518,-0.05));
#3952=CARTESIAN_POINT('',(-0.0011738185584545,-0.0304188304841518,-0.05));
#3953=CARTESIAN_POINT('',(-0.0011738185584545,-0.0264188304841518,-0.05));
#3954=CARTESIAN_POINT('',(-0.0011738185584545,-0.0264188304841518,-0.05));
#3955=CARTESIAN_POINT('',(-0.0161738185584545,-0.0264188304841518,-0.05));
#3956=CARTESIAN_POINT('',(-0.0311738185584545,-0.0264188304841518,-0.05));
#3957=CARTESIAN_POINT('',(-0.0311738185584545,-0.0264188304841518,-0.05));
#3958=CARTESIAN_POINT('',(-0.0011738185584545,-0.0264188304841518,-0.0785));
#3959=CARTESIAN_POINT('',(-0.0011738185584545,-0.0304188304841518,-0.0785));
#3960=CARTESIAN_POINT('',(-0.0011738185584545,-0.0264188304841518,-0.0785));
#3961=CARTESIAN_POINT('',(-0.0311738185584545,-0.0264188304841518,-0.0785));
#3962=CARTESIAN_POINT('',(-0.0311738185584545,-0.0304188304841518,-0.0785));
#3963=CARTESIAN_POINT('',(-0.0311738185584545,-0.0264188304841518,-0.0785));
#3964=CARTESIAN_POINT('',(-0.00617381855845452,-0.0264188304841518,-0.0535));
#3965=CARTESIAN_POINT('',(-0.0161738185584545,0.0295811695158481,-0.05));
#3966=CARTESIAN_POINT('',(-0.0161738185584545,0.0335811695158481,-0.05));
#3967=CARTESIAN_POINT('',(-0.0011738185584545,0.0335811695158481,-0.05));
#3968=CARTESIAN_POINT('',(-0.0161738185584545,0.0295811695158481,-0.05));
#3969=CARTESIAN_POINT('',(-0.0011738185584545,0.0295811695158481,-0.05));
#3970=CARTESIAN_POINT('',(-0.0011738185584545,0.0295811695158481,-0.05));
#3971=CARTESIAN_POINT('',(-0.00117381855845449,0.0295811695158481,-0.0785));
#3972=CARTESIAN_POINT('',(-0.00117381855845449,0.0295811695158481,-0.097));
#3973=CARTESIAN_POINT('',(-0.00117381855845449,0.0335811695158481,-0.097));
#3974=CARTESIAN_POINT('',(-0.00117381855845449,0.0295811695158481,-0.097));
#3975=CARTESIAN_POINT('',(-0.00117381855845449,0.0335811695158481,-0.0785));
#3976=CARTESIAN_POINT('',(-0.00117381855845449,0.0295811695158481,-0.0785));
#3977=CARTESIAN_POINT('',(-0.00617381855845452,0.0295811695158481,-0.0535));
#3978=CARTESIAN_POINT('',(-0.000873818558454496,0.0295811695158481,-0.097));
#3979=CARTESIAN_POINT('',(0.114668076525529,0.0145811695158481,-0.062718431146637));
#3980=CARTESIAN_POINT('',(0.114668076525529,-0.0114188304841519,-0.062718431146637));
#3981=CARTESIAN_POINT('',(0.114668076525529,0.0145811695158481,-0.062718431146637));
#3982=CARTESIAN_POINT('',(0.114668076525529,-0.0114188304841519,-0.062718431146637));
#3983=CARTESIAN_POINT('',(-0.00617381855845452,0.00158116951584817,0.015));
#3984=CARTESIAN_POINT('',(-0.0301738185584545,0.0295811695158481,0.015));
#3985=CARTESIAN_POINT('',(-0.0301738185584545,0.0335811695158481,0.015));
#3986=CARTESIAN_POINT('',(-0.0018531043441831,0.0335811695158481,0.015));
#3987=CARTESIAN_POINT('',(-0.0226219318120381,0.0335811695158481,0.015));
#3988=CARTESIAN_POINT('',(-0.0226219318120381,0.0295811695158481,0.015));
#3989=CARTESIAN_POINT('',(-0.010621931812038,0.0295811695158481,0.015));
#3990=CARTESIAN_POINT('',(-0.010621931812038,0.0335811695158481,0.015));
#3991=CARTESIAN_POINT('',(-0.0018531043441831,0.0335811695158481,0.015));
#3992=CARTESIAN_POINT('',(-0.00314566516317428,0.0335811695158481,0.015));
#3993=CARTESIAN_POINT('',(-0.00314566516317428,0.0295811695158481,0.015));
#3994=CARTESIAN_POINT('',(0.00885433483682573,0.0295811695158481,0.015));
#3995=CARTESIAN_POINT('',(0.00885433483682573,0.0335811695158481,0.015));
#3996=CARTESIAN_POINT('',(-0.0018531043441831,0.0335811695158481,0.015));
#3997=CARTESIAN_POINT('',(0.0198261814415455,0.0335811695158481,0.015));
#3998=CARTESIAN_POINT('',(0.0198261814415455,0.0295811695158481,0.015));
#3999=CARTESIAN_POINT('',(0.019854105877314,-0.0264188304841518,0.014999991216432));
#4000=CARTESIAN_POINT('',(0.019854105877314,-0.0304188304841518,0.015));
#4001=CARTESIAN_POINT('',(-0.040494532772726,-0.0304188304841518,0.015));
#4002=CARTESIAN_POINT('',(0.00888225927259422,-0.0304188304841518,0.015));
#4003=CARTESIAN_POINT('',(0.00888225927259422,-0.0264188304841518,0.014999991216432));
#4004=CARTESIAN_POINT('',(-0.00311774072740578,-0.0264188304841518,0.014999991216432));
#4005=CARTESIAN_POINT('',(-0.00311774072740578,-0.0304188304841518,0.015));
#4006=CARTESIAN_POINT('',(-0.040494532772726,-0.0304188304841518,0.015));
#4007=CARTESIAN_POINT('',(-0.0105940073762695,-0.0304188304841518,0.015));
#4008=CARTESIAN_POINT('',(-0.0105940073762695,-0.0264188304841518,0.014999991216432));
#4009=CARTESIAN_POINT('',(-0.0225940073762695,-0.0264188304841518,0.0149999912164321));
#4010=CARTESIAN_POINT('',(-0.0225940073762695,-0.0304188304841518,0.015));
#4011=CARTESIAN_POINT('',(-0.040494532772726,-0.0304188304841518,0.015));
#4012=CARTESIAN_POINT('',(-0.0301458941226861,-0.0304188304841518,0.015));
#4013=CARTESIAN_POINT('',(-0.0301458941226861,-0.0264188304841518,0.0149999912164321));
#4014=CARTESIAN_POINT('',(-0.042145894122686,-0.0264188304841518,0.014999991216432));
#4015=CARTESIAN_POINT('',(-0.042145894122686,-0.0304188304841518,0.015));
#4016=CARTESIAN_POINT('',(-0.040494532772726,-0.0304188304841518,0.015));
#4017=CARTESIAN_POINT('',(-0.0434003685414791,-0.0214188304841518,-0.105));
#4018=CARTESIAN_POINT('',(-0.0434003685414791,-0.0214188304841518,-0.105));
#4019=CARTESIAN_POINT('',(-0.0419003685414791,-0.0214188304841518,-0.105));
#4020=CARTESIAN_POINT('',(-0.0434003685414791,-0.0214188304841518,-0.14));
#4021=CARTESIAN_POINT('',(-0.0449003685414791,-0.0214188304841518,-0.14));
#4022=CARTESIAN_POINT('',(-0.0434003685414791,-0.0214188304841518,-0.105));
#4023=CARTESIAN_POINT('',(-0.0434003685414791,-0.0214188304841518,-0.105));
#4024=CARTESIAN_POINT('',(-0.0404003685414791,-0.0214188304841518,-0.105));
#4025=CARTESIAN_POINT('',(-0.00617381855845452,0.00158116951584817,-0.105));
#4026=CARTESIAN_POINT('',(-0.0434003685414791,0.0245811695158481,-0.105));
#4027=CARTESIAN_POINT('',(-0.0434003685414791,0.0245811695158481,-0.105));
#4028=CARTESIAN_POINT('',(-0.0419003685414791,0.0245811695158481,-0.105));
#4029=CARTESIAN_POINT('',(-0.0434003685414791,0.0245811695158481,-0.105));
#4030=CARTESIAN_POINT('',(-0.0434003685414791,0.0245811695158481,-0.105));
#4031=CARTESIAN_POINT('',(-0.0404003685414791,0.0245811695158481,-0.105));
#4032=CARTESIAN_POINT('',(-0.00617381855845452,0.00158116951584817,-0.105));
#4033=CARTESIAN_POINT('',(0.0265996314585209,0.0245811695158481,-0.105));
#4034=CARTESIAN_POINT('',(0.0265996314585209,0.0245811695158481,-0.105));
#4035=CARTESIAN_POINT('',(0.0280996314585209,0.0245811695158481,-0.105));
#4036=CARTESIAN_POINT('',(0.0265996314585209,0.0245811695158481,-0.105));
#4037=CARTESIAN_POINT('',(0.0265996314585209,0.0245811695158481,-0.105));
#4038=CARTESIAN_POINT('',(0.0295996314585209,0.0245811695158481,-0.105));
#4039=CARTESIAN_POINT('',(-0.00617381855845452,0.00158116951584817,-0.105));
#4040=CARTESIAN_POINT('',(0.0265996314585209,-0.0214188304841519,-0.105));
#4041=CARTESIAN_POINT('',(0.0265996314585209,-0.0214188304841519,-0.105));
#4042=CARTESIAN_POINT('',(0.0280996314585209,-0.0214188304841519,-0.105));
#4043=CARTESIAN_POINT('',(0.0265996314585209,-0.0214188304841519,-0.14));
#4044=CARTESIAN_POINT('',(0.0250996314585209,-0.0214188304841519,-0.14));
#4045=CARTESIAN_POINT('',(0.0265996314585209,-0.0214188304841519,-0.105));
#4046=CARTESIAN_POINT('',(0.0265996314585209,-0.0214188304841519,-0.105));
#4047=CARTESIAN_POINT('',(0.0295996314585209,-0.0214188304841519,-0.105));
#4048=CARTESIAN_POINT('',(-0.00617381855845452,0.00158116951584817,-0.105));
#4049=CARTESIAN_POINT('',(-0.000873818558454496,0.0315811695158481,-0.097));
#4050=CARTESIAN_POINT('',(-0.000873818558454496,0.0335811695158481,-0.097));
#4051=CARTESIAN_POINT('',(-0.0342089276106503,0.0585811695158482,-0.105));
#4052=CARTESIAN_POINT('',(-0.0387089276106502,0.0585811695158482,-0.105));
#4053=CARTESIAN_POINT('',(-0.0387089276106502,0.0335811695158481,-0.105));
#4054=CARTESIAN_POINT('',(-0.0342089276106503,0.0335811695158481,-0.105));
#4055=CARTESIAN_POINT('',(-0.0297089276106503,0.0335811695158481,-0.105));
#4056=CARTESIAN_POINT('',(-0.0297089276106503,0.0585811695158482,-0.105));
#4057=CARTESIAN_POINT('',(-0.0297089276106503,0.0585811695158482,-0.10425));
#4058=CARTESIAN_POINT('',(-0.0297089276106503,0.0335811695158481,-0.10425));
#4059=CARTESIAN_POINT('',(-0.0297089276106503,0.0335811695158481,-0.1));
#4060=CARTESIAN_POINT('',(-0.0297089276106503,0.0585811695158482,-0.1));
#4061=CARTESIAN_POINT('',(-0.0342089276106503,0.0585811695158482,-0.1));
#4062=CARTESIAN_POINT('',(-0.0342089276106503,0.0335811695158481,-0.1));
#4063=CARTESIAN_POINT('',(-0.0387089276106502,0.0335811695158481,-0.1));
#4064=CARTESIAN_POINT('',(-0.0387089276106502,0.0585811695158482,-0.1));
#4065=CARTESIAN_POINT('',(-0.0387089276106502,0.0585811695158482,-0.10425));
#4066=CARTESIAN_POINT('',(-0.0387089276106502,0.0335811695158481,-0.10425));
#4067=CARTESIAN_POINT('',(0.0218261814415455,0.0295811695158481,0.003));
#4068=CARTESIAN_POINT('',(0.0218261814415455,0.0335811695158481,0.003));
#4069=CARTESIAN_POINT('',(0.0218261814415455,0.0335811695158481,0.013));
#4070=CARTESIAN_POINT('',(0.0218261814415455,0.0295811695158481,0.013));
#4071=CARTESIAN_POINT('',(0.0258261814415455,0.0295811695158481,0.013));
#4072=CARTESIAN_POINT('',(0.0258261814415455,0.0335811695158481,0.013));
#4073=CARTESIAN_POINT('',(0.0298261814415455,0.0335811695158481,0.013));
#4074=CARTESIAN_POINT('',(0.0298261814415455,0.0295811695158481,0.013));
#4075=CARTESIAN_POINT('',(0.0198261814415455,0.0295811695158481,0.003));
#4076=CARTESIAN_POINT('',(0.0198261814415455,0.0335811695158481,0.003));
#4077=CARTESIAN_POINT('',(0.0308261814415455,0.0295811695158481,-0.009));
#4078=CARTESIAN_POINT('',(0.0298261814415455,0.0295811695158481,-0.009));
#4079=CARTESIAN_POINT('',(0.0298261814415455,0.0335811695158481,-0.009));
#4080=CARTESIAN_POINT('',(0.0308261814415455,0.0335811695158481,-0.009));
#4081=CARTESIAN_POINT('',(0.0298261814415455,0.0295811695158481,0.003));
#4082=CARTESIAN_POINT('',(0.0298261814415455,0.0335811695158481,0.003));
#4083=CARTESIAN_POINT('',(-0.00114566516317427,0.0295811695158481,0.003));
#4084=CARTESIAN_POINT('',(-0.00114566516317427,0.0335811695158481,0.003));
#4085=CARTESIAN_POINT('',(-0.00114566516317427,0.0335811695158481,0.013));
#4086=CARTESIAN_POINT('',(-0.00114566516317427,0.0295811695158481,0.013));
#4087=CARTESIAN_POINT('',(0.00285433483682573,0.0295811695158481,0.013));
#4088=CARTESIAN_POINT('',(0.00285433483682573,0.0335811695158481,0.013));
#4089=CARTESIAN_POINT('',(0.00685433483682572,0.0335811695158481,0.013));
#4090=CARTESIAN_POINT('',(0.00685433483682572,0.0295811695158481,0.013));
#4091=CARTESIAN_POINT('',(-0.00314566516317427,0.0295811695158481,-0.008));
#4092=CARTESIAN_POINT('',(-0.00314566516317427,0.0335811695158481,-0.008));
#4093=CARTESIAN_POINT('',(0.00285433483682573,0.0295811695158481,-0.009));
#4094=CARTESIAN_POINT('',(0.00685433483682573,0.0295811695158481,-0.009));
#4095=CARTESIAN_POINT('',(0.00685433483682573,0.0335811695158481,-0.009));
#4096=CARTESIAN_POINT('',(0.00285433483682573,0.0335811695158481,-0.009));
#4097=CARTESIAN_POINT('',(0.00885433483682573,0.0335811695158481,-0.009));
#4098=CARTESIAN_POINT('',(0.00885433483682573,0.0295811695158481,-0.009));
#4099=CARTESIAN_POINT('',(0.00885433483682573,0.0295811695158481,-0.008));
#4100=CARTESIAN_POINT('',(0.00885433483682573,0.0335811695158481,-0.008));
#4101=CARTESIAN_POINT('',(0.00685433483682573,0.0295811695158481,0.003));
#4102=CARTESIAN_POINT('',(0.00685433483682573,0.0335811695158481,0.003));
#4103=CARTESIAN_POINT('',(-0.0226219318120381,0.0295811695158481,0.014));
#4104=CARTESIAN_POINT('',(-0.0226219318120381,0.0335811695158481,0.014));
#4105=CARTESIAN_POINT('',(-0.0156219318120381,0.0295811695158481,-0.009));
#4106=CARTESIAN_POINT('',(-0.012621931812038,0.0295811695158481,-0.009));
#4107=CARTESIAN_POINT('',(-0.012621931812038,0.0335811695158481,-0.009));
#4108=CARTESIAN_POINT('',(-0.0156219318120381,0.0335811695158481,-0.009));
#4109=CARTESIAN_POINT('',(-0.010621931812038,0.0335811695158481,-0.009));
#4110=CARTESIAN_POINT('',(-0.010621931812038,0.0295811695158481,-0.009));
#4111=CARTESIAN_POINT('',(-0.010621931812038,0.0295811695158481,0.004));
#4112=CARTESIAN_POINT('',(-0.010621931812038,0.0335811695158481,0.004));
#4113=CARTESIAN_POINT('',(-0.0206219318120381,0.0295811695158481,0.003));
#4114=CARTESIAN_POINT('',(-0.0206219318120381,0.0335811695158481,0.003));
#4115=CARTESIAN_POINT('',(-0.0206219318120381,0.0335811695158481,0.013));
#4116=CARTESIAN_POINT('',(-0.0206219318120381,0.0295811695158481,0.013));
#4117=CARTESIAN_POINT('',(-0.0166219318120381,0.0295811695158481,0.013));
#4118=CARTESIAN_POINT('',(-0.0166219318120381,0.0335811695158481,0.013));
#4119=CARTESIAN_POINT('',(-0.012621931812038,0.0335811695158481,0.013));
#4120=CARTESIAN_POINT('',(-0.012621931812038,0.0295811695158481,0.013));
#4121=CARTESIAN_POINT('',(-0.012621931812038,0.0295811695158481,0.003));
#4122=CARTESIAN_POINT('',(-0.012621931812038,0.0335811695158481,0.003));
#4123=CARTESIAN_POINT('',(-0.0301738185584545,0.0295811695158481,-0.008));
#4124=CARTESIAN_POINT('',(-0.0301738185584545,0.0335811695158481,-0.008));
#4125=CARTESIAN_POINT('',(-0.0301738185584545,0.0335811695158481,-0.009));
#4126=CARTESIAN_POINT('',(-0.0301738185584545,0.0295811695158481,-0.009));
#4127=CARTESIAN_POINT('',(-0.0361738185584545,0.0295811695158481,0.013));
#4128=CARTESIAN_POINT('',(-0.0361738185584545,0.0335811695158481,0.013));
#4129=CARTESIAN_POINT('',(-0.0401738185584545,0.0335811695158481,0.013));
#4130=CARTESIAN_POINT('',(-0.0321738185584545,0.0335811695158481,0.013));
#4131=CARTESIAN_POINT('',(-0.0321738185584545,0.0295811695158481,0.013));
#4132=CARTESIAN_POINT('',(-0.0401738185584545,0.0295811695158481,0.013));
#4133=CARTESIAN_POINT('',(-0.0321738185584545,0.0295811695158481,0.003));
#4134=CARTESIAN_POINT('',(-0.0321738185584545,0.0335811695158481,0.003));
#4135=CARTESIAN_POINT('',(-0.0321738185584545,0.0335811695158481,-0.009));
#4136=CARTESIAN_POINT('',(-0.0321738185584545,0.0295811695158481,-0.009));
#4137=CARTESIAN_POINT('',(-0.0401738185584545,0.0295811695158481,0.003));
#4138=CARTESIAN_POINT('',(-0.0401738185584545,0.0335811695158481,0.003));
#4139=CARTESIAN_POINT('',(-0.0351738185584545,0.0295811695158481,-0.009));
#4140=CARTESIAN_POINT('',(-0.0351738185584545,0.0335811695158481,-0.009));
#4141=CARTESIAN_POINT('',(-0.0018531043441831,0.0335811695158481,-0.11));
#4142=CARTESIAN_POINT('',(0.019854105877314,-0.0264188304841518,-0.00800007026854356));
#4143=CARTESIAN_POINT('',(0.019854105877314,-0.0304188304841518,-0.00800007026854356));
#4144=CARTESIAN_POINT('',(0.019854105877314,-0.0304188304841518,-0.00900007026854356));
#4145=CARTESIAN_POINT('',(0.019854105877314,-0.0264188304841518,-0.00900007026854356));
#4146=CARTESIAN_POINT('',(0.025854105877314,-0.0264188304841518,0.0129999297314564));
#4147=CARTESIAN_POINT('',(0.025854105877314,-0.0304188304841518,0.0129999297314564));
#4148=CARTESIAN_POINT('',(0.021854105877314,-0.0304188304841518,0.0129999297314564));
#4149=CARTESIAN_POINT('',(0.029854105877314,-0.0304188304841518,0.0129999297314564));
#4150=CARTESIAN_POINT('',(0.021854105877314,-0.0264188304841518,0.0129999297314564));
#4151=CARTESIAN_POINT('',(0.029854105877314,-0.0264188304841518,0.0129999297314564));
#4152=CARTESIAN_POINT('',(0.021854105877314,-0.0264188304841518,0.00299992973145643));
#4153=CARTESIAN_POINT('',(0.021854105877314,-0.0304188304841518,0.00299992973145643));
#4154=CARTESIAN_POINT('',(0.021854105877314,-0.0304188304841518,-0.00900007026854356));
#4155=CARTESIAN_POINT('',(0.021854105877314,-0.0264188304841518,-0.00900007026854356));
#4156=CARTESIAN_POINT('',(0.029854105877314,-0.0264188304841518,0.00299992973145643));
#4157=CARTESIAN_POINT('',(0.029854105877314,-0.0304188304841518,0.00299992973145643));
#4158=CARTESIAN_POINT('',(0.030854105877314,-0.0264188304841518,-0.00900007026854356));
#4159=CARTESIAN_POINT('',(0.030854105877314,-0.0304188304841518,-0.00900007026854356));
#4160=CARTESIAN_POINT('',(-0.00111774072740578,-0.0264188304841518,0.00299992973145644));
#4161=CARTESIAN_POINT('',(-0.00111774072740578,-0.0304188304841518,0.00299992973145644));
#4162=CARTESIAN_POINT('',(-0.00111774072740578,-0.0304188304841518,-0.00900007026854356));
#4163=CARTESIAN_POINT('',(-0.00111774072740578,-0.0304188304841518,0.0129999297314564));
#4164=CARTESIAN_POINT('',(-0.00111774072740578,-0.0264188304841518,-0.00900007026854356));
#4165=CARTESIAN_POINT('',(-0.00111774072740578,-0.0264188304841518,0.0129999297314564));
#4166=CARTESIAN_POINT('',(0.00688225927259421,-0.0264188304841518,0.00299992973145644));
#4167=CARTESIAN_POINT('',(0.00688225927259421,-0.0304188304841518,0.00299992973145644));
#4168=CARTESIAN_POINT('',(0.00688225927259421,-0.0304188304841518,0.0129999297314564));
#4169=CARTESIAN_POINT('',(0.00688225927259422,-0.0264188304841518,0.0129999297314564));
#4170=CARTESIAN_POINT('',(0.00888225927259422,-0.0264188304841518,0.00299992973145644));
#4171=CARTESIAN_POINT('',(0.00888225927259422,-0.0304188304841518,0.00299992973145644));
#4172=CARTESIAN_POINT('',(0.00188225927259422,-0.0264188304841518,-0.00900007026854356));
#4173=CARTESIAN_POINT('',(0.00188225927259422,-0.0304188304841518,-0.00900007026854356));
#4174=CARTESIAN_POINT('',(-0.00311774072740579,-0.0304188304841518,-0.00900007026854356));
#4175=CARTESIAN_POINT('',(-0.00311774072740579,-0.0264188304841518,-0.00900007026854356));
#4176=CARTESIAN_POINT('',(-0.00311774072740579,-0.0264188304841518,0.00299992973145644));
#4177=CARTESIAN_POINT('',(-0.00311774072740579,-0.0304188304841518,0.00299992973145644));
#4178=CARTESIAN_POINT('',(0.00288225927259422,-0.0264188304841518,0.0129999297314564));
#4179=CARTESIAN_POINT('',(0.00288225927259422,-0.0304188304841518,0.0129999297314564));
#4180=CARTESIAN_POINT('',(-0.0165940073762696,-0.0264188304841518,0.0129999297314564));
#4181=CARTESIAN_POINT('',(-0.0165940073762696,-0.0304188304841518,0.0129999297314564));
#4182=CARTESIAN_POINT('',(-0.0125940073762695,-0.0304188304841518,0.0129999297314564));
#4183=CARTESIAN_POINT('',(-0.0205940073762696,-0.0304188304841518,0.0129999297314564));
#4184=CARTESIAN_POINT('',(-0.0205940073762696,-0.0264188304841518,0.0129999297314564));
#4185=CARTESIAN_POINT('',(-0.0125940073762695,-0.0264188304841518,0.0129999297314564));
#4186=CARTESIAN_POINT('',(-0.0205940073762696,-0.0264188304841518,0.00299992973145645));
#4187=CARTESIAN_POINT('',(-0.0205940073762696,-0.0304188304841518,0.00299992973145645));
#4188=CARTESIAN_POINT('',(-0.0205940073762696,-0.0304188304841518,-0.00900007026854356));
#4189=CARTESIAN_POINT('',(-0.0205940073762696,-0.0264188304841518,-0.00900007026854356));
#4190=CARTESIAN_POINT('',(-0.0225940073762695,-0.0264188304841518,0.00299992973145645));
#4191=CARTESIAN_POINT('',(-0.0225940073762695,-0.0304188304841518,0.00299992973145645));
#4192=CARTESIAN_POINT('',(-0.0225940073762695,-0.0304188304841518,-0.00900007026854356));
#4193=CARTESIAN_POINT('',(-0.0225940073762695,-0.0264188304841518,-0.00900007026854356));
#4194=CARTESIAN_POINT('',(-0.0105940073762695,-0.0264188304841518,0.0139999297314564));
#4195=CARTESIAN_POINT('',(-0.0105940073762695,-0.0304188304841518,0.0139999297314564));
#4196=CARTESIAN_POINT('',(-0.0215940073762695,-0.0264188304841518,-0.00900007026854356));
#4197=CARTESIAN_POINT('',(-0.0215940073762695,-0.0304188304841518,-0.00900007026854356));
#4198=CARTESIAN_POINT('',(-0.0125940073762695,-0.0264188304841518,0.00299992973145644));
#4199=CARTESIAN_POINT('',(-0.0125940073762695,-0.0304188304841518,0.00299992973145644));
#4200=CARTESIAN_POINT('',(-0.042145894122686,-0.0264188304841518,-0.00800007026854356));
#4201=CARTESIAN_POINT('',(-0.042145894122686,-0.0304188304841518,-0.00800007026854356));
#4202=CARTESIAN_POINT('',(-0.042145894122686,-0.0304188304841518,-0.00900007026854355));
#4203=CARTESIAN_POINT('',(-0.042145894122686,-0.0264188304841518,-0.00900007026854355));
#4204=CARTESIAN_POINT('',(-0.0301458941226861,-0.0264188304841518,0.0139999297314564));
#4205=CARTESIAN_POINT('',(-0.0301458941226861,-0.0304188304841518,0.0139999297314564));
#4206=CARTESIAN_POINT('',(-0.036145894122686,-0.0264188304841518,0.0129999297314564));
#4207=CARTESIAN_POINT('',(-0.036145894122686,-0.0304188304841518,0.0129999297314564));
#4208=CARTESIAN_POINT('',(-0.0321458941226861,-0.0304188304841518,0.0129999297314564));
#4209=CARTESIAN_POINT('',(-0.0401458941226861,-0.0304188304841518,0.0129999297314564));
#4210=CARTESIAN_POINT('',(-0.0401458941226861,-0.0264188304841518,0.0129999297314564));
#4211=CARTESIAN_POINT('',(-0.0321458941226861,-0.0264188304841518,0.0129999297314564));
#4212=CARTESIAN_POINT('',(-0.0401458941226861,-0.0264188304841518,0.00299992973145645));
#4213=CARTESIAN_POINT('',(-0.0401458941226861,-0.0304188304841518,0.00299992973145645));
#4214=CARTESIAN_POINT('',(-0.0401458941226861,-0.0304188304841518,-0.00900007026854355));
#4215=CARTESIAN_POINT('',(-0.0401458941226861,-0.0264188304841518,-0.00900007026854355));
#4216=CARTESIAN_POINT('',(-0.0321458941226861,-0.0264188304841518,0.00299992973145645));
#4217=CARTESIAN_POINT('',(-0.0321458941226861,-0.0304188304841518,0.00299992973145645));
#4218=CARTESIAN_POINT('',(-0.037145894122686,-0.0264188304841518,-0.00900007026854355));
#4219=CARTESIAN_POINT('',(-0.037145894122686,-0.0304188304841518,-0.00900007026854355));
#4220=CARTESIAN_POINT('',(-0.040494532772726,-0.0304188304841518,-0.11));
#4221=CARTESIAN_POINT('',(-0.0434003685414791,-0.0214188304841518,-0.14));
#4222=CARTESIAN_POINT('',(-0.0411643005639794,-0.0234188304841518,-0.14));
#4223=CARTESIAN_POINT('',(-0.0411643005639794,-0.0234188304841518,-0.14));
#4224=CARTESIAN_POINT('',(-0.0434003685414791,-0.0214188304841518,-0.14));
#4225=CARTESIAN_POINT('',(-0.0456364365189789,-0.0234188304841518,-0.14));
#4226=CARTESIAN_POINT('',(-0.0456364365189789,-0.0234188304841518,-0.14));
#4227=CARTESIAN_POINT('',(-0.00840036854147911,-0.0234188304841518,-0.14));
#4228=CARTESIAN_POINT('',(0.0243635634810211,-0.0234188304841518,-0.14));
#4229=CARTESIAN_POINT('',(0.0243635634810211,-0.0234188304841518,-0.14));
#4230=CARTESIAN_POINT('',(-0.00840036854147911,-0.0234188304841518,-0.14));
#4231=CARTESIAN_POINT('',(0.0265996314585209,-0.0214188304841519,-0.14));
#4232=CARTESIAN_POINT('',(0.0288356994360207,-0.0234188304841518,-0.14));
#4233=CARTESIAN_POINT('',(0.0288356994360207,-0.0234188304841518,-0.14));
#4234=CARTESIAN_POINT('',(0.0265996314585209,-0.0214188304841519,-0.14));
#4235=CARTESIAN_POINT('',(0.0363309404387831,-0.0234188304841518,-0.14));
#4236=CARTESIAN_POINT('',(0.0363309404387831,-0.0234188304841518,-0.14));
#4237=CARTESIAN_POINT('',(-0.0509051275387167,-0.0234188304841518,-0.14));
#4238=CARTESIAN_POINT('',(-0.0509051275387167,-0.0234188304841518,-0.14));
#4239=CARTESIAN_POINT('',(-0.00617381855845452,0.00158116951584817,-0.14));
#4240=CARTESIAN_POINT('',(-0.00617381855845452,0.00158116951584817,-0.14));
#4241=CARTESIAN_POINT('',(-0.00617381855845452,0.,-0.14));
#4242=CARTESIAN_POINT('',(-0.0136738185584545,0.,-0.14));
#4243=CARTESIAN_POINT('',(0.0438261814415455,0.00158116951584817,-0.14));
#4244=CARTESIAN_POINT('',(0.0438261814415455,0.0265811695158482,-0.14));
#4245=CARTESIAN_POINT('',(0.0338261814415455,0.0265811695158482,-0.14));
#4246=CARTESIAN_POINT('',(0.0338261814415455,0.0365811695158482,-0.14));
#4247=CARTESIAN_POINT('',(-0.00617381855845452,0.0365811695158482,-0.14));
#4248=CARTESIAN_POINT('',(-0.0461738185584545,0.0365811695158482,-0.14));
#4249=CARTESIAN_POINT('',(-0.0461738185584545,0.0265811695158482,-0.14));
#4250=CARTESIAN_POINT('',(-0.0561738185584545,0.0265811695158482,-0.14));
#4251=CARTESIAN_POINT('',(-0.0561738185584545,0.00158116951584817,-0.14));
#4252=CARTESIAN_POINT('',(-0.00617381855845452,0.00158116951584817,-0.145));
#4253=CARTESIAN_POINT('',(-0.00617381855845452,0.,-0.145));
#4254=CARTESIAN_POINT('',(0.00132618144154548,0.,-0.145));
#4255=CARTESIAN_POINT('',(-0.0561738185584545,0.00158116951584817,-0.145));
#4256=CARTESIAN_POINT('',(-0.0561738185584545,0.0265811695158482,-0.145));
#4257=CARTESIAN_POINT('',(-0.0461738185584545,0.0265811695158482,-0.145));
#4258=CARTESIAN_POINT('',(-0.0461738185584545,0.0365811695158482,-0.145));
#4259=CARTESIAN_POINT('',(-0.00617381855845452,0.0365811695158482,-0.145));
#4260=CARTESIAN_POINT('',(0.0338261814415455,0.0365811695158482,-0.145));
#4261=CARTESIAN_POINT('',(0.0338261814415455,0.0265811695158482,-0.145));
#4262=CARTESIAN_POINT('',(0.0438261814415455,0.0265811695158482,-0.145));
#4263=CARTESIAN_POINT('',(0.0438261814415455,0.00158116951584817,-0.145));
#4264=CARTESIAN_POINT('',(0.0438261814415455,0.00158116951584817,-0.145));
#4265=CARTESIAN_POINT('',(0.0438261814415455,0.0265811695158482,-0.145));
#4266=CARTESIAN_POINT('',(0.0338261814415455,0.0265811695158482,-0.145));
#4267=CARTESIAN_POINT('',(0.0338261814415455,0.0365811695158482,-0.145));
#4268=CARTESIAN_POINT('',(-0.00617381855845452,0.0365811695158482,-0.145));
#4269=CARTESIAN_POINT('',(-0.0461738185584545,0.0365811695158482,-0.145));
#4270=CARTESIAN_POINT('',(-0.0461738185584545,0.0265811695158482,-0.145));
#4271=CARTESIAN_POINT('',(-0.0561738185584545,0.0265811695158482,-0.145));
#4272=CARTESIAN_POINT('',(-0.0561738185584545,0.00158116951584817,-0.145));
#4273=CARTESIAN_POINT('',(-0.00617381855845452,0.00158116951584817,-0.14));
#4274=CARTESIAN_POINT('',(-0.00617381855845452,0.,-0.145));
#4275=MECHANICAL_DESIGN_GEOMETRIC_PRESENTATION_REPRESENTATION('',(#2622),
#4276);
#4276=(
GEOMETRIC_REPRESENTATION_CONTEXT(3)
GLOBAL_UNCERTAINTY_ASSIGNED_CONTEXT((#4277))
GLOBAL_UNIT_ASSIGNED_CONTEXT((#4280,#4279,#4278))
REPRESENTATION_CONTEXT('Part 1','TOP_LEVEL_ASSEMBLY_PART')
);
#4277=UNCERTAINTY_MEASURE_WITH_UNIT(LENGTH_MEASURE(2.2E-7),#4280,
'DISTANCE_ACCURACY_VALUE','Maximum Tolerance applied to model');
#4278=(
NAMED_UNIT(*)
SI_UNIT($,.STERADIAN.)
SOLID_ANGLE_UNIT()
);
#4279=(
NAMED_UNIT(*)
PLANE_ANGLE_UNIT()
SI_UNIT($,.RADIAN.)
);
#4280=(
LENGTH_UNIT()
NAMED_UNIT(*)
SI_UNIT($,.METRE.)
);
#4281=PRODUCT_DEFINITION_SHAPE('','',#4282);
#4282=PRODUCT_DEFINITION('','',#4284,#4283);
#4283=PRODUCT_DEFINITION_CONTEXT('',#4290,'design');
#4284=PRODUCT_DEFINITION_FORMATION_WITH_SPECIFIED_SOURCE('','',#4286,
 .NOT_KNOWN.);
#4285=PRODUCT_RELATED_PRODUCT_CATEGORY('','',(#4286));
#4286=PRODUCT('Part 1','Part 1','Part 1',(#4288));
#4287=PRODUCT_CATEGORY('','');
#4288=PRODUCT_CONTEXT('',#4290,'mechanical');
#4289=APPLICATION_PROTOCOL_DEFINITION('international standard',
'ap242_managed_model_based_3d_engineering',2020,#4290);
#4290=APPLICATION_CONTEXT('managed model based 3d engineering');
ENDSEC;
END-ISO-10303-21;
