ISO-10303-21;
HEADER;
/* Generated by software containing ST-Developer
 * from STEP Tools, Inc. (www.steptools.com) 
 */
/* OPTION: using custom renumber hook */

FILE_DESCRIPTION(
/* description */ ('STEP AP242 Edition 2',
'CAx-IF Rec.Pracs.---Representation and Presentation of Product Manufa
cturing Information (PMI)---4.0---2014-10-13',
'CAx-IF Rec.Pracs.---3D Tessellated Geometry---0.4---2014-09-14','2;1',
'CAx-IF Rec.Pracs.---User Defined Attributes---1.5---2016-08-15'),
/* implementation_level */ '2;1');

FILE_NAME(
/* name */ 'main-chassis',
/* time_stamp */ '2026-07-12T14:35:40Z',
/* author */ (''),
/* organization */ (''),
/* preprocessor_version */ 'ST-DEVELOPER v20',
/* originating_system */ 'ONSHAPE BY PTC INC, 1.217',
/* authorisation */ '  ');

FILE_SCHEMA (('AP242_MANAGED_MODEL_BASED_3D_ENGINEERING_MIM_LF { 1 0 10303 442 3 1 4 }'));
ENDSEC;

DATA;
#10=SHAPE_REPRESENTATION_RELATIONSHIP('','',#8941,#11);
#11=ADVANCED_BREP_SHAPE_REPRESENTATION('',(#8939),#14117);
#12=CYLINDRICAL_SURFACE('',#9039,0.015);
#13=CYLINDRICAL_SURFACE('',#9042,0.015);
#14=CYLINDRICAL_SURFACE('',#9055,0.015);
#15=CYLINDRICAL_SURFACE('',#9112,0.01);
#16=CYLINDRICAL_SURFACE('',#9114,0.01);
#17=CYLINDRICAL_SURFACE('',#9116,0.0015);
#18=CYLINDRICAL_SURFACE('',#9118,0.0015);
#19=CYLINDRICAL_SURFACE('',#9129,0.0075);
#20=CYLINDRICAL_SURFACE('',#9131,0.0075);
#21=CYLINDRICAL_SURFACE('',#9133,0.0075);
#22=CYLINDRICAL_SURFACE('',#9135,0.0075);
#23=CYLINDRICAL_SURFACE('',#9137,0.01);
#24=CYLINDRICAL_SURFACE('',#9139,0.01);
#25=CYLINDRICAL_SURFACE('',#9150,0.002);
#26=CYLINDRICAL_SURFACE('',#9152,0.002);
#27=CYLINDRICAL_SURFACE('',#9154,0.002);
#28=CYLINDRICAL_SURFACE('',#9156,0.002);
#29=CYLINDRICAL_SURFACE('',#9158,0.002);
#30=CYLINDRICAL_SURFACE('',#9160,0.002);
#31=CYLINDRICAL_SURFACE('',#9162,0.011);
#32=CYLINDRICAL_SURFACE('',#9165,0.011);
#33=CYLINDRICAL_SURFACE('',#9169,0.015);
#34=CYLINDRICAL_SURFACE('',#9172,0.003);
#35=CYLINDRICAL_SURFACE('',#9175,0.0015);
#36=CYLINDRICAL_SURFACE('',#9177,0.003);
#37=CYLINDRICAL_SURFACE('',#9180,0.0015);
#38=CYLINDRICAL_SURFACE('',#9182,0.003);
#39=CYLINDRICAL_SURFACE('',#9185,0.003);
#40=CYLINDRICAL_SURFACE('',#9344,0.0124034734589209);
#41=CYLINDRICAL_SURFACE('',#9345,0.0124034734589209);
#42=CYLINDRICAL_SURFACE('',#9350,0.0124034734589209);
#43=CYLINDRICAL_SURFACE('',#9351,0.0124034734589209);
#44=CYLINDRICAL_SURFACE('',#9354,0.00205);
#45=CYLINDRICAL_SURFACE('',#9356,0.00205);
#46=CYLINDRICAL_SURFACE('',#9358,0.00205);
#47=CYLINDRICAL_SURFACE('',#9360,0.00205);
#48=CYLINDRICAL_SURFACE('',#9424,0.003);
#49=CYLINDRICAL_SURFACE('',#9427,0.003);
#50=CYLINDRICAL_SURFACE('',#9430,0.003);
#51=CYLINDRICAL_SURFACE('',#9433,0.003);
#52=LINE('',#11599,#1222);
#53=LINE('',#11601,#1223);
#54=LINE('',#11603,#1224);
#55=LINE('',#11608,#1225);
#56=LINE('',#11610,#1226);
#57=LINE('',#11612,#1227);
#58=LINE('',#11614,#1228);
#59=LINE('',#11617,#1229);
#60=LINE('',#11619,#1230);
#61=LINE('',#11621,#1231);
#62=LINE('',#11623,#1232);
#63=LINE('',#11625,#1233);
#64=LINE('',#11627,#1234);
#65=LINE('',#11632,#1235);
#66=LINE('',#11634,#1236);
#67=LINE('',#11636,#1237);
#68=LINE('',#11641,#1238);
#69=LINE('',#11643,#1239);
#70=LINE('',#11645,#1240);
#71=LINE('',#11647,#1241);
#72=LINE('',#11650,#1242);
#73=LINE('',#11652,#1243);
#74=LINE('',#11654,#1244);
#75=LINE('',#11656,#1245);
#76=LINE('',#11658,#1246);
#77=LINE('',#11660,#1247);
#78=LINE('',#11670,#1248);
#79=LINE('',#11673,#1249);
#80=LINE('',#11675,#1250);
#81=LINE('',#11679,#1251);
#82=LINE('',#11683,#1252);
#83=LINE('',#11685,#1253);
#84=LINE('',#11687,#1254);
#85=LINE('',#11689,#1255);
#86=LINE('',#11691,#1256);
#87=LINE('',#11695,#1257);
#88=LINE('',#11697,#1258);
#89=LINE('',#11699,#1259);
#90=LINE('',#11701,#1260);
#91=LINE('',#11703,#1261);
#92=LINE('',#11707,#1262);
#93=LINE('',#11709,#1263);
#94=LINE('',#11710,#1264);
#95=LINE('',#11713,#1265);
#96=LINE('',#11715,#1266);
#97=LINE('',#11716,#1267);
#98=LINE('',#11719,#1268);
#99=LINE('',#11721,#1269);
#100=LINE('',#11722,#1270);
#101=LINE('',#11725,#1271);
#102=LINE('',#11727,#1272);
#103=LINE('',#11728,#1273);
#104=LINE('',#11731,#1274);
#105=LINE('',#11733,#1275);
#106=LINE('',#11735,#1276);
#107=LINE('',#11740,#1277);
#108=LINE('',#11744,#1278);
#109=LINE('',#11748,#1279);
#110=LINE('',#11759,#1280);
#111=LINE('',#11762,#1281);
#112=LINE('',#11764,#1282);
#113=LINE('',#11765,#1283);
#114=LINE('',#11768,#1284);
#115=LINE('',#11770,#1285);
#116=LINE('',#11771,#1286);
#117=LINE('',#11774,#1287);
#118=LINE('',#11776,#1288);
#119=LINE('',#11777,#1289);
#120=LINE('',#11780,#1290);
#121=LINE('',#11782,#1291);
#122=LINE('',#11784,#1292);
#123=LINE('',#11787,#1293);
#124=LINE('',#11789,#1294);
#125=LINE('',#11791,#1295);
#126=LINE('',#11796,#1296);
#127=LINE('',#11798,#1297);
#128=LINE('',#11800,#1298);
#129=LINE('',#11802,#1299);
#130=LINE('',#11804,#1300);
#131=LINE('',#11806,#1301);
#132=LINE('',#11808,#1302);
#133=LINE('',#11810,#1303);
#134=LINE('',#11812,#1304);
#135=LINE('',#11814,#1305);
#136=LINE('',#11816,#1306);
#137=LINE('',#11817,#1307);
#138=LINE('',#11819,#1308);
#139=LINE('',#11821,#1309);
#140=LINE('',#11822,#1310);
#141=LINE('',#11824,#1311);
#142=LINE('',#11826,#1312);
#143=LINE('',#11828,#1313);
#144=LINE('',#11830,#1314);
#145=LINE('',#11832,#1315);
#146=LINE('',#11834,#1316);
#147=LINE('',#11836,#1317);
#148=LINE('',#11838,#1318);
#149=LINE('',#11840,#1319);
#150=LINE('',#11843,#1320);
#151=LINE('',#11845,#1321);
#152=LINE('',#11847,#1322);
#153=LINE('',#11849,#1323);
#154=LINE('',#11851,#1324);
#155=LINE('',#11853,#1325);
#156=LINE('',#11855,#1326);
#157=LINE('',#11857,#1327);
#158=LINE('',#11859,#1328);
#159=LINE('',#11860,#1329);
#160=LINE('',#11862,#1330);
#161=LINE('',#11864,#1331);
#162=LINE('',#11866,#1332);
#163=LINE('',#11868,#1333);
#164=LINE('',#11870,#1334);
#165=LINE('',#11872,#1335);
#166=LINE('',#11875,#1336);
#167=LINE('',#11876,#1337);
#168=LINE('',#11878,#1338);
#169=LINE('',#11880,#1339);
#170=LINE('',#11882,#1340);
#171=LINE('',#11885,#1341);
#172=LINE('',#11886,#1342);
#173=LINE('',#11888,#1343);
#174=LINE('',#11890,#1344);
#175=LINE('',#11892,#1345);
#176=LINE('',#11894,#1346);
#177=LINE('',#11896,#1347);
#178=LINE('',#11898,#1348);
#179=LINE('',#11900,#1349);
#180=LINE('',#11903,#1350);
#181=LINE('',#11904,#1351);
#182=LINE('',#11906,#1352);
#183=LINE('',#11908,#1353);
#184=LINE('',#11910,#1354);
#185=LINE('',#11912,#1355);
#186=LINE('',#11914,#1356);
#187=LINE('',#11916,#1357);
#188=LINE('',#11918,#1358);
#189=LINE('',#11921,#1359);
#190=LINE('',#11922,#1360);
#191=LINE('',#11924,#1361);
#192=LINE('',#11927,#1362);
#193=LINE('',#11929,#1363);
#194=LINE('',#11931,#1364);
#195=LINE('',#11936,#1365);
#196=LINE('',#11938,#1366);
#197=LINE('',#11940,#1367);
#198=LINE('',#11942,#1368);
#199=LINE('',#11944,#1369);
#200=LINE('',#11946,#1370);
#201=LINE('',#11948,#1371);
#202=LINE('',#11950,#1372);
#203=LINE('',#11952,#1373);
#204=LINE('',#11954,#1374);
#205=LINE('',#11956,#1375);
#206=LINE('',#11957,#1376);
#207=LINE('',#11959,#1377);
#208=LINE('',#11961,#1378);
#209=LINE('',#11962,#1379);
#210=LINE('',#11964,#1380);
#211=LINE('',#11966,#1381);
#212=LINE('',#11968,#1382);
#213=LINE('',#11970,#1383);
#214=LINE('',#11972,#1384);
#215=LINE('',#11974,#1385);
#216=LINE('',#11976,#1386);
#217=LINE('',#11978,#1387);
#218=LINE('',#11980,#1388);
#219=LINE('',#11983,#1389);
#220=LINE('',#11985,#1390);
#221=LINE('',#11987,#1391);
#222=LINE('',#11989,#1392);
#223=LINE('',#11991,#1393);
#224=LINE('',#11993,#1394);
#225=LINE('',#11995,#1395);
#226=LINE('',#11997,#1396);
#227=LINE('',#11999,#1397);
#228=LINE('',#12000,#1398);
#229=LINE('',#12002,#1399);
#230=LINE('',#12004,#1400);
#231=LINE('',#12006,#1401);
#232=LINE('',#12008,#1402);
#233=LINE('',#12010,#1403);
#234=LINE('',#12012,#1404);
#235=LINE('',#12015,#1405);
#236=LINE('',#12016,#1406);
#237=LINE('',#12018,#1407);
#238=LINE('',#12020,#1408);
#239=LINE('',#12022,#1409);
#240=LINE('',#12025,#1410);
#241=LINE('',#12026,#1411);
#242=LINE('',#12028,#1412);
#243=LINE('',#12031,#1413);
#244=LINE('',#12032,#1414);
#245=LINE('',#12034,#1415);
#246=LINE('',#12036,#1416);
#247=LINE('',#12038,#1417);
#248=LINE('',#12040,#1418);
#249=LINE('',#12043,#1419);
#250=LINE('',#12044,#1420);
#251=LINE('',#12046,#1421);
#252=LINE('',#12048,#1422);
#253=LINE('',#12050,#1423);
#254=LINE('',#12052,#1424);
#255=LINE('',#12054,#1425);
#256=LINE('',#12056,#1426);
#257=LINE('',#12058,#1427);
#258=LINE('',#12060,#1428);
#259=LINE('',#12062,#1429);
#260=LINE('',#12064,#1430);
#261=LINE('',#12069,#1431);
#262=LINE('',#12071,#1432);
#263=LINE('',#12073,#1433);
#264=LINE('',#12075,#1434);
#265=LINE('',#12076,#1435);
#266=LINE('',#12080,#1436);
#267=LINE('',#12082,#1437);
#268=LINE('',#12084,#1438);
#269=LINE('',#12088,#1439);
#270=LINE('',#12089,#1440);
#271=LINE('',#12094,#1441);
#272=LINE('',#12095,#1442);
#273=LINE('',#12097,#1443);
#274=LINE('',#12098,#1444);
#275=LINE('',#12100,#1445);
#276=LINE('',#12102,#1446);
#277=LINE('',#12103,#1447);
#278=LINE('',#12104,#1448);
#279=LINE('',#12106,#1449);
#280=LINE('',#12108,#1450);
#281=LINE('',#12109,#1451);
#282=LINE('',#12110,#1452);
#283=LINE('',#12111,#1453);
#284=LINE('',#12114,#1454);
#285=LINE('',#12116,#1455);
#286=LINE('',#12118,#1456);
#287=LINE('',#12119,#1457);
#288=LINE('',#12122,#1458);
#289=LINE('',#12124,#1459);
#290=LINE('',#12125,#1460);
#291=LINE('',#12127,#1461);
#292=LINE('',#12129,#1462);
#293=LINE('',#12131,#1463);
#294=LINE('',#12136,#1464);
#295=LINE('',#12138,#1465);
#296=LINE('',#12140,#1466);
#297=LINE('',#12142,#1467);
#298=LINE('',#12145,#1468);
#299=LINE('',#12149,#1469);
#300=LINE('',#12150,#1470);
#301=LINE('',#12154,#1471);
#302=LINE('',#12155,#1472);
#303=LINE('',#12156,#1473);
#304=LINE('',#12158,#1474);
#305=LINE('',#12160,#1475);
#306=LINE('',#12161,#1476);
#307=LINE('',#12163,#1477);
#308=LINE('',#12165,#1478);
#309=LINE('',#12166,#1479);
#310=LINE('',#12167,#1480);
#311=LINE('',#12168,#1481);
#312=LINE('',#12169,#1482);
#313=LINE('',#12172,#1483);
#314=LINE('',#12174,#1484);
#315=LINE('',#12176,#1485);
#316=LINE('',#12177,#1486);
#317=LINE('',#12180,#1487);
#318=LINE('',#12182,#1488);
#319=LINE('',#12183,#1489);
#320=LINE('',#12185,#1490);
#321=LINE('',#12187,#1491);
#322=LINE('',#12188,#1492);
#323=LINE('',#12192,#1493);
#324=LINE('',#12194,#1494);
#325=LINE('',#12196,#1495);
#326=LINE('',#12203,#1496);
#327=LINE('',#12205,#1497);
#328=LINE('',#12207,#1498);
#329=LINE('',#12209,#1499);
#330=LINE('',#12210,#1500);
#331=LINE('',#12213,#1501);
#332=LINE('',#12215,#1502);
#333=LINE('',#12217,#1503);
#334=LINE('',#12221,#1504);
#335=LINE('',#12223,#1505);
#336=LINE('',#12225,#1506);
#337=LINE('',#12226,#1507);
#338=LINE('',#12229,#1508);
#339=LINE('',#12231,#1509);
#340=LINE('',#12233,#1510);
#341=LINE('',#12234,#1511);
#342=LINE('',#12237,#1512);
#343=LINE('',#12239,#1513);
#344=LINE('',#12241,#1514);
#345=LINE('',#12242,#1515);
#346=LINE('',#12245,#1516);
#347=LINE('',#12247,#1517);
#348=LINE('',#12249,#1518);
#349=LINE('',#12250,#1519);
#350=LINE('',#12252,#1520);
#351=LINE('',#12254,#1521);
#352=LINE('',#12255,#1522);
#353=LINE('',#12258,#1523);
#354=LINE('',#12260,#1524);
#355=LINE('',#12261,#1525);
#356=LINE('',#12264,#1526);
#357=LINE('',#12266,#1527);
#358=LINE('',#12268,#1528);
#359=LINE('',#12270,#1529);
#360=LINE('',#12272,#1530);
#361=LINE('',#12274,#1531);
#362=LINE('',#12276,#1532);
#363=LINE('',#12277,#1533);
#364=LINE('',#12280,#1534);
#365=LINE('',#12282,#1535);
#366=LINE('',#12284,#1536);
#367=LINE('',#12285,#1537);
#368=LINE('',#12288,#1538);
#369=LINE('',#12290,#1539);
#370=LINE('',#12292,#1540);
#371=LINE('',#12293,#1541);
#372=LINE('',#12296,#1542);
#373=LINE('',#12298,#1543);
#374=LINE('',#12300,#1544);
#375=LINE('',#12301,#1545);
#376=LINE('',#12304,#1546);
#377=LINE('',#12306,#1547);
#378=LINE('',#12307,#1548);
#379=LINE('',#12310,#1549);
#380=LINE('',#12312,#1550);
#381=LINE('',#12314,#1551);
#382=LINE('',#12315,#1552);
#383=LINE('',#12318,#1553);
#384=LINE('',#12320,#1554);
#385=LINE('',#12322,#1555);
#386=LINE('',#12324,#1556);
#387=LINE('',#12327,#1557);
#388=LINE('',#12329,#1558);
#389=LINE('',#12331,#1559);
#390=LINE('',#12333,#1560);
#391=LINE('',#12336,#1561);
#392=LINE('',#12338,#1562);
#393=LINE('',#12340,#1563);
#394=LINE('',#12342,#1564);
#395=LINE('',#12345,#1565);
#396=LINE('',#12347,#1566);
#397=LINE('',#12349,#1567);
#398=LINE('',#12351,#1568);
#399=LINE('',#12354,#1569);
#400=LINE('',#12356,#1570);
#401=LINE('',#12358,#1571);
#402=LINE('',#12360,#1572);
#403=LINE('',#12363,#1573);
#404=LINE('',#12365,#1574);
#405=LINE('',#12367,#1575);
#406=LINE('',#12369,#1576);
#407=LINE('',#12372,#1577);
#408=LINE('',#12374,#1578);
#409=LINE('',#12376,#1579);
#410=LINE('',#12378,#1580);
#411=LINE('',#12380,#1581);
#412=LINE('',#12383,#1582);
#413=LINE('',#12385,#1583);
#414=LINE('',#12387,#1584);
#415=LINE('',#12389,#1585);
#416=LINE('',#12391,#1586);
#417=LINE('',#12393,#1587);
#418=LINE('',#12395,#1588);
#419=LINE('',#12397,#1589);
#420=LINE('',#12399,#1590);
#421=LINE('',#12401,#1591);
#422=LINE('',#12404,#1592);
#423=LINE('',#12405,#1593);
#424=LINE('',#12407,#1594);
#425=LINE('',#12410,#1595);
#426=LINE('',#12412,#1596);
#427=LINE('',#12414,#1597);
#428=LINE('',#12416,#1598);
#429=LINE('',#12419,#1599);
#430=LINE('',#12421,#1600);
#431=LINE('',#12423,#1601);
#432=LINE('',#12425,#1602);
#433=LINE('',#12428,#1603);
#434=LINE('',#12430,#1604);
#435=LINE('',#12432,#1605);
#436=LINE('',#12434,#1606);
#437=LINE('',#12437,#1607);
#438=LINE('',#12439,#1608);
#439=LINE('',#12441,#1609);
#440=LINE('',#12443,#1610);
#441=LINE('',#12446,#1611);
#442=LINE('',#12448,#1612);
#443=LINE('',#12450,#1613);
#444=LINE('',#12452,#1614);
#445=LINE('',#12455,#1615);
#446=LINE('',#12457,#1616);
#447=LINE('',#12459,#1617);
#448=LINE('',#12461,#1618);
#449=LINE('',#12464,#1619);
#450=LINE('',#12465,#1620);
#451=LINE('',#12467,#1621);
#452=LINE('',#12469,#1622);
#453=LINE('',#12472,#1623);
#454=LINE('',#12474,#1624);
#455=LINE('',#12476,#1625);
#456=LINE('',#12478,#1626);
#457=LINE('',#12480,#1627);
#458=LINE('',#12482,#1628);
#459=LINE('',#12484,#1629);
#460=LINE('',#12486,#1630);
#461=LINE('',#12488,#1631);
#462=LINE('',#12490,#1632);
#463=LINE('',#12493,#1633);
#464=LINE('',#12495,#1634);
#465=LINE('',#12497,#1635);
#466=LINE('',#12499,#1636);
#467=LINE('',#12502,#1637);
#468=LINE('',#12504,#1638);
#469=LINE('',#12506,#1639);
#470=LINE('',#12508,#1640);
#471=LINE('',#12513,#1641);
#472=LINE('',#12515,#1642);
#473=LINE('',#12519,#1643);
#474=LINE('',#12521,#1644);
#475=LINE('',#12523,#1645);
#476=LINE('',#12525,#1646);
#477=LINE('',#12526,#1647);
#478=LINE('',#12529,#1648);
#479=LINE('',#12531,#1649);
#480=LINE('',#12533,#1650);
#481=LINE('',#12536,#1651);
#482=LINE('',#12539,#1652);
#483=LINE('',#12541,#1653);
#484=LINE('',#12543,#1654);
#485=LINE('',#12545,#1655);
#486=LINE('',#12547,#1656);
#487=LINE('',#12549,#1657);
#488=LINE('',#12551,#1658);
#489=LINE('',#12552,#1659);
#490=LINE('',#12555,#1660);
#491=LINE('',#12557,#1661);
#492=LINE('',#12559,#1662);
#493=LINE('',#12560,#1663);
#494=LINE('',#12563,#1664);
#495=LINE('',#12565,#1665);
#496=LINE('',#12567,#1666);
#497=LINE('',#12568,#1667);
#498=LINE('',#12571,#1668);
#499=LINE('',#12573,#1669);
#500=LINE('',#12575,#1670);
#501=LINE('',#12576,#1671);
#502=LINE('',#12579,#1672);
#503=LINE('',#12581,#1673);
#504=LINE('',#12583,#1674);
#505=LINE('',#12584,#1675);
#506=LINE('',#12587,#1676);
#507=LINE('',#12589,#1677);
#508=LINE('',#12590,#1678);
#509=LINE('',#12592,#1679);
#510=LINE('',#12594,#1680);
#511=LINE('',#12595,#1681);
#512=LINE('',#12598,#1682);
#513=LINE('',#12600,#1683);
#514=LINE('',#12602,#1684);
#515=LINE('',#12603,#1685);
#516=LINE('',#12606,#1686);
#517=LINE('',#12608,#1687);
#518=LINE('',#12610,#1688);
#519=LINE('',#12611,#1689);
#520=LINE('',#12614,#1690);
#521=LINE('',#12616,#1691);
#522=LINE('',#12618,#1692);
#523=LINE('',#12619,#1693);
#524=LINE('',#12622,#1694);
#525=LINE('',#12624,#1695);
#526=LINE('',#12625,#1696);
#527=LINE('',#12628,#1697);
#528=LINE('',#12630,#1698);
#529=LINE('',#12632,#1699);
#530=LINE('',#12634,#1700);
#531=LINE('',#12639,#1701);
#532=LINE('',#12646,#1702);
#533=LINE('',#12650,#1703);
#534=LINE('',#12652,#1704);
#535=LINE('',#12655,#1705);
#536=LINE('',#12657,#1706);
#537=LINE('',#12659,#1707);
#538=LINE('',#12661,#1708);
#539=LINE('',#12664,#1709);
#540=LINE('',#12666,#1710);
#541=LINE('',#12668,#1711);
#542=LINE('',#12670,#1712);
#543=LINE('',#12673,#1713);
#544=LINE('',#12674,#1714);
#545=LINE('',#12676,#1715);
#546=LINE('',#12679,#1716);
#547=LINE('',#12681,#1717);
#548=LINE('',#12683,#1718);
#549=LINE('',#12685,#1719);
#550=LINE('',#12688,#1720);
#551=LINE('',#12690,#1721);
#552=LINE('',#12692,#1722);
#553=LINE('',#12694,#1723);
#554=LINE('',#12697,#1724);
#555=LINE('',#12699,#1725);
#556=LINE('',#12701,#1726);
#557=LINE('',#12703,#1727);
#558=LINE('',#12706,#1728);
#559=LINE('',#12708,#1729);
#560=LINE('',#12712,#1730);
#561=LINE('',#12713,#1731);
#562=LINE('',#12714,#1732);
#563=LINE('',#12716,#1733);
#564=LINE('',#12717,#1734);
#565=LINE('',#12719,#1735);
#566=LINE('',#12721,#1736);
#567=LINE('',#12722,#1737);
#568=LINE('',#12724,#1738);
#569=LINE('',#12726,#1739);
#570=LINE('',#12727,#1740);
#571=LINE('',#12729,#1741);
#572=LINE('',#12731,#1742);
#573=LINE('',#12732,#1743);
#574=LINE('',#12734,#1744);
#575=LINE('',#12736,#1745);
#576=LINE('',#12738,#1746);
#577=LINE('',#12740,#1747);
#578=LINE('',#12742,#1748);
#579=LINE('',#12743,#1749);
#580=LINE('',#12745,#1750);
#581=LINE('',#12747,#1751);
#582=LINE('',#12751,#1752);
#583=LINE('',#12753,#1753);
#584=LINE('',#12758,#1754);
#585=LINE('',#12762,#1755);
#586=LINE('',#12765,#1756);
#587=LINE('',#12767,#1757);
#588=LINE('',#12769,#1758);
#589=LINE('',#12771,#1759);
#590=LINE('',#12774,#1760);
#591=LINE('',#12776,#1761);
#592=LINE('',#12778,#1762);
#593=LINE('',#12780,#1763);
#594=LINE('',#12784,#1764);
#595=LINE('',#12786,#1765);
#596=LINE('',#12787,#1766);
#597=LINE('',#12789,#1767);
#598=LINE('',#12791,#1768);
#599=LINE('',#12793,#1769);
#600=LINE('',#12795,#1770);
#601=LINE('',#12797,#1771);
#602=LINE('',#12799,#1772);
#603=LINE('',#12801,#1773);
#604=LINE('',#12803,#1774);
#605=LINE('',#12805,#1775);
#606=LINE('',#12807,#1776);
#607=LINE('',#12809,#1777);
#608=LINE('',#12811,#1778);
#609=LINE('',#12813,#1779);
#610=LINE('',#12814,#1780);
#611=LINE('',#12816,#1781);
#612=LINE('',#12818,#1782);
#613=LINE('',#12819,#1783);
#614=LINE('',#12821,#1784);
#615=LINE('',#12825,#1785);
#616=LINE('',#12827,#1786);
#617=LINE('',#12829,#1787);
#618=LINE('',#12833,#1788);
#619=LINE('',#12835,#1789);
#620=LINE('',#12837,#1790);
#621=LINE('',#12839,#1791);
#622=LINE('',#12841,#1792);
#623=LINE('',#12843,#1793);
#624=LINE('',#12845,#1794);
#625=LINE('',#12847,#1795);
#626=LINE('',#12849,#1796);
#627=LINE('',#12851,#1797);
#628=LINE('',#12853,#1798);
#629=LINE('',#12855,#1799);
#630=LINE('',#12857,#1800);
#631=LINE('',#12859,#1801);
#632=LINE('',#12861,#1802);
#633=LINE('',#12863,#1803);
#634=LINE('',#12865,#1804);
#635=LINE('',#12867,#1805);
#636=LINE('',#12869,#1806);
#637=LINE('',#12871,#1807);
#638=LINE('',#12873,#1808);
#639=LINE('',#12875,#1809);
#640=LINE('',#12877,#1810);
#641=LINE('',#12879,#1811);
#642=LINE('',#12881,#1812);
#643=LINE('',#12884,#1813);
#644=LINE('',#12885,#1814);
#645=LINE('',#12887,#1815);
#646=LINE('',#12889,#1816);
#647=LINE('',#12891,#1817);
#648=LINE('',#12893,#1818);
#649=LINE('',#12895,#1819);
#650=LINE('',#12897,#1820);
#651=LINE('',#12899,#1821);
#652=LINE('',#12901,#1822);
#653=LINE('',#12903,#1823);
#654=LINE('',#12905,#1824);
#655=LINE('',#12907,#1825);
#656=LINE('',#12909,#1826);
#657=LINE('',#12911,#1827);
#658=LINE('',#12913,#1828);
#659=LINE('',#12915,#1829);
#660=LINE('',#12917,#1830);
#661=LINE('',#12919,#1831);
#662=LINE('',#12921,#1832);
#663=LINE('',#12923,#1833);
#664=LINE('',#12925,#1834);
#665=LINE('',#12927,#1835);
#666=LINE('',#12928,#1836);
#667=LINE('',#12930,#1837);
#668=LINE('',#12932,#1838);
#669=LINE('',#12934,#1839);
#670=LINE('',#12935,#1840);
#671=LINE('',#12937,#1841);
#672=LINE('',#12939,#1842);
#673=LINE('',#12941,#1843);
#674=LINE('',#12943,#1844);
#675=LINE('',#12947,#1845);
#676=LINE('',#12949,#1846);
#677=LINE('',#12951,#1847);
#678=LINE('',#12953,#1848);
#679=LINE('',#12954,#1849);
#680=LINE('',#12956,#1850);
#681=LINE('',#12958,#1851);
#682=LINE('',#12959,#1852);
#683=LINE('',#12961,#1853);
#684=LINE('',#12963,#1854);
#685=LINE('',#12965,#1855);
#686=LINE('',#12966,#1856);
#687=LINE('',#12968,#1857);
#688=LINE('',#12970,#1858);
#689=LINE('',#12971,#1859);
#690=LINE('',#12973,#1860);
#691=LINE('',#12975,#1861);
#692=LINE('',#12976,#1862);
#693=LINE('',#12978,#1863);
#694=LINE('',#12980,#1864);
#695=LINE('',#12982,#1865);
#696=LINE('',#12984,#1866);
#697=LINE('',#12986,#1867);
#698=LINE('',#12988,#1868);
#699=LINE('',#12989,#1869);
#700=LINE('',#12991,#1870);
#701=LINE('',#12993,#1871);
#702=LINE('',#12994,#1872);
#703=LINE('',#12997,#1873);
#704=LINE('',#12999,#1874);
#705=LINE('',#13001,#1875);
#706=LINE('',#13002,#1876);
#707=LINE('',#13005,#1877);
#708=LINE('',#13006,#1878);
#709=LINE('',#13008,#1879);
#710=LINE('',#13010,#1880);
#711=LINE('',#13012,#1881);
#712=LINE('',#13014,#1882);
#713=LINE('',#13016,#1883);
#714=LINE('',#13018,#1884);
#715=LINE('',#13020,#1885);
#716=LINE('',#13022,#1886);
#717=LINE('',#13023,#1887);
#718=LINE('',#13025,#1888);
#719=LINE('',#13027,#1889);
#720=LINE('',#13029,#1890);
#721=LINE('',#13031,#1891);
#722=LINE('',#13032,#1892);
#723=LINE('',#13034,#1893);
#724=LINE('',#13035,#1894);
#725=LINE('',#13037,#1895);
#726=LINE('',#13039,#1896);
#727=LINE('',#13040,#1897);
#728=LINE('',#13042,#1898);
#729=LINE('',#13044,#1899);
#730=LINE('',#13046,#1900);
#731=LINE('',#13048,#1901);
#732=LINE('',#13050,#1902);
#733=LINE('',#13052,#1903);
#734=LINE('',#13054,#1904);
#735=LINE('',#13056,#1905);
#736=LINE('',#13058,#1906);
#737=LINE('',#13059,#1907);
#738=LINE('',#13060,#1908);
#739=LINE('',#13061,#1909);
#740=LINE('',#13063,#1910);
#741=LINE('',#13065,#1911);
#742=LINE('',#13067,#1912);
#743=LINE('',#13068,#1913);
#744=LINE('',#13070,#1914);
#745=LINE('',#13071,#1915);
#746=LINE('',#13073,#1916);
#747=LINE('',#13076,#1917);
#748=LINE('',#13078,#1918);
#749=LINE('',#13080,#1919);
#750=LINE('',#13082,#1920);
#751=LINE('',#13085,#1921);
#752=LINE('',#13087,#1922);
#753=LINE('',#13089,#1923);
#754=LINE('',#13091,#1924);
#755=LINE('',#13094,#1925);
#756=LINE('',#13096,#1926);
#757=LINE('',#13098,#1927);
#758=LINE('',#13100,#1928);
#759=LINE('',#13103,#1929);
#760=LINE('',#13105,#1930);
#761=LINE('',#13107,#1931);
#762=LINE('',#13109,#1932);
#763=LINE('',#13112,#1933);
#764=LINE('',#13113,#1934);
#765=LINE('',#13115,#1935);
#766=LINE('',#13117,#1936);
#767=LINE('',#13119,#1937);
#768=LINE('',#13121,#1938);
#769=LINE('',#13124,#1939);
#770=LINE('',#13125,#1940);
#771=LINE('',#13127,#1941);
#772=LINE('',#13129,#1942);
#773=LINE('',#13131,#1943);
#774=LINE('',#13133,#1944);
#775=LINE('',#13135,#1945);
#776=LINE('',#13137,#1946);
#777=LINE('',#13139,#1947);
#778=LINE('',#13141,#1948);
#779=LINE('',#13143,#1949);
#780=LINE('',#13145,#1950);
#781=LINE('',#13147,#1951);
#782=LINE('',#13149,#1952);
#783=LINE('',#13151,#1953);
#784=LINE('',#13153,#1954);
#785=LINE('',#13155,#1955);
#786=LINE('',#13157,#1956);
#787=LINE('',#13160,#1957);
#788=LINE('',#13161,#1958);
#789=LINE('',#13163,#1959);
#790=LINE('',#13165,#1960);
#791=LINE('',#13167,#1961);
#792=LINE('',#13169,#1962);
#793=LINE('',#13172,#1963);
#794=LINE('',#13173,#1964);
#795=LINE('',#13175,#1965);
#796=LINE('',#13177,#1966);
#797=LINE('',#13179,#1967);
#798=LINE('',#13181,#1968);
#799=LINE('',#13183,#1969);
#800=LINE('',#13185,#1970);
#801=LINE('',#13186,#1971);
#802=LINE('',#13188,#1972);
#803=LINE('',#13190,#1973);
#804=LINE('',#13192,#1974);
#805=LINE('',#13194,#1975);
#806=LINE('',#13195,#1976);
#807=LINE('',#13197,#1977);
#808=LINE('',#13199,#1978);
#809=LINE('',#13201,#1979);
#810=LINE('',#13203,#1980);
#811=LINE('',#13205,#1981);
#812=LINE('',#13206,#1982);
#813=LINE('',#13208,#1983);
#814=LINE('',#13210,#1984);
#815=LINE('',#13212,#1985);
#816=LINE('',#13214,#1986);
#817=LINE('',#13215,#1987);
#818=LINE('',#13217,#1988);
#819=LINE('',#13218,#1989);
#820=LINE('',#13220,#1990);
#821=LINE('',#13222,#1991);
#822=LINE('',#13224,#1992);
#823=LINE('',#13226,#1993);
#824=LINE('',#13227,#1994);
#825=LINE('',#13229,#1995);
#826=LINE('',#13231,#1996);
#827=LINE('',#13233,#1997);
#828=LINE('',#13235,#1998);
#829=LINE('',#13237,#1999);
#830=LINE('',#13239,#2000);
#831=LINE('',#13241,#2001);
#832=LINE('',#13243,#2002);
#833=LINE('',#13244,#2003);
#834=LINE('',#13246,#2004);
#835=LINE('',#13248,#2005);
#836=LINE('',#13250,#2006);
#837=LINE('',#13252,#2007);
#838=LINE('',#13253,#2008);
#839=LINE('',#13254,#2009);
#840=LINE('',#13255,#2010);
#841=LINE('',#13257,#2011);
#842=LINE('',#13259,#2012);
#843=LINE('',#13261,#2013);
#844=LINE('',#13263,#2014);
#845=LINE('',#13265,#2015);
#846=LINE('',#13267,#2016);
#847=LINE('',#13269,#2017);
#848=LINE('',#13271,#2018);
#849=LINE('',#13273,#2019);
#850=LINE('',#13274,#2020);
#851=LINE('',#13276,#2021);
#852=LINE('',#13277,#2022);
#853=LINE('',#13279,#2023);
#854=LINE('',#13281,#2024);
#855=LINE('',#13282,#2025);
#856=LINE('',#13284,#2026);
#857=LINE('',#13286,#2027);
#858=LINE('',#13287,#2028);
#859=LINE('',#13289,#2029);
#860=LINE('',#13291,#2030);
#861=LINE('',#13293,#2031);
#862=LINE('',#13294,#2032);
#863=LINE('',#13296,#2033);
#864=LINE('',#13298,#2034);
#865=LINE('',#13300,#2035);
#866=LINE('',#13302,#2036);
#867=LINE('',#13303,#2037);
#868=LINE('',#13305,#2038);
#869=LINE('',#13306,#2039);
#870=LINE('',#13309,#2040);
#871=LINE('',#13311,#2041);
#872=LINE('',#13313,#2042);
#873=LINE('',#13315,#2043);
#874=LINE('',#13316,#2044);
#875=LINE('',#13318,#2045);
#876=LINE('',#13319,#2046);
#877=LINE('',#13321,#2047);
#878=LINE('',#13324,#2048);
#879=LINE('',#13326,#2049);
#880=LINE('',#13328,#2050);
#881=LINE('',#13330,#2051);
#882=LINE('',#13333,#2052);
#883=LINE('',#13335,#2053);
#884=LINE('',#13337,#2054);
#885=LINE('',#13339,#2055);
#886=LINE('',#13342,#2056);
#887=LINE('',#13344,#2057);
#888=LINE('',#13346,#2058);
#889=LINE('',#13348,#2059);
#890=LINE('',#13351,#2060);
#891=LINE('',#13353,#2061);
#892=LINE('',#13355,#2062);
#893=LINE('',#13357,#2063);
#894=LINE('',#13360,#2064);
#895=LINE('',#13362,#2065);
#896=LINE('',#13364,#2066);
#897=LINE('',#13376,#2067);
#898=LINE('',#13379,#2068);
#899=LINE('',#13381,#2069);
#900=LINE('',#13383,#2070);
#901=LINE('',#13385,#2071);
#902=LINE('',#13387,#2072);
#903=LINE('',#13389,#2073);
#904=LINE('',#13391,#2074);
#905=LINE('',#13393,#2075);
#906=LINE('',#13396,#2076);
#907=LINE('',#13398,#2077);
#908=LINE('',#13400,#2078);
#909=LINE('',#13402,#2079);
#910=LINE('',#13404,#2080);
#911=LINE('',#13406,#2081);
#912=LINE('',#13408,#2082);
#913=LINE('',#13410,#2083);
#914=LINE('',#13413,#2084);
#915=LINE('',#13415,#2085);
#916=LINE('',#13417,#2086);
#917=LINE('',#13419,#2087);
#918=LINE('',#13421,#2088);
#919=LINE('',#13423,#2089);
#920=LINE('',#13425,#2090);
#921=LINE('',#13428,#2091);
#922=LINE('',#13430,#2092);
#923=LINE('',#13432,#2093);
#924=LINE('',#13434,#2094);
#925=LINE('',#13437,#2095);
#926=LINE('',#13439,#2096);
#927=LINE('',#13441,#2097);
#928=LINE('',#13442,#2098);
#929=LINE('',#13444,#2099);
#930=LINE('',#13446,#2100);
#931=LINE('',#13448,#2101);
#932=LINE('',#13451,#2102);
#933=LINE('',#13453,#2103);
#934=LINE('',#13455,#2104);
#935=LINE('',#13457,#2105);
#936=LINE('',#13459,#2106);
#937=LINE('',#13461,#2107);
#938=LINE('',#13463,#2108);
#939=LINE('',#13465,#2109);
#940=LINE('',#13468,#2110);
#941=LINE('',#13470,#2111);
#942=LINE('',#13472,#2112);
#943=LINE('',#13474,#2113);
#944=LINE('',#13476,#2114);
#945=LINE('',#13478,#2115);
#946=LINE('',#13480,#2116);
#947=LINE('',#13482,#2117);
#948=LINE('',#13483,#2118);
#949=LINE('',#13484,#2119);
#950=LINE('',#13498,#2120);
#951=LINE('',#13499,#2121);
#952=LINE('',#13536,#2122);
#953=LINE('',#13537,#2123);
#954=LINE('',#13541,#2124);
#955=LINE('',#13542,#2125);
#956=LINE('',#13544,#2126);
#957=LINE('',#13548,#2127);
#958=LINE('',#13549,#2128);
#959=LINE('',#13553,#2129);
#960=LINE('',#13555,#2130);
#961=LINE('',#13557,#2131);
#962=LINE('',#13558,#2132);
#963=LINE('',#13560,#2133);
#964=LINE('',#13562,#2134);
#965=LINE('',#13563,#2135);
#966=LINE('',#13564,#2136);
#967=LINE('',#13565,#2137);
#968=LINE('',#13566,#2138);
#969=LINE('',#13567,#2139);
#970=LINE('',#13568,#2140);
#971=LINE('',#13569,#2141);
#972=LINE('',#13570,#2142);
#973=LINE('',#13571,#2143);
#974=LINE('',#13572,#2144);
#975=LINE('',#13573,#2145);
#976=LINE('',#13574,#2146);
#977=LINE('',#13598,#2147);
#978=LINE('',#13599,#2148);
#979=LINE('',#13601,#2149);
#980=LINE('',#13603,#2150);
#981=LINE('',#13605,#2151);
#982=LINE('',#13606,#2152);
#983=LINE('',#13608,#2153);
#984=LINE('',#13610,#2154);
#985=LINE('',#13612,#2155);
#986=LINE('',#13615,#2156);
#987=LINE('',#13617,#2157);
#988=LINE('',#13619,#2158);
#989=LINE('',#13621,#2159);
#990=LINE('',#13623,#2160);
#991=LINE('',#13625,#2161);
#992=LINE('',#13627,#2162);
#993=LINE('',#13629,#2163);
#994=LINE('',#13631,#2164);
#995=LINE('',#13633,#2165);
#996=LINE('',#13635,#2166);
#997=LINE('',#13637,#2167);
#998=LINE('',#13638,#2168);
#999=LINE('',#13640,#2169);
#1000=LINE('',#13642,#2170);
#1001=LINE('',#13644,#2171);
#1002=LINE('',#13646,#2172);
#1003=LINE('',#13647,#2173);
#1004=LINE('',#13649,#2174);
#1005=LINE('',#13651,#2175);
#1006=LINE('',#13653,#2176);
#1007=LINE('',#13655,#2177);
#1008=LINE('',#13657,#2178);
#1009=LINE('',#13658,#2179);
#1010=LINE('',#13660,#2180);
#1011=LINE('',#13664,#2181);
#1012=LINE('',#13665,#2182);
#1013=LINE('',#13667,#2183);
#1014=LINE('',#13668,#2184);
#1015=LINE('',#13670,#2185);
#1016=LINE('',#13672,#2186);
#1017=LINE('',#13675,#2187);
#1018=LINE('',#13676,#2188);
#1019=LINE('',#13678,#2189);
#1020=LINE('',#13680,#2190);
#1021=LINE('',#13682,#2191);
#1022=LINE('',#13684,#2192);
#1023=LINE('',#13687,#2193);
#1024=LINE('',#13689,#2194);
#1025=LINE('',#13690,#2195);
#1026=LINE('',#13692,#2196);
#1027=LINE('',#13694,#2197);
#1028=LINE('',#13696,#2198);
#1029=LINE('',#13697,#2199);
#1030=LINE('',#13699,#2200);
#1031=LINE('',#13702,#2201);
#1032=LINE('',#13703,#2202);
#1033=LINE('',#13705,#2203);
#1034=LINE('',#13707,#2204);
#1035=LINE('',#13709,#2205);
#1036=LINE('',#13711,#2206);
#1037=LINE('',#13713,#2207);
#1038=LINE('',#13715,#2208);
#1039=LINE('',#13718,#2209);
#1040=LINE('',#13719,#2210);
#1041=LINE('',#13721,#2211);
#1042=LINE('',#13723,#2212);
#1043=LINE('',#13726,#2213);
#1044=LINE('',#13727,#2214);
#1045=LINE('',#13729,#2215);
#1046=LINE('',#13731,#2216);
#1047=LINE('',#13734,#2217);
#1048=LINE('',#13735,#2218);
#1049=LINE('',#13737,#2219);
#1050=LINE('',#13739,#2220);
#1051=LINE('',#13742,#2221);
#1052=LINE('',#13743,#2222);
#1053=LINE('',#13745,#2223);
#1054=LINE('',#13747,#2224);
#1055=LINE('',#13750,#2225);
#1056=LINE('',#13751,#2226);
#1057=LINE('',#13753,#2227);
#1058=LINE('',#13755,#2228);
#1059=LINE('',#13758,#2229);
#1060=LINE('',#13759,#2230);
#1061=LINE('',#13761,#2231);
#1062=LINE('',#13763,#2232);
#1063=LINE('',#13765,#2233);
#1064=LINE('',#13767,#2234);
#1065=LINE('',#13769,#2235);
#1066=LINE('',#13771,#2236);
#1067=LINE('',#13772,#2237);
#1068=LINE('',#13774,#2238);
#1069=LINE('',#13776,#2239);
#1070=LINE('',#13779,#2240);
#1071=LINE('',#13780,#2241);
#1072=LINE('',#13782,#2242);
#1073=LINE('',#13784,#2243);
#1074=LINE('',#13787,#2244);
#1075=LINE('',#13788,#2245);
#1076=LINE('',#13790,#2246);
#1077=LINE('',#13792,#2247);
#1078=LINE('',#13795,#2248);
#1079=LINE('',#13796,#2249);
#1080=LINE('',#13798,#2250);
#1081=LINE('',#13800,#2251);
#1082=LINE('',#13803,#2252);
#1083=LINE('',#13805,#2253);
#1084=LINE('',#13806,#2254);
#1085=LINE('',#13808,#2255);
#1086=LINE('',#13810,#2256);
#1087=LINE('',#13812,#2257);
#1088=LINE('',#13814,#2258);
#1089=LINE('',#13815,#2259);
#1090=LINE('',#13817,#2260);
#1091=LINE('',#13820,#2261);
#1092=LINE('',#13822,#2262);
#1093=LINE('',#13824,#2263);
#1094=LINE('',#13826,#2264);
#1095=LINE('',#13829,#2265);
#1096=LINE('',#13830,#2266);
#1097=LINE('',#13832,#2267);
#1098=LINE('',#13834,#2268);
#1099=LINE('',#13837,#2269);
#1100=LINE('',#13838,#2270);
#1101=LINE('',#13840,#2271);
#1102=LINE('',#13842,#2272);
#1103=LINE('',#13845,#2273);
#1104=LINE('',#13846,#2274);
#1105=LINE('',#13848,#2275);
#1106=LINE('',#13850,#2276);
#1107=LINE('',#13853,#2277);
#1108=LINE('',#13854,#2278);
#1109=LINE('',#13856,#2279);
#1110=LINE('',#13858,#2280);
#1111=LINE('',#13861,#2281);
#1112=LINE('',#13862,#2282);
#1113=LINE('',#13864,#2283);
#1114=LINE('',#13866,#2284);
#1115=LINE('',#13869,#2285);
#1116=LINE('',#13871,#2286);
#1117=LINE('',#13872,#2287);
#1118=LINE('',#13874,#2288);
#1119=LINE('',#13875,#2289);
#1120=LINE('',#13878,#2290);
#1121=LINE('',#13880,#2291);
#1122=LINE('',#13882,#2292);
#1123=LINE('',#13883,#2293);
#1124=LINE('',#13885,#2294);
#1125=LINE('',#13888,#2295);
#1126=LINE('',#13889,#2296);
#1127=LINE('',#13891,#2297);
#1128=LINE('',#13893,#2298);
#1129=LINE('',#13896,#2299);
#1130=LINE('',#13897,#2300);
#1131=LINE('',#13899,#2301);
#1132=LINE('',#13901,#2302);
#1133=LINE('',#13904,#2303);
#1134=LINE('',#13905,#2304);
#1135=LINE('',#13907,#2305);
#1136=LINE('',#13909,#2306);
#1137=LINE('',#13912,#2307);
#1138=LINE('',#13913,#2308);
#1139=LINE('',#13915,#2309);
#1140=LINE('',#13917,#2310);
#1141=LINE('',#13920,#2311);
#1142=LINE('',#13922,#2312);
#1143=LINE('',#13923,#2313);
#1144=LINE('',#13925,#2314);
#1145=LINE('',#13927,#2315);
#1146=LINE('',#13929,#2316);
#1147=LINE('',#13931,#2317);
#1148=LINE('',#13932,#2318);
#1149=LINE('',#13934,#2319);
#1150=LINE('',#13961,#2320);
#1151=LINE('',#13962,#2321);
#1152=LINE('',#13964,#2322);
#1153=LINE('',#13966,#2323);
#1154=LINE('',#13967,#2324);
#1155=LINE('',#13969,#2325);
#1156=LINE('',#13971,#2326);
#1157=LINE('',#13973,#2327);
#1158=LINE('',#13975,#2328);
#1159=LINE('',#13977,#2329);
#1160=LINE('',#13978,#2330);
#1161=LINE('',#13981,#2331);
#1162=LINE('',#13982,#2332);
#1163=LINE('',#13986,#2333);
#1164=LINE('',#13987,#2334);
#1165=LINE('',#13989,#2335);
#1166=LINE('',#13991,#2336);
#1167=LINE('',#13994,#2337);
#1168=LINE('',#13995,#2338);
#1169=LINE('',#13997,#2339);
#1170=LINE('',#13999,#2340);
#1171=LINE('',#14001,#2341);
#1172=LINE('',#14002,#2342);
#1173=LINE('',#14004,#2343);
#1174=LINE('',#14006,#2344);
#1175=LINE('',#14007,#2345);
#1176=LINE('',#14009,#2346);
#1177=LINE('',#14011,#2347);
#1178=LINE('',#14012,#2348);
#1179=LINE('',#14015,#2349);
#1180=LINE('',#14017,#2350);
#1181=LINE('',#14018,#2351);
#1182=LINE('',#14020,#2352);
#1183=LINE('',#14021,#2353);
#1184=LINE('',#14024,#2354);
#1185=LINE('',#14025,#2355);
#1186=LINE('',#14028,#2356);
#1187=LINE('',#14029,#2357);
#1188=LINE('',#14032,#2358);
#1189=LINE('',#14033,#2359);
#1190=LINE('',#14036,#2360);
#1191=LINE('',#14037,#2361);
#1192=LINE('',#14040,#2362);
#1193=LINE('',#14041,#2363);
#1194=LINE('',#14044,#2364);
#1195=LINE('',#14045,#2365);
#1196=LINE('',#14047,#2366);
#1197=LINE('',#14049,#2367);
#1198=LINE('',#14051,#2368);
#1199=LINE('',#14053,#2369);
#1200=LINE('',#14055,#2370);
#1201=LINE('',#14057,#2371);
#1202=LINE('',#14059,#2372);
#1203=LINE('',#14062,#2373);
#1204=LINE('',#14064,#2374);
#1205=LINE('',#14066,#2375);
#1206=LINE('',#14068,#2376);
#1207=LINE('',#14070,#2377);
#1208=LINE('',#14072,#2378);
#1209=LINE('',#14074,#2379);
#1210=LINE('',#14077,#2380);
#1211=LINE('',#14078,#2381);
#1212=LINE('',#14080,#2382);
#1213=LINE('',#14083,#2383);
#1214=LINE('',#14084,#2384);
#1215=LINE('',#14086,#2385);
#1216=LINE('',#14089,#2386);
#1217=LINE('',#14090,#2387);
#1218=LINE('',#14092,#2388);
#1219=LINE('',#14095,#2389);
#1220=LINE('',#14096,#2390);
#1221=LINE('',#14098,#2391);
#1222=VECTOR('',#9442,1.);
#1223=VECTOR('',#9443,1.);
#1224=VECTOR('',#9444,1.);
#1225=VECTOR('',#9449,1.);
#1226=VECTOR('',#9450,1.);
#1227=VECTOR('',#9451,1.);
#1228=VECTOR('',#9454,1.);
#1229=VECTOR('',#9455,1.);
#1230=VECTOR('',#9456,1.);
#1231=VECTOR('',#9457,1.);
#1232=VECTOR('',#9460,1.);
#1233=VECTOR('',#9461,1.);
#1234=VECTOR('',#9462,1.);
#1235=VECTOR('',#9467,1.);
#1236=VECTOR('',#9468,1.);
#1237=VECTOR('',#9469,1.);
#1238=VECTOR('',#9474,1.);
#1239=VECTOR('',#9475,1.);
#1240=VECTOR('',#9476,1.);
#1241=VECTOR('',#9479,1.);
#1242=VECTOR('',#9480,1.);
#1243=VECTOR('',#9481,1.);
#1244=VECTOR('',#9482,1.);
#1245=VECTOR('',#9485,1.);
#1246=VECTOR('',#9486,1.);
#1247=VECTOR('',#9487,1.);
#1248=VECTOR('',#9498,1.);
#1249=VECTOR('',#9499,1.);
#1250=VECTOR('',#9500,1.);
#1251=VECTOR('',#9503,1.);
#1252=VECTOR('',#9506,1.);
#1253=VECTOR('',#9507,1.);
#1254=VECTOR('',#9508,1.);
#1255=VECTOR('',#9509,1.);
#1256=VECTOR('',#9510,1.);
#1257=VECTOR('',#9513,1.);
#1258=VECTOR('',#9514,1.);
#1259=VECTOR('',#9515,1.);
#1260=VECTOR('',#9516,1.);
#1261=VECTOR('',#9517,1.);
#1262=VECTOR('',#9520,1.);
#1263=VECTOR('',#9521,1.);
#1264=VECTOR('',#9522,1.);
#1265=VECTOR('',#9523,1.);
#1266=VECTOR('',#9524,1.);
#1267=VECTOR('',#9525,1.);
#1268=VECTOR('',#9526,1.);
#1269=VECTOR('',#9527,1.);
#1270=VECTOR('',#9528,1.);
#1271=VECTOR('',#9529,1.);
#1272=VECTOR('',#9530,1.);
#1273=VECTOR('',#9531,1.);
#1274=VECTOR('',#9532,1.);
#1275=VECTOR('',#9533,1.);
#1276=VECTOR('',#9536,1.);
#1277=VECTOR('',#9539,1.);
#1278=VECTOR('',#9542,1.);
#1279=VECTOR('',#9545,1.);
#1280=VECTOR('',#9556,1.);
#1281=VECTOR('',#9557,1.);
#1282=VECTOR('',#9558,1.);
#1283=VECTOR('',#9559,1.);
#1284=VECTOR('',#9560,1.);
#1285=VECTOR('',#9561,1.);
#1286=VECTOR('',#9562,1.);
#1287=VECTOR('',#9563,1.);
#1288=VECTOR('',#9564,1.);
#1289=VECTOR('',#9565,1.);
#1290=VECTOR('',#9566,1.);
#1291=VECTOR('',#9567,1.);
#1292=VECTOR('',#9570,1.);
#1293=VECTOR('',#9571,1.);
#1294=VECTOR('',#9572,1.);
#1295=VECTOR('',#9573,1.);
#1296=VECTOR('',#9578,1.);
#1297=VECTOR('',#9579,1.);
#1298=VECTOR('',#9580,1.);
#1299=VECTOR('',#9581,1.);
#1300=VECTOR('',#9582,1.);
#1301=VECTOR('',#9583,1.);
#1302=VECTOR('',#9584,1.);
#1303=VECTOR('',#9585,1.);
#1304=VECTOR('',#9586,1.);
#1305=VECTOR('',#9587,1.);
#1306=VECTOR('',#9588,1.);
#1307=VECTOR('',#9589,1.);
#1308=VECTOR('',#9590,1.);
#1309=VECTOR('',#9591,1.);
#1310=VECTOR('',#9592,1.);
#1311=VECTOR('',#9593,1.);
#1312=VECTOR('',#9594,1.);
#1313=VECTOR('',#9595,1.);
#1314=VECTOR('',#9596,1.);
#1315=VECTOR('',#9597,1.);
#1316=VECTOR('',#9598,1.);
#1317=VECTOR('',#9599,1.);
#1318=VECTOR('',#9600,1.);
#1319=VECTOR('',#9601,1.);
#1320=VECTOR('',#9604,1.);
#1321=VECTOR('',#9605,1.);
#1322=VECTOR('',#9606,1.);
#1323=VECTOR('',#9607,1.);
#1324=VECTOR('',#9608,1.);
#1325=VECTOR('',#9609,1.);
#1326=VECTOR('',#9610,1.);
#1327=VECTOR('',#9611,1.);
#1328=VECTOR('',#9612,1.);
#1329=VECTOR('',#9613,1.);
#1330=VECTOR('',#9614,1.);
#1331=VECTOR('',#9615,1.);
#1332=VECTOR('',#9616,1.);
#1333=VECTOR('',#9617,1.);
#1334=VECTOR('',#9618,1.);
#1335=VECTOR('',#9621,1.);
#1336=VECTOR('',#9622,1.);
#1337=VECTOR('',#9623,1.);
#1338=VECTOR('',#9626,1.);
#1339=VECTOR('',#9627,1.);
#1340=VECTOR('',#9630,1.);
#1341=VECTOR('',#9631,1.);
#1342=VECTOR('',#9632,1.);
#1343=VECTOR('',#9635,1.);
#1344=VECTOR('',#9636,1.);
#1345=VECTOR('',#9637,1.);
#1346=VECTOR('',#9640,1.);
#1347=VECTOR('',#9641,1.);
#1348=VECTOR('',#9642,1.);
#1349=VECTOR('',#9645,1.);
#1350=VECTOR('',#9646,1.);
#1351=VECTOR('',#9647,1.);
#1352=VECTOR('',#9650,1.);
#1353=VECTOR('',#9651,1.);
#1354=VECTOR('',#9652,1.);
#1355=VECTOR('',#9655,1.);
#1356=VECTOR('',#9656,1.);
#1357=VECTOR('',#9657,1.);
#1358=VECTOR('',#9660,1.);
#1359=VECTOR('',#9661,1.);
#1360=VECTOR('',#9662,1.);
#1361=VECTOR('',#9665,1.);
#1362=VECTOR('',#9666,1.);
#1363=VECTOR('',#9667,1.);
#1364=VECTOR('',#9668,1.);
#1365=VECTOR('',#9673,1.);
#1366=VECTOR('',#9674,1.);
#1367=VECTOR('',#9675,1.);
#1368=VECTOR('',#9676,1.);
#1369=VECTOR('',#9677,1.);
#1370=VECTOR('',#9678,1.);
#1371=VECTOR('',#9679,1.);
#1372=VECTOR('',#9680,1.);
#1373=VECTOR('',#9681,1.);
#1374=VECTOR('',#9682,1.);
#1375=VECTOR('',#9683,1.);
#1376=VECTOR('',#9684,1.);
#1377=VECTOR('',#9685,1.);
#1378=VECTOR('',#9686,1.);
#1379=VECTOR('',#9687,1.);
#1380=VECTOR('',#9688,1.);
#1381=VECTOR('',#9689,1.);
#1382=VECTOR('',#9690,1.);
#1383=VECTOR('',#9691,1.);
#1384=VECTOR('',#9692,1.);
#1385=VECTOR('',#9693,1.);
#1386=VECTOR('',#9694,1.);
#1387=VECTOR('',#9695,1.);
#1388=VECTOR('',#9696,1.);
#1389=VECTOR('',#9699,1.);
#1390=VECTOR('',#9700,1.);
#1391=VECTOR('',#9701,1.);
#1392=VECTOR('',#9702,1.);
#1393=VECTOR('',#9703,1.);
#1394=VECTOR('',#9704,1.);
#1395=VECTOR('',#9705,1.);
#1396=VECTOR('',#9706,1.);
#1397=VECTOR('',#9707,1.);
#1398=VECTOR('',#9708,1.);
#1399=VECTOR('',#9709,1.);
#1400=VECTOR('',#9710,1.);
#1401=VECTOR('',#9711,1.);
#1402=VECTOR('',#9712,1.);
#1403=VECTOR('',#9713,1.);
#1404=VECTOR('',#9716,1.);
#1405=VECTOR('',#9717,1.);
#1406=VECTOR('',#9718,1.);
#1407=VECTOR('',#9721,1.);
#1408=VECTOR('',#9722,1.);
#1409=VECTOR('',#9725,1.);
#1410=VECTOR('',#9726,1.);
#1411=VECTOR('',#9727,1.);
#1412=VECTOR('',#9730,1.);
#1413=VECTOR('',#9731,1.);
#1414=VECTOR('',#9732,1.);
#1415=VECTOR('',#9735,1.);
#1416=VECTOR('',#9736,1.);
#1417=VECTOR('',#9737,1.);
#1418=VECTOR('',#9740,1.);
#1419=VECTOR('',#9741,1.);
#1420=VECTOR('',#9742,1.);
#1421=VECTOR('',#9745,1.);
#1422=VECTOR('',#9746,1.);
#1423=VECTOR('',#9747,1.);
#1424=VECTOR('',#9750,1.);
#1425=VECTOR('',#9751,1.);
#1426=VECTOR('',#9752,1.);
#1427=VECTOR('',#9755,1.);
#1428=VECTOR('',#9756,1.);
#1429=VECTOR('',#9757,1.);
#1430=VECTOR('',#9760,1.);
#1431=VECTOR('',#9763,1.);
#1432=VECTOR('',#9764,1.);
#1433=VECTOR('',#9765,1.);
#1434=VECTOR('',#9766,1.);
#1435=VECTOR('',#9767,1.);
#1436=VECTOR('',#9770,1.);
#1437=VECTOR('',#9771,1.);
#1438=VECTOR('',#9772,1.);
#1439=VECTOR('',#9777,1.);
#1440=VECTOR('',#9778,1.);
#1441=VECTOR('',#9783,1.);
#1442=VECTOR('',#9784,1.);
#1443=VECTOR('',#9785,1.);
#1444=VECTOR('',#9786,1.);
#1445=VECTOR('',#9787,1.);
#1446=VECTOR('',#9788,1.);
#1447=VECTOR('',#9789,1.);
#1448=VECTOR('',#9790,1.);
#1449=VECTOR('',#9791,1.);
#1450=VECTOR('',#9792,1.);
#1451=VECTOR('',#9793,1.);
#1452=VECTOR('',#9794,1.);
#1453=VECTOR('',#9795,1.);
#1454=VECTOR('',#9796,1.);
#1455=VECTOR('',#9797,1.);
#1456=VECTOR('',#9798,1.);
#1457=VECTOR('',#9799,1.);
#1458=VECTOR('',#9800,1.);
#1459=VECTOR('',#9801,1.);
#1460=VECTOR('',#9802,1.);
#1461=VECTOR('',#9803,1.);
#1462=VECTOR('',#9804,1.);
#1463=VECTOR('',#9807,1.);
#1464=VECTOR('',#9810,1.);
#1465=VECTOR('',#9811,1.);
#1466=VECTOR('',#9812,1.);
#1467=VECTOR('',#9813,1.);
#1468=VECTOR('',#9816,1.);
#1469=VECTOR('',#9819,1.);
#1470=VECTOR('',#9820,1.);
#1471=VECTOR('',#9825,1.);
#1472=VECTOR('',#9826,1.);
#1473=VECTOR('',#9827,1.);
#1474=VECTOR('',#9828,1.);
#1475=VECTOR('',#9829,1.);
#1476=VECTOR('',#9830,1.);
#1477=VECTOR('',#9831,1.);
#1478=VECTOR('',#9832,1.);
#1479=VECTOR('',#9833,1.);
#1480=VECTOR('',#9834,1.);
#1481=VECTOR('',#9835,1.);
#1482=VECTOR('',#9836,1.);
#1483=VECTOR('',#9837,1.);
#1484=VECTOR('',#9838,1.);
#1485=VECTOR('',#9839,1.);
#1486=VECTOR('',#9840,1.);
#1487=VECTOR('',#9841,1.);
#1488=VECTOR('',#9842,1.);
#1489=VECTOR('',#9843,1.);
#1490=VECTOR('',#9844,1.);
#1491=VECTOR('',#9845,1.);
#1492=VECTOR('',#9846,1.);
#1493=VECTOR('',#9849,1.);
#1494=VECTOR('',#9850,1.);
#1495=VECTOR('',#9851,1.);
#1496=VECTOR('',#9858,1.);
#1497=VECTOR('',#9859,1.);
#1498=VECTOR('',#9860,1.);
#1499=VECTOR('',#9861,1.);
#1500=VECTOR('',#9862,1.);
#1501=VECTOR('',#9863,1.);
#1502=VECTOR('',#9864,1.);
#1503=VECTOR('',#9865,1.);
#1504=VECTOR('',#9868,1.);
#1505=VECTOR('',#9869,1.);
#1506=VECTOR('',#9870,1.);
#1507=VECTOR('',#9871,1.);
#1508=VECTOR('',#9872,1.);
#1509=VECTOR('',#9873,1.);
#1510=VECTOR('',#9874,1.);
#1511=VECTOR('',#9875,1.);
#1512=VECTOR('',#9876,1.);
#1513=VECTOR('',#9877,1.);
#1514=VECTOR('',#9878,1.);
#1515=VECTOR('',#9879,1.);
#1516=VECTOR('',#9880,1.);
#1517=VECTOR('',#9881,1.);
#1518=VECTOR('',#9882,1.);
#1519=VECTOR('',#9883,1.);
#1520=VECTOR('',#9884,1.);
#1521=VECTOR('',#9885,1.);
#1522=VECTOR('',#9886,1.);
#1523=VECTOR('',#9887,1.);
#1524=VECTOR('',#9888,1.);
#1525=VECTOR('',#9889,1.);
#1526=VECTOR('',#9890,1.);
#1527=VECTOR('',#9891,1.);
#1528=VECTOR('',#9892,1.);
#1529=VECTOR('',#9893,1.);
#1530=VECTOR('',#9894,1.);
#1531=VECTOR('',#9895,1.);
#1532=VECTOR('',#9896,1.);
#1533=VECTOR('',#9897,1.);
#1534=VECTOR('',#9898,1.);
#1535=VECTOR('',#9899,1.);
#1536=VECTOR('',#9900,1.);
#1537=VECTOR('',#9901,1.);
#1538=VECTOR('',#9902,1.);
#1539=VECTOR('',#9903,1.);
#1540=VECTOR('',#9904,1.);
#1541=VECTOR('',#9905,1.);
#1542=VECTOR('',#9906,1.);
#1543=VECTOR('',#9907,1.);
#1544=VECTOR('',#9908,1.);
#1545=VECTOR('',#9909,1.);
#1546=VECTOR('',#9910,1.);
#1547=VECTOR('',#9911,1.);
#1548=VECTOR('',#9912,1.);
#1549=VECTOR('',#9913,1.);
#1550=VECTOR('',#9914,1.);
#1551=VECTOR('',#9915,1.);
#1552=VECTOR('',#9916,1.);
#1553=VECTOR('',#9917,1.);
#1554=VECTOR('',#9918,1.);
#1555=VECTOR('',#9919,1.);
#1556=VECTOR('',#9922,1.);
#1557=VECTOR('',#9923,1.);
#1558=VECTOR('',#9924,1.);
#1559=VECTOR('',#9925,1.);
#1560=VECTOR('',#9928,1.);
#1561=VECTOR('',#9929,1.);
#1562=VECTOR('',#9930,1.);
#1563=VECTOR('',#9931,1.);
#1564=VECTOR('',#9934,1.);
#1565=VECTOR('',#9935,1.);
#1566=VECTOR('',#9936,1.);
#1567=VECTOR('',#9937,1.);
#1568=VECTOR('',#9940,1.);
#1569=VECTOR('',#9941,1.);
#1570=VECTOR('',#9942,1.);
#1571=VECTOR('',#9943,1.);
#1572=VECTOR('',#9946,1.);
#1573=VECTOR('',#9947,1.);
#1574=VECTOR('',#9948,1.);
#1575=VECTOR('',#9949,1.);
#1576=VECTOR('',#9952,1.);
#1577=VECTOR('',#9953,1.);
#1578=VECTOR('',#9954,1.);
#1579=VECTOR('',#9955,1.);
#1580=VECTOR('',#9956,1.);
#1581=VECTOR('',#9959,1.);
#1582=VECTOR('',#9960,1.);
#1583=VECTOR('',#9961,1.);
#1584=VECTOR('',#9962,1.);
#1585=VECTOR('',#9963,1.);
#1586=VECTOR('',#9964,1.);
#1587=VECTOR('',#9965,1.);
#1588=VECTOR('',#9966,1.);
#1589=VECTOR('',#9967,1.);
#1590=VECTOR('',#9968,1.);
#1591=VECTOR('',#9971,1.);
#1592=VECTOR('',#9972,1.);
#1593=VECTOR('',#9973,1.);
#1594=VECTOR('',#9976,1.);
#1595=VECTOR('',#9977,1.);
#1596=VECTOR('',#9978,1.);
#1597=VECTOR('',#9979,1.);
#1598=VECTOR('',#9982,1.);
#1599=VECTOR('',#9983,1.);
#1600=VECTOR('',#9984,1.);
#1601=VECTOR('',#9985,1.);
#1602=VECTOR('',#9988,1.);
#1603=VECTOR('',#9989,1.);
#1604=VECTOR('',#9990,1.);
#1605=VECTOR('',#9991,1.);
#1606=VECTOR('',#9994,1.);
#1607=VECTOR('',#9995,1.);
#1608=VECTOR('',#9996,1.);
#1609=VECTOR('',#9997,1.);
#1610=VECTOR('',#10000,1.);
#1611=VECTOR('',#10001,1.);
#1612=VECTOR('',#10002,1.);
#1613=VECTOR('',#10003,1.);
#1614=VECTOR('',#10006,1.);
#1615=VECTOR('',#10007,1.);
#1616=VECTOR('',#10008,1.);
#1617=VECTOR('',#10009,1.);
#1618=VECTOR('',#10012,1.);
#1619=VECTOR('',#10013,1.);
#1620=VECTOR('',#10014,1.);
#1621=VECTOR('',#10015,1.);
#1622=VECTOR('',#10018,1.);
#1623=VECTOR('',#10019,1.);
#1624=VECTOR('',#10020,1.);
#1625=VECTOR('',#10021,1.);
#1626=VECTOR('',#10022,1.);
#1627=VECTOR('',#10023,1.);
#1628=VECTOR('',#10024,1.);
#1629=VECTOR('',#10025,1.);
#1630=VECTOR('',#10026,1.);
#1631=VECTOR('',#10027,1.);
#1632=VECTOR('',#10030,1.);
#1633=VECTOR('',#10031,1.);
#1634=VECTOR('',#10032,1.);
#1635=VECTOR('',#10033,1.);
#1636=VECTOR('',#10036,1.);
#1637=VECTOR('',#10037,1.);
#1638=VECTOR('',#10038,1.);
#1639=VECTOR('',#10039,1.);
#1640=VECTOR('',#10042,1.);
#1641=VECTOR('',#10045,1.);
#1642=VECTOR('',#10046,1.);
#1643=VECTOR('',#10049,1.);
#1644=VECTOR('',#10050,1.);
#1645=VECTOR('',#10051,1.);
#1646=VECTOR('',#10052,1.);
#1647=VECTOR('',#10053,1.);
#1648=VECTOR('',#10054,1.);
#1649=VECTOR('',#10055,1.);
#1650=VECTOR('',#10056,1.);
#1651=VECTOR('',#10059,1.);
#1652=VECTOR('',#10060,1.);
#1653=VECTOR('',#10061,1.);
#1654=VECTOR('',#10062,1.);
#1655=VECTOR('',#10063,1.);
#1656=VECTOR('',#10064,1.);
#1657=VECTOR('',#10065,1.);
#1658=VECTOR('',#10066,1.);
#1659=VECTOR('',#10067,1.);
#1660=VECTOR('',#10068,1.);
#1661=VECTOR('',#10069,1.);
#1662=VECTOR('',#10070,1.);
#1663=VECTOR('',#10071,1.);
#1664=VECTOR('',#10072,1.);
#1665=VECTOR('',#10073,1.);
#1666=VECTOR('',#10074,1.);
#1667=VECTOR('',#10075,1.);
#1668=VECTOR('',#10076,1.);
#1669=VECTOR('',#10077,1.);
#1670=VECTOR('',#10078,1.);
#1671=VECTOR('',#10079,1.);
#1672=VECTOR('',#10080,1.);
#1673=VECTOR('',#10081,1.);
#1674=VECTOR('',#10082,1.);
#1675=VECTOR('',#10083,1.);
#1676=VECTOR('',#10084,1.);
#1677=VECTOR('',#10085,1.);
#1678=VECTOR('',#10086,1.);
#1679=VECTOR('',#10087,1.);
#1680=VECTOR('',#10088,1.);
#1681=VECTOR('',#10089,1.);
#1682=VECTOR('',#10090,1.);
#1683=VECTOR('',#10091,1.);
#1684=VECTOR('',#10092,1.);
#1685=VECTOR('',#10093,1.);
#1686=VECTOR('',#10094,1.);
#1687=VECTOR('',#10095,1.);
#1688=VECTOR('',#10096,1.);
#1689=VECTOR('',#10097,1.);
#1690=VECTOR('',#10098,1.);
#1691=VECTOR('',#10099,1.);
#1692=VECTOR('',#10100,1.);
#1693=VECTOR('',#10101,1.);
#1694=VECTOR('',#10102,1.);
#1695=VECTOR('',#10103,1.);
#1696=VECTOR('',#10104,1.);
#1697=VECTOR('',#10105,1.);
#1698=VECTOR('',#10106,1.);
#1699=VECTOR('',#10107,1.);
#1700=VECTOR('',#10110,1.);
#1701=VECTOR('',#10113,1.);
#1702=VECTOR('',#10120,1.);
#1703=VECTOR('',#10123,1.);
#1704=VECTOR('',#10126,1.);
#1705=VECTOR('',#10127,1.);
#1706=VECTOR('',#10128,1.);
#1707=VECTOR('',#10129,1.);
#1708=VECTOR('',#10132,1.);
#1709=VECTOR('',#10133,1.);
#1710=VECTOR('',#10134,1.);
#1711=VECTOR('',#10135,1.);
#1712=VECTOR('',#10138,1.);
#1713=VECTOR('',#10139,1.);
#1714=VECTOR('',#10140,1.);
#1715=VECTOR('',#10143,1.);
#1716=VECTOR('',#10144,1.);
#1717=VECTOR('',#10145,1.);
#1718=VECTOR('',#10146,1.);
#1719=VECTOR('',#10149,1.);
#1720=VECTOR('',#10150,1.);
#1721=VECTOR('',#10151,1.);
#1722=VECTOR('',#10152,1.);
#1723=VECTOR('',#10155,1.);
#1724=VECTOR('',#10156,1.);
#1725=VECTOR('',#10157,1.);
#1726=VECTOR('',#10158,1.);
#1727=VECTOR('',#10161,1.);
#1728=VECTOR('',#10162,1.);
#1729=VECTOR('',#10163,1.);
#1730=VECTOR('',#10166,1.);
#1731=VECTOR('',#10167,1.);
#1732=VECTOR('',#10168,1.);
#1733=VECTOR('',#10169,1.);
#1734=VECTOR('',#10170,1.);
#1735=VECTOR('',#10171,1.);
#1736=VECTOR('',#10172,1.);
#1737=VECTOR('',#10173,1.);
#1738=VECTOR('',#10174,1.);
#1739=VECTOR('',#10175,1.);
#1740=VECTOR('',#10176,1.);
#1741=VECTOR('',#10177,1.);
#1742=VECTOR('',#10178,1.);
#1743=VECTOR('',#10179,1.);
#1744=VECTOR('',#10180,1.);
#1745=VECTOR('',#10181,1.);
#1746=VECTOR('',#10182,1.);
#1747=VECTOR('',#10183,1.);
#1748=VECTOR('',#10184,1.);
#1749=VECTOR('',#10185,1.);
#1750=VECTOR('',#10186,1.);
#1751=VECTOR('',#10189,1.);
#1752=VECTOR('',#10192,1.);
#1753=VECTOR('',#10195,1.);
#1754=VECTOR('',#10198,1.);
#1755=VECTOR('',#10203,1.);
#1756=VECTOR('',#10204,1.);
#1757=VECTOR('',#10205,1.);
#1758=VECTOR('',#10206,1.);
#1759=VECTOR('',#10209,1.);
#1760=VECTOR('',#10210,1.);
#1761=VECTOR('',#10211,1.);
#1762=VECTOR('',#10212,1.);
#1763=VECTOR('',#10215,1.);
#1764=VECTOR('',#10218,1.);
#1765=VECTOR('',#10219,1.);
#1766=VECTOR('',#10220,1.);
#1767=VECTOR('',#10221,1.);
#1768=VECTOR('',#10222,1.);
#1769=VECTOR('',#10223,1.);
#1770=VECTOR('',#10224,1.);
#1771=VECTOR('',#10225,1.);
#1772=VECTOR('',#10226,1.);
#1773=VECTOR('',#10227,1.);
#1774=VECTOR('',#10228,1.);
#1775=VECTOR('',#10229,1.);
#1776=VECTOR('',#10230,1.);
#1777=VECTOR('',#10231,1.);
#1778=VECTOR('',#10232,1.);
#1779=VECTOR('',#10233,1.);
#1780=VECTOR('',#10234,1.);
#1781=VECTOR('',#10235,1.);
#1782=VECTOR('',#10236,1.);
#1783=VECTOR('',#10237,1.);
#1784=VECTOR('',#10238,1.);
#1785=VECTOR('',#10241,1.);
#1786=VECTOR('',#10244,1.);
#1787=VECTOR('',#10245,1.);
#1788=VECTOR('',#10250,1.);
#1789=VECTOR('',#10251,1.);
#1790=VECTOR('',#10252,1.);
#1791=VECTOR('',#10255,1.);
#1792=VECTOR('',#10256,1.);
#1793=VECTOR('',#10257,1.);
#1794=VECTOR('',#10260,1.);
#1795=VECTOR('',#10261,1.);
#1796=VECTOR('',#10262,1.);
#1797=VECTOR('',#10265,1.);
#1798=VECTOR('',#10266,1.);
#1799=VECTOR('',#10267,1.);
#1800=VECTOR('',#10270,1.);
#1801=VECTOR('',#10271,1.);
#1802=VECTOR('',#10272,1.);
#1803=VECTOR('',#10275,1.);
#1804=VECTOR('',#10276,1.);
#1805=VECTOR('',#10277,1.);
#1806=VECTOR('',#10280,1.);
#1807=VECTOR('',#10281,1.);
#1808=VECTOR('',#10282,1.);
#1809=VECTOR('',#10285,1.);
#1810=VECTOR('',#10286,1.);
#1811=VECTOR('',#10287,1.);
#1812=VECTOR('',#10290,1.);
#1813=VECTOR('',#10291,1.);
#1814=VECTOR('',#10292,1.);
#1815=VECTOR('',#10295,1.);
#1816=VECTOR('',#10296,1.);
#1817=VECTOR('',#10297,1.);
#1818=VECTOR('',#10300,1.);
#1819=VECTOR('',#10301,1.);
#1820=VECTOR('',#10302,1.);
#1821=VECTOR('',#10305,1.);
#1822=VECTOR('',#10306,1.);
#1823=VECTOR('',#10307,1.);
#1824=VECTOR('',#10310,1.);
#1825=VECTOR('',#10311,1.);
#1826=VECTOR('',#10312,1.);
#1827=VECTOR('',#10315,1.);
#1828=VECTOR('',#10316,1.);
#1829=VECTOR('',#10317,1.);
#1830=VECTOR('',#10320,1.);
#1831=VECTOR('',#10321,1.);
#1832=VECTOR('',#10322,1.);
#1833=VECTOR('',#10325,1.);
#1834=VECTOR('',#10326,1.);
#1835=VECTOR('',#10329,1.);
#1836=VECTOR('',#10330,1.);
#1837=VECTOR('',#10333,1.);
#1838=VECTOR('',#10334,1.);
#1839=VECTOR('',#10335,1.);
#1840=VECTOR('',#10336,1.);
#1841=VECTOR('',#10337,1.);
#1842=VECTOR('',#10338,1.);
#1843=VECTOR('',#10339,1.);
#1844=VECTOR('',#10340,1.);
#1845=VECTOR('',#10343,1.);
#1846=VECTOR('',#10344,1.);
#1847=VECTOR('',#10345,1.);
#1848=VECTOR('',#10346,1.);
#1849=VECTOR('',#10347,1.);
#1850=VECTOR('',#10348,1.);
#1851=VECTOR('',#10349,1.);
#1852=VECTOR('',#10350,1.);
#1853=VECTOR('',#10351,1.);
#1854=VECTOR('',#10352,1.);
#1855=VECTOR('',#10353,1.);
#1856=VECTOR('',#10354,1.);
#1857=VECTOR('',#10355,1.);
#1858=VECTOR('',#10356,1.);
#1859=VECTOR('',#10357,1.);
#1860=VECTOR('',#10358,1.);
#1861=VECTOR('',#10359,1.);
#1862=VECTOR('',#10360,1.);
#1863=VECTOR('',#10361,1.);
#1864=VECTOR('',#10362,1.);
#1865=VECTOR('',#10363,1.);
#1866=VECTOR('',#10364,1.);
#1867=VECTOR('',#10365,1.);
#1868=VECTOR('',#10366,1.);
#1869=VECTOR('',#10367,1.);
#1870=VECTOR('',#10368,1.);
#1871=VECTOR('',#10369,1.);
#1872=VECTOR('',#10370,1.);
#1873=VECTOR('',#10371,1.);
#1874=VECTOR('',#10372,1.);
#1875=VECTOR('',#10373,1.);
#1876=VECTOR('',#10374,1.);
#1877=VECTOR('',#10375,1.);
#1878=VECTOR('',#10376,1.);
#1879=VECTOR('',#10377,1.);
#1880=VECTOR('',#10378,1.);
#1881=VECTOR('',#10379,1.);
#1882=VECTOR('',#10380,1.);
#1883=VECTOR('',#10381,1.);
#1884=VECTOR('',#10382,1.);
#1885=VECTOR('',#10383,1.);
#1886=VECTOR('',#10384,1.);
#1887=VECTOR('',#10385,1.);
#1888=VECTOR('',#10386,1.);
#1889=VECTOR('',#10387,1.);
#1890=VECTOR('',#10388,1.);
#1891=VECTOR('',#10389,1.);
#1892=VECTOR('',#10390,1.);
#1893=VECTOR('',#10391,1.);
#1894=VECTOR('',#10392,1.);
#1895=VECTOR('',#10393,1.);
#1896=VECTOR('',#10394,1.);
#1897=VECTOR('',#10395,1.);
#1898=VECTOR('',#10396,1.);
#1899=VECTOR('',#10397,1.);
#1900=VECTOR('',#10398,1.);
#1901=VECTOR('',#10399,1.);
#1902=VECTOR('',#10400,1.);
#1903=VECTOR('',#10401,1.);
#1904=VECTOR('',#10402,1.);
#1905=VECTOR('',#10403,1.);
#1906=VECTOR('',#10404,1.);
#1907=VECTOR('',#10405,1.);
#1908=VECTOR('',#10406,1.);
#1909=VECTOR('',#10407,1.);
#1910=VECTOR('',#10408,1.);
#1911=VECTOR('',#10409,1.);
#1912=VECTOR('',#10412,1.);
#1913=VECTOR('',#10413,1.);
#1914=VECTOR('',#10416,1.);
#1915=VECTOR('',#10417,1.);
#1916=VECTOR('',#10420,1.);
#1917=VECTOR('',#10421,1.);
#1918=VECTOR('',#10422,1.);
#1919=VECTOR('',#10423,1.);
#1920=VECTOR('',#10426,1.);
#1921=VECTOR('',#10427,1.);
#1922=VECTOR('',#10428,1.);
#1923=VECTOR('',#10429,1.);
#1924=VECTOR('',#10432,1.);
#1925=VECTOR('',#10433,1.);
#1926=VECTOR('',#10434,1.);
#1927=VECTOR('',#10435,1.);
#1928=VECTOR('',#10438,1.);
#1929=VECTOR('',#10439,1.);
#1930=VECTOR('',#10440,1.);
#1931=VECTOR('',#10441,1.);
#1932=VECTOR('',#10444,1.);
#1933=VECTOR('',#10445,1.);
#1934=VECTOR('',#10446,1.);
#1935=VECTOR('',#10449,1.);
#1936=VECTOR('',#10450,1.);
#1937=VECTOR('',#10451,1.);
#1938=VECTOR('',#10454,1.);
#1939=VECTOR('',#10455,1.);
#1940=VECTOR('',#10456,1.);
#1941=VECTOR('',#10459,1.);
#1942=VECTOR('',#10460,1.);
#1943=VECTOR('',#10461,1.);
#1944=VECTOR('',#10464,1.);
#1945=VECTOR('',#10465,1.);
#1946=VECTOR('',#10466,1.);
#1947=VECTOR('',#10469,1.);
#1948=VECTOR('',#10470,1.);
#1949=VECTOR('',#10471,1.);
#1950=VECTOR('',#10474,1.);
#1951=VECTOR('',#10475,1.);
#1952=VECTOR('',#10476,1.);
#1953=VECTOR('',#10479,1.);
#1954=VECTOR('',#10480,1.);
#1955=VECTOR('',#10481,1.);
#1956=VECTOR('',#10484,1.);
#1957=VECTOR('',#10485,1.);
#1958=VECTOR('',#10486,1.);
#1959=VECTOR('',#10489,1.);
#1960=VECTOR('',#10490,1.);
#1961=VECTOR('',#10491,1.);
#1962=VECTOR('',#10494,1.);
#1963=VECTOR('',#10495,1.);
#1964=VECTOR('',#10496,1.);
#1965=VECTOR('',#10499,1.);
#1966=VECTOR('',#10500,1.);
#1967=VECTOR('',#10503,1.);
#1968=VECTOR('',#10504,1.);
#1969=VECTOR('',#10505,1.);
#1970=VECTOR('',#10508,1.);
#1971=VECTOR('',#10509,1.);
#1972=VECTOR('',#10512,1.);
#1973=VECTOR('',#10513,1.);
#1974=VECTOR('',#10514,1.);
#1975=VECTOR('',#10515,1.);
#1976=VECTOR('',#10516,1.);
#1977=VECTOR('',#10517,1.);
#1978=VECTOR('',#10518,1.);
#1979=VECTOR('',#10519,1.);
#1980=VECTOR('',#10520,1.);
#1981=VECTOR('',#10521,1.);
#1982=VECTOR('',#10522,1.);
#1983=VECTOR('',#10523,1.);
#1984=VECTOR('',#10524,1.);
#1985=VECTOR('',#10525,1.);
#1986=VECTOR('',#10526,1.);
#1987=VECTOR('',#10527,1.);
#1988=VECTOR('',#10528,1.);
#1989=VECTOR('',#10529,1.);
#1990=VECTOR('',#10530,1.);
#1991=VECTOR('',#10531,1.);
#1992=VECTOR('',#10532,1.);
#1993=VECTOR('',#10533,1.);
#1994=VECTOR('',#10534,1.);
#1995=VECTOR('',#10535,1.);
#1996=VECTOR('',#10536,1.);
#1997=VECTOR('',#10537,1.);
#1998=VECTOR('',#10538,1.);
#1999=VECTOR('',#10539,1.);
#2000=VECTOR('',#10540,1.);
#2001=VECTOR('',#10541,1.);
#2002=VECTOR('',#10542,1.);
#2003=VECTOR('',#10543,1.);
#2004=VECTOR('',#10544,1.);
#2005=VECTOR('',#10545,1.);
#2006=VECTOR('',#10546,1.);
#2007=VECTOR('',#10547,1.);
#2008=VECTOR('',#10548,1.);
#2009=VECTOR('',#10549,1.);
#2010=VECTOR('',#10550,1.);
#2011=VECTOR('',#10551,1.);
#2012=VECTOR('',#10552,1.);
#2013=VECTOR('',#10553,1.);
#2014=VECTOR('',#10554,1.);
#2015=VECTOR('',#10555,1.);
#2016=VECTOR('',#10556,1.);
#2017=VECTOR('',#10557,1.);
#2018=VECTOR('',#10558,1.);
#2019=VECTOR('',#10559,1.);
#2020=VECTOR('',#10560,1.);
#2021=VECTOR('',#10561,1.);
#2022=VECTOR('',#10562,1.);
#2023=VECTOR('',#10563,1.);
#2024=VECTOR('',#10564,1.);
#2025=VECTOR('',#10565,1.);
#2026=VECTOR('',#10566,1.);
#2027=VECTOR('',#10567,1.);
#2028=VECTOR('',#10568,1.);
#2029=VECTOR('',#10569,1.);
#2030=VECTOR('',#10570,1.);
#2031=VECTOR('',#10571,1.);
#2032=VECTOR('',#10572,1.);
#2033=VECTOR('',#10573,1.);
#2034=VECTOR('',#10574,1.);
#2035=VECTOR('',#10575,1.);
#2036=VECTOR('',#10576,1.);
#2037=VECTOR('',#10577,1.);
#2038=VECTOR('',#10578,1.);
#2039=VECTOR('',#10579,1.);
#2040=VECTOR('',#10580,1.);
#2041=VECTOR('',#10581,1.);
#2042=VECTOR('',#10582,1.);
#2043=VECTOR('',#10585,1.);
#2044=VECTOR('',#10586,1.);
#2045=VECTOR('',#10589,1.);
#2046=VECTOR('',#10590,1.);
#2047=VECTOR('',#10593,1.);
#2048=VECTOR('',#10594,1.);
#2049=VECTOR('',#10595,1.);
#2050=VECTOR('',#10596,1.);
#2051=VECTOR('',#10599,1.);
#2052=VECTOR('',#10600,1.);
#2053=VECTOR('',#10601,1.);
#2054=VECTOR('',#10602,1.);
#2055=VECTOR('',#10605,1.);
#2056=VECTOR('',#10606,1.);
#2057=VECTOR('',#10607,1.);
#2058=VECTOR('',#10608,1.);
#2059=VECTOR('',#10611,1.);
#2060=VECTOR('',#10612,1.);
#2061=VECTOR('',#10613,1.);
#2062=VECTOR('',#10614,1.);
#2063=VECTOR('',#10617,1.);
#2064=VECTOR('',#10618,1.);
#2065=VECTOR('',#10619,1.);
#2066=VECTOR('',#10620,1.);
#2067=VECTOR('',#10639,1.);
#2068=VECTOR('',#10640,1.);
#2069=VECTOR('',#10641,1.);
#2070=VECTOR('',#10642,1.);
#2071=VECTOR('',#10643,1.);
#2072=VECTOR('',#10644,1.);
#2073=VECTOR('',#10645,1.);
#2074=VECTOR('',#10646,1.);
#2075=VECTOR('',#10649,1.);
#2076=VECTOR('',#10650,1.);
#2077=VECTOR('',#10651,1.);
#2078=VECTOR('',#10652,1.);
#2079=VECTOR('',#10653,1.);
#2080=VECTOR('',#10654,1.);
#2081=VECTOR('',#10655,1.);
#2082=VECTOR('',#10656,1.);
#2083=VECTOR('',#10659,1.);
#2084=VECTOR('',#10660,1.);
#2085=VECTOR('',#10661,1.);
#2086=VECTOR('',#10662,1.);
#2087=VECTOR('',#10663,1.);
#2088=VECTOR('',#10664,1.);
#2089=VECTOR('',#10665,1.);
#2090=VECTOR('',#10666,1.);
#2091=VECTOR('',#10671,1.);
#2092=VECTOR('',#10672,1.);
#2093=VECTOR('',#10673,1.);
#2094=VECTOR('',#10676,1.);
#2095=VECTOR('',#10677,1.);
#2096=VECTOR('',#10678,1.);
#2097=VECTOR('',#10679,1.);
#2098=VECTOR('',#10680,1.);
#2099=VECTOR('',#10681,1.);
#2100=VECTOR('',#10682,1.);
#2101=VECTOR('',#10685,1.);
#2102=VECTOR('',#10686,1.);
#2103=VECTOR('',#10687,1.);
#2104=VECTOR('',#10688,1.);
#2105=VECTOR('',#10689,1.);
#2106=VECTOR('',#10690,1.);
#2107=VECTOR('',#10691,1.);
#2108=VECTOR('',#10692,1.);
#2109=VECTOR('',#10695,1.);
#2110=VECTOR('',#10696,1.);
#2111=VECTOR('',#10697,1.);
#2112=VECTOR('',#10698,1.);
#2113=VECTOR('',#10699,1.);
#2114=VECTOR('',#10700,1.);
#2115=VECTOR('',#10701,1.);
#2116=VECTOR('',#10702,1.);
#2117=VECTOR('',#10705,1.);
#2118=VECTOR('',#10706,1.);
#2119=VECTOR('',#10707,1.);
#2120=VECTOR('',#10734,1.);
#2121=VECTOR('',#10735,1.);
#2122=VECTOR('',#10780,1.);
#2123=VECTOR('',#10781,1.);
#2124=VECTOR('',#10784,1.);
#2125=VECTOR('',#10785,1.);
#2126=VECTOR('',#10788,1.);
#2127=VECTOR('',#10791,1.);
#2128=VECTOR('',#10792,1.);
#2129=VECTOR('',#10795,1.);
#2130=VECTOR('',#10798,1.);
#2131=VECTOR('',#10801,1.);
#2132=VECTOR('',#10802,1.);
#2133=VECTOR('',#10805,1.);
#2134=VECTOR('',#10808,1.);
#2135=VECTOR('',#10809,1.);
#2136=VECTOR('',#10810,1.);
#2137=VECTOR('',#10811,1.);
#2138=VECTOR('',#10812,1.);
#2139=VECTOR('',#10813,1.);
#2140=VECTOR('',#10814,1.);
#2141=VECTOR('',#10815,1.);
#2142=VECTOR('',#10816,1.);
#2143=VECTOR('',#10817,1.);
#2144=VECTOR('',#10818,1.);
#2145=VECTOR('',#10819,1.);
#2146=VECTOR('',#10820,1.);
#2147=VECTOR('',#10855,1.);
#2148=VECTOR('',#10856,1.);
#2149=VECTOR('',#10859,1.);
#2150=VECTOR('',#10862,1.);
#2151=VECTOR('',#10865,1.);
#2152=VECTOR('',#10866,1.);
#2153=VECTOR('',#10869,1.);
#2154=VECTOR('',#10872,1.);
#2155=VECTOR('',#10875,1.);
#2156=VECTOR('',#10880,1.);
#2157=VECTOR('',#10881,1.);
#2158=VECTOR('',#10882,1.);
#2159=VECTOR('',#10885,1.);
#2160=VECTOR('',#10886,1.);
#2161=VECTOR('',#10889,1.);
#2162=VECTOR('',#10892,1.);
#2163=VECTOR('',#10895,1.);
#2164=VECTOR('',#10896,1.);
#2165=VECTOR('',#10899,1.);
#2166=VECTOR('',#10902,1.);
#2167=VECTOR('',#10905,1.);
#2168=VECTOR('',#10906,1.);
#2169=VECTOR('',#10909,1.);
#2170=VECTOR('',#10912,1.);
#2171=VECTOR('',#10915,1.);
#2172=VECTOR('',#10918,1.);
#2173=VECTOR('',#10919,1.);
#2174=VECTOR('',#10922,1.);
#2175=VECTOR('',#10925,1.);
#2176=VECTOR('',#10928,1.);
#2177=VECTOR('',#10931,1.);
#2178=VECTOR('',#10934,1.);
#2179=VECTOR('',#10935,1.);
#2180=VECTOR('',#10938,1.);
#2181=VECTOR('',#10945,1.);
#2182=VECTOR('',#10946,1.);
#2183=VECTOR('',#10949,1.);
#2184=VECTOR('',#10950,1.);
#2185=VECTOR('',#10953,1.);
#2186=VECTOR('',#10956,1.);
#2187=VECTOR('',#10961,1.);
#2188=VECTOR('',#10962,1.);
#2189=VECTOR('',#10965,1.);
#2190=VECTOR('',#10968,1.);
#2191=VECTOR('',#10971,1.);
#2192=VECTOR('',#10974,1.);
#2193=VECTOR('',#10979,1.);
#2194=VECTOR('',#10982,1.);
#2195=VECTOR('',#10983,1.);
#2196=VECTOR('',#10986,1.);
#2197=VECTOR('',#10989,1.);
#2198=VECTOR('',#10992,1.);
#2199=VECTOR('',#10993,1.);
#2200=VECTOR('',#10996,1.);
#2201=VECTOR('',#11001,1.);
#2202=VECTOR('',#11002,1.);
#2203=VECTOR('',#11005,1.);
#2204=VECTOR('',#11008,1.);
#2205=VECTOR('',#11011,1.);
#2206=VECTOR('',#11014,1.);
#2207=VECTOR('',#11017,1.);
#2208=VECTOR('',#11020,1.);
#2209=VECTOR('',#11025,1.);
#2210=VECTOR('',#11026,1.);
#2211=VECTOR('',#11029,1.);
#2212=VECTOR('',#11032,1.);
#2213=VECTOR('',#11037,1.);
#2214=VECTOR('',#11038,1.);
#2215=VECTOR('',#11041,1.);
#2216=VECTOR('',#11044,1.);
#2217=VECTOR('',#11049,1.);
#2218=VECTOR('',#11050,1.);
#2219=VECTOR('',#11053,1.);
#2220=VECTOR('',#11056,1.);
#2221=VECTOR('',#11061,1.);
#2222=VECTOR('',#11062,1.);
#2223=VECTOR('',#11065,1.);
#2224=VECTOR('',#11068,1.);
#2225=VECTOR('',#11073,1.);
#2226=VECTOR('',#11074,1.);
#2227=VECTOR('',#11077,1.);
#2228=VECTOR('',#11080,1.);
#2229=VECTOR('',#11085,1.);
#2230=VECTOR('',#11086,1.);
#2231=VECTOR('',#11089,1.);
#2232=VECTOR('',#11092,1.);
#2233=VECTOR('',#11093,1.);
#2234=VECTOR('',#11096,1.);
#2235=VECTOR('',#11097,1.);
#2236=VECTOR('',#11100,1.);
#2237=VECTOR('',#11101,1.);
#2238=VECTOR('',#11104,1.);
#2239=VECTOR('',#11107,1.);
#2240=VECTOR('',#11112,1.);
#2241=VECTOR('',#11113,1.);
#2242=VECTOR('',#11116,1.);
#2243=VECTOR('',#11119,1.);
#2244=VECTOR('',#11124,1.);
#2245=VECTOR('',#11125,1.);
#2246=VECTOR('',#11128,1.);
#2247=VECTOR('',#11131,1.);
#2248=VECTOR('',#11136,1.);
#2249=VECTOR('',#11137,1.);
#2250=VECTOR('',#11140,1.);
#2251=VECTOR('',#11143,1.);
#2252=VECTOR('',#11148,1.);
#2253=VECTOR('',#11149,1.);
#2254=VECTOR('',#11150,1.);
#2255=VECTOR('',#11153,1.);
#2256=VECTOR('',#11156,1.);
#2257=VECTOR('',#11157,1.);
#2258=VECTOR('',#11160,1.);
#2259=VECTOR('',#11161,1.);
#2260=VECTOR('',#11164,1.);
#2261=VECTOR('',#11169,1.);
#2262=VECTOR('',#11172,1.);
#2263=VECTOR('',#11175,1.);
#2264=VECTOR('',#11178,1.);
#2265=VECTOR('',#11183,1.);
#2266=VECTOR('',#11184,1.);
#2267=VECTOR('',#11187,1.);
#2268=VECTOR('',#11190,1.);
#2269=VECTOR('',#11195,1.);
#2270=VECTOR('',#11196,1.);
#2271=VECTOR('',#11199,1.);
#2272=VECTOR('',#11202,1.);
#2273=VECTOR('',#11207,1.);
#2274=VECTOR('',#11208,1.);
#2275=VECTOR('',#11211,1.);
#2276=VECTOR('',#11214,1.);
#2277=VECTOR('',#11219,1.);
#2278=VECTOR('',#11220,1.);
#2279=VECTOR('',#11223,1.);
#2280=VECTOR('',#11226,1.);
#2281=VECTOR('',#11231,1.);
#2282=VECTOR('',#11232,1.);
#2283=VECTOR('',#11235,1.);
#2284=VECTOR('',#11238,1.);
#2285=VECTOR('',#11243,1.);
#2286=VECTOR('',#11244,1.);
#2287=VECTOR('',#11245,1.);
#2288=VECTOR('',#11248,1.);
#2289=VECTOR('',#11249,1.);
#2290=VECTOR('',#11254,1.);
#2291=VECTOR('',#11255,1.);
#2292=VECTOR('',#11258,1.);
#2293=VECTOR('',#11259,1.);
#2294=VECTOR('',#11262,1.);
#2295=VECTOR('',#11267,1.);
#2296=VECTOR('',#11268,1.);
#2297=VECTOR('',#11271,1.);
#2298=VECTOR('',#11274,1.);
#2299=VECTOR('',#11279,1.);
#2300=VECTOR('',#11280,1.);
#2301=VECTOR('',#11283,1.);
#2302=VECTOR('',#11286,1.);
#2303=VECTOR('',#11291,1.);
#2304=VECTOR('',#11292,1.);
#2305=VECTOR('',#11295,1.);
#2306=VECTOR('',#11298,1.);
#2307=VECTOR('',#11303,1.);
#2308=VECTOR('',#11304,1.);
#2309=VECTOR('',#11307,1.);
#2310=VECTOR('',#11310,1.);
#2311=VECTOR('',#11315,1.);
#2312=VECTOR('',#11316,1.);
#2313=VECTOR('',#11317,1.);
#2314=VECTOR('',#11320,1.);
#2315=VECTOR('',#11323,1.);
#2316=VECTOR('',#11324,1.);
#2317=VECTOR('',#11327,1.);
#2318=VECTOR('',#11328,1.);
#2319=VECTOR('',#11331,1.);
#2320=VECTOR('',#11376,1.);
#2321=VECTOR('',#11377,1.);
#2322=VECTOR('',#11380,1.);
#2323=VECTOR('',#11383,1.);
#2324=VECTOR('',#11384,1.);
#2325=VECTOR('',#11387,1.);
#2326=VECTOR('',#11390,1.);
#2327=VECTOR('',#11393,1.);
#2328=VECTOR('',#11396,1.);
#2329=VECTOR('',#11399,1.);
#2330=VECTOR('',#11400,1.);
#2331=VECTOR('',#11405,1.);
#2332=VECTOR('',#11406,1.);
#2333=VECTOR('',#11413,1.);
#2334=VECTOR('',#11414,1.);
#2335=VECTOR('',#11417,1.);
#2336=VECTOR('',#11420,1.);
#2337=VECTOR('',#11425,1.);
#2338=VECTOR('',#11426,1.);
#2339=VECTOR('',#11429,1.);
#2340=VECTOR('',#11432,1.);
#2341=VECTOR('',#11435,1.);
#2342=VECTOR('',#11436,1.);
#2343=VECTOR('',#11439,1.);
#2344=VECTOR('',#11442,1.);
#2345=VECTOR('',#11443,1.);
#2346=VECTOR('',#11446,1.);
#2347=VECTOR('',#11449,1.);
#2348=VECTOR('',#11450,1.);
#2349=VECTOR('',#11455,1.);
#2350=VECTOR('',#11458,1.);
#2351=VECTOR('',#11459,1.);
#2352=VECTOR('',#11462,1.);
#2353=VECTOR('',#11463,1.);
#2354=VECTOR('',#11468,1.);
#2355=VECTOR('',#11469,1.);
#2356=VECTOR('',#11474,1.);
#2357=VECTOR('',#11475,1.);
#2358=VECTOR('',#11480,1.);
#2359=VECTOR('',#11481,1.);
#2360=VECTOR('',#11486,1.);
#2361=VECTOR('',#11487,1.);
#2362=VECTOR('',#11492,1.);
#2363=VECTOR('',#11493,1.);
#2364=VECTOR('',#11498,1.);
#2365=VECTOR('',#11499,1.);
#2366=VECTOR('',#11502,1.);
#2367=VECTOR('',#11503,1.);
#2368=VECTOR('',#11506,1.);
#2369=VECTOR('',#11507,1.);
#2370=VECTOR('',#11510,1.);
#2371=VECTOR('',#11511,1.);
#2372=VECTOR('',#11514,1.);
#2373=VECTOR('',#11519,1.);
#2374=VECTOR('',#11520,1.);
#2375=VECTOR('',#11523,1.);
#2376=VECTOR('',#11524,1.);
#2377=VECTOR('',#11527,1.);
#2378=VECTOR('',#11528,1.);
#2379=VECTOR('',#11531,1.);
#2380=VECTOR('',#11536,1.);
#2381=VECTOR('',#11537,1.);
#2382=VECTOR('',#11540,1.);
#2383=VECTOR('',#11545,1.);
#2384=VECTOR('',#11546,1.);
#2385=VECTOR('',#11549,1.);
#2386=VECTOR('',#11554,1.);
#2387=VECTOR('',#11555,1.);
#2388=VECTOR('',#11558,1.);
#2389=VECTOR('',#11563,1.);
#2390=VECTOR('',#11564,1.);
#2391=VECTOR('',#11567,1.);
#2392=ORIENTED_EDGE('',*,*,#4928,.F.);
#2393=ORIENTED_EDGE('',*,*,#4929,.F.);
#2394=ORIENTED_EDGE('',*,*,#4930,.F.);
#2395=ORIENTED_EDGE('',*,*,#4931,.T.);
#2396=ORIENTED_EDGE('',*,*,#4932,.F.);
#2397=ORIENTED_EDGE('',*,*,#4933,.T.);
#2398=ORIENTED_EDGE('',*,*,#4934,.T.);
#2399=ORIENTED_EDGE('',*,*,#4935,.F.);
#2400=ORIENTED_EDGE('',*,*,#4936,.F.);
#2401=ORIENTED_EDGE('',*,*,#4937,.F.);
#2402=ORIENTED_EDGE('',*,*,#4938,.F.);
#2403=ORIENTED_EDGE('',*,*,#4939,.F.);
#2404=ORIENTED_EDGE('',*,*,#4940,.F.);
#2405=ORIENTED_EDGE('',*,*,#4931,.F.);
#2406=ORIENTED_EDGE('',*,*,#4941,.F.);
#2407=ORIENTED_EDGE('',*,*,#4942,.F.);
#2408=ORIENTED_EDGE('',*,*,#4943,.F.);
#2409=ORIENTED_EDGE('',*,*,#4944,.F.);
#2410=ORIENTED_EDGE('',*,*,#4945,.F.);
#2411=ORIENTED_EDGE('',*,*,#4946,.T.);
#2412=ORIENTED_EDGE('',*,*,#4947,.F.);
#2413=ORIENTED_EDGE('',*,*,#4948,.T.);
#2414=ORIENTED_EDGE('',*,*,#4949,.T.);
#2415=ORIENTED_EDGE('',*,*,#4950,.F.);
#2416=ORIENTED_EDGE('',*,*,#4951,.F.);
#2417=ORIENTED_EDGE('',*,*,#4952,.F.);
#2418=ORIENTED_EDGE('',*,*,#4953,.T.);
#2419=ORIENTED_EDGE('',*,*,#4954,.F.);
#2420=ORIENTED_EDGE('',*,*,#4955,.F.);
#2421=ORIENTED_EDGE('',*,*,#4946,.F.);
#2422=ORIENTED_EDGE('',*,*,#4956,.F.);
#2423=ORIENTED_EDGE('',*,*,#4957,.F.);
#2424=ORIENTED_EDGE('',*,*,#4958,.F.);
#2425=ORIENTED_EDGE('',*,*,#4959,.F.);
#2426=ORIENTED_EDGE('',*,*,#4960,.F.);
#2427=ORIENTED_EDGE('',*,*,#4961,.F.);
#2428=ORIENTED_EDGE('',*,*,#4962,.T.);
#2429=ORIENTED_EDGE('',*,*,#4963,.T.);
#2430=ORIENTED_EDGE('',*,*,#4964,.T.);
#2431=ORIENTED_EDGE('',*,*,#4965,.T.);
#2432=ORIENTED_EDGE('',*,*,#4966,.T.);
#2433=ORIENTED_EDGE('',*,*,#4967,.T.);
#2434=ORIENTED_EDGE('',*,*,#4968,.T.);
#2435=ORIENTED_EDGE('',*,*,#4969,.F.);
#2436=ORIENTED_EDGE('',*,*,#4970,.T.);
#2437=ORIENTED_EDGE('',*,*,#4971,.T.);
#2438=ORIENTED_EDGE('',*,*,#4972,.T.);
#2439=ORIENTED_EDGE('',*,*,#4973,.T.);
#2440=ORIENTED_EDGE('',*,*,#4974,.T.);
#2441=ORIENTED_EDGE('',*,*,#4975,.F.);
#2442=ORIENTED_EDGE('',*,*,#4976,.T.);
#2443=ORIENTED_EDGE('',*,*,#4977,.T.);
#2444=ORIENTED_EDGE('',*,*,#4978,.T.);
#2445=ORIENTED_EDGE('',*,*,#4979,.T.);
#2446=ORIENTED_EDGE('',*,*,#4980,.T.);
#2447=ORIENTED_EDGE('',*,*,#4981,.F.);
#2448=ORIENTED_EDGE('',*,*,#4982,.F.);
#2449=ORIENTED_EDGE('',*,*,#4983,.T.);
#2450=ORIENTED_EDGE('',*,*,#4984,.F.);
#2451=ORIENTED_EDGE('',*,*,#4985,.F.);
#2452=ORIENTED_EDGE('',*,*,#4986,.T.);
#2453=ORIENTED_EDGE('',*,*,#4987,.T.);
#2454=ORIENTED_EDGE('',*,*,#4988,.F.);
#2455=ORIENTED_EDGE('',*,*,#4989,.T.);
#2456=ORIENTED_EDGE('',*,*,#4990,.F.);
#2457=ORIENTED_EDGE('',*,*,#4991,.T.);
#2458=ORIENTED_EDGE('',*,*,#4992,.T.);
#2459=ORIENTED_EDGE('',*,*,#4993,.F.);
#2460=ORIENTED_EDGE('',*,*,#4994,.T.);
#2461=ORIENTED_EDGE('',*,*,#4995,.F.);
#2462=ORIENTED_EDGE('',*,*,#4996,.F.);
#2463=ORIENTED_EDGE('',*,*,#4997,.F.);
#2464=ORIENTED_EDGE('',*,*,#4998,.F.);
#2465=ORIENTED_EDGE('',*,*,#4999,.F.);
#2466=ORIENTED_EDGE('',*,*,#5000,.T.);
#2467=ORIENTED_EDGE('',*,*,#5001,.F.);
#2468=ORIENTED_EDGE('',*,*,#5002,.T.);
#2469=ORIENTED_EDGE('',*,*,#5003,.T.);
#2470=ORIENTED_EDGE('',*,*,#5004,.F.);
#2471=ORIENTED_EDGE('',*,*,#5005,.F.);
#2472=ORIENTED_EDGE('',*,*,#5006,.F.);
#2473=ORIENTED_EDGE('',*,*,#5007,.T.);
#2474=ORIENTED_EDGE('',*,*,#5008,.F.);
#2475=ORIENTED_EDGE('',*,*,#5009,.T.);
#2476=ORIENTED_EDGE('',*,*,#5010,.T.);
#2477=ORIENTED_EDGE('',*,*,#5011,.F.);
#2478=ORIENTED_EDGE('',*,*,#5012,.F.);
#2479=ORIENTED_EDGE('',*,*,#5013,.T.);
#2480=ORIENTED_EDGE('',*,*,#5014,.F.);
#2481=ORIENTED_EDGE('',*,*,#5015,.F.);
#2482=ORIENTED_EDGE('',*,*,#5016,.T.);
#2483=ORIENTED_EDGE('',*,*,#5017,.T.);
#2484=ORIENTED_EDGE('',*,*,#5018,.F.);
#2485=ORIENTED_EDGE('',*,*,#5019,.T.);
#2486=ORIENTED_EDGE('',*,*,#5020,.F.);
#2487=ORIENTED_EDGE('',*,*,#5021,.F.);
#2488=ORIENTED_EDGE('',*,*,#5022,.F.);
#2489=ORIENTED_EDGE('',*,*,#5023,.T.);
#2490=ORIENTED_EDGE('',*,*,#5024,.T.);
#2491=ORIENTED_EDGE('',*,*,#5025,.F.);
#2492=ORIENTED_EDGE('',*,*,#5026,.F.);
#2493=ORIENTED_EDGE('',*,*,#5027,.T.);
#2494=ORIENTED_EDGE('',*,*,#5028,.T.);
#2495=ORIENTED_EDGE('',*,*,#5029,.F.);
#2496=ORIENTED_EDGE('',*,*,#5030,.F.);
#2497=ORIENTED_EDGE('',*,*,#5031,.T.);
#2498=ORIENTED_EDGE('',*,*,#5032,.F.);
#2499=ORIENTED_EDGE('',*,*,#5033,.F.);
#2500=ORIENTED_EDGE('',*,*,#4980,.F.);
#2501=ORIENTED_EDGE('',*,*,#5034,.T.);
#2502=ORIENTED_EDGE('',*,*,#5035,.T.);
#2503=ORIENTED_EDGE('',*,*,#5036,.F.);
#2504=ORIENTED_EDGE('',*,*,#4964,.F.);
#2505=ORIENTED_EDGE('',*,*,#5037,.T.);
#2506=ORIENTED_EDGE('',*,*,#5038,.F.);
#2507=ORIENTED_EDGE('',*,*,#5039,.T.);
#2508=ORIENTED_EDGE('',*,*,#5040,.T.);
#2509=ORIENTED_EDGE('',*,*,#5041,.F.);
#2510=ORIENTED_EDGE('',*,*,#5042,.F.);
#2511=ORIENTED_EDGE('',*,*,#5043,.T.);
#2512=ORIENTED_EDGE('',*,*,#5044,.T.);
#2513=ORIENTED_EDGE('',*,*,#5045,.F.);
#2514=ORIENTED_EDGE('',*,*,#5046,.F.);
#2515=ORIENTED_EDGE('',*,*,#4952,.T.);
#2516=ORIENTED_EDGE('',*,*,#5047,.F.);
#2517=ORIENTED_EDGE('',*,*,#5048,.F.);
#2518=ORIENTED_EDGE('',*,*,#5049,.F.);
#2519=ORIENTED_EDGE('',*,*,#5050,.T.);
#2520=ORIENTED_EDGE('',*,*,#5051,.T.);
#2521=ORIENTED_EDGE('',*,*,#5052,.F.);
#2522=ORIENTED_EDGE('',*,*,#5053,.F.);
#2523=ORIENTED_EDGE('',*,*,#5054,.T.);
#2524=ORIENTED_EDGE('',*,*,#5055,.T.);
#2525=ORIENTED_EDGE('',*,*,#5056,.T.);
#2526=ORIENTED_EDGE('',*,*,#5018,.T.);
#2527=ORIENTED_EDGE('',*,*,#5057,.T.);
#2528=ORIENTED_EDGE('',*,*,#5058,.F.);
#2529=ORIENTED_EDGE('',*,*,#5059,.F.);
#2530=ORIENTED_EDGE('',*,*,#5060,.T.);
#2531=ORIENTED_EDGE('',*,*,#5061,.T.);
#2532=ORIENTED_EDGE('',*,*,#5062,.F.);
#2533=ORIENTED_EDGE('',*,*,#5063,.F.);
#2534=ORIENTED_EDGE('',*,*,#5064,.T.);
#2535=ORIENTED_EDGE('',*,*,#5039,.F.);
#2536=ORIENTED_EDGE('',*,*,#5065,.T.);
#2537=ORIENTED_EDGE('',*,*,#5066,.F.);
#2538=ORIENTED_EDGE('',*,*,#5067,.T.);
#2539=ORIENTED_EDGE('',*,*,#5065,.F.);
#2540=ORIENTED_EDGE('',*,*,#5038,.T.);
#2541=ORIENTED_EDGE('',*,*,#5068,.F.);
#2542=ORIENTED_EDGE('',*,*,#5069,.T.);
#2543=ORIENTED_EDGE('',*,*,#5050,.F.);
#2544=ORIENTED_EDGE('',*,*,#5070,.T.);
#2545=ORIENTED_EDGE('',*,*,#5071,.F.);
#2546=ORIENTED_EDGE('',*,*,#5072,.T.);
#2547=ORIENTED_EDGE('',*,*,#5073,.F.);
#2548=ORIENTED_EDGE('',*,*,#5052,.T.);
#2549=ORIENTED_EDGE('',*,*,#5074,.F.);
#2550=ORIENTED_EDGE('',*,*,#5075,.T.);
#2551=ORIENTED_EDGE('',*,*,#5076,.F.);
#2552=ORIENTED_EDGE('',*,*,#5041,.T.);
#2553=ORIENTED_EDGE('',*,*,#5077,.F.);
#2554=ORIENTED_EDGE('',*,*,#5078,.T.);
#2555=ORIENTED_EDGE('',*,*,#5043,.F.);
#2556=ORIENTED_EDGE('',*,*,#5079,.T.);
#2557=ORIENTED_EDGE('',*,*,#5080,.F.);
#2558=ORIENTED_EDGE('',*,*,#5081,.T.);
#2559=ORIENTED_EDGE('',*,*,#5082,.F.);
#2560=ORIENTED_EDGE('',*,*,#5045,.T.);
#2561=ORIENTED_EDGE('',*,*,#5083,.F.);
#2562=ORIENTED_EDGE('',*,*,#5084,.F.);
#2563=ORIENTED_EDGE('',*,*,#5085,.T.);
#2564=ORIENTED_EDGE('',*,*,#4948,.F.);
#2565=ORIENTED_EDGE('',*,*,#5086,.T.);
#2566=ORIENTED_EDGE('',*,*,#5087,.T.);
#2567=ORIENTED_EDGE('',*,*,#4950,.T.);
#2568=ORIENTED_EDGE('',*,*,#5088,.F.);
#2569=ORIENTED_EDGE('',*,*,#5089,.F.);
#2570=ORIENTED_EDGE('',*,*,#5090,.T.);
#2571=ORIENTED_EDGE('',*,*,#5091,.F.);
#2572=ORIENTED_EDGE('',*,*,#5092,.T.);
#2573=ORIENTED_EDGE('',*,*,#5093,.F.);
#2574=ORIENTED_EDGE('',*,*,#5094,.T.);
#2575=ORIENTED_EDGE('',*,*,#5095,.F.);
#2576=ORIENTED_EDGE('',*,*,#5096,.F.);
#2577=ORIENTED_EDGE('',*,*,#5097,.F.);
#2578=ORIENTED_EDGE('',*,*,#5098,.T.);
#2579=ORIENTED_EDGE('',*,*,#5099,.F.);
#2580=ORIENTED_EDGE('',*,*,#5100,.F.);
#2581=ORIENTED_EDGE('',*,*,#5101,.F.);
#2582=ORIENTED_EDGE('',*,*,#5102,.T.);
#2583=ORIENTED_EDGE('',*,*,#5103,.F.);
#2584=ORIENTED_EDGE('',*,*,#5104,.F.);
#2585=ORIENTED_EDGE('',*,*,#4968,.F.);
#2586=ORIENTED_EDGE('',*,*,#5105,.T.);
#2587=ORIENTED_EDGE('',*,*,#5106,.T.);
#2588=ORIENTED_EDGE('',*,*,#5107,.F.);
#2589=ORIENTED_EDGE('',*,*,#4972,.F.);
#2590=ORIENTED_EDGE('',*,*,#5108,.T.);
#2591=ORIENTED_EDGE('',*,*,#5109,.F.);
#2592=ORIENTED_EDGE('',*,*,#5110,.T.);
#2593=ORIENTED_EDGE('',*,*,#5111,.T.);
#2594=ORIENTED_EDGE('',*,*,#5112,.F.);
#2595=ORIENTED_EDGE('',*,*,#5113,.T.);
#2596=ORIENTED_EDGE('',*,*,#5114,.T.);
#2597=ORIENTED_EDGE('',*,*,#5115,.T.);
#2598=ORIENTED_EDGE('',*,*,#5116,.F.);
#2599=ORIENTED_EDGE('',*,*,#5117,.T.);
#2600=ORIENTED_EDGE('',*,*,#4937,.T.);
#2601=ORIENTED_EDGE('',*,*,#5118,.F.);
#2602=ORIENTED_EDGE('',*,*,#5119,.F.);
#2603=ORIENTED_EDGE('',*,*,#5120,.T.);
#2604=ORIENTED_EDGE('',*,*,#5121,.T.);
#2605=ORIENTED_EDGE('',*,*,#5122,.T.);
#2606=ORIENTED_EDGE('',*,*,#5123,.F.);
#2607=ORIENTED_EDGE('',*,*,#5124,.T.);
#2608=ORIENTED_EDGE('',*,*,#5125,.T.);
#2609=ORIENTED_EDGE('',*,*,#5126,.T.);
#2610=ORIENTED_EDGE('',*,*,#5127,.T.);
#2611=ORIENTED_EDGE('',*,*,#5089,.T.);
#2612=ORIENTED_EDGE('',*,*,#5128,.F.);
#2613=ORIENTED_EDGE('',*,*,#5129,.F.);
#2614=ORIENTED_EDGE('',*,*,#5130,.F.);
#2615=ORIENTED_EDGE('',*,*,#5131,.T.);
#2616=ORIENTED_EDGE('',*,*,#5132,.F.);
#2617=ORIENTED_EDGE('',*,*,#5133,.F.);
#2618=ORIENTED_EDGE('',*,*,#5134,.F.);
#2619=ORIENTED_EDGE('',*,*,#5135,.T.);
#2620=ORIENTED_EDGE('',*,*,#5110,.F.);
#2621=ORIENTED_EDGE('',*,*,#5136,.F.);
#2622=ORIENTED_EDGE('',*,*,#5137,.F.);
#2623=ORIENTED_EDGE('',*,*,#5138,.T.);
#2624=ORIENTED_EDGE('',*,*,#5136,.T.);
#2625=ORIENTED_EDGE('',*,*,#5109,.T.);
#2626=ORIENTED_EDGE('',*,*,#5139,.F.);
#2627=ORIENTED_EDGE('',*,*,#5140,.T.);
#2628=ORIENTED_EDGE('',*,*,#5121,.F.);
#2629=ORIENTED_EDGE('',*,*,#5141,.F.);
#2630=ORIENTED_EDGE('',*,*,#5142,.T.);
#2631=ORIENTED_EDGE('',*,*,#5143,.T.);
#2632=ORIENTED_EDGE('',*,*,#4935,.T.);
#2633=ORIENTED_EDGE('',*,*,#5144,.F.);
#2634=ORIENTED_EDGE('',*,*,#5145,.F.);
#2635=ORIENTED_EDGE('',*,*,#5146,.T.);
#2636=ORIENTED_EDGE('',*,*,#5147,.T.);
#2637=ORIENTED_EDGE('',*,*,#5123,.T.);
#2638=ORIENTED_EDGE('',*,*,#5148,.F.);
#2639=ORIENTED_EDGE('',*,*,#5149,.T.);
#2640=ORIENTED_EDGE('',*,*,#5114,.F.);
#2641=ORIENTED_EDGE('',*,*,#5150,.F.);
#2642=ORIENTED_EDGE('',*,*,#5151,.F.);
#2643=ORIENTED_EDGE('',*,*,#5152,.T.);
#2644=ORIENTED_EDGE('',*,*,#5153,.T.);
#2645=ORIENTED_EDGE('',*,*,#5112,.T.);
#2646=ORIENTED_EDGE('',*,*,#5154,.F.);
#2647=ORIENTED_EDGE('',*,*,#5155,.F.);
#2648=ORIENTED_EDGE('',*,*,#5156,.T.);
#2649=ORIENTED_EDGE('',*,*,#4933,.F.);
#2650=ORIENTED_EDGE('',*,*,#5157,.F.);
#2651=ORIENTED_EDGE('',*,*,#5158,.T.);
#2652=ORIENTED_EDGE('',*,*,#5159,.T.);
#2653=ORIENTED_EDGE('',*,*,#5116,.T.);
#2654=ORIENTED_EDGE('',*,*,#5160,.F.);
#2655=ORIENTED_EDGE('',*,*,#5161,.T.);
#2656=ORIENTED_EDGE('',*,*,#5162,.F.);
#2657=ORIENTED_EDGE('',*,*,#5163,.F.);
#2658=ORIENTED_EDGE('',*,*,#5164,.T.);
#2659=ORIENTED_EDGE('',*,*,#5165,.T.);
#2660=ORIENTED_EDGE('',*,*,#5166,.T.);
#2661=ORIENTED_EDGE('',*,*,#5167,.T.);
#2662=ORIENTED_EDGE('',*,*,#4942,.T.);
#2663=ORIENTED_EDGE('',*,*,#5168,.T.);
#2664=ORIENTED_EDGE('',*,*,#5169,.F.);
#2665=ORIENTED_EDGE('',*,*,#5170,.F.);
#2666=ORIENTED_EDGE('',*,*,#5171,.F.);
#2667=ORIENTED_EDGE('',*,*,#5155,.T.);
#2668=ORIENTED_EDGE('',*,*,#5172,.T.);
#2669=ORIENTED_EDGE('',*,*,#4939,.T.);
#2670=ORIENTED_EDGE('',*,*,#5173,.T.);
#2671=ORIENTED_EDGE('',*,*,#5158,.F.);
#2672=ORIENTED_EDGE('',*,*,#5174,.F.);
#2673=ORIENTED_EDGE('',*,*,#5175,.F.);
#2674=ORIENTED_EDGE('',*,*,#5176,.T.);
#2675=ORIENTED_EDGE('',*,*,#5142,.F.);
#2676=ORIENTED_EDGE('',*,*,#5177,.F.);
#2677=ORIENTED_EDGE('',*,*,#5139,.T.);
#2678=ORIENTED_EDGE('',*,*,#5178,.T.);
#2679=ORIENTED_EDGE('',*,*,#5179,.F.);
#2680=ORIENTED_EDGE('',*,*,#5180,.F.);
#2681=ORIENTED_EDGE('',*,*,#5181,.T.);
#2682=ORIENTED_EDGE('',*,*,#5182,.T.);
#2683=ORIENTED_EDGE('',*,*,#5146,.F.);
#2684=ORIENTED_EDGE('',*,*,#5183,.F.);
#2685=ORIENTED_EDGE('',*,*,#5134,.T.);
#2686=ORIENTED_EDGE('',*,*,#5138,.F.);
#2687=ORIENTED_EDGE('',*,*,#5091,.T.);
#2688=ORIENTED_EDGE('',*,*,#5184,.T.);
#2689=ORIENTED_EDGE('',*,*,#5185,.F.);
#2690=ORIENTED_EDGE('',*,*,#5186,.F.);
#2691=ORIENTED_EDGE('',*,*,#5187,.F.);
#2692=ORIENTED_EDGE('',*,*,#5148,.T.);
#2693=ORIENTED_EDGE('',*,*,#5188,.T.);
#2694=ORIENTED_EDGE('',*,*,#5152,.F.);
#2695=ORIENTED_EDGE('',*,*,#5189,.T.);
#2696=ORIENTED_EDGE('',*,*,#5190,.T.);
#2697=ORIENTED_EDGE('',*,*,#5191,.F.);
#2698=ORIENTED_EDGE('',*,*,#5192,.F.);
#2699=ORIENTED_EDGE('',*,*,#5193,.T.);
#2700=ORIENTED_EDGE('',*,*,#5194,.T.);
#2701=ORIENTED_EDGE('',*,*,#5195,.F.);
#2702=ORIENTED_EDGE('',*,*,#4998,.T.);
#2703=ORIENTED_EDGE('',*,*,#5196,.T.);
#2704=ORIENTED_EDGE('',*,*,#5197,.F.);
#2705=ORIENTED_EDGE('',*,*,#5198,.F.);
#2706=ORIENTED_EDGE('',*,*,#5199,.F.);
#2707=ORIENTED_EDGE('',*,*,#5200,.T.);
#2708=ORIENTED_EDGE('',*,*,#5201,.F.);
#2709=ORIENTED_EDGE('',*,*,#5202,.T.);
#2710=ORIENTED_EDGE('',*,*,#5203,.T.);
#2711=ORIENTED_EDGE('',*,*,#5204,.T.);
#2712=ORIENTED_EDGE('',*,*,#5205,.F.);
#2713=ORIENTED_EDGE('',*,*,#5206,.F.);
#2714=ORIENTED_EDGE('',*,*,#5207,.T.);
#2715=ORIENTED_EDGE('',*,*,#5086,.F.);
#2716=ORIENTED_EDGE('',*,*,#5208,.F.);
#2717=ORIENTED_EDGE('',*,*,#5068,.T.);
#2718=ORIENTED_EDGE('',*,*,#5209,.F.);
#2719=ORIENTED_EDGE('',*,*,#5210,.F.);
#2720=ORIENTED_EDGE('',*,*,#5084,.T.);
#2721=ORIENTED_EDGE('',*,*,#5211,.T.);
#2722=ORIENTED_EDGE('',*,*,#4954,.T.);
#2723=ORIENTED_EDGE('',*,*,#5212,.F.);
#2724=ORIENTED_EDGE('',*,*,#5081,.F.);
#2725=ORIENTED_EDGE('',*,*,#5213,.F.);
#2726=ORIENTED_EDGE('',*,*,#5214,.F.);
#2727=ORIENTED_EDGE('',*,*,#5215,.T.);
#2728=ORIENTED_EDGE('',*,*,#5216,.F.);
#2729=ORIENTED_EDGE('',*,*,#5072,.F.);
#2730=ORIENTED_EDGE('',*,*,#5020,.T.);
#2731=ORIENTED_EDGE('',*,*,#5217,.T.);
#2732=ORIENTED_EDGE('',*,*,#5218,.F.);
#2733=ORIENTED_EDGE('',*,*,#5219,.T.);
#2734=ORIENTED_EDGE('',*,*,#5220,.F.);
#2735=ORIENTED_EDGE('',*,*,#5063,.T.);
#2736=ORIENTED_EDGE('',*,*,#5067,.F.);
#2737=ORIENTED_EDGE('',*,*,#5221,.F.);
#2738=ORIENTED_EDGE('',*,*,#5077,.T.);
#2739=ORIENTED_EDGE('',*,*,#5222,.F.);
#2740=ORIENTED_EDGE('',*,*,#5075,.F.);
#2741=ORIENTED_EDGE('',*,*,#5223,.T.);
#2742=ORIENTED_EDGE('',*,*,#5224,.F.);
#2743=ORIENTED_EDGE('',*,*,#5225,.T.);
#2744=ORIENTED_EDGE('',*,*,#5226,.T.);
#2745=ORIENTED_EDGE('',*,*,#5227,.T.);
#2746=ORIENTED_EDGE('',*,*,#5228,.T.);
#2747=ORIENTED_EDGE('',*,*,#5229,.F.);
#2748=ORIENTED_EDGE('',*,*,#5230,.F.);
#2749=ORIENTED_EDGE('',*,*,#4994,.F.);
#2750=ORIENTED_EDGE('',*,*,#5231,.T.);
#2751=ORIENTED_EDGE('',*,*,#5232,.T.);
#2752=ORIENTED_EDGE('',*,*,#5233,.T.);
#2753=ORIENTED_EDGE('',*,*,#5234,.T.);
#2754=ORIENTED_EDGE('',*,*,#4957,.T.);
#2755=ORIENTED_EDGE('',*,*,#5235,.T.);
#2756=ORIENTED_EDGE('',*,*,#5236,.F.);
#2757=ORIENTED_EDGE('',*,*,#5237,.T.);
#2758=ORIENTED_EDGE('',*,*,#5238,.F.);
#2759=ORIENTED_EDGE('',*,*,#5239,.T.);
#2760=ORIENTED_EDGE('',*,*,#5240,.T.);
#2761=ORIENTED_EDGE('',*,*,#5241,.F.);
#2762=ORIENTED_EDGE('',*,*,#5242,.T.);
#2763=ORIENTED_EDGE('',*,*,#5243,.T.);
#2764=ORIENTED_EDGE('',*,*,#5244,.T.);
#2765=ORIENTED_EDGE('',*,*,#5245,.F.);
#2766=ORIENTED_EDGE('',*,*,#5246,.T.);
#2767=ORIENTED_EDGE('',*,*,#5247,.T.);
#2768=ORIENTED_EDGE('',*,*,#5248,.T.);
#2769=ORIENTED_EDGE('',*,*,#5249,.F.);
#2770=ORIENTED_EDGE('',*,*,#5250,.T.);
#2771=ORIENTED_EDGE('',*,*,#5251,.T.);
#2772=ORIENTED_EDGE('',*,*,#5252,.F.);
#2773=ORIENTED_EDGE('',*,*,#5253,.T.);
#2774=ORIENTED_EDGE('',*,*,#5254,.F.);
#2775=ORIENTED_EDGE('',*,*,#5255,.F.);
#2776=ORIENTED_EDGE('',*,*,#5256,.F.);
#2777=ORIENTED_EDGE('',*,*,#5257,.T.);
#2778=ORIENTED_EDGE('',*,*,#5258,.F.);
#2779=ORIENTED_EDGE('',*,*,#5259,.F.);
#2780=ORIENTED_EDGE('',*,*,#5260,.F.);
#2781=ORIENTED_EDGE('',*,*,#5261,.F.);
#2782=ORIENTED_EDGE('',*,*,#5262,.F.);
#2783=ORIENTED_EDGE('',*,*,#5263,.F.);
#2784=ORIENTED_EDGE('',*,*,#5264,.F.);
#2785=ORIENTED_EDGE('',*,*,#4996,.T.);
#2786=ORIENTED_EDGE('',*,*,#5265,.T.);
#2787=ORIENTED_EDGE('',*,*,#5266,.F.);
#2788=ORIENTED_EDGE('',*,*,#5267,.T.);
#2789=ORIENTED_EDGE('',*,*,#5268,.T.);
#2790=ORIENTED_EDGE('',*,*,#5269,.F.);
#2791=ORIENTED_EDGE('',*,*,#5270,.T.);
#2792=ORIENTED_EDGE('',*,*,#5271,.T.);
#2793=ORIENTED_EDGE('',*,*,#5272,.F.);
#2794=ORIENTED_EDGE('',*,*,#5273,.F.);
#2795=ORIENTED_EDGE('',*,*,#5274,.F.);
#2796=ORIENTED_EDGE('',*,*,#5275,.T.);
#2797=ORIENTED_EDGE('',*,*,#5276,.F.);
#2798=ORIENTED_EDGE('',*,*,#5277,.T.);
#2799=ORIENTED_EDGE('',*,*,#5278,.F.);
#2800=ORIENTED_EDGE('',*,*,#5279,.T.);
#2801=ORIENTED_EDGE('',*,*,#5280,.F.);
#2802=ORIENTED_EDGE('',*,*,#5281,.T.);
#2803=ORIENTED_EDGE('',*,*,#5282,.T.);
#2804=ORIENTED_EDGE('',*,*,#5283,.T.);
#2805=ORIENTED_EDGE('',*,*,#5284,.F.);
#2806=ORIENTED_EDGE('',*,*,#5285,.T.);
#2807=ORIENTED_EDGE('',*,*,#5286,.F.);
#2808=ORIENTED_EDGE('',*,*,#5287,.T.);
#2809=ORIENTED_EDGE('',*,*,#5288,.F.);
#2810=ORIENTED_EDGE('',*,*,#5289,.F.);
#2811=ORIENTED_EDGE('',*,*,#5290,.T.);
#2812=ORIENTED_EDGE('',*,*,#5291,.T.);
#2813=ORIENTED_EDGE('',*,*,#5292,.T.);
#2814=ORIENTED_EDGE('',*,*,#5293,.F.);
#2815=ORIENTED_EDGE('',*,*,#5294,.T.);
#2816=ORIENTED_EDGE('',*,*,#5295,.F.);
#2817=ORIENTED_EDGE('',*,*,#5296,.F.);
#2818=ORIENTED_EDGE('',*,*,#5297,.F.);
#2819=ORIENTED_EDGE('',*,*,#5298,.T.);
#2820=ORIENTED_EDGE('',*,*,#5299,.F.);
#2821=ORIENTED_EDGE('',*,*,#5300,.F.);
#2822=ORIENTED_EDGE('',*,*,#5301,.F.);
#2823=ORIENTED_EDGE('',*,*,#5302,.T.);
#2824=ORIENTED_EDGE('',*,*,#5303,.T.);
#2825=ORIENTED_EDGE('',*,*,#5304,.F.);
#2826=ORIENTED_EDGE('',*,*,#5305,.T.);
#2827=ORIENTED_EDGE('',*,*,#5306,.T.);
#2828=ORIENTED_EDGE('',*,*,#5307,.F.);
#2829=ORIENTED_EDGE('',*,*,#5308,.F.);
#2830=ORIENTED_EDGE('',*,*,#5309,.F.);
#2831=ORIENTED_EDGE('',*,*,#5310,.T.);
#2832=ORIENTED_EDGE('',*,*,#5311,.T.);
#2833=ORIENTED_EDGE('',*,*,#5312,.F.);
#2834=ORIENTED_EDGE('',*,*,#5313,.T.);
#2835=ORIENTED_EDGE('',*,*,#5314,.T.);
#2836=ORIENTED_EDGE('',*,*,#5315,.T.);
#2837=ORIENTED_EDGE('',*,*,#5316,.F.);
#2838=ORIENTED_EDGE('',*,*,#5317,.T.);
#2839=ORIENTED_EDGE('',*,*,#5318,.T.);
#2840=ORIENTED_EDGE('',*,*,#5319,.F.);
#2841=ORIENTED_EDGE('',*,*,#5320,.F.);
#2842=ORIENTED_EDGE('',*,*,#5321,.F.);
#2843=ORIENTED_EDGE('',*,*,#5322,.T.);
#2844=ORIENTED_EDGE('',*,*,#5323,.F.);
#2845=ORIENTED_EDGE('',*,*,#5324,.F.);
#2846=ORIENTED_EDGE('',*,*,#5325,.T.);
#2847=ORIENTED_EDGE('',*,*,#5326,.F.);
#2848=ORIENTED_EDGE('',*,*,#5327,.F.);
#2849=ORIENTED_EDGE('',*,*,#5328,.F.);
#2850=ORIENTED_EDGE('',*,*,#5329,.F.);
#2851=ORIENTED_EDGE('',*,*,#5330,.F.);
#2852=ORIENTED_EDGE('',*,*,#5331,.T.);
#2853=ORIENTED_EDGE('',*,*,#5332,.F.);
#2854=ORIENTED_EDGE('',*,*,#5333,.T.);
#2855=ORIENTED_EDGE('',*,*,#5334,.T.);
#2856=ORIENTED_EDGE('',*,*,#5335,.T.);
#2857=ORIENTED_EDGE('',*,*,#5336,.F.);
#2858=ORIENTED_EDGE('',*,*,#5337,.T.);
#2859=ORIENTED_EDGE('',*,*,#5330,.T.);
#2860=ORIENTED_EDGE('',*,*,#5338,.T.);
#2861=ORIENTED_EDGE('',*,*,#5339,.F.);
#2862=ORIENTED_EDGE('',*,*,#5340,.F.);
#2863=ORIENTED_EDGE('',*,*,#5341,.T.);
#2864=ORIENTED_EDGE('',*,*,#5342,.T.);
#2865=ORIENTED_EDGE('',*,*,#5343,.T.);
#2866=ORIENTED_EDGE('',*,*,#5344,.T.);
#2867=ORIENTED_EDGE('',*,*,#5345,.F.);
#2868=ORIENTED_EDGE('',*,*,#5346,.F.);
#2869=ORIENTED_EDGE('',*,*,#5347,.F.);
#2870=ORIENTED_EDGE('',*,*,#5348,.T.);
#2871=ORIENTED_EDGE('',*,*,#5349,.T.);
#2872=ORIENTED_EDGE('',*,*,#5350,.F.);
#2873=ORIENTED_EDGE('',*,*,#5351,.F.);
#2874=ORIENTED_EDGE('',*,*,#5352,.T.);
#2875=ORIENTED_EDGE('',*,*,#5353,.T.);
#2876=ORIENTED_EDGE('',*,*,#5354,.F.);
#2877=ORIENTED_EDGE('',*,*,#5355,.T.);
#2878=ORIENTED_EDGE('',*,*,#5356,.T.);
#2879=ORIENTED_EDGE('',*,*,#5357,.F.);
#2880=ORIENTED_EDGE('',*,*,#5358,.F.);
#2881=ORIENTED_EDGE('',*,*,#5359,.T.);
#2882=ORIENTED_EDGE('',*,*,#5360,.T.);
#2883=ORIENTED_EDGE('',*,*,#5361,.F.);
#2884=ORIENTED_EDGE('',*,*,#5362,.T.);
#2885=ORIENTED_EDGE('',*,*,#5363,.F.);
#2886=ORIENTED_EDGE('',*,*,#5364,.T.);
#2887=ORIENTED_EDGE('',*,*,#5359,.F.);
#2888=ORIENTED_EDGE('',*,*,#5365,.T.);
#2889=ORIENTED_EDGE('',*,*,#5366,.F.);
#2890=ORIENTED_EDGE('',*,*,#5367,.F.);
#2891=ORIENTED_EDGE('',*,*,#5368,.T.);
#2892=ORIENTED_EDGE('',*,*,#5369,.F.);
#2893=ORIENTED_EDGE('',*,*,#5370,.T.);
#2894=ORIENTED_EDGE('',*,*,#5371,.F.);
#2895=ORIENTED_EDGE('',*,*,#5372,.F.);
#2896=ORIENTED_EDGE('',*,*,#5373,.F.);
#2897=ORIENTED_EDGE('',*,*,#5374,.T.);
#2898=ORIENTED_EDGE('',*,*,#5375,.T.);
#2899=ORIENTED_EDGE('',*,*,#5376,.T.);
#2900=ORIENTED_EDGE('',*,*,#5377,.F.);
#2901=ORIENTED_EDGE('',*,*,#5378,.T.);
#2902=ORIENTED_EDGE('',*,*,#5379,.T.);
#2903=ORIENTED_EDGE('',*,*,#5380,.F.);
#2904=ORIENTED_EDGE('',*,*,#5381,.F.);
#2905=ORIENTED_EDGE('',*,*,#5382,.T.);
#2906=ORIENTED_EDGE('',*,*,#5383,.T.);
#2907=ORIENTED_EDGE('',*,*,#5384,.F.);
#2908=ORIENTED_EDGE('',*,*,#5385,.F.);
#2909=ORIENTED_EDGE('',*,*,#5386,.T.);
#2910=ORIENTED_EDGE('',*,*,#5387,.T.);
#2911=ORIENTED_EDGE('',*,*,#5388,.T.);
#2912=ORIENTED_EDGE('',*,*,#5389,.T.);
#2913=ORIENTED_EDGE('',*,*,#5390,.T.);
#2914=ORIENTED_EDGE('',*,*,#5391,.T.);
#2915=ORIENTED_EDGE('',*,*,#5392,.F.);
#2916=ORIENTED_EDGE('',*,*,#5393,.T.);
#2917=ORIENTED_EDGE('',*,*,#5394,.T.);
#2918=ORIENTED_EDGE('',*,*,#5395,.F.);
#2919=ORIENTED_EDGE('',*,*,#5396,.T.);
#2920=ORIENTED_EDGE('',*,*,#5397,.T.);
#2921=ORIENTED_EDGE('',*,*,#5398,.T.);
#2922=ORIENTED_EDGE('',*,*,#5399,.F.);
#2923=ORIENTED_EDGE('',*,*,#5400,.F.);
#2924=ORIENTED_EDGE('',*,*,#5401,.T.);
#2925=ORIENTED_EDGE('',*,*,#5402,.T.);
#2926=ORIENTED_EDGE('',*,*,#5403,.F.);
#2927=ORIENTED_EDGE('',*,*,#5404,.T.);
#2928=ORIENTED_EDGE('',*,*,#5405,.T.);
#2929=ORIENTED_EDGE('',*,*,#5406,.T.);
#2930=ORIENTED_EDGE('',*,*,#5407,.T.);
#2931=ORIENTED_EDGE('',*,*,#5408,.F.);
#2932=ORIENTED_EDGE('',*,*,#5409,.F.);
#2933=ORIENTED_EDGE('',*,*,#5410,.F.);
#2934=ORIENTED_EDGE('',*,*,#5411,.T.);
#2935=ORIENTED_EDGE('',*,*,#5412,.F.);
#2936=ORIENTED_EDGE('',*,*,#5413,.F.);
#2937=ORIENTED_EDGE('',*,*,#5414,.F.);
#2938=ORIENTED_EDGE('',*,*,#5415,.T.);
#2939=ORIENTED_EDGE('',*,*,#5416,.F.);
#2940=ORIENTED_EDGE('',*,*,#5417,.F.);
#2941=ORIENTED_EDGE('',*,*,#5418,.F.);
#2942=ORIENTED_EDGE('',*,*,#5419,.T.);
#2943=ORIENTED_EDGE('',*,*,#5420,.F.);
#2944=ORIENTED_EDGE('',*,*,#5421,.F.);
#2945=ORIENTED_EDGE('',*,*,#5422,.F.);
#2946=ORIENTED_EDGE('',*,*,#5423,.T.);
#2947=ORIENTED_EDGE('',*,*,#5424,.T.);
#2948=ORIENTED_EDGE('',*,*,#5425,.F.);
#2949=ORIENTED_EDGE('',*,*,#5426,.T.);
#2950=ORIENTED_EDGE('',*,*,#5427,.T.);
#2951=ORIENTED_EDGE('',*,*,#5428,.F.);
#2952=ORIENTED_EDGE('',*,*,#5000,.F.);
#2953=ORIENTED_EDGE('',*,*,#5429,.F.);
#2954=ORIENTED_EDGE('',*,*,#5430,.F.);
#2955=ORIENTED_EDGE('',*,*,#5431,.F.);
#2956=ORIENTED_EDGE('',*,*,#5432,.F.);
#2957=ORIENTED_EDGE('',*,*,#5433,.T.);
#2958=ORIENTED_EDGE('',*,*,#5434,.F.);
#2959=ORIENTED_EDGE('',*,*,#5435,.T.);
#2960=ORIENTED_EDGE('',*,*,#5436,.F.);
#2961=ORIENTED_EDGE('',*,*,#5437,.T.);
#2962=ORIENTED_EDGE('',*,*,#5438,.T.);
#2963=ORIENTED_EDGE('',*,*,#5439,.T.);
#2964=ORIENTED_EDGE('',*,*,#5440,.F.);
#2965=ORIENTED_EDGE('',*,*,#5441,.T.);
#2966=ORIENTED_EDGE('',*,*,#5442,.T.);
#2967=ORIENTED_EDGE('',*,*,#5443,.T.);
#2968=ORIENTED_EDGE('',*,*,#5444,.T.);
#2969=ORIENTED_EDGE('',*,*,#5445,.F.);
#2970=ORIENTED_EDGE('',*,*,#5446,.F.);
#2971=ORIENTED_EDGE('',*,*,#5447,.F.);
#2972=ORIENTED_EDGE('',*,*,#5448,.F.);
#2973=ORIENTED_EDGE('',*,*,#5449,.T.);
#2974=ORIENTED_EDGE('',*,*,#5450,.T.);
#2975=ORIENTED_EDGE('',*,*,#5451,.F.);
#2976=ORIENTED_EDGE('',*,*,#5452,.T.);
#2977=ORIENTED_EDGE('',*,*,#5453,.T.);
#2978=ORIENTED_EDGE('',*,*,#5454,.F.);
#2979=ORIENTED_EDGE('',*,*,#5455,.T.);
#2980=ORIENTED_EDGE('',*,*,#5456,.F.);
#2981=ORIENTED_EDGE('',*,*,#5457,.F.);
#2982=ORIENTED_EDGE('',*,*,#5458,.T.);
#2983=ORIENTED_EDGE('',*,*,#5459,.T.);
#2984=ORIENTED_EDGE('',*,*,#5460,.F.);
#2985=ORIENTED_EDGE('',*,*,#5461,.T.);
#2986=ORIENTED_EDGE('',*,*,#5462,.T.);
#2987=ORIENTED_EDGE('',*,*,#5463,.F.);
#2988=ORIENTED_EDGE('',*,*,#5464,.F.);
#2989=ORIENTED_EDGE('',*,*,#5465,.T.);
#2990=ORIENTED_EDGE('',*,*,#4977,.F.);
#2991=ORIENTED_EDGE('',*,*,#5466,.F.);
#2992=ORIENTED_EDGE('',*,*,#5467,.F.);
#2993=ORIENTED_EDGE('',*,*,#5468,.T.);
#2994=ORIENTED_EDGE('',*,*,#5469,.T.);
#2995=ORIENTED_EDGE('',*,*,#5470,.F.);
#2996=ORIENTED_EDGE('',*,*,#5471,.F.);
#2997=ORIENTED_EDGE('',*,*,#5472,.T.);
#2998=ORIENTED_EDGE('',*,*,#5473,.T.);
#2999=ORIENTED_EDGE('',*,*,#5474,.F.);
#3000=ORIENTED_EDGE('',*,*,#5475,.F.);
#3001=ORIENTED_EDGE('',*,*,#5476,.T.);
#3002=ORIENTED_EDGE('',*,*,#5477,.T.);
#3003=ORIENTED_EDGE('',*,*,#5478,.F.);
#3004=ORIENTED_EDGE('',*,*,#5479,.T.);
#3005=ORIENTED_EDGE('',*,*,#5480,.T.);
#3006=ORIENTED_EDGE('',*,*,#5481,.T.);
#3007=ORIENTED_EDGE('',*,*,#5482,.F.);
#3008=ORIENTED_EDGE('',*,*,#5483,.T.);
#3009=ORIENTED_EDGE('',*,*,#5451,.T.);
#3010=ORIENTED_EDGE('',*,*,#5484,.F.);
#3011=ORIENTED_EDGE('',*,*,#5454,.T.);
#3012=ORIENTED_EDGE('',*,*,#5485,.F.);
#3013=ORIENTED_EDGE('',*,*,#5486,.F.);
#3014=ORIENTED_EDGE('',*,*,#5460,.T.);
#3015=ORIENTED_EDGE('',*,*,#5487,.T.);
#3016=ORIENTED_EDGE('',*,*,#5488,.F.);
#3017=ORIENTED_EDGE('',*,*,#5489,.F.);
#3018=ORIENTED_EDGE('',*,*,#5457,.T.);
#3019=ORIENTED_EDGE('',*,*,#5490,.T.);
#3020=ORIENTED_EDGE('',*,*,#5491,.F.);
#3021=ORIENTED_EDGE('',*,*,#5492,.F.);
#3022=ORIENTED_EDGE('',*,*,#5467,.T.);
#3023=ORIENTED_EDGE('',*,*,#5493,.T.);
#3024=ORIENTED_EDGE('',*,*,#5494,.F.);
#3025=ORIENTED_EDGE('',*,*,#5495,.T.);
#3026=ORIENTED_EDGE('',*,*,#5466,.T.);
#3027=ORIENTED_EDGE('',*,*,#4976,.F.);
#3028=ORIENTED_EDGE('',*,*,#5496,.F.);
#3029=ORIENTED_EDGE('',*,*,#5497,.F.);
#3030=ORIENTED_EDGE('',*,*,#5498,.F.);
#3031=ORIENTED_EDGE('',*,*,#5499,.F.);
#3032=ORIENTED_EDGE('',*,*,#5500,.T.);
#3033=ORIENTED_EDGE('',*,*,#5501,.T.);
#3034=ORIENTED_EDGE('',*,*,#5476,.F.);
#3035=ORIENTED_EDGE('',*,*,#5502,.F.);
#3036=ORIENTED_EDGE('',*,*,#5503,.T.);
#3037=ORIENTED_EDGE('',*,*,#5504,.F.);
#3038=ORIENTED_EDGE('',*,*,#5505,.F.);
#3039=ORIENTED_EDGE('',*,*,#5506,.T.);
#3040=ORIENTED_EDGE('',*,*,#5472,.F.);
#3041=ORIENTED_EDGE('',*,*,#5507,.F.);
#3042=ORIENTED_EDGE('',*,*,#5508,.F.);
#3043=ORIENTED_EDGE('',*,*,#5509,.T.);
#3044=ORIENTED_EDGE('',*,*,#5510,.T.);
#3045=ORIENTED_EDGE('',*,*,#5511,.T.);
#3046=ORIENTED_EDGE('',*,*,#5512,.T.);
#3047=ORIENTED_EDGE('',*,*,#5513,.F.);
#3048=ORIENTED_EDGE('',*,*,#5514,.F.);
#3049=ORIENTED_EDGE('',*,*,#5515,.F.);
#3050=ORIENTED_EDGE('',*,*,#5516,.T.);
#3051=ORIENTED_EDGE('',*,*,#5517,.T.);
#3052=ORIENTED_EDGE('',*,*,#5518,.F.);
#3053=ORIENTED_EDGE('',*,*,#5508,.T.);
#3054=ORIENTED_EDGE('',*,*,#5519,.T.);
#3055=ORIENTED_EDGE('',*,*,#5520,.F.);
#3056=ORIENTED_EDGE('',*,*,#5521,.T.);
#3057=ORIENTED_EDGE('',*,*,#5522,.F.);
#3058=ORIENTED_EDGE('',*,*,#5381,.T.);
#3059=ORIENTED_EDGE('',*,*,#5523,.T.);
#3060=ORIENTED_EDGE('',*,*,#5524,.T.);
#3061=ORIENTED_EDGE('',*,*,#5525,.F.);
#3062=ORIENTED_EDGE('',*,*,#5526,.F.);
#3063=ORIENTED_EDGE('',*,*,#5527,.T.);
#3064=ORIENTED_EDGE('',*,*,#5528,.T.);
#3065=ORIENTED_EDGE('',*,*,#5529,.F.);
#3066=ORIENTED_EDGE('',*,*,#5530,.F.);
#3067=ORIENTED_EDGE('',*,*,#5531,.T.);
#3068=ORIENTED_EDGE('',*,*,#5532,.F.);
#3069=ORIENTED_EDGE('',*,*,#5533,.F.);
#3070=ORIENTED_EDGE('',*,*,#5534,.F.);
#3071=ORIENTED_EDGE('',*,*,#5535,.F.);
#3072=ORIENTED_EDGE('',*,*,#5536,.T.);
#3073=ORIENTED_EDGE('',*,*,#5511,.F.);
#3074=ORIENTED_EDGE('',*,*,#5537,.F.);
#3075=ORIENTED_EDGE('',*,*,#5538,.F.);
#3076=ORIENTED_EDGE('',*,*,#5539,.T.);
#3077=ORIENTED_EDGE('',*,*,#5516,.F.);
#3078=ORIENTED_EDGE('',*,*,#5540,.F.);
#3079=ORIENTED_EDGE('',*,*,#5541,.F.);
#3080=ORIENTED_EDGE('',*,*,#5542,.T.);
#3081=ORIENTED_EDGE('',*,*,#5543,.F.);
#3082=ORIENTED_EDGE('',*,*,#5544,.F.);
#3083=ORIENTED_EDGE('',*,*,#5377,.T.);
#3084=ORIENTED_EDGE('',*,*,#5545,.T.);
#3085=ORIENTED_EDGE('',*,*,#5546,.F.);
#3086=ORIENTED_EDGE('',*,*,#5547,.F.);
#3087=ORIENTED_EDGE('',*,*,#5526,.T.);
#3088=ORIENTED_EDGE('',*,*,#5548,.T.);
#3089=ORIENTED_EDGE('',*,*,#5549,.F.);
#3090=ORIENTED_EDGE('',*,*,#5550,.F.);
#3091=ORIENTED_EDGE('',*,*,#5551,.F.);
#3092=ORIENTED_EDGE('',*,*,#5552,.T.);
#3093=ORIENTED_EDGE('',*,*,#5529,.T.);
#3094=ORIENTED_EDGE('',*,*,#5553,.F.);
#3095=ORIENTED_EDGE('',*,*,#5554,.F.);
#3096=ORIENTED_EDGE('',*,*,#5555,.T.);
#3097=ORIENTED_EDGE('',*,*,#5532,.T.);
#3098=ORIENTED_EDGE('',*,*,#5556,.F.);
#3099=ORIENTED_EDGE('',*,*,#5304,.T.);
#3100=ORIENTED_EDGE('',*,*,#5557,.T.);
#3101=ORIENTED_EDGE('',*,*,#5558,.F.);
#3102=ORIENTED_EDGE('',*,*,#5302,.F.);
#3103=ORIENTED_EDGE('',*,*,#5559,.T.);
#3104=ORIENTED_EDGE('',*,*,#5560,.T.);
#3105=ORIENTED_EDGE('',*,*,#5561,.F.);
#3106=ORIENTED_EDGE('',*,*,#5307,.T.);
#3107=ORIENTED_EDGE('',*,*,#5562,.T.);
#3108=ORIENTED_EDGE('',*,*,#5563,.F.);
#3109=ORIENTED_EDGE('',*,*,#5564,.F.);
#3110=ORIENTED_EDGE('',*,*,#5565,.F.);
#3111=ORIENTED_EDGE('',*,*,#5305,.F.);
#3112=ORIENTED_EDGE('',*,*,#5566,.T.);
#3113=ORIENTED_EDGE('',*,*,#5567,.T.);
#3114=ORIENTED_EDGE('',*,*,#5568,.F.);
#3115=ORIENTED_EDGE('',*,*,#5569,.T.);
#3116=ORIENTED_EDGE('',*,*,#5570,.T.);
#3117=ORIENTED_EDGE('',*,*,#5311,.F.);
#3118=ORIENTED_EDGE('',*,*,#5571,.F.);
#3119=ORIENTED_EDGE('',*,*,#5572,.T.);
#3120=ORIENTED_EDGE('',*,*,#5309,.T.);
#3121=ORIENTED_EDGE('',*,*,#5573,.F.);
#3122=ORIENTED_EDGE('',*,*,#5574,.F.);
#3123=ORIENTED_EDGE('',*,*,#5313,.F.);
#3124=ORIENTED_EDGE('',*,*,#5575,.T.);
#3125=ORIENTED_EDGE('',*,*,#5576,.T.);
#3126=ORIENTED_EDGE('',*,*,#5319,.T.);
#3127=ORIENTED_EDGE('',*,*,#5577,.T.);
#3128=ORIENTED_EDGE('',*,*,#5578,.F.);
#3129=ORIENTED_EDGE('',*,*,#5579,.F.);
#3130=ORIENTED_EDGE('',*,*,#5580,.F.);
#3131=ORIENTED_EDGE('',*,*,#5581,.T.);
#3132=ORIENTED_EDGE('',*,*,#5582,.T.);
#3133=ORIENTED_EDGE('',*,*,#5315,.F.);
#3134=ORIENTED_EDGE('',*,*,#5583,.F.);
#3135=ORIENTED_EDGE('',*,*,#5317,.F.);
#3136=ORIENTED_EDGE('',*,*,#5584,.T.);
#3137=ORIENTED_EDGE('',*,*,#5585,.T.);
#3138=ORIENTED_EDGE('',*,*,#5323,.T.);
#3139=ORIENTED_EDGE('',*,*,#5586,.T.);
#3140=ORIENTED_EDGE('',*,*,#5587,.F.);
#3141=ORIENTED_EDGE('',*,*,#5588,.F.);
#3142=ORIENTED_EDGE('',*,*,#5325,.F.);
#3143=ORIENTED_EDGE('',*,*,#5589,.T.);
#3144=ORIENTED_EDGE('',*,*,#5590,.T.);
#3145=ORIENTED_EDGE('',*,*,#5591,.T.);
#3146=ORIENTED_EDGE('',*,*,#5592,.F.);
#3147=ORIENTED_EDGE('',*,*,#5593,.T.);
#3148=ORIENTED_EDGE('',*,*,#5321,.T.);
#3149=ORIENTED_EDGE('',*,*,#5591,.F.);
#3150=ORIENTED_EDGE('',*,*,#5563,.T.);
#3151=ORIENTED_EDGE('',*,*,#5594,.T.);
#3152=ORIENTED_EDGE('',*,*,#5571,.T.);
#3153=ORIENTED_EDGE('',*,*,#5595,.F.);
#3154=ORIENTED_EDGE('',*,*,#5596,.F.);
#3155=ORIENTED_EDGE('',*,*,#5597,.T.);
#3156=ORIENTED_EDGE('',*,*,#5598,.T.);
#3157=ORIENTED_EDGE('',*,*,#5510,.F.);
#3158=ORIENTED_EDGE('',*,*,#5599,.F.);
#3159=ORIENTED_EDGE('',*,*,#5600,.T.);
#3160=ORIENTED_EDGE('',*,*,#5601,.T.);
#3161=ORIENTED_EDGE('',*,*,#5602,.T.);
#3162=ORIENTED_EDGE('',*,*,#5603,.F.);
#3163=ORIENTED_EDGE('',*,*,#5604,.F.);
#3164=ORIENTED_EDGE('',*,*,#5605,.F.);
#3165=ORIENTED_EDGE('',*,*,#5606,.T.);
#3166=ORIENTED_EDGE('',*,*,#5607,.F.);
#3167=ORIENTED_EDGE('',*,*,#5608,.F.);
#3168=ORIENTED_EDGE('',*,*,#5518,.T.);
#3169=ORIENTED_EDGE('',*,*,#5609,.T.);
#3170=ORIENTED_EDGE('',*,*,#5610,.F.);
#3171=ORIENTED_EDGE('',*,*,#5611,.F.);
#3172=ORIENTED_EDGE('',*,*,#5513,.T.);
#3173=ORIENTED_EDGE('',*,*,#5612,.T.);
#3174=ORIENTED_EDGE('',*,*,#5613,.F.);
#3175=ORIENTED_EDGE('',*,*,#5614,.F.);
#3176=ORIENTED_EDGE('',*,*,#5615,.T.);
#3177=ORIENTED_EDGE('',*,*,#5554,.T.);
#3178=ORIENTED_EDGE('',*,*,#5616,.T.);
#3179=ORIENTED_EDGE('',*,*,#5617,.T.);
#3180=ORIENTED_EDGE('',*,*,#5618,.F.);
#3181=ORIENTED_EDGE('',*,*,#5551,.T.);
#3182=ORIENTED_EDGE('',*,*,#5619,.T.);
#3183=ORIENTED_EDGE('',*,*,#5620,.T.);
#3184=ORIENTED_EDGE('',*,*,#5621,.T.);
#3185=ORIENTED_EDGE('',*,*,#5549,.T.);
#3186=ORIENTED_EDGE('',*,*,#5622,.F.);
#3187=ORIENTED_EDGE('',*,*,#5623,.F.);
#3188=ORIENTED_EDGE('',*,*,#5624,.F.);
#3189=ORIENTED_EDGE('',*,*,#5625,.T.);
#3190=ORIENTED_EDGE('',*,*,#5626,.F.);
#3191=ORIENTED_EDGE('',*,*,#5627,.T.);
#3192=ORIENTED_EDGE('',*,*,#5628,.T.);
#3193=ORIENTED_EDGE('',*,*,#5383,.F.);
#3194=ORIENTED_EDGE('',*,*,#5629,.F.);
#3195=ORIENTED_EDGE('',*,*,#5630,.T.);
#3196=ORIENTED_EDGE('',*,*,#5631,.T.);
#3197=ORIENTED_EDGE('',*,*,#5379,.F.);
#3198=ORIENTED_EDGE('',*,*,#5632,.F.);
#3199=ORIENTED_EDGE('',*,*,#5633,.T.);
#3200=ORIENTED_EDGE('',*,*,#5634,.F.);
#3201=ORIENTED_EDGE('',*,*,#5635,.F.);
#3202=ORIENTED_EDGE('',*,*,#5636,.F.);
#3203=ORIENTED_EDGE('',*,*,#5637,.T.);
#3204=ORIENTED_EDGE('',*,*,#5567,.F.);
#3205=ORIENTED_EDGE('',*,*,#5638,.F.);
#3206=ORIENTED_EDGE('',*,*,#5639,.F.);
#3207=ORIENTED_EDGE('',*,*,#5640,.F.);
#3208=ORIENTED_EDGE('',*,*,#5641,.F.);
#3209=ORIENTED_EDGE('',*,*,#5642,.F.);
#3210=ORIENTED_EDGE('',*,*,#5643,.T.);
#3211=ORIENTED_EDGE('',*,*,#5644,.F.);
#3212=ORIENTED_EDGE('',*,*,#5645,.T.);
#3213=ORIENTED_EDGE('',*,*,#5646,.F.);
#3214=ORIENTED_EDGE('',*,*,#5578,.T.);
#3215=ORIENTED_EDGE('',*,*,#5647,.T.);
#3216=ORIENTED_EDGE('',*,*,#5648,.T.);
#3217=ORIENTED_EDGE('',*,*,#5649,.F.);
#3218=ORIENTED_EDGE('',*,*,#5650,.T.);
#3219=ORIENTED_EDGE('',*,*,#5651,.T.);
#3220=ORIENTED_EDGE('',*,*,#5592,.T.);
#3221=ORIENTED_EDGE('',*,*,#5590,.F.);
#3222=ORIENTED_EDGE('',*,*,#5652,.F.);
#3223=ORIENTED_EDGE('',*,*,#5653,.T.);
#3224=ORIENTED_EDGE('',*,*,#5336,.T.);
#3225=ORIENTED_EDGE('',*,*,#5654,.F.);
#3226=ORIENTED_EDGE('',*,*,#5655,.T.);
#3227=ORIENTED_EDGE('',*,*,#5656,.F.);
#3228=ORIENTED_EDGE('',*,*,#4966,.F.);
#3229=ORIENTED_EDGE('',*,*,#5657,.T.);
#3230=ORIENTED_EDGE('',*,*,#5658,.T.);
#3231=ORIENTED_EDGE('',*,*,#5659,.F.);
#3232=ORIENTED_EDGE('',*,*,#5660,.F.);
#3233=ORIENTED_EDGE('',*,*,#5661,.F.);
#3234=ORIENTED_EDGE('',*,*,#5662,.T.);
#3235=ORIENTED_EDGE('',*,*,#5663,.T.);
#3236=ORIENTED_EDGE('',*,*,#5664,.F.);
#3237=ORIENTED_EDGE('',*,*,#5665,.F.);
#3238=ORIENTED_EDGE('',*,*,#5666,.F.);
#3239=ORIENTED_EDGE('',*,*,#5558,.T.);
#3240=ORIENTED_EDGE('',*,*,#5667,.F.);
#3241=ORIENTED_EDGE('',*,*,#5560,.F.);
#3242=ORIENTED_EDGE('',*,*,#5668,.F.);
#3243=ORIENTED_EDGE('',*,*,#5569,.F.);
#3244=ORIENTED_EDGE('',*,*,#5669,.T.);
#3245=ORIENTED_EDGE('',*,*,#5670,.F.);
#3246=ORIENTED_EDGE('',*,*,#5671,.F.);
#3247=ORIENTED_EDGE('',*,*,#5587,.T.);
#3248=ORIENTED_EDGE('',*,*,#5672,.T.);
#3249=ORIENTED_EDGE('',*,*,#5576,.F.);
#3250=ORIENTED_EDGE('',*,*,#5673,.F.);
#3251=ORIENTED_EDGE('',*,*,#5581,.F.);
#3252=ORIENTED_EDGE('',*,*,#5674,.T.);
#3253=ORIENTED_EDGE('',*,*,#5585,.F.);
#3254=ORIENTED_EDGE('',*,*,#5675,.F.);
#3255=ORIENTED_EDGE('',*,*,#5676,.F.);
#3256=ORIENTED_EDGE('',*,*,#5677,.F.);
#3257=ORIENTED_EDGE('',*,*,#5678,.F.);
#3258=ORIENTED_EDGE('',*,*,#5679,.F.);
#3259=ORIENTED_EDGE('',*,*,#5680,.F.);
#3260=ORIENTED_EDGE('',*,*,#5681,.F.);
#3261=ORIENTED_EDGE('',*,*,#5682,.F.);
#3262=ORIENTED_EDGE('',*,*,#5683,.T.);
#3263=ORIENTED_EDGE('',*,*,#5684,.F.);
#3264=ORIENTED_EDGE('',*,*,#5685,.F.);
#3265=ORIENTED_EDGE('',*,*,#5686,.F.);
#3266=ORIENTED_EDGE('',*,*,#5687,.F.);
#3267=ORIENTED_EDGE('',*,*,#5688,.F.);
#3268=ORIENTED_EDGE('',*,*,#5689,.F.);
#3269=ORIENTED_EDGE('',*,*,#5690,.F.);
#3270=ORIENTED_EDGE('',*,*,#5691,.F.);
#3271=ORIENTED_EDGE('',*,*,#5692,.T.);
#3272=ORIENTED_EDGE('',*,*,#5693,.T.);
#3273=ORIENTED_EDGE('',*,*,#5342,.F.);
#3274=ORIENTED_EDGE('',*,*,#5694,.T.);
#3275=ORIENTED_EDGE('',*,*,#5695,.F.);
#3276=ORIENTED_EDGE('',*,*,#5696,.F.);
#3277=ORIENTED_EDGE('',*,*,#5697,.F.);
#3278=ORIENTED_EDGE('',*,*,#5340,.T.);
#3279=ORIENTED_EDGE('',*,*,#5698,.F.);
#3280=ORIENTED_EDGE('',*,*,#5699,.T.);
#3281=ORIENTED_EDGE('',*,*,#5347,.T.);
#3282=ORIENTED_EDGE('',*,*,#5700,.F.);
#3283=ORIENTED_EDGE('',*,*,#5345,.T.);
#3284=ORIENTED_EDGE('',*,*,#5701,.T.);
#3285=ORIENTED_EDGE('',*,*,#5702,.F.);
#3286=ORIENTED_EDGE('',*,*,#5703,.F.);
#3287=ORIENTED_EDGE('',*,*,#5704,.F.);
#3288=ORIENTED_EDGE('',*,*,#5343,.F.);
#3289=ORIENTED_EDGE('',*,*,#5705,.T.);
#3290=ORIENTED_EDGE('',*,*,#5706,.T.);
#3291=ORIENTED_EDGE('',*,*,#5707,.F.);
#3292=ORIENTED_EDGE('',*,*,#5708,.T.);
#3293=ORIENTED_EDGE('',*,*,#5709,.T.);
#3294=ORIENTED_EDGE('',*,*,#5349,.F.);
#3295=ORIENTED_EDGE('',*,*,#5710,.F.);
#3296=ORIENTED_EDGE('',*,*,#5355,.F.);
#3297=ORIENTED_EDGE('',*,*,#5711,.T.);
#3298=ORIENTED_EDGE('',*,*,#5712,.T.);
#3299=ORIENTED_EDGE('',*,*,#5357,.T.);
#3300=ORIENTED_EDGE('',*,*,#5713,.T.);
#3301=ORIENTED_EDGE('',*,*,#5714,.F.);
#3302=ORIENTED_EDGE('',*,*,#5715,.F.);
#3303=ORIENTED_EDGE('',*,*,#5716,.F.);
#3304=ORIENTED_EDGE('',*,*,#5717,.T.);
#3305=ORIENTED_EDGE('',*,*,#5351,.T.);
#3306=ORIENTED_EDGE('',*,*,#5718,.F.);
#3307=ORIENTED_EDGE('',*,*,#5719,.F.);
#3308=ORIENTED_EDGE('',*,*,#5720,.T.);
#3309=ORIENTED_EDGE('',*,*,#5721,.T.);
#3310=ORIENTED_EDGE('',*,*,#5353,.F.);
#3311=ORIENTED_EDGE('',*,*,#5722,.F.);
#3312=ORIENTED_EDGE('',*,*,#5723,.T.);
#3313=ORIENTED_EDGE('',*,*,#5363,.T.);
#3314=ORIENTED_EDGE('',*,*,#5724,.F.);
#3315=ORIENTED_EDGE('',*,*,#5725,.T.);
#3316=ORIENTED_EDGE('',*,*,#5726,.T.);
#3317=ORIENTED_EDGE('',*,*,#5365,.F.);
#3318=ORIENTED_EDGE('',*,*,#5362,.F.);
#3319=ORIENTED_EDGE('',*,*,#5369,.T.);
#3320=ORIENTED_EDGE('',*,*,#5727,.T.);
#3321=ORIENTED_EDGE('',*,*,#5728,.F.);
#3322=ORIENTED_EDGE('',*,*,#5729,.F.);
#3323=ORIENTED_EDGE('',*,*,#5702,.T.);
#3324=ORIENTED_EDGE('',*,*,#5730,.T.);
#3325=ORIENTED_EDGE('',*,*,#5698,.T.);
#3326=ORIENTED_EDGE('',*,*,#5731,.F.);
#3327=ORIENTED_EDGE('',*,*,#5732,.F.);
#3328=ORIENTED_EDGE('',*,*,#5474,.T.);
#3329=ORIENTED_EDGE('',*,*,#5733,.T.);
#3330=ORIENTED_EDGE('',*,*,#5734,.T.);
#3331=ORIENTED_EDGE('',*,*,#5735,.F.);
#3332=ORIENTED_EDGE('',*,*,#5478,.T.);
#3333=ORIENTED_EDGE('',*,*,#5736,.T.);
#3334=ORIENTED_EDGE('',*,*,#5737,.T.);
#3335=ORIENTED_EDGE('',*,*,#5738,.F.);
#3336=ORIENTED_EDGE('',*,*,#5739,.T.);
#3337=ORIENTED_EDGE('',*,*,#5740,.F.);
#3338=ORIENTED_EDGE('',*,*,#5741,.T.);
#3339=ORIENTED_EDGE('',*,*,#4974,.F.);
#3340=ORIENTED_EDGE('',*,*,#5742,.T.);
#3341=ORIENTED_EDGE('',*,*,#5743,.T.);
#3342=ORIENTED_EDGE('',*,*,#5744,.F.);
#3343=ORIENTED_EDGE('',*,*,#5745,.F.);
#3344=ORIENTED_EDGE('',*,*,#5746,.F.);
#3345=ORIENTED_EDGE('',*,*,#5728,.T.);
#3346=ORIENTED_EDGE('',*,*,#5747,.T.);
#3347=ORIENTED_EDGE('',*,*,#5748,.F.);
#3348=ORIENTED_EDGE('',*,*,#5725,.F.);
#3349=ORIENTED_EDGE('',*,*,#5361,.T.);
#3350=ORIENTED_EDGE('',*,*,#5749,.T.);
#3351=ORIENTED_EDGE('',*,*,#5750,.T.);
#3352=ORIENTED_EDGE('',*,*,#5751,.F.);
#3353=ORIENTED_EDGE('',*,*,#5752,.T.);
#3354=ORIENTED_EDGE('',*,*,#5753,.T.);
#3355=ORIENTED_EDGE('',*,*,#5716,.T.);
#3356=ORIENTED_EDGE('',*,*,#5754,.F.);
#3357=ORIENTED_EDGE('',*,*,#5755,.T.);
#3358=ORIENTED_EDGE('',*,*,#5756,.F.);
#3359=ORIENTED_EDGE('',*,*,#5757,.T.);
#3360=ORIENTED_EDGE('',*,*,#5758,.F.);
#3361=ORIENTED_EDGE('',*,*,#5759,.F.);
#3362=ORIENTED_EDGE('',*,*,#5760,.F.);
#3363=ORIENTED_EDGE('',*,*,#5761,.F.);
#3364=ORIENTED_EDGE('',*,*,#5762,.F.);
#3365=ORIENTED_EDGE('',*,*,#5708,.F.);
#3366=ORIENTED_EDGE('',*,*,#5763,.T.);
#3367=ORIENTED_EDGE('',*,*,#5764,.F.);
#3368=ORIENTED_EDGE('',*,*,#5765,.F.);
#3369=ORIENTED_EDGE('',*,*,#5766,.F.);
#3370=ORIENTED_EDGE('',*,*,#5767,.T.);
#3371=ORIENTED_EDGE('',*,*,#5706,.F.);
#3372=ORIENTED_EDGE('',*,*,#5768,.F.);
#3373=ORIENTED_EDGE('',*,*,#5692,.F.);
#3374=ORIENTED_EDGE('',*,*,#5769,.F.);
#3375=ORIENTED_EDGE('',*,*,#5696,.T.);
#3376=ORIENTED_EDGE('',*,*,#5770,.F.);
#3377=ORIENTED_EDGE('',*,*,#5771,.F.);
#3378=ORIENTED_EDGE('',*,*,#5772,.F.);
#3379=ORIENTED_EDGE('',*,*,#5773,.T.);
#3380=ORIENTED_EDGE('',*,*,#5774,.T.);
#3381=ORIENTED_EDGE('',*,*,#5775,.F.);
#3382=ORIENTED_EDGE('',*,*,#5776,.F.);
#3383=ORIENTED_EDGE('',*,*,#5777,.F.);
#3384=ORIENTED_EDGE('',*,*,#5778,.T.);
#3385=ORIENTED_EDGE('',*,*,#5779,.F.);
#3386=ORIENTED_EDGE('',*,*,#4978,.F.);
#3387=ORIENTED_EDGE('',*,*,#5465,.F.);
#3388=ORIENTED_EDGE('',*,*,#5780,.T.);
#3389=ORIENTED_EDGE('',*,*,#5781,.T.);
#3390=ORIENTED_EDGE('',*,*,#5469,.F.);
#3391=ORIENTED_EDGE('',*,*,#5782,.F.);
#3392=ORIENTED_EDGE('',*,*,#5783,.F.);
#3393=ORIENTED_EDGE('',*,*,#5784,.T.);
#3394=ORIENTED_EDGE('',*,*,#5459,.F.);
#3395=ORIENTED_EDGE('',*,*,#5785,.F.);
#3396=ORIENTED_EDGE('',*,*,#5786,.F.);
#3397=ORIENTED_EDGE('',*,*,#5787,.T.);
#3398=ORIENTED_EDGE('',*,*,#5462,.F.);
#3399=ORIENTED_EDGE('',*,*,#5788,.F.);
#3400=ORIENTED_EDGE('',*,*,#5789,.F.);
#3401=ORIENTED_EDGE('',*,*,#5790,.T.);
#3402=ORIENTED_EDGE('',*,*,#5791,.F.);
#3403=ORIENTED_EDGE('',*,*,#5452,.F.);
#3404=ORIENTED_EDGE('',*,*,#5792,.F.);
#3405=ORIENTED_EDGE('',*,*,#5793,.T.);
#3406=ORIENTED_EDGE('',*,*,#5794,.T.);
#3407=ORIENTED_EDGE('',*,*,#5795,.T.);
#3408=ORIENTED_EDGE('',*,*,#5796,.F.);
#3409=ORIENTED_EDGE('',*,*,#5449,.F.);
#3410=ORIENTED_EDGE('',*,*,#5797,.T.);
#3411=ORIENTED_EDGE('',*,*,#5798,.T.);
#3412=ORIENTED_EDGE('',*,*,#5799,.F.);
#3413=ORIENTED_EDGE('',*,*,#5800,.T.);
#3414=ORIENTED_EDGE('',*,*,#5801,.F.);
#3415=ORIENTED_EDGE('',*,*,#5802,.F.);
#3416=ORIENTED_EDGE('',*,*,#5720,.F.);
#3417=ORIENTED_EDGE('',*,*,#5803,.T.);
#3418=ORIENTED_EDGE('',*,*,#5712,.F.);
#3419=ORIENTED_EDGE('',*,*,#5804,.F.);
#3420=ORIENTED_EDGE('',*,*,#5714,.T.);
#3421=ORIENTED_EDGE('',*,*,#5805,.T.);
#3422=ORIENTED_EDGE('',*,*,#5722,.T.);
#3423=ORIENTED_EDGE('',*,*,#5806,.F.);
#3424=ORIENTED_EDGE('',*,*,#5807,.F.);
#3425=ORIENTED_EDGE('',*,*,#5808,.F.);
#3426=ORIENTED_EDGE('',*,*,#5809,.F.);
#3427=ORIENTED_EDGE('',*,*,#5810,.F.);
#3428=ORIENTED_EDGE('',*,*,#5811,.F.);
#3429=ORIENTED_EDGE('',*,*,#5812,.T.);
#3430=ORIENTED_EDGE('',*,*,#5813,.F.);
#3431=ORIENTED_EDGE('',*,*,#5814,.T.);
#3432=ORIENTED_EDGE('',*,*,#5815,.F.);
#3433=ORIENTED_EDGE('',*,*,#5816,.F.);
#3434=ORIENTED_EDGE('',*,*,#5817,.F.);
#3435=ORIENTED_EDGE('',*,*,#5818,.F.);
#3436=ORIENTED_EDGE('',*,*,#5819,.F.);
#3437=ORIENTED_EDGE('',*,*,#5820,.T.);
#3438=ORIENTED_EDGE('',*,*,#5821,.T.);
#3439=ORIENTED_EDGE('',*,*,#5822,.T.);
#3440=ORIENTED_EDGE('',*,*,#5823,.F.);
#3441=ORIENTED_EDGE('',*,*,#5824,.F.);
#3442=ORIENTED_EDGE('',*,*,#5825,.F.);
#3443=ORIENTED_EDGE('',*,*,#5826,.F.);
#3444=ORIENTED_EDGE('',*,*,#5196,.F.);
#3445=ORIENTED_EDGE('',*,*,#4997,.T.);
#3446=ORIENTED_EDGE('',*,*,#5264,.T.);
#3447=ORIENTED_EDGE('',*,*,#5827,.F.);
#3448=ORIENTED_EDGE('',*,*,#5265,.F.);
#3449=ORIENTED_EDGE('',*,*,#4995,.T.);
#3450=ORIENTED_EDGE('',*,*,#5230,.T.);
#3451=ORIENTED_EDGE('',*,*,#5828,.F.);
#3452=ORIENTED_EDGE('',*,*,#5829,.T.);
#3453=ORIENTED_EDGE('',*,*,#5004,.T.);
#3454=ORIENTED_EDGE('',*,*,#5830,.T.);
#3455=ORIENTED_EDGE('',*,*,#5005,.T.);
#3456=ORIENTED_EDGE('',*,*,#5831,.F.);
#3457=ORIENTED_EDGE('',*,*,#5832,.F.);
#3458=ORIENTED_EDGE('',*,*,#5833,.F.);
#3459=ORIENTED_EDGE('',*,*,#5834,.T.);
#3460=ORIENTED_EDGE('',*,*,#5835,.T.);
#3461=ORIENTED_EDGE('',*,*,#5836,.F.);
#3462=ORIENTED_EDGE('',*,*,#5837,.F.);
#3463=ORIENTED_EDGE('',*,*,#5838,.T.);
#3464=ORIENTED_EDGE('',*,*,#5839,.F.);
#3465=ORIENTED_EDGE('',*,*,#5840,.T.);
#3466=ORIENTED_EDGE('',*,*,#5841,.F.);
#3467=ORIENTED_EDGE('',*,*,#5842,.T.);
#3468=ORIENTED_EDGE('',*,*,#5843,.F.);
#3469=ORIENTED_EDGE('',*,*,#5844,.F.);
#3470=ORIENTED_EDGE('',*,*,#5845,.T.);
#3471=ORIENTED_EDGE('',*,*,#5846,.F.);
#3472=ORIENTED_EDGE('',*,*,#5847,.F.);
#3473=ORIENTED_EDGE('',*,*,#5848,.F.);
#3474=ORIENTED_EDGE('',*,*,#5849,.F.);
#3475=ORIENTED_EDGE('',*,*,#5850,.T.);
#3476=ORIENTED_EDGE('',*,*,#5851,.F.);
#3477=ORIENTED_EDGE('',*,*,#5852,.T.);
#3478=ORIENTED_EDGE('',*,*,#5853,.T.);
#3479=ORIENTED_EDGE('',*,*,#5854,.T.);
#3480=ORIENTED_EDGE('',*,*,#5557,.F.);
#3481=ORIENTED_EDGE('',*,*,#5303,.F.);
#3482=ORIENTED_EDGE('',*,*,#5561,.T.);
#3483=ORIENTED_EDGE('',*,*,#5667,.T.);
#3484=ORIENTED_EDGE('',*,*,#5855,.F.);
#3485=ORIENTED_EDGE('',*,*,#5856,.F.);
#3486=ORIENTED_EDGE('',*,*,#5857,.T.);
#3487=ORIENTED_EDGE('',*,*,#5776,.T.);
#3488=ORIENTED_EDGE('',*,*,#5858,.F.);
#3489=ORIENTED_EDGE('',*,*,#5859,.T.);
#3490=ORIENTED_EDGE('',*,*,#5860,.F.);
#3491=ORIENTED_EDGE('',*,*,#5861,.F.);
#3492=ORIENTED_EDGE('',*,*,#5856,.T.);
#3493=ORIENTED_EDGE('',*,*,#5862,.T.);
#3494=ORIENTED_EDGE('',*,*,#5863,.F.);
#3495=ORIENTED_EDGE('',*,*,#5864,.F.);
#3496=ORIENTED_EDGE('',*,*,#5865,.F.);
#3497=ORIENTED_EDGE('',*,*,#5866,.T.);
#3498=ORIENTED_EDGE('',*,*,#5867,.F.);
#3499=ORIENTED_EDGE('',*,*,#5868,.T.);
#3500=ORIENTED_EDGE('',*,*,#5869,.F.);
#3501=ORIENTED_EDGE('',*,*,#5870,.F.);
#3502=ORIENTED_EDGE('',*,*,#5871,.F.);
#3503=ORIENTED_EDGE('',*,*,#5872,.F.);
#3504=ORIENTED_EDGE('',*,*,#5873,.F.);
#3505=ORIENTED_EDGE('',*,*,#5874,.F.);
#3506=ORIENTED_EDGE('',*,*,#5875,.F.);
#3507=ORIENTED_EDGE('',*,*,#5876,.F.);
#3508=ORIENTED_EDGE('',*,*,#5877,.F.);
#3509=ORIENTED_EDGE('',*,*,#5878,.T.);
#3510=ORIENTED_EDGE('',*,*,#5879,.T.);
#3511=ORIENTED_EDGE('',*,*,#5880,.T.);
#3512=ORIENTED_EDGE('',*,*,#5857,.F.);
#3513=ORIENTED_EDGE('',*,*,#5861,.T.);
#3514=ORIENTED_EDGE('',*,*,#5881,.F.);
#3515=ORIENTED_EDGE('',*,*,#5836,.T.);
#3516=ORIENTED_EDGE('',*,*,#5882,.T.);
#3517=ORIENTED_EDGE('',*,*,#5659,.T.);
#3518=ORIENTED_EDGE('',*,*,#5883,.T.);
#3519=ORIENTED_EDGE('',*,*,#5777,.T.);
#3520=ORIENTED_EDGE('',*,*,#5107,.T.);
#3521=ORIENTED_EDGE('',*,*,#5884,.T.);
#3522=ORIENTED_EDGE('',*,*,#5742,.F.);
#3523=ORIENTED_EDGE('',*,*,#4973,.F.);
#3524=ORIENTED_EDGE('',*,*,#5779,.T.);
#3525=ORIENTED_EDGE('',*,*,#5885,.T.);
#3526=ORIENTED_EDGE('',*,*,#5034,.F.);
#3527=ORIENTED_EDGE('',*,*,#4979,.F.);
#3528=ORIENTED_EDGE('',*,*,#5036,.T.);
#3529=ORIENTED_EDGE('',*,*,#5886,.T.);
#3530=ORIENTED_EDGE('',*,*,#5657,.F.);
#3531=ORIENTED_EDGE('',*,*,#4965,.F.);
#3532=ORIENTED_EDGE('',*,*,#5656,.T.);
#3533=ORIENTED_EDGE('',*,*,#5887,.T.);
#3534=ORIENTED_EDGE('',*,*,#5105,.F.);
#3535=ORIENTED_EDGE('',*,*,#4967,.F.);
#3536=ORIENTED_EDGE('',*,*,#5198,.T.);
#3537=ORIENTED_EDGE('',*,*,#5888,.F.);
#3538=ORIENTED_EDGE('',*,*,#5426,.F.);
#3539=ORIENTED_EDGE('',*,*,#4999,.T.);
#3540=ORIENTED_EDGE('',*,*,#5428,.T.);
#3541=ORIENTED_EDGE('',*,*,#5889,.F.);
#3542=ORIENTED_EDGE('',*,*,#5231,.F.);
#3543=ORIENTED_EDGE('',*,*,#5001,.T.);
#3544=ORIENTED_EDGE('',*,*,#5338,.F.);
#3545=ORIENTED_EDGE('',*,*,#5329,.T.);
#3546=ORIENTED_EDGE('',*,*,#5890,.F.);
#3547=ORIENTED_EDGE('',*,*,#5744,.T.);
#3548=ORIENTED_EDGE('',*,*,#5891,.T.);
#3549=ORIENTED_EDGE('',*,*,#5654,.T.);
#3550=ORIENTED_EDGE('',*,*,#5892,.F.);
#3551=ORIENTED_EDGE('',*,*,#5893,.F.);
#3552=ORIENTED_EDGE('',*,*,#5894,.F.);
#3553=ORIENTED_EDGE('',*,*,#5743,.F.);
#3554=ORIENTED_EDGE('',*,*,#5884,.F.);
#3555=ORIENTED_EDGE('',*,*,#5106,.F.);
#3556=ORIENTED_EDGE('',*,*,#5887,.F.);
#3557=ORIENTED_EDGE('',*,*,#5655,.F.);
#3558=ORIENTED_EDGE('',*,*,#5891,.F.);
#3559=ORIENTED_EDGE('',*,*,#5895,.F.);
#3560=ORIENTED_EDGE('',*,*,#5896,.F.);
#3561=ORIENTED_EDGE('',*,*,#5897,.F.);
#3562=ORIENTED_EDGE('',*,*,#5778,.F.);
#3563=ORIENTED_EDGE('',*,*,#5883,.F.);
#3564=ORIENTED_EDGE('',*,*,#5658,.F.);
#3565=ORIENTED_EDGE('',*,*,#5886,.F.);
#3566=ORIENTED_EDGE('',*,*,#5035,.F.);
#3567=ORIENTED_EDGE('',*,*,#5885,.F.);
#3568=ORIENTED_EDGE('',*,*,#5897,.T.);
#3569=ORIENTED_EDGE('',*,*,#5898,.F.);
#3570=ORIENTED_EDGE('',*,*,#5896,.T.);
#3571=ORIENTED_EDGE('',*,*,#5899,.F.);
#3572=ORIENTED_EDGE('',*,*,#5895,.T.);
#3573=ORIENTED_EDGE('',*,*,#5900,.F.);
#3574=ORIENTED_EDGE('',*,*,#5894,.T.);
#3575=ORIENTED_EDGE('',*,*,#5901,.F.);
#3576=ORIENTED_EDGE('',*,*,#5893,.T.);
#3577=ORIENTED_EDGE('',*,*,#5902,.F.);
#3578=ORIENTED_EDGE('',*,*,#5892,.T.);
#3579=ORIENTED_EDGE('',*,*,#5903,.F.);
#3580=ORIENTED_EDGE('',*,*,#5398,.F.);
#3581=ORIENTED_EDGE('',*,*,#5904,.T.);
#3582=ORIENTED_EDGE('',*,*,#5905,.F.);
#3583=ORIENTED_EDGE('',*,*,#5546,.T.);
#3584=ORIENTED_EDGE('',*,*,#5906,.T.);
#3585=ORIENTED_EDGE('',*,*,#5907,.T.);
#3586=ORIENTED_EDGE('',*,*,#5908,.F.);
#3587=ORIENTED_EDGE('',*,*,#5520,.T.);
#3588=ORIENTED_EDGE('',*,*,#5909,.T.);
#3589=ORIENTED_EDGE('',*,*,#5910,.F.);
#3590=ORIENTED_EDGE('',*,*,#5911,.F.);
#3591=ORIENTED_EDGE('',*,*,#5912,.T.);
#3592=ORIENTED_EDGE('',*,*,#5482,.T.);
#3593=ORIENTED_EDGE('',*,*,#5913,.F.);
#3594=ORIENTED_EDGE('',*,*,#5914,.F.);
#3595=ORIENTED_EDGE('',*,*,#5915,.T.);
#3596=ORIENTED_EDGE('',*,*,#5505,.T.);
#3597=ORIENTED_EDGE('',*,*,#5238,.T.);
#3598=ORIENTED_EDGE('',*,*,#5916,.F.);
#3599=ORIENTED_EDGE('',*,*,#5496,.T.);
#3600=ORIENTED_EDGE('',*,*,#4975,.T.);
#3601=ORIENTED_EDGE('',*,*,#5741,.F.);
#3602=ORIENTED_EDGE('',*,*,#5542,.F.);
#3603=ORIENTED_EDGE('',*,*,#5917,.T.);
#3604=ORIENTED_EDGE('',*,*,#5604,.T.);
#3605=ORIENTED_EDGE('',*,*,#5918,.T.);
#3606=ORIENTED_EDGE('',*,*,#5919,.F.);
#3607=ORIENTED_EDGE('',*,*,#5533,.T.);
#3608=ORIENTED_EDGE('',*,*,#5555,.F.);
#3609=ORIENTED_EDGE('',*,*,#5615,.F.);
#3610=ORIENTED_EDGE('',*,*,#5232,.F.);
#3611=ORIENTED_EDGE('',*,*,#5889,.T.);
#3612=ORIENTED_EDGE('',*,*,#5427,.F.);
#3613=ORIENTED_EDGE('',*,*,#5888,.T.);
#3614=ORIENTED_EDGE('',*,*,#5197,.T.);
#3615=ORIENTED_EDGE('',*,*,#5827,.T.);
#3616=ORIENTED_EDGE('',*,*,#5266,.T.);
#3617=ORIENTED_EDGE('',*,*,#5828,.T.);
#3618=ORIENTED_EDGE('',*,*,#5901,.T.);
#3619=ORIENTED_EDGE('',*,*,#5898,.T.);
#3620=ORIENTED_EDGE('',*,*,#5899,.T.);
#3621=ORIENTED_EDGE('',*,*,#5900,.T.);
#3622=ORIENTED_EDGE('',*,*,#5902,.T.);
#3623=ORIENTED_EDGE('',*,*,#5903,.T.);
#3624=ORIENTED_EDGE('',*,*,#5920,.T.);
#3625=ORIENTED_EDGE('',*,*,#5682,.T.);
#3626=ORIENTED_EDGE('',*,*,#5921,.F.);
#3627=ORIENTED_EDGE('',*,*,#5849,.T.);
#3628=ORIENTED_EDGE('',*,*,#5922,.T.);
#3629=ORIENTED_EDGE('',*,*,#5642,.T.);
#3630=ORIENTED_EDGE('',*,*,#5923,.F.);
#3631=ORIENTED_EDGE('',*,*,#5841,.T.);
#3632=ORIENTED_EDGE('',*,*,#5924,.T.);
#3633=ORIENTED_EDGE('',*,*,#5690,.T.);
#3634=ORIENTED_EDGE('',*,*,#5925,.F.);
#3635=ORIENTED_EDGE('',*,*,#5837,.T.);
#3636=ORIENTED_EDGE('',*,*,#5881,.T.);
#3637=ORIENTED_EDGE('',*,*,#5860,.T.);
#3638=ORIENTED_EDGE('',*,*,#5926,.T.);
#3639=ORIENTED_EDGE('',*,*,#5825,.T.);
#3640=ORIENTED_EDGE('',*,*,#5927,.F.);
#3641=ORIENTED_EDGE('',*,*,#5867,.T.);
#3642=ORIENTED_EDGE('',*,*,#5928,.T.);
#3643=ORIENTED_EDGE('',*,*,#5758,.T.);
#3644=ORIENTED_EDGE('',*,*,#5929,.F.);
#3645=ORIENTED_EDGE('',*,*,#5875,.T.);
#3646=ORIENTED_EDGE('',*,*,#5930,.T.);
#3647=ORIENTED_EDGE('',*,*,#5813,.T.);
#3648=ORIENTED_EDGE('',*,*,#5931,.F.);
#3649=ORIENTED_EDGE('',*,*,#5371,.T.);
#3650=ORIENTED_EDGE('',*,*,#5932,.T.);
#3651=ORIENTED_EDGE('',*,*,#5745,.T.);
#3652=ORIENTED_EDGE('',*,*,#5890,.T.);
#3653=ORIENTED_EDGE('',*,*,#5328,.T.);
#3654=ORIENTED_EDGE('',*,*,#5933,.F.);
#3655=ORIENTED_EDGE('',*,*,#4961,.T.);
#3656=ORIENTED_EDGE('',*,*,#5933,.T.);
#3657=ORIENTED_EDGE('',*,*,#5829,.F.);
#3658=ORIENTED_EDGE('',*,*,#5934,.T.);
#3659=ORIENTED_EDGE('',*,*,#5003,.F.);
#3660=ORIENTED_EDGE('',*,*,#5935,.F.);
#3661=ORIENTED_EDGE('',*,*,#4960,.T.);
#3662=ORIENTED_EDGE('',*,*,#5935,.T.);
#3663=ORIENTED_EDGE('',*,*,#5934,.F.);
#3664=ORIENTED_EDGE('',*,*,#5936,.T.);
#3665=ORIENTED_EDGE('',*,*,#5002,.F.);
#3666=ORIENTED_EDGE('',*,*,#5937,.F.);
#3667=ORIENTED_EDGE('',*,*,#4959,.T.);
#3668=ORIENTED_EDGE('',*,*,#5937,.T.);
#3669=ORIENTED_EDGE('',*,*,#5936,.F.);
#3670=ORIENTED_EDGE('',*,*,#5938,.F.);
#3671=ORIENTED_EDGE('',*,*,#4958,.T.);
#3672=ORIENTED_EDGE('',*,*,#5938,.T.);
#3673=ORIENTED_EDGE('',*,*,#5830,.F.);
#3674=ORIENTED_EDGE('',*,*,#5939,.T.);
#3675=ORIENTED_EDGE('',*,*,#5624,.T.);
#3676=ORIENTED_EDGE('',*,*,#5940,.F.);
#3677=ORIENTED_EDGE('',*,*,#5401,.F.);
#3678=ORIENTED_EDGE('',*,*,#5623,.T.);
#3679=ORIENTED_EDGE('',*,*,#5941,.T.);
#3680=ORIENTED_EDGE('',*,*,#5402,.F.);
#3681=ORIENTED_EDGE('',*,*,#5940,.T.);
#3682=ORIENTED_EDGE('',*,*,#5942,.F.);
#3683=ORIENTED_EDGE('',*,*,#5625,.F.);
#3684=ORIENTED_EDGE('',*,*,#5939,.F.);
#3685=ORIENTED_EDGE('',*,*,#5400,.T.);
#3686=ORIENTED_EDGE('',*,*,#5943,.F.);
#3687=ORIENTED_EDGE('',*,*,#5663,.F.);
#3688=ORIENTED_EDGE('',*,*,#5944,.F.);
#3689=ORIENTED_EDGE('',*,*,#5832,.T.);
#3690=ORIENTED_EDGE('',*,*,#5662,.F.);
#3691=ORIENTED_EDGE('',*,*,#5945,.F.);
#3692=ORIENTED_EDGE('',*,*,#5833,.T.);
#3693=ORIENTED_EDGE('',*,*,#5944,.T.);
#3694=ORIENTED_EDGE('',*,*,#5689,.T.);
#3695=ORIENTED_EDGE('',*,*,#5946,.T.);
#3696=ORIENTED_EDGE('',*,*,#5838,.F.);
#3697=ORIENTED_EDGE('',*,*,#5925,.T.);
#3698=ORIENTED_EDGE('',*,*,#5835,.F.);
#3699=ORIENTED_EDGE('',*,*,#5947,.T.);
#3700=ORIENTED_EDGE('',*,*,#5660,.T.);
#3701=ORIENTED_EDGE('',*,*,#5882,.F.);
#3702=ORIENTED_EDGE('',*,*,#5661,.T.);
#3703=ORIENTED_EDGE('',*,*,#5947,.F.);
#3704=ORIENTED_EDGE('',*,*,#5834,.F.);
#3705=ORIENTED_EDGE('',*,*,#5945,.T.);
#3706=ORIENTED_EDGE('',*,*,#5948,.F.);
#3707=ORIENTED_EDGE('',*,*,#5949,.F.);
#3708=ORIENTED_EDGE('',*,*,#5950,.F.);
#3709=ORIENTED_EDGE('',*,*,#5844,.T.);
#3710=ORIENTED_EDGE('',*,*,#5951,.T.);
#3711=ORIENTED_EDGE('',*,*,#5952,.F.);
#3712=ORIENTED_EDGE('',*,*,#5845,.F.);
#3713=ORIENTED_EDGE('',*,*,#5950,.T.);
#3714=ORIENTED_EDGE('',*,*,#5641,.T.);
#3715=ORIENTED_EDGE('',*,*,#5953,.T.);
#3716=ORIENTED_EDGE('',*,*,#5842,.F.);
#3717=ORIENTED_EDGE('',*,*,#5923,.T.);
#3718=ORIENTED_EDGE('',*,*,#5840,.F.);
#3719=ORIENTED_EDGE('',*,*,#5954,.T.);
#3720=ORIENTED_EDGE('',*,*,#5691,.T.);
#3721=ORIENTED_EDGE('',*,*,#5924,.F.);
#3722=ORIENTED_EDGE('',*,*,#5955,.F.);
#3723=ORIENTED_EDGE('',*,*,#5846,.T.);
#3724=ORIENTED_EDGE('',*,*,#5952,.T.);
#3725=ORIENTED_EDGE('',*,*,#5956,.F.);
#3726=ORIENTED_EDGE('',*,*,#5681,.T.);
#3727=ORIENTED_EDGE('',*,*,#5957,.T.);
#3728=ORIENTED_EDGE('',*,*,#5850,.F.);
#3729=ORIENTED_EDGE('',*,*,#5921,.T.);
#3730=ORIENTED_EDGE('',*,*,#5958,.F.);
#3731=ORIENTED_EDGE('',*,*,#5643,.F.);
#3732=ORIENTED_EDGE('',*,*,#5922,.F.);
#3733=ORIENTED_EDGE('',*,*,#5848,.T.);
#3734=ORIENTED_EDGE('',*,*,#5852,.F.);
#3735=ORIENTED_EDGE('',*,*,#5959,.T.);
#3736=ORIENTED_EDGE('',*,*,#5679,.T.);
#3737=ORIENTED_EDGE('',*,*,#5960,.F.);
#3738=ORIENTED_EDGE('',*,*,#5678,.T.);
#3739=ORIENTED_EDGE('',*,*,#5961,.F.);
#3740=ORIENTED_EDGE('',*,*,#5853,.F.);
#3741=ORIENTED_EDGE('',*,*,#5960,.T.);
#3742=ORIENTED_EDGE('',*,*,#5677,.T.);
#3743=ORIENTED_EDGE('',*,*,#5962,.T.);
#3744=ORIENTED_EDGE('',*,*,#5854,.F.);
#3745=ORIENTED_EDGE('',*,*,#5961,.T.);
#3746=ORIENTED_EDGE('',*,*,#5963,.F.);
#3747=ORIENTED_EDGE('',*,*,#5683,.F.);
#3748=ORIENTED_EDGE('',*,*,#5920,.F.);
#3749=ORIENTED_EDGE('',*,*,#5327,.T.);
#3750=ORIENTED_EDGE('',*,*,#5686,.T.);
#3751=ORIENTED_EDGE('',*,*,#5964,.F.);
#3752=ORIENTED_EDGE('',*,*,#5334,.F.);
#3753=ORIENTED_EDGE('',*,*,#5965,.T.);
#3754=ORIENTED_EDGE('',*,*,#5685,.T.);
#3755=ORIENTED_EDGE('',*,*,#5966,.T.);
#3756=ORIENTED_EDGE('',*,*,#5335,.F.);
#3757=ORIENTED_EDGE('',*,*,#5964,.T.);
#3758=ORIENTED_EDGE('',*,*,#5333,.F.);
#3759=ORIENTED_EDGE('',*,*,#5967,.T.);
#3760=ORIENTED_EDGE('',*,*,#5687,.T.);
#3761=ORIENTED_EDGE('',*,*,#5965,.F.);
#3762=ORIENTED_EDGE('',*,*,#5968,.F.);
#3763=ORIENTED_EDGE('',*,*,#5956,.T.);
#3764=ORIENTED_EDGE('',*,*,#5951,.F.);
#3765=ORIENTED_EDGE('',*,*,#5949,.T.);
#3766=ORIENTED_EDGE('',*,*,#5859,.F.);
#3767=ORIENTED_EDGE('',*,*,#5969,.T.);
#3768=ORIENTED_EDGE('',*,*,#5826,.T.);
#3769=ORIENTED_EDGE('',*,*,#5926,.F.);
#3770=ORIENTED_EDGE('',*,*,#5774,.F.);
#3771=ORIENTED_EDGE('',*,*,#5970,.F.);
#3772=ORIENTED_EDGE('',*,*,#5863,.T.);
#3773=ORIENTED_EDGE('',*,*,#5971,.T.);
#3774=ORIENTED_EDGE('',*,*,#5972,.F.);
#3775=ORIENTED_EDGE('',*,*,#5864,.T.);
#3776=ORIENTED_EDGE('',*,*,#5970,.T.);
#3777=ORIENTED_EDGE('',*,*,#5773,.F.);
#3778=ORIENTED_EDGE('',*,*,#5775,.T.);
#3779=ORIENTED_EDGE('',*,*,#5971,.F.);
#3780=ORIENTED_EDGE('',*,*,#5862,.F.);
#3781=ORIENTED_EDGE('',*,*,#5855,.T.);
#3782=ORIENTED_EDGE('',*,*,#5341,.F.);
#3783=ORIENTED_EDGE('',*,*,#5697,.T.);
#3784=ORIENTED_EDGE('',*,*,#5769,.T.);
#3785=ORIENTED_EDGE('',*,*,#5694,.F.);
#3786=ORIENTED_EDGE('',*,*,#5973,.F.);
#3787=ORIENTED_EDGE('',*,*,#5872,.T.);
#3788=ORIENTED_EDGE('',*,*,#5974,.T.);
#3789=ORIENTED_EDGE('',*,*,#5820,.F.);
#3790=ORIENTED_EDGE('',*,*,#5975,.F.);
#3791=ORIENTED_EDGE('',*,*,#5822,.F.);
#3792=ORIENTED_EDGE('',*,*,#5976,.F.);
#3793=ORIENTED_EDGE('',*,*,#5870,.T.);
#3794=ORIENTED_EDGE('',*,*,#5824,.T.);
#3795=ORIENTED_EDGE('',*,*,#5977,.T.);
#3796=ORIENTED_EDGE('',*,*,#5868,.F.);
#3797=ORIENTED_EDGE('',*,*,#5927,.T.);
#3798=ORIENTED_EDGE('',*,*,#5866,.F.);
#3799=ORIENTED_EDGE('',*,*,#5978,.T.);
#3800=ORIENTED_EDGE('',*,*,#5759,.T.);
#3801=ORIENTED_EDGE('',*,*,#5928,.F.);
#3802=ORIENTED_EDGE('',*,*,#5821,.F.);
#3803=ORIENTED_EDGE('',*,*,#5974,.F.);
#3804=ORIENTED_EDGE('',*,*,#5871,.T.);
#3805=ORIENTED_EDGE('',*,*,#5976,.T.);
#3806=ORIENTED_EDGE('',*,*,#5817,.T.);
#3807=ORIENTED_EDGE('',*,*,#5979,.F.);
#3808=ORIENTED_EDGE('',*,*,#5879,.F.);
#3809=ORIENTED_EDGE('',*,*,#5980,.T.);
#3810=ORIENTED_EDGE('',*,*,#5816,.T.);
#3811=ORIENTED_EDGE('',*,*,#5981,.T.);
#3812=ORIENTED_EDGE('',*,*,#5880,.F.);
#3813=ORIENTED_EDGE('',*,*,#5979,.T.);
#3814=ORIENTED_EDGE('',*,*,#5982,.F.);
#3815=ORIENTED_EDGE('',*,*,#5814,.F.);
#3816=ORIENTED_EDGE('',*,*,#5930,.F.);
#3817=ORIENTED_EDGE('',*,*,#5874,.T.);
#3818=ORIENTED_EDGE('',*,*,#5983,.F.);
#3819=ORIENTED_EDGE('',*,*,#5876,.T.);
#3820=ORIENTED_EDGE('',*,*,#5929,.T.);
#3821=ORIENTED_EDGE('',*,*,#5757,.F.);
#3822=ORIENTED_EDGE('',*,*,#5878,.F.);
#3823=ORIENTED_EDGE('',*,*,#5984,.T.);
#3824=ORIENTED_EDGE('',*,*,#5818,.T.);
#3825=ORIENTED_EDGE('',*,*,#5980,.F.);
#3826=ORIENTED_EDGE('',*,*,#5746,.T.);
#3827=ORIENTED_EDGE('',*,*,#5932,.F.);
#3828=ORIENTED_EDGE('',*,*,#5370,.F.);
#3829=ORIENTED_EDGE('',*,*,#5729,.T.);
#3830=ORIENTED_EDGE('',*,*,#5985,.F.);
#3831=ORIENTED_EDGE('',*,*,#5372,.T.);
#3832=ORIENTED_EDGE('',*,*,#5931,.T.);
#3833=ORIENTED_EDGE('',*,*,#5812,.F.);
#3834=ORIENTED_EDGE('',*,*,#5809,.T.);
#3835=ORIENTED_EDGE('',*,*,#5986,.F.);
#3836=ORIENTED_EDGE('',*,*,#5375,.F.);
#3837=ORIENTED_EDGE('',*,*,#5987,.T.);
#3838=ORIENTED_EDGE('',*,*,#5808,.T.);
#3839=ORIENTED_EDGE('',*,*,#5988,.T.);
#3840=ORIENTED_EDGE('',*,*,#5376,.F.);
#3841=ORIENTED_EDGE('',*,*,#5986,.T.);
#3842=ORIENTED_EDGE('',*,*,#5374,.F.);
#3843=ORIENTED_EDGE('',*,*,#5989,.T.);
#3844=ORIENTED_EDGE('',*,*,#5810,.T.);
#3845=ORIENTED_EDGE('',*,*,#5987,.F.);
#3846=ORIENTED_EDGE('',*,*,#5990,.T.);
#3847=ORIENTED_EDGE('',*,*,#5493,.F.);
#3848=ORIENTED_EDGE('',*,*,#5470,.T.);
#3849=ORIENTED_EDGE('',*,*,#5781,.F.);
#3850=ORIENTED_EDGE('',*,*,#5991,.F.);
#3851=ORIENTED_EDGE('',*,*,#5267,.F.);
#3852=ORIENTED_EDGE('',*,*,#5991,.T.);
#3853=ORIENTED_EDGE('',*,*,#5780,.F.);
#3854=ORIENTED_EDGE('',*,*,#5464,.T.);
#3855=ORIENTED_EDGE('',*,*,#5495,.F.);
#3856=ORIENTED_EDGE('',*,*,#5992,.F.);
#3857=ORIENTED_EDGE('',*,*,#5268,.F.);
#3858=ORIENTED_EDGE('',*,*,#5269,.T.);
#3859=ORIENTED_EDGE('',*,*,#5992,.T.);
#3860=ORIENTED_EDGE('',*,*,#5494,.T.);
#3861=ORIENTED_EDGE('',*,*,#5990,.F.);
#3862=ORIENTED_EDGE('',*,*,#5993,.T.);
#3863=ORIENTED_EDGE('',*,*,#5736,.F.);
#3864=ORIENTED_EDGE('',*,*,#5477,.F.);
#3865=ORIENTED_EDGE('',*,*,#5501,.F.);
#3866=ORIENTED_EDGE('',*,*,#5994,.F.);
#3867=ORIENTED_EDGE('',*,*,#5270,.F.);
#3868=ORIENTED_EDGE('',*,*,#5995,.T.);
#3869=ORIENTED_EDGE('',*,*,#5737,.F.);
#3870=ORIENTED_EDGE('',*,*,#5993,.F.);
#3871=ORIENTED_EDGE('',*,*,#5277,.F.);
#3872=ORIENTED_EDGE('',*,*,#5276,.T.);
#3873=ORIENTED_EDGE('',*,*,#5996,.T.);
#3874=ORIENTED_EDGE('',*,*,#5738,.T.);
#3875=ORIENTED_EDGE('',*,*,#5995,.F.);
#3876=ORIENTED_EDGE('',*,*,#5997,.T.);
#3877=ORIENTED_EDGE('',*,*,#5739,.F.);
#3878=ORIENTED_EDGE('',*,*,#5996,.F.);
#3879=ORIENTED_EDGE('',*,*,#5275,.F.);
#3880=ORIENTED_EDGE('',*,*,#5274,.T.);
#3881=ORIENTED_EDGE('',*,*,#5998,.T.);
#3882=ORIENTED_EDGE('',*,*,#5497,.T.);
#3883=ORIENTED_EDGE('',*,*,#5916,.T.);
#3884=ORIENTED_EDGE('',*,*,#5740,.T.);
#3885=ORIENTED_EDGE('',*,*,#5997,.F.);
#3886=ORIENTED_EDGE('',*,*,#5273,.T.);
#3887=ORIENTED_EDGE('',*,*,#5999,.T.);
#3888=ORIENTED_EDGE('',*,*,#5498,.T.);
#3889=ORIENTED_EDGE('',*,*,#5998,.F.);
#3890=ORIENTED_EDGE('',*,*,#5272,.T.);
#3891=ORIENTED_EDGE('',*,*,#6000,.T.);
#3892=ORIENTED_EDGE('',*,*,#5499,.T.);
#3893=ORIENTED_EDGE('',*,*,#5999,.F.);
#3894=ORIENTED_EDGE('',*,*,#5994,.T.);
#3895=ORIENTED_EDGE('',*,*,#5500,.F.);
#3896=ORIENTED_EDGE('',*,*,#6000,.F.);
#3897=ORIENTED_EDGE('',*,*,#5271,.F.);
#3898=ORIENTED_EDGE('',*,*,#5263,.T.);
#3899=ORIENTED_EDGE('',*,*,#6001,.T.);
#3900=ORIENTED_EDGE('',*,*,#5760,.T.);
#3901=ORIENTED_EDGE('',*,*,#5978,.F.);
#3902=ORIENTED_EDGE('',*,*,#5865,.T.);
#3903=ORIENTED_EDGE('',*,*,#5973,.T.);
#3904=ORIENTED_EDGE('',*,*,#5819,.T.);
#3905=ORIENTED_EDGE('',*,*,#5975,.T.);
#3906=ORIENTED_EDGE('',*,*,#5869,.T.);
#3907=ORIENTED_EDGE('',*,*,#5977,.F.);
#3908=ORIENTED_EDGE('',*,*,#5823,.T.);
#3909=ORIENTED_EDGE('',*,*,#5969,.F.);
#3910=ORIENTED_EDGE('',*,*,#5858,.T.);
#3911=ORIENTED_EDGE('',*,*,#5972,.T.);
#3912=ORIENTED_EDGE('',*,*,#5772,.T.);
#3913=ORIENTED_EDGE('',*,*,#6002,.F.);
#3914=ORIENTED_EDGE('',*,*,#5262,.T.);
#3915=ORIENTED_EDGE('',*,*,#6003,.T.);
#3916=ORIENTED_EDGE('',*,*,#5761,.T.);
#3917=ORIENTED_EDGE('',*,*,#6001,.F.);
#3918=ORIENTED_EDGE('',*,*,#5261,.T.);
#3919=ORIENTED_EDGE('',*,*,#6004,.T.);
#3920=ORIENTED_EDGE('',*,*,#5770,.T.);
#3921=ORIENTED_EDGE('',*,*,#5695,.T.);
#3922=ORIENTED_EDGE('',*,*,#5339,.T.);
#3923=ORIENTED_EDGE('',*,*,#5693,.F.);
#3924=ORIENTED_EDGE('',*,*,#5768,.T.);
#3925=ORIENTED_EDGE('',*,*,#5705,.F.);
#3926=ORIENTED_EDGE('',*,*,#5346,.T.);
#3927=ORIENTED_EDGE('',*,*,#5703,.T.);
#3928=ORIENTED_EDGE('',*,*,#5731,.T.);
#3929=ORIENTED_EDGE('',*,*,#5700,.T.);
#3930=ORIENTED_EDGE('',*,*,#5350,.T.);
#3931=ORIENTED_EDGE('',*,*,#5709,.F.);
#3932=ORIENTED_EDGE('',*,*,#5762,.T.);
#3933=ORIENTED_EDGE('',*,*,#6003,.F.);
#3934=ORIENTED_EDGE('',*,*,#5260,.T.);
#3935=ORIENTED_EDGE('',*,*,#6002,.T.);
#3936=ORIENTED_EDGE('',*,*,#5771,.T.);
#3937=ORIENTED_EDGE('',*,*,#6004,.F.);
#3938=ORIENTED_EDGE('',*,*,#5278,.T.);
#3939=ORIENTED_EDGE('',*,*,#6005,.T.);
#3940=ORIENTED_EDGE('',*,*,#5367,.T.);
#3941=ORIENTED_EDGE('',*,*,#5988,.F.);
#3942=ORIENTED_EDGE('',*,*,#5807,.T.);
#3943=ORIENTED_EDGE('',*,*,#5989,.F.);
#3944=ORIENTED_EDGE('',*,*,#5373,.T.);
#3945=ORIENTED_EDGE('',*,*,#5985,.T.);
#3946=ORIENTED_EDGE('',*,*,#5811,.T.);
#3947=ORIENTED_EDGE('',*,*,#5982,.T.);
#3948=ORIENTED_EDGE('',*,*,#5873,.T.);
#3949=ORIENTED_EDGE('',*,*,#5981,.F.);
#3950=ORIENTED_EDGE('',*,*,#5815,.T.);
#3951=ORIENTED_EDGE('',*,*,#5984,.F.);
#3952=ORIENTED_EDGE('',*,*,#5877,.T.);
#3953=ORIENTED_EDGE('',*,*,#5983,.T.);
#3954=ORIENTED_EDGE('',*,*,#5756,.T.);
#3955=ORIENTED_EDGE('',*,*,#6006,.F.);
#3956=ORIENTED_EDGE('',*,*,#6007,.T.);
#3957=ORIENTED_EDGE('',*,*,#5747,.F.);
#3958=ORIENTED_EDGE('',*,*,#5727,.F.);
#3959=ORIENTED_EDGE('',*,*,#5368,.F.);
#3960=ORIENTED_EDGE('',*,*,#6005,.F.);
#3961=ORIENTED_EDGE('',*,*,#5281,.F.);
#3962=ORIENTED_EDGE('',*,*,#5280,.T.);
#3963=ORIENTED_EDGE('',*,*,#6008,.T.);
#3964=ORIENTED_EDGE('',*,*,#5754,.T.);
#3965=ORIENTED_EDGE('',*,*,#5718,.T.);
#3966=ORIENTED_EDGE('',*,*,#5354,.T.);
#3967=ORIENTED_EDGE('',*,*,#5721,.F.);
#3968=ORIENTED_EDGE('',*,*,#5804,.T.);
#3969=ORIENTED_EDGE('',*,*,#5711,.F.);
#3970=ORIENTED_EDGE('',*,*,#5358,.T.);
#3971=ORIENTED_EDGE('',*,*,#5715,.T.);
#3972=ORIENTED_EDGE('',*,*,#5806,.T.);
#3973=ORIENTED_EDGE('',*,*,#5724,.T.);
#3974=ORIENTED_EDGE('',*,*,#5366,.T.);
#3975=ORIENTED_EDGE('',*,*,#5726,.F.);
#3976=ORIENTED_EDGE('',*,*,#5748,.T.);
#3977=ORIENTED_EDGE('',*,*,#6007,.F.);
#3978=ORIENTED_EDGE('',*,*,#6006,.T.);
#3979=ORIENTED_EDGE('',*,*,#5755,.F.);
#3980=ORIENTED_EDGE('',*,*,#6008,.F.);
#3981=ORIENTED_EDGE('',*,*,#5279,.F.);
#3982=ORIENTED_EDGE('',*,*,#6009,.T.);
#3983=ORIENTED_EDGE('',*,*,#5794,.F.);
#3984=ORIENTED_EDGE('',*,*,#6010,.F.);
#3985=ORIENTED_EDGE('',*,*,#5247,.F.);
#3986=ORIENTED_EDGE('',*,*,#6011,.T.);
#3987=ORIENTED_EDGE('',*,*,#5795,.F.);
#3988=ORIENTED_EDGE('',*,*,#6009,.F.);
#3989=ORIENTED_EDGE('',*,*,#5246,.F.);
#3990=ORIENTED_EDGE('',*,*,#5245,.T.);
#3991=ORIENTED_EDGE('',*,*,#6012,.T.);
#3992=ORIENTED_EDGE('',*,*,#5792,.T.);
#3993=ORIENTED_EDGE('',*,*,#5455,.F.);
#3994=ORIENTED_EDGE('',*,*,#5484,.T.);
#3995=ORIENTED_EDGE('',*,*,#5450,.F.);
#3996=ORIENTED_EDGE('',*,*,#5796,.T.);
#3997=ORIENTED_EDGE('',*,*,#6011,.F.);
#3998=ORIENTED_EDGE('',*,*,#6010,.T.);
#3999=ORIENTED_EDGE('',*,*,#5793,.F.);
#4000=ORIENTED_EDGE('',*,*,#6012,.F.);
#4001=ORIENTED_EDGE('',*,*,#5244,.F.);
#4002=ORIENTED_EDGE('',*,*,#6013,.T.);
#4003=ORIENTED_EDGE('',*,*,#5749,.F.);
#4004=ORIENTED_EDGE('',*,*,#5360,.F.);
#4005=ORIENTED_EDGE('',*,*,#5364,.F.);
#4006=ORIENTED_EDGE('',*,*,#5723,.F.);
#4007=ORIENTED_EDGE('',*,*,#5805,.F.);
#4008=ORIENTED_EDGE('',*,*,#5713,.F.);
#4009=ORIENTED_EDGE('',*,*,#5356,.F.);
#4010=ORIENTED_EDGE('',*,*,#5710,.T.);
#4011=ORIENTED_EDGE('',*,*,#5803,.F.);
#4012=ORIENTED_EDGE('',*,*,#5719,.T.);
#4013=ORIENTED_EDGE('',*,*,#5352,.F.);
#4014=ORIENTED_EDGE('',*,*,#5717,.F.);
#4015=ORIENTED_EDGE('',*,*,#5753,.F.);
#4016=ORIENTED_EDGE('',*,*,#6014,.F.);
#4017=ORIENTED_EDGE('',*,*,#5282,.F.);
#4018=ORIENTED_EDGE('',*,*,#6015,.T.);
#4019=ORIENTED_EDGE('',*,*,#5750,.F.);
#4020=ORIENTED_EDGE('',*,*,#6013,.F.);
#4021=ORIENTED_EDGE('',*,*,#5285,.F.);
#4022=ORIENTED_EDGE('',*,*,#5284,.T.);
#4023=ORIENTED_EDGE('',*,*,#6016,.T.);
#4024=ORIENTED_EDGE('',*,*,#5751,.T.);
#4025=ORIENTED_EDGE('',*,*,#6015,.F.);
#4026=ORIENTED_EDGE('',*,*,#6014,.T.);
#4027=ORIENTED_EDGE('',*,*,#5752,.F.);
#4028=ORIENTED_EDGE('',*,*,#6016,.F.);
#4029=ORIENTED_EDGE('',*,*,#5283,.F.);
#4030=ORIENTED_EDGE('',*,*,#5289,.T.);
#4031=ORIENTED_EDGE('',*,*,#6017,.T.);
#4032=ORIENTED_EDGE('',*,*,#5785,.T.);
#4033=ORIENTED_EDGE('',*,*,#5458,.F.);
#4034=ORIENTED_EDGE('',*,*,#5489,.T.);
#4035=ORIENTED_EDGE('',*,*,#6018,.F.);
#4036=ORIENTED_EDGE('',*,*,#5288,.T.);
#4037=ORIENTED_EDGE('',*,*,#6019,.T.);
#4038=ORIENTED_EDGE('',*,*,#5786,.T.);
#4039=ORIENTED_EDGE('',*,*,#6017,.F.);
#4040=ORIENTED_EDGE('',*,*,#6020,.T.);
#4041=ORIENTED_EDGE('',*,*,#5487,.F.);
#4042=ORIENTED_EDGE('',*,*,#5463,.T.);
#4043=ORIENTED_EDGE('',*,*,#5787,.F.);
#4044=ORIENTED_EDGE('',*,*,#6019,.F.);
#4045=ORIENTED_EDGE('',*,*,#5287,.F.);
#4046=ORIENTED_EDGE('',*,*,#5286,.T.);
#4047=ORIENTED_EDGE('',*,*,#6018,.T.);
#4048=ORIENTED_EDGE('',*,*,#5488,.T.);
#4049=ORIENTED_EDGE('',*,*,#6020,.F.);
#4050=ORIENTED_EDGE('',*,*,#6021,.T.);
#4051=ORIENTED_EDGE('',*,*,#5734,.F.);
#4052=ORIENTED_EDGE('',*,*,#6022,.F.);
#4053=ORIENTED_EDGE('',*,*,#5242,.F.);
#4054=ORIENTED_EDGE('',*,*,#5241,.T.);
#4055=ORIENTED_EDGE('',*,*,#6023,.T.);
#4056=ORIENTED_EDGE('',*,*,#5502,.T.);
#4057=ORIENTED_EDGE('',*,*,#5475,.T.);
#4058=ORIENTED_EDGE('',*,*,#5735,.T.);
#4059=ORIENTED_EDGE('',*,*,#6021,.F.);
#4060=ORIENTED_EDGE('',*,*,#6024,.F.);
#4061=ORIENTED_EDGE('',*,*,#5243,.F.);
#4062=ORIENTED_EDGE('',*,*,#6022,.T.);
#4063=ORIENTED_EDGE('',*,*,#5733,.F.);
#4064=ORIENTED_EDGE('',*,*,#5473,.F.);
#4065=ORIENTED_EDGE('',*,*,#5506,.F.);
#4066=ORIENTED_EDGE('',*,*,#5915,.F.);
#4067=ORIENTED_EDGE('',*,*,#6025,.T.);
#4068=ORIENTED_EDGE('',*,*,#6026,.F.);
#4069=ORIENTED_EDGE('',*,*,#6027,.T.);
#4070=ORIENTED_EDGE('',*,*,#5913,.T.);
#4071=ORIENTED_EDGE('',*,*,#5503,.F.);
#4072=ORIENTED_EDGE('',*,*,#6023,.F.);
#4073=ORIENTED_EDGE('',*,*,#5240,.F.);
#4074=ORIENTED_EDGE('',*,*,#5296,.T.);
#4075=ORIENTED_EDGE('',*,*,#6028,.T.);
#4076=ORIENTED_EDGE('',*,*,#5782,.T.);
#4077=ORIENTED_EDGE('',*,*,#5468,.F.);
#4078=ORIENTED_EDGE('',*,*,#5492,.T.);
#4079=ORIENTED_EDGE('',*,*,#6029,.F.);
#4080=ORIENTED_EDGE('',*,*,#5295,.T.);
#4081=ORIENTED_EDGE('',*,*,#6030,.T.);
#4082=ORIENTED_EDGE('',*,*,#5783,.T.);
#4083=ORIENTED_EDGE('',*,*,#6028,.F.);
#4084=ORIENTED_EDGE('',*,*,#6031,.T.);
#4085=ORIENTED_EDGE('',*,*,#5490,.F.);
#4086=ORIENTED_EDGE('',*,*,#5456,.T.);
#4087=ORIENTED_EDGE('',*,*,#5784,.F.);
#4088=ORIENTED_EDGE('',*,*,#6030,.F.);
#4089=ORIENTED_EDGE('',*,*,#5294,.F.);
#4090=ORIENTED_EDGE('',*,*,#5293,.T.);
#4091=ORIENTED_EDGE('',*,*,#6029,.T.);
#4092=ORIENTED_EDGE('',*,*,#5491,.T.);
#4093=ORIENTED_EDGE('',*,*,#6031,.F.);
#4094=ORIENTED_EDGE('',*,*,#5297,.T.);
#4095=ORIENTED_EDGE('',*,*,#6032,.T.);
#4096=ORIENTED_EDGE('',*,*,#5801,.T.);
#4097=ORIENTED_EDGE('',*,*,#6033,.F.);
#4098=ORIENTED_EDGE('',*,*,#5300,.T.);
#4099=ORIENTED_EDGE('',*,*,#6034,.T.);
#4100=ORIENTED_EDGE('',*,*,#5802,.T.);
#4101=ORIENTED_EDGE('',*,*,#6032,.F.);
#4102=ORIENTED_EDGE('',*,*,#5299,.T.);
#4103=ORIENTED_EDGE('',*,*,#6035,.T.);
#4104=ORIENTED_EDGE('',*,*,#5799,.T.);
#4105=ORIENTED_EDGE('',*,*,#6034,.F.);
#4106=ORIENTED_EDGE('',*,*,#6033,.T.);
#4107=ORIENTED_EDGE('',*,*,#5800,.F.);
#4108=ORIENTED_EDGE('',*,*,#6035,.F.);
#4109=ORIENTED_EDGE('',*,*,#5298,.F.);
#4110=ORIENTED_EDGE('',*,*,#5259,.T.);
#4111=ORIENTED_EDGE('',*,*,#6036,.T.);
#4112=ORIENTED_EDGE('',*,*,#5765,.T.);
#4113=ORIENTED_EDGE('',*,*,#6037,.F.);
#4114=ORIENTED_EDGE('',*,*,#5258,.T.);
#4115=ORIENTED_EDGE('',*,*,#6038,.T.);
#4116=ORIENTED_EDGE('',*,*,#5766,.T.);
#4117=ORIENTED_EDGE('',*,*,#6036,.F.);
#4118=ORIENTED_EDGE('',*,*,#6039,.T.);
#4119=ORIENTED_EDGE('',*,*,#5763,.F.);
#4120=ORIENTED_EDGE('',*,*,#5707,.T.);
#4121=ORIENTED_EDGE('',*,*,#5348,.F.);
#4122=ORIENTED_EDGE('',*,*,#5699,.F.);
#4123=ORIENTED_EDGE('',*,*,#5730,.F.);
#4124=ORIENTED_EDGE('',*,*,#5701,.F.);
#4125=ORIENTED_EDGE('',*,*,#5344,.F.);
#4126=ORIENTED_EDGE('',*,*,#5704,.T.);
#4127=ORIENTED_EDGE('',*,*,#5767,.F.);
#4128=ORIENTED_EDGE('',*,*,#6038,.F.);
#4129=ORIENTED_EDGE('',*,*,#5257,.F.);
#4130=ORIENTED_EDGE('',*,*,#5256,.T.);
#4131=ORIENTED_EDGE('',*,*,#6037,.T.);
#4132=ORIENTED_EDGE('',*,*,#5764,.T.);
#4133=ORIENTED_EDGE('',*,*,#6039,.F.);
#4134=ORIENTED_EDGE('',*,*,#5255,.T.);
#4135=ORIENTED_EDGE('',*,*,#6040,.T.);
#4136=ORIENTED_EDGE('',*,*,#5788,.T.);
#4137=ORIENTED_EDGE('',*,*,#5461,.F.);
#4138=ORIENTED_EDGE('',*,*,#5486,.T.);
#4139=ORIENTED_EDGE('',*,*,#6041,.F.);
#4140=ORIENTED_EDGE('',*,*,#5254,.T.);
#4141=ORIENTED_EDGE('',*,*,#6042,.T.);
#4142=ORIENTED_EDGE('',*,*,#5789,.T.);
#4143=ORIENTED_EDGE('',*,*,#6040,.F.);
#4144=ORIENTED_EDGE('',*,*,#6043,.T.);
#4145=ORIENTED_EDGE('',*,*,#5790,.F.);
#4146=ORIENTED_EDGE('',*,*,#6042,.F.);
#4147=ORIENTED_EDGE('',*,*,#5253,.F.);
#4148=ORIENTED_EDGE('',*,*,#5252,.T.);
#4149=ORIENTED_EDGE('',*,*,#6041,.T.);
#4150=ORIENTED_EDGE('',*,*,#5485,.T.);
#4151=ORIENTED_EDGE('',*,*,#5453,.F.);
#4152=ORIENTED_EDGE('',*,*,#5791,.T.);
#4153=ORIENTED_EDGE('',*,*,#6043,.F.);
#4154=ORIENTED_EDGE('',*,*,#6044,.F.);
#4155=ORIENTED_EDGE('',*,*,#5251,.F.);
#4156=ORIENTED_EDGE('',*,*,#6045,.T.);
#4157=ORIENTED_EDGE('',*,*,#5797,.F.);
#4158=ORIENTED_EDGE('',*,*,#5448,.T.);
#4159=ORIENTED_EDGE('',*,*,#5483,.F.);
#4160=ORIENTED_EDGE('',*,*,#5912,.F.);
#4161=ORIENTED_EDGE('',*,*,#6046,.T.);
#4162=ORIENTED_EDGE('',*,*,#6047,.T.);
#4163=ORIENTED_EDGE('',*,*,#5798,.F.);
#4164=ORIENTED_EDGE('',*,*,#6045,.F.);
#4165=ORIENTED_EDGE('',*,*,#5250,.F.);
#4166=ORIENTED_EDGE('',*,*,#5249,.T.);
#4167=ORIENTED_EDGE('',*,*,#6048,.T.);
#4168=ORIENTED_EDGE('',*,*,#6049,.F.);
#4169=ORIENTED_EDGE('',*,*,#5910,.T.);
#4170=ORIENTED_EDGE('',*,*,#5504,.T.);
#4171=ORIENTED_EDGE('',*,*,#5471,.T.);
#4172=ORIENTED_EDGE('',*,*,#5732,.T.);
#4173=ORIENTED_EDGE('',*,*,#6047,.F.);
#4174=ORIENTED_EDGE('',*,*,#6050,.T.);
#4175=ORIENTED_EDGE('',*,*,#5423,.F.);
#4176=ORIENTED_EDGE('',*,*,#6051,.F.);
#4177=ORIENTED_EDGE('',*,*,#5617,.F.);
#4178=ORIENTED_EDGE('',*,*,#6052,.T.);
#4179=ORIENTED_EDGE('',*,*,#5424,.F.);
#4180=ORIENTED_EDGE('',*,*,#6050,.F.);
#4181=ORIENTED_EDGE('',*,*,#5616,.F.);
#4182=ORIENTED_EDGE('',*,*,#5553,.T.);
#4183=ORIENTED_EDGE('',*,*,#5531,.F.);
#4184=ORIENTED_EDGE('',*,*,#5530,.T.);
#4185=ORIENTED_EDGE('',*,*,#5552,.F.);
#4186=ORIENTED_EDGE('',*,*,#5618,.T.);
#4187=ORIENTED_EDGE('',*,*,#6051,.T.);
#4188=ORIENTED_EDGE('',*,*,#5425,.T.);
#4189=ORIENTED_EDGE('',*,*,#6052,.F.);
#4190=ORIENTED_EDGE('',*,*,#5626,.T.);
#4191=ORIENTED_EDGE('',*,*,#5942,.T.);
#4192=ORIENTED_EDGE('',*,*,#5399,.T.);
#4193=ORIENTED_EDGE('',*,*,#6053,.F.);
#4194=ORIENTED_EDGE('',*,*,#6053,.T.);
#4195=ORIENTED_EDGE('',*,*,#5406,.F.);
#4196=ORIENTED_EDGE('',*,*,#6054,.F.);
#4197=ORIENTED_EDGE('',*,*,#5627,.F.);
#4198=ORIENTED_EDGE('',*,*,#5384,.T.);
#4199=ORIENTED_EDGE('',*,*,#5628,.F.);
#4200=ORIENTED_EDGE('',*,*,#6054,.T.);
#4201=ORIENTED_EDGE('',*,*,#5405,.F.);
#4202=ORIENTED_EDGE('',*,*,#6055,.F.);
#4203=ORIENTED_EDGE('',*,*,#5523,.F.);
#4204=ORIENTED_EDGE('',*,*,#6055,.T.);
#4205=ORIENTED_EDGE('',*,*,#5404,.F.);
#4206=ORIENTED_EDGE('',*,*,#6056,.F.);
#4207=ORIENTED_EDGE('',*,*,#5524,.F.);
#4208=ORIENTED_EDGE('',*,*,#5525,.T.);
#4209=ORIENTED_EDGE('',*,*,#6056,.T.);
#4210=ORIENTED_EDGE('',*,*,#5403,.T.);
#4211=ORIENTED_EDGE('',*,*,#5941,.F.);
#4212=ORIENTED_EDGE('',*,*,#5622,.T.);
#4213=ORIENTED_EDGE('',*,*,#5548,.F.);
#4214=ORIENTED_EDGE('',*,*,#5665,.T.);
#4215=ORIENTED_EDGE('',*,*,#6057,.T.);
#4216=ORIENTED_EDGE('',*,*,#5430,.T.);
#4217=ORIENTED_EDGE('',*,*,#6058,.F.);
#4218=ORIENTED_EDGE('',*,*,#5638,.T.);
#4219=ORIENTED_EDGE('',*,*,#5566,.F.);
#4220=ORIENTED_EDGE('',*,*,#5308,.T.);
#4221=ORIENTED_EDGE('',*,*,#5564,.T.);
#4222=ORIENTED_EDGE('',*,*,#5595,.T.);
#4223=ORIENTED_EDGE('',*,*,#5573,.T.);
#4224=ORIENTED_EDGE('',*,*,#5312,.T.);
#4225=ORIENTED_EDGE('',*,*,#5570,.F.);
#4226=ORIENTED_EDGE('',*,*,#5668,.T.);
#4227=ORIENTED_EDGE('',*,*,#5559,.F.);
#4228=ORIENTED_EDGE('',*,*,#5301,.T.);
#4229=ORIENTED_EDGE('',*,*,#5556,.T.);
#4230=ORIENTED_EDGE('',*,*,#5666,.T.);
#4231=ORIENTED_EDGE('',*,*,#6058,.T.);
#4232=ORIENTED_EDGE('',*,*,#5429,.T.);
#4233=ORIENTED_EDGE('',*,*,#6059,.F.);
#4234=ORIENTED_EDGE('',*,*,#5639,.T.);
#4235=ORIENTED_EDGE('',*,*,#6059,.T.);
#4236=ORIENTED_EDGE('',*,*,#5432,.T.);
#4237=ORIENTED_EDGE('',*,*,#6060,.F.);
#4238=ORIENTED_EDGE('',*,*,#5664,.T.);
#4239=ORIENTED_EDGE('',*,*,#5943,.T.);
#4240=ORIENTED_EDGE('',*,*,#5831,.T.);
#4241=ORIENTED_EDGE('',*,*,#5946,.F.);
#4242=ORIENTED_EDGE('',*,*,#5688,.T.);
#4243=ORIENTED_EDGE('',*,*,#5954,.F.);
#4244=ORIENTED_EDGE('',*,*,#5839,.T.);
#4245=ORIENTED_EDGE('',*,*,#5955,.T.);
#4246=ORIENTED_EDGE('',*,*,#5968,.T.);
#4247=ORIENTED_EDGE('',*,*,#5948,.T.);
#4248=ORIENTED_EDGE('',*,*,#5843,.T.);
#4249=ORIENTED_EDGE('',*,*,#5953,.F.);
#4250=ORIENTED_EDGE('',*,*,#5640,.T.);
#4251=ORIENTED_EDGE('',*,*,#6060,.T.);
#4252=ORIENTED_EDGE('',*,*,#5431,.T.);
#4253=ORIENTED_EDGE('',*,*,#6057,.F.);
#4254=ORIENTED_EDGE('',*,*,#6061,.T.);
#4255=ORIENTED_EDGE('',*,*,#5433,.F.);
#4256=ORIENTED_EDGE('',*,*,#6062,.F.);
#4257=ORIENTED_EDGE('',*,*,#5645,.F.);
#4258=ORIENTED_EDGE('',*,*,#5652,.T.);
#4259=ORIENTED_EDGE('',*,*,#5589,.F.);
#4260=ORIENTED_EDGE('',*,*,#5324,.T.);
#4261=ORIENTED_EDGE('',*,*,#5588,.T.);
#4262=ORIENTED_EDGE('',*,*,#5673,.T.);
#4263=ORIENTED_EDGE('',*,*,#5575,.F.);
#4264=ORIENTED_EDGE('',*,*,#5316,.T.);
#4265=ORIENTED_EDGE('',*,*,#5582,.F.);
#4266=ORIENTED_EDGE('',*,*,#5675,.T.);
#4267=ORIENTED_EDGE('',*,*,#5584,.F.);
#4268=ORIENTED_EDGE('',*,*,#5320,.T.);
#4269=ORIENTED_EDGE('',*,*,#5579,.T.);
#4270=ORIENTED_EDGE('',*,*,#5646,.T.);
#4271=ORIENTED_EDGE('',*,*,#6062,.T.);
#4272=ORIENTED_EDGE('',*,*,#5436,.T.);
#4273=ORIENTED_EDGE('',*,*,#6063,.F.);
#4274=ORIENTED_EDGE('',*,*,#5337,.F.);
#4275=ORIENTED_EDGE('',*,*,#5653,.F.);
#4276=ORIENTED_EDGE('',*,*,#6063,.T.);
#4277=ORIENTED_EDGE('',*,*,#5435,.F.);
#4278=ORIENTED_EDGE('',*,*,#6064,.F.);
#4279=ORIENTED_EDGE('',*,*,#5331,.F.);
#4280=ORIENTED_EDGE('',*,*,#5644,.T.);
#4281=ORIENTED_EDGE('',*,*,#5958,.T.);
#4282=ORIENTED_EDGE('',*,*,#5847,.T.);
#4283=ORIENTED_EDGE('',*,*,#5962,.F.);
#4284=ORIENTED_EDGE('',*,*,#5676,.T.);
#4285=ORIENTED_EDGE('',*,*,#5959,.F.);
#4286=ORIENTED_EDGE('',*,*,#5851,.T.);
#4287=ORIENTED_EDGE('',*,*,#5957,.F.);
#4288=ORIENTED_EDGE('',*,*,#5680,.T.);
#4289=ORIENTED_EDGE('',*,*,#5963,.T.);
#4290=ORIENTED_EDGE('',*,*,#5326,.T.);
#4291=ORIENTED_EDGE('',*,*,#5966,.F.);
#4292=ORIENTED_EDGE('',*,*,#5684,.T.);
#4293=ORIENTED_EDGE('',*,*,#5967,.F.);
#4294=ORIENTED_EDGE('',*,*,#5332,.T.);
#4295=ORIENTED_EDGE('',*,*,#6064,.T.);
#4296=ORIENTED_EDGE('',*,*,#5434,.T.);
#4297=ORIENTED_EDGE('',*,*,#6061,.F.);
#4298=ORIENTED_EDGE('',*,*,#6065,.T.);
#4299=ORIENTED_EDGE('',*,*,#5396,.F.);
#4300=ORIENTED_EDGE('',*,*,#6066,.F.);
#4301=ORIENTED_EDGE('',*,*,#5602,.F.);
#4302=ORIENTED_EDGE('',*,*,#5395,.T.);
#4303=ORIENTED_EDGE('',*,*,#6067,.F.);
#4304=ORIENTED_EDGE('',*,*,#5599,.T.);
#4305=ORIENTED_EDGE('',*,*,#5509,.F.);
#4306=ORIENTED_EDGE('',*,*,#5543,.T.);
#4307=ORIENTED_EDGE('',*,*,#5918,.F.);
#4308=ORIENTED_EDGE('',*,*,#5603,.T.);
#4309=ORIENTED_EDGE('',*,*,#6066,.T.);
#4310=ORIENTED_EDGE('',*,*,#6067,.T.);
#4311=ORIENTED_EDGE('',*,*,#5394,.F.);
#4312=ORIENTED_EDGE('',*,*,#6068,.F.);
#4313=ORIENTED_EDGE('',*,*,#5600,.F.);
#4314=ORIENTED_EDGE('',*,*,#6068,.T.);
#4315=ORIENTED_EDGE('',*,*,#5397,.F.);
#4316=ORIENTED_EDGE('',*,*,#6065,.F.);
#4317=ORIENTED_EDGE('',*,*,#5601,.F.);
#4318=ORIENTED_EDGE('',*,*,#6069,.T.);
#4319=ORIENTED_EDGE('',*,*,#5437,.F.);
#4320=ORIENTED_EDGE('',*,*,#6070,.F.);
#4321=ORIENTED_EDGE('',*,*,#5648,.F.);
#4322=ORIENTED_EDGE('',*,*,#5649,.T.);
#4323=ORIENTED_EDGE('',*,*,#6070,.T.);
#4324=ORIENTED_EDGE('',*,*,#5440,.T.);
#4325=ORIENTED_EDGE('',*,*,#6071,.F.);
#4326=ORIENTED_EDGE('',*,*,#6071,.T.);
#4327=ORIENTED_EDGE('',*,*,#5439,.F.);
#4328=ORIENTED_EDGE('',*,*,#6072,.F.);
#4329=ORIENTED_EDGE('',*,*,#5650,.F.);
#4330=ORIENTED_EDGE('',*,*,#6072,.T.);
#4331=ORIENTED_EDGE('',*,*,#5438,.F.);
#4332=ORIENTED_EDGE('',*,*,#6069,.F.);
#4333=ORIENTED_EDGE('',*,*,#5647,.F.);
#4334=ORIENTED_EDGE('',*,*,#5577,.F.);
#4335=ORIENTED_EDGE('',*,*,#5318,.F.);
#4336=ORIENTED_EDGE('',*,*,#5583,.T.);
#4337=ORIENTED_EDGE('',*,*,#5674,.F.);
#4338=ORIENTED_EDGE('',*,*,#5580,.T.);
#4339=ORIENTED_EDGE('',*,*,#5314,.F.);
#4340=ORIENTED_EDGE('',*,*,#5574,.T.);
#4341=ORIENTED_EDGE('',*,*,#5672,.F.);
#4342=ORIENTED_EDGE('',*,*,#5586,.F.);
#4343=ORIENTED_EDGE('',*,*,#5322,.F.);
#4344=ORIENTED_EDGE('',*,*,#5593,.F.);
#4345=ORIENTED_EDGE('',*,*,#5651,.F.);
#4346=ORIENTED_EDGE('',*,*,#6073,.T.);
#4347=ORIENTED_EDGE('',*,*,#5419,.F.);
#4348=ORIENTED_EDGE('',*,*,#6074,.F.);
#4349=ORIENTED_EDGE('',*,*,#5609,.F.);
#4350=ORIENTED_EDGE('',*,*,#5517,.F.);
#4351=ORIENTED_EDGE('',*,*,#5539,.F.);
#4352=ORIENTED_EDGE('',*,*,#5610,.T.);
#4353=ORIENTED_EDGE('',*,*,#6074,.T.);
#4354=ORIENTED_EDGE('',*,*,#5422,.T.);
#4355=ORIENTED_EDGE('',*,*,#6075,.F.);
#4356=ORIENTED_EDGE('',*,*,#5537,.T.);
#4357=ORIENTED_EDGE('',*,*,#5514,.T.);
#4358=ORIENTED_EDGE('',*,*,#5611,.T.);
#4359=ORIENTED_EDGE('',*,*,#6075,.T.);
#4360=ORIENTED_EDGE('',*,*,#5421,.T.);
#4361=ORIENTED_EDGE('',*,*,#6076,.F.);
#4362=ORIENTED_EDGE('',*,*,#5538,.T.);
#4363=ORIENTED_EDGE('',*,*,#6076,.T.);
#4364=ORIENTED_EDGE('',*,*,#5420,.T.);
#4365=ORIENTED_EDGE('',*,*,#6073,.F.);
#4366=ORIENTED_EDGE('',*,*,#6077,.F.);
#4367=ORIENTED_EDGE('',*,*,#6078,.T.);
#4368=ORIENTED_EDGE('',*,*,#5906,.F.);
#4369=ORIENTED_EDGE('',*,*,#5545,.F.);
#4370=ORIENTED_EDGE('',*,*,#5380,.T.);
#4371=ORIENTED_EDGE('',*,*,#5631,.F.);
#4372=ORIENTED_EDGE('',*,*,#6079,.T.);
#4373=ORIENTED_EDGE('',*,*,#5390,.F.);
#4374=ORIENTED_EDGE('',*,*,#5522,.T.);
#4375=ORIENTED_EDGE('',*,*,#6080,.T.);
#4376=ORIENTED_EDGE('',*,*,#5392,.T.);
#4377=ORIENTED_EDGE('',*,*,#6081,.F.);
#4378=ORIENTED_EDGE('',*,*,#5629,.T.);
#4379=ORIENTED_EDGE('',*,*,#5382,.F.);
#4380=ORIENTED_EDGE('',*,*,#6081,.T.);
#4381=ORIENTED_EDGE('',*,*,#5391,.F.);
#4382=ORIENTED_EDGE('',*,*,#6079,.F.);
#4383=ORIENTED_EDGE('',*,*,#5630,.F.);
#4384=ORIENTED_EDGE('',*,*,#6082,.F.);
#4385=ORIENTED_EDGE('',*,*,#5393,.F.);
#4386=ORIENTED_EDGE('',*,*,#6080,.F.);
#4387=ORIENTED_EDGE('',*,*,#5521,.F.);
#4388=ORIENTED_EDGE('',*,*,#5908,.T.);
#4389=ORIENTED_EDGE('',*,*,#6083,.T.);
#4390=ORIENTED_EDGE('',*,*,#6084,.T.);
#4391=ORIENTED_EDGE('',*,*,#5442,.F.);
#4392=ORIENTED_EDGE('',*,*,#6085,.F.);
#4393=ORIENTED_EDGE('',*,*,#5620,.F.);
#4394=ORIENTED_EDGE('',*,*,#6086,.T.);
#4395=ORIENTED_EDGE('',*,*,#5443,.F.);
#4396=ORIENTED_EDGE('',*,*,#6084,.F.);
#4397=ORIENTED_EDGE('',*,*,#5619,.F.);
#4398=ORIENTED_EDGE('',*,*,#5550,.T.);
#4399=ORIENTED_EDGE('',*,*,#5528,.F.);
#4400=ORIENTED_EDGE('',*,*,#5547,.T.);
#4401=ORIENTED_EDGE('',*,*,#5621,.F.);
#4402=ORIENTED_EDGE('',*,*,#6085,.T.);
#4403=ORIENTED_EDGE('',*,*,#5441,.F.);
#4404=ORIENTED_EDGE('',*,*,#6086,.F.);
#4405=ORIENTED_EDGE('',*,*,#5527,.F.);
#4406=ORIENTED_EDGE('',*,*,#6087,.T.);
#4407=ORIENTED_EDGE('',*,*,#5415,.F.);
#4408=ORIENTED_EDGE('',*,*,#6088,.F.);
#4409=ORIENTED_EDGE('',*,*,#5612,.F.);
#4410=ORIENTED_EDGE('',*,*,#5512,.F.);
#4411=ORIENTED_EDGE('',*,*,#5536,.F.);
#4412=ORIENTED_EDGE('',*,*,#5613,.T.);
#4413=ORIENTED_EDGE('',*,*,#6088,.T.);
#4414=ORIENTED_EDGE('',*,*,#5418,.T.);
#4415=ORIENTED_EDGE('',*,*,#6089,.F.);
#4416=ORIENTED_EDGE('',*,*,#5534,.T.);
#4417=ORIENTED_EDGE('',*,*,#5919,.T.);
#4418=ORIENTED_EDGE('',*,*,#5614,.T.);
#4419=ORIENTED_EDGE('',*,*,#6089,.T.);
#4420=ORIENTED_EDGE('',*,*,#5417,.T.);
#4421=ORIENTED_EDGE('',*,*,#6090,.F.);
#4422=ORIENTED_EDGE('',*,*,#5535,.T.);
#4423=ORIENTED_EDGE('',*,*,#6090,.T.);
#4424=ORIENTED_EDGE('',*,*,#5416,.T.);
#4425=ORIENTED_EDGE('',*,*,#6087,.F.);
#4426=ORIENTED_EDGE('',*,*,#6091,.T.);
#4427=ORIENTED_EDGE('',*,*,#5444,.F.);
#4428=ORIENTED_EDGE('',*,*,#6092,.F.);
#4429=ORIENTED_EDGE('',*,*,#5633,.F.);
#4430=ORIENTED_EDGE('',*,*,#5634,.T.);
#4431=ORIENTED_EDGE('',*,*,#6092,.T.);
#4432=ORIENTED_EDGE('',*,*,#5447,.T.);
#4433=ORIENTED_EDGE('',*,*,#6093,.F.);
#4434=ORIENTED_EDGE('',*,*,#5635,.T.);
#4435=ORIENTED_EDGE('',*,*,#6093,.T.);
#4436=ORIENTED_EDGE('',*,*,#5446,.T.);
#4437=ORIENTED_EDGE('',*,*,#6094,.F.);
#4438=ORIENTED_EDGE('',*,*,#5632,.T.);
#4439=ORIENTED_EDGE('',*,*,#6094,.T.);
#4440=ORIENTED_EDGE('',*,*,#5445,.T.);
#4441=ORIENTED_EDGE('',*,*,#6091,.F.);
#4442=ORIENTED_EDGE('',*,*,#5636,.T.);
#4443=ORIENTED_EDGE('',*,*,#6095,.T.);
#4444=ORIENTED_EDGE('',*,*,#5412,.T.);
#4445=ORIENTED_EDGE('',*,*,#6096,.F.);
#4446=ORIENTED_EDGE('',*,*,#6096,.T.);
#4447=ORIENTED_EDGE('',*,*,#5411,.F.);
#4448=ORIENTED_EDGE('',*,*,#6097,.F.);
#4449=ORIENTED_EDGE('',*,*,#5669,.F.);
#4450=ORIENTED_EDGE('',*,*,#5568,.T.);
#4451=ORIENTED_EDGE('',*,*,#5310,.F.);
#4452=ORIENTED_EDGE('',*,*,#5572,.F.);
#4453=ORIENTED_EDGE('',*,*,#5594,.F.);
#4454=ORIENTED_EDGE('',*,*,#5562,.F.);
#4455=ORIENTED_EDGE('',*,*,#5306,.F.);
#4456=ORIENTED_EDGE('',*,*,#5565,.T.);
#4457=ORIENTED_EDGE('',*,*,#5637,.F.);
#4458=ORIENTED_EDGE('',*,*,#5670,.T.);
#4459=ORIENTED_EDGE('',*,*,#6097,.T.);
#4460=ORIENTED_EDGE('',*,*,#5414,.T.);
#4461=ORIENTED_EDGE('',*,*,#6098,.F.);
#4462=ORIENTED_EDGE('',*,*,#5671,.T.);
#4463=ORIENTED_EDGE('',*,*,#6098,.T.);
#4464=ORIENTED_EDGE('',*,*,#5413,.T.);
#4465=ORIENTED_EDGE('',*,*,#6095,.F.);
#4466=ORIENTED_EDGE('',*,*,#5541,.T.);
#4467=ORIENTED_EDGE('',*,*,#6099,.T.);
#4468=ORIENTED_EDGE('',*,*,#5408,.T.);
#4469=ORIENTED_EDGE('',*,*,#6100,.F.);
#4470=ORIENTED_EDGE('',*,*,#5605,.T.);
#4471=ORIENTED_EDGE('',*,*,#5917,.F.);
#4472=ORIENTED_EDGE('',*,*,#6100,.T.);
#4473=ORIENTED_EDGE('',*,*,#5407,.F.);
#4474=ORIENTED_EDGE('',*,*,#6101,.F.);
#4475=ORIENTED_EDGE('',*,*,#5606,.F.);
#4476=ORIENTED_EDGE('',*,*,#5607,.T.);
#4477=ORIENTED_EDGE('',*,*,#6101,.T.);
#4478=ORIENTED_EDGE('',*,*,#5410,.T.);
#4479=ORIENTED_EDGE('',*,*,#6102,.F.);
#4480=ORIENTED_EDGE('',*,*,#5540,.T.);
#4481=ORIENTED_EDGE('',*,*,#5515,.T.);
#4482=ORIENTED_EDGE('',*,*,#5608,.T.);
#4483=ORIENTED_EDGE('',*,*,#6102,.T.);
#4484=ORIENTED_EDGE('',*,*,#5409,.T.);
#4485=ORIENTED_EDGE('',*,*,#6099,.F.);
#4486=ORIENTED_EDGE('',*,*,#6103,.F.);
#4487=ORIENTED_EDGE('',*,*,#6104,.T.);
#4488=ORIENTED_EDGE('',*,*,#5385,.T.);
#4489=ORIENTED_EDGE('',*,*,#6105,.F.);
#4490=ORIENTED_EDGE('',*,*,#5596,.T.);
#4491=ORIENTED_EDGE('',*,*,#5378,.F.);
#4492=ORIENTED_EDGE('',*,*,#5544,.T.);
#4493=ORIENTED_EDGE('',*,*,#5905,.T.);
#4494=ORIENTED_EDGE('',*,*,#6105,.T.);
#4495=ORIENTED_EDGE('',*,*,#5388,.F.);
#4496=ORIENTED_EDGE('',*,*,#6106,.F.);
#4497=ORIENTED_EDGE('',*,*,#5597,.F.);
#4498=ORIENTED_EDGE('',*,*,#6107,.F.);
#4499=ORIENTED_EDGE('',*,*,#6108,.T.);
#4500=ORIENTED_EDGE('',*,*,#5909,.F.);
#4501=ORIENTED_EDGE('',*,*,#5519,.F.);
#4502=ORIENTED_EDGE('',*,*,#5507,.T.);
#4503=ORIENTED_EDGE('',*,*,#5598,.F.);
#4504=ORIENTED_EDGE('',*,*,#6106,.T.);
#4505=ORIENTED_EDGE('',*,*,#5387,.F.);
#4506=ORIENTED_EDGE('',*,*,#6109,.T.);
#4507=ORIENTED_EDGE('',*,*,#5480,.F.);
#4508=ORIENTED_EDGE('',*,*,#6110,.F.);
#4509=ORIENTED_EDGE('',*,*,#5291,.F.);
#4510=ORIENTED_EDGE('',*,*,#6110,.T.);
#4511=ORIENTED_EDGE('',*,*,#5479,.F.);
#4512=ORIENTED_EDGE('',*,*,#6111,.F.);
#4513=ORIENTED_EDGE('',*,*,#5292,.F.);
#4514=ORIENTED_EDGE('',*,*,#6111,.T.);
#4515=ORIENTED_EDGE('',*,*,#5481,.F.);
#4516=ORIENTED_EDGE('',*,*,#6109,.F.);
#4517=ORIENTED_EDGE('',*,*,#5290,.F.);
#4518=ORIENTED_EDGE('',*,*,#6046,.F.);
#4519=ORIENTED_EDGE('',*,*,#5911,.T.);
#4520=ORIENTED_EDGE('',*,*,#6049,.T.);
#4521=ORIENTED_EDGE('',*,*,#6112,.F.);
#4522=ORIENTED_EDGE('',*,*,#5248,.F.);
#4523=ORIENTED_EDGE('',*,*,#6044,.T.);
#4524=ORIENTED_EDGE('',*,*,#6112,.T.);
#4525=ORIENTED_EDGE('',*,*,#6048,.F.);
#4526=ORIENTED_EDGE('',*,*,#5239,.F.);
#4527=ORIENTED_EDGE('',*,*,#6024,.T.);
#4528=ORIENTED_EDGE('',*,*,#6113,.T.);
#4529=ORIENTED_EDGE('',*,*,#6026,.T.);
#4530=ORIENTED_EDGE('',*,*,#6025,.F.);
#4531=ORIENTED_EDGE('',*,*,#5914,.T.);
#4532=ORIENTED_EDGE('',*,*,#6027,.F.);
#4533=ORIENTED_EDGE('',*,*,#6113,.F.);
#4534=ORIENTED_EDGE('',*,*,#6114,.F.);
#4535=ORIENTED_EDGE('',*,*,#6103,.T.);
#4536=ORIENTED_EDGE('',*,*,#5904,.F.);
#4537=ORIENTED_EDGE('',*,*,#6108,.F.);
#4538=ORIENTED_EDGE('',*,*,#6104,.F.);
#4539=ORIENTED_EDGE('',*,*,#6114,.T.);
#4540=ORIENTED_EDGE('',*,*,#6107,.T.);
#4541=ORIENTED_EDGE('',*,*,#5386,.F.);
#4542=ORIENTED_EDGE('',*,*,#6115,.T.);
#4543=ORIENTED_EDGE('',*,*,#6077,.T.);
#4544=ORIENTED_EDGE('',*,*,#5389,.F.);
#4545=ORIENTED_EDGE('',*,*,#6082,.T.);
#4546=ORIENTED_EDGE('',*,*,#6078,.F.);
#4547=ORIENTED_EDGE('',*,*,#6115,.F.);
#4548=ORIENTED_EDGE('',*,*,#6083,.F.);
#4549=ORIENTED_EDGE('',*,*,#5907,.F.);
#4550=ORIENTED_EDGE('',*,*,#5210,.T.);
#4551=ORIENTED_EDGE('',*,*,#6116,.F.);
#4552=ORIENTED_EDGE('',*,*,#5205,.T.);
#4553=ORIENTED_EDGE('',*,*,#6117,.F.);
#4554=ORIENTED_EDGE('',*,*,#5175,.T.);
#4555=ORIENTED_EDGE('',*,*,#6118,.F.);
#4556=ORIENTED_EDGE('',*,*,#5171,.T.);
#4557=ORIENTED_EDGE('',*,*,#6119,.F.);
#4558=ORIENTED_EDGE('',*,*,#5229,.T.);
#4559=ORIENTED_EDGE('',*,*,#6120,.T.);
#4560=ORIENTED_EDGE('',*,*,#5032,.T.);
#4561=ORIENTED_EDGE('',*,*,#6121,.T.);
#4562=ORIENTED_EDGE('',*,*,#6122,.F.);
#4563=ORIENTED_EDGE('',*,*,#5227,.F.);
#4564=ORIENTED_EDGE('',*,*,#6121,.F.);
#4565=ORIENTED_EDGE('',*,*,#5031,.F.);
#4566=ORIENTED_EDGE('',*,*,#6123,.T.);
#4567=ORIENTED_EDGE('',*,*,#5202,.F.);
#4568=ORIENTED_EDGE('',*,*,#6124,.F.);
#4569=ORIENTED_EDGE('',*,*,#5061,.F.);
#4570=ORIENTED_EDGE('',*,*,#6125,.F.);
#4571=ORIENTED_EDGE('',*,*,#5203,.F.);
#4572=ORIENTED_EDGE('',*,*,#6123,.F.);
#4573=ORIENTED_EDGE('',*,*,#5060,.F.);
#4574=ORIENTED_EDGE('',*,*,#5049,.T.);
#4575=ORIENTED_EDGE('',*,*,#6126,.T.);
#4576=ORIENTED_EDGE('',*,*,#5209,.T.);
#4577=ORIENTED_EDGE('',*,*,#5070,.F.);
#4578=ORIENTED_EDGE('',*,*,#5048,.T.);
#4579=ORIENTED_EDGE('',*,*,#6127,.T.);
#4580=ORIENTED_EDGE('',*,*,#5206,.T.);
#4581=ORIENTED_EDGE('',*,*,#6126,.F.);
#4582=ORIENTED_EDGE('',*,*,#5201,.T.);
#4583=ORIENTED_EDGE('',*,*,#6128,.T.);
#4584=ORIENTED_EDGE('',*,*,#5062,.T.);
#4585=ORIENTED_EDGE('',*,*,#6124,.T.);
#4586=ORIENTED_EDGE('',*,*,#6129,.F.);
#4587=ORIENTED_EDGE('',*,*,#5054,.F.);
#4588=ORIENTED_EDGE('',*,*,#6130,.T.);
#4589=ORIENTED_EDGE('',*,*,#5215,.F.);
#4590=ORIENTED_EDGE('',*,*,#5053,.T.);
#4591=ORIENTED_EDGE('',*,*,#5073,.T.);
#4592=ORIENTED_EDGE('',*,*,#5216,.T.);
#4593=ORIENTED_EDGE('',*,*,#6130,.F.);
#4594=ORIENTED_EDGE('',*,*,#5218,.T.);
#4595=ORIENTED_EDGE('',*,*,#6131,.T.);
#4596=ORIENTED_EDGE('',*,*,#5058,.T.);
#4597=ORIENTED_EDGE('',*,*,#6132,.T.);
#4598=ORIENTED_EDGE('',*,*,#5021,.T.);
#4599=ORIENTED_EDGE('',*,*,#5219,.F.);
#4600=ORIENTED_EDGE('',*,*,#6132,.F.);
#4601=ORIENTED_EDGE('',*,*,#5057,.F.);
#4602=ORIENTED_EDGE('',*,*,#5042,.T.);
#4603=ORIENTED_EDGE('',*,*,#5076,.T.);
#4604=ORIENTED_EDGE('',*,*,#5222,.T.);
#4605=ORIENTED_EDGE('',*,*,#5079,.F.);
#4606=ORIENTED_EDGE('',*,*,#5224,.T.);
#4607=ORIENTED_EDGE('',*,*,#6133,.T.);
#4608=ORIENTED_EDGE('',*,*,#5029,.T.);
#4609=ORIENTED_EDGE('',*,*,#6134,.T.);
#4610=ORIENTED_EDGE('',*,*,#6135,.T.);
#4611=ORIENTED_EDGE('',*,*,#5225,.F.);
#4612=ORIENTED_EDGE('',*,*,#6134,.F.);
#4613=ORIENTED_EDGE('',*,*,#5028,.F.);
#4614=ORIENTED_EDGE('',*,*,#6136,.F.);
#4615=ORIENTED_EDGE('',*,*,#5226,.F.);
#4616=ORIENTED_EDGE('',*,*,#6135,.F.);
#4617=ORIENTED_EDGE('',*,*,#5027,.F.);
#4618=ORIENTED_EDGE('',*,*,#5046,.T.);
#4619=ORIENTED_EDGE('',*,*,#5082,.T.);
#4620=ORIENTED_EDGE('',*,*,#5212,.T.);
#4621=ORIENTED_EDGE('',*,*,#4953,.F.);
#4622=ORIENTED_EDGE('',*,*,#5236,.T.);
#4623=ORIENTED_EDGE('',*,*,#6137,.T.);
#4624=ORIENTED_EDGE('',*,*,#5025,.T.);
#4625=ORIENTED_EDGE('',*,*,#6138,.T.);
#4626=ORIENTED_EDGE('',*,*,#6139,.T.);
#4627=ORIENTED_EDGE('',*,*,#5237,.F.);
#4628=ORIENTED_EDGE('',*,*,#6138,.F.);
#4629=ORIENTED_EDGE('',*,*,#5024,.F.);
#4630=ORIENTED_EDGE('',*,*,#6140,.F.);
#4631=ORIENTED_EDGE('',*,*,#5233,.F.);
#4632=ORIENTED_EDGE('',*,*,#6139,.F.);
#4633=ORIENTED_EDGE('',*,*,#5023,.F.);
#4634=ORIENTED_EDGE('',*,*,#5195,.T.);
#4635=ORIENTED_EDGE('',*,*,#6141,.T.);
#4636=ORIENTED_EDGE('',*,*,#5103,.T.);
#4637=ORIENTED_EDGE('',*,*,#6142,.F.);
#4638=ORIENTED_EDGE('',*,*,#6143,.F.);
#4639=ORIENTED_EDGE('',*,*,#5193,.F.);
#4640=ORIENTED_EDGE('',*,*,#6142,.T.);
#4641=ORIENTED_EDGE('',*,*,#5102,.F.);
#4642=ORIENTED_EDGE('',*,*,#5132,.T.);
#4643=ORIENTED_EDGE('',*,*,#6144,.F.);
#4644=ORIENTED_EDGE('',*,*,#5163,.T.);
#4645=ORIENTED_EDGE('',*,*,#6145,.T.);
#4646=ORIENTED_EDGE('',*,*,#5162,.T.);
#4647=ORIENTED_EDGE('',*,*,#6146,.T.);
#4648=ORIENTED_EDGE('',*,*,#5133,.T.);
#4649=ORIENTED_EDGE('',*,*,#6145,.F.);
#4650=ORIENTED_EDGE('',*,*,#5119,.T.);
#4651=ORIENTED_EDGE('',*,*,#6147,.T.);
#4652=ORIENTED_EDGE('',*,*,#5179,.T.);
#4653=ORIENTED_EDGE('',*,*,#6148,.T.);
#4654=ORIENTED_EDGE('',*,*,#6148,.F.);
#4655=ORIENTED_EDGE('',*,*,#5178,.F.);
#4656=ORIENTED_EDGE('',*,*,#5141,.T.);
#4657=ORIENTED_EDGE('',*,*,#5120,.F.);
#4658=ORIENTED_EDGE('',*,*,#6149,.F.);
#4659=ORIENTED_EDGE('',*,*,#5164,.F.);
#4660=ORIENTED_EDGE('',*,*,#6144,.T.);
#4661=ORIENTED_EDGE('',*,*,#5131,.F.);
#4662=ORIENTED_EDGE('',*,*,#4929,.T.);
#4663=ORIENTED_EDGE('',*,*,#6150,.T.);
#4664=ORIENTED_EDGE('',*,*,#5160,.T.);
#4665=ORIENTED_EDGE('',*,*,#6151,.T.);
#4666=ORIENTED_EDGE('',*,*,#6152,.F.);
#4667=ORIENTED_EDGE('',*,*,#5125,.F.);
#4668=ORIENTED_EDGE('',*,*,#6153,.F.);
#4669=ORIENTED_EDGE('',*,*,#5181,.F.);
#4670=ORIENTED_EDGE('',*,*,#5147,.F.);
#4671=ORIENTED_EDGE('',*,*,#5182,.F.);
#4672=ORIENTED_EDGE('',*,*,#6153,.T.);
#4673=ORIENTED_EDGE('',*,*,#5124,.F.);
#4674=ORIENTED_EDGE('',*,*,#5185,.T.);
#4675=ORIENTED_EDGE('',*,*,#6154,.T.);
#4676=ORIENTED_EDGE('',*,*,#5129,.T.);
#4677=ORIENTED_EDGE('',*,*,#6155,.F.);
#4678=ORIENTED_EDGE('',*,*,#5128,.T.);
#4679=ORIENTED_EDGE('',*,*,#5092,.F.);
#4680=ORIENTED_EDGE('',*,*,#5186,.T.);
#4681=ORIENTED_EDGE('',*,*,#6155,.T.);
#4682=ORIENTED_EDGE('',*,*,#6156,.F.);
#4683=ORIENTED_EDGE('',*,*,#5189,.F.);
#4684=ORIENTED_EDGE('',*,*,#6157,.T.);
#4685=ORIENTED_EDGE('',*,*,#5098,.F.);
#4686=ORIENTED_EDGE('',*,*,#5153,.F.);
#4687=ORIENTED_EDGE('',*,*,#5188,.F.);
#4688=ORIENTED_EDGE('',*,*,#5150,.T.);
#4689=ORIENTED_EDGE('',*,*,#5113,.F.);
#4690=ORIENTED_EDGE('',*,*,#5191,.T.);
#4691=ORIENTED_EDGE('',*,*,#6158,.T.);
#4692=ORIENTED_EDGE('',*,*,#5100,.T.);
#4693=ORIENTED_EDGE('',*,*,#6159,.F.);
#4694=ORIENTED_EDGE('',*,*,#5099,.T.);
#4695=ORIENTED_EDGE('',*,*,#6157,.F.);
#4696=ORIENTED_EDGE('',*,*,#5192,.T.);
#4697=ORIENTED_EDGE('',*,*,#6159,.T.);
#4698=ORIENTED_EDGE('',*,*,#6160,.F.);
#4699=ORIENTED_EDGE('',*,*,#5166,.F.);
#4700=ORIENTED_EDGE('',*,*,#6161,.T.);
#4701=ORIENTED_EDGE('',*,*,#5094,.F.);
#4702=ORIENTED_EDGE('',*,*,#5159,.F.);
#4703=ORIENTED_EDGE('',*,*,#5173,.F.);
#4704=ORIENTED_EDGE('',*,*,#4938,.T.);
#4705=ORIENTED_EDGE('',*,*,#5117,.F.);
#4706=ORIENTED_EDGE('',*,*,#5169,.T.);
#4707=ORIENTED_EDGE('',*,*,#6162,.T.);
#4708=ORIENTED_EDGE('',*,*,#5096,.T.);
#4709=ORIENTED_EDGE('',*,*,#6163,.F.);
#4710=ORIENTED_EDGE('',*,*,#5095,.T.);
#4711=ORIENTED_EDGE('',*,*,#6161,.F.);
#4712=ORIENTED_EDGE('',*,*,#5170,.T.);
#4713=ORIENTED_EDGE('',*,*,#6163,.T.);
#4714=ORIENTED_EDGE('',*,*,#4944,.T.);
#4715=ORIENTED_EDGE('',*,*,#6164,.T.);
#4716=ORIENTED_EDGE('',*,*,#5199,.T.);
#4717=ORIENTED_EDGE('',*,*,#6165,.T.);
#4718=ORIENTED_EDGE('',*,*,#4971,.F.);
#4719=ORIENTED_EDGE('',*,*,#6166,.F.);
#4720=ORIENTED_EDGE('',*,*,#6167,.T.);
#4721=ORIENTED_EDGE('',*,*,#6152,.T.);
#4722=ORIENTED_EDGE('',*,*,#5180,.T.);
#4723=ORIENTED_EDGE('',*,*,#5145,.T.);
#4724=ORIENTED_EDGE('',*,*,#5122,.F.);
#4725=ORIENTED_EDGE('',*,*,#5140,.F.);
#4726=ORIENTED_EDGE('',*,*,#5177,.T.);
#4727=ORIENTED_EDGE('',*,*,#5144,.T.);
#4728=ORIENTED_EDGE('',*,*,#4934,.F.);
#4729=ORIENTED_EDGE('',*,*,#5156,.F.);
#4730=ORIENTED_EDGE('',*,*,#5174,.T.);
#4731=ORIENTED_EDGE('',*,*,#5157,.T.);
#4732=ORIENTED_EDGE('',*,*,#5115,.F.);
#4733=ORIENTED_EDGE('',*,*,#5149,.F.);
#4734=ORIENTED_EDGE('',*,*,#5187,.T.);
#4735=ORIENTED_EDGE('',*,*,#5151,.T.);
#4736=ORIENTED_EDGE('',*,*,#5111,.F.);
#4737=ORIENTED_EDGE('',*,*,#5135,.F.);
#4738=ORIENTED_EDGE('',*,*,#5183,.T.);
#4739=ORIENTED_EDGE('',*,*,#5137,.T.);
#4740=ORIENTED_EDGE('',*,*,#5108,.F.);
#4741=ORIENTED_EDGE('',*,*,#6168,.T.);
#4742=ORIENTED_EDGE('',*,*,#4969,.T.);
#4743=ORIENTED_EDGE('',*,*,#5104,.T.);
#4744=ORIENTED_EDGE('',*,*,#6141,.F.);
#4745=ORIENTED_EDGE('',*,*,#5194,.F.);
#4746=ORIENTED_EDGE('',*,*,#6143,.T.);
#4747=ORIENTED_EDGE('',*,*,#5101,.T.);
#4748=ORIENTED_EDGE('',*,*,#6158,.F.);
#4749=ORIENTED_EDGE('',*,*,#5190,.F.);
#4750=ORIENTED_EDGE('',*,*,#6156,.T.);
#4751=ORIENTED_EDGE('',*,*,#5097,.T.);
#4752=ORIENTED_EDGE('',*,*,#6162,.F.);
#4753=ORIENTED_EDGE('',*,*,#5168,.F.);
#4754=ORIENTED_EDGE('',*,*,#4941,.T.);
#4755=ORIENTED_EDGE('',*,*,#4930,.T.);
#4756=ORIENTED_EDGE('',*,*,#6151,.F.);
#4757=ORIENTED_EDGE('',*,*,#5165,.F.);
#4758=ORIENTED_EDGE('',*,*,#6149,.T.);
#4759=ORIENTED_EDGE('',*,*,#5130,.T.);
#4760=ORIENTED_EDGE('',*,*,#6154,.F.);
#4761=ORIENTED_EDGE('',*,*,#5184,.F.);
#4762=ORIENTED_EDGE('',*,*,#5090,.F.);
#4763=ORIENTED_EDGE('',*,*,#6169,.F.);
#4764=ORIENTED_EDGE('',*,*,#5126,.F.);
#4765=ORIENTED_EDGE('',*,*,#6167,.F.);
#4766=ORIENTED_EDGE('',*,*,#6170,.F.);
#4767=ORIENTED_EDGE('',*,*,#6171,.T.);
#4768=ORIENTED_EDGE('',*,*,#5127,.F.);
#4769=ORIENTED_EDGE('',*,*,#6171,.F.);
#4770=ORIENTED_EDGE('',*,*,#6172,.F.);
#4771=ORIENTED_EDGE('',*,*,#6169,.T.);
#4772=ORIENTED_EDGE('',*,*,#4970,.F.);
#4773=ORIENTED_EDGE('',*,*,#6168,.F.);
#4774=ORIENTED_EDGE('',*,*,#6172,.T.);
#4775=ORIENTED_EDGE('',*,*,#6170,.T.);
#4776=ORIENTED_EDGE('',*,*,#6166,.T.);
#4777=ORIENTED_EDGE('',*,*,#4963,.F.);
#4778=ORIENTED_EDGE('',*,*,#6173,.F.);
#4779=ORIENTED_EDGE('',*,*,#6174,.T.);
#4780=ORIENTED_EDGE('',*,*,#6129,.T.);
#4781=ORIENTED_EDGE('',*,*,#5214,.T.);
#4782=ORIENTED_EDGE('',*,*,#5071,.T.);
#4783=ORIENTED_EDGE('',*,*,#5051,.F.);
#4784=ORIENTED_EDGE('',*,*,#5069,.F.);
#4785=ORIENTED_EDGE('',*,*,#5208,.T.);
#4786=ORIENTED_EDGE('',*,*,#5088,.T.);
#4787=ORIENTED_EDGE('',*,*,#4949,.F.);
#4788=ORIENTED_EDGE('',*,*,#5085,.F.);
#4789=ORIENTED_EDGE('',*,*,#5213,.T.);
#4790=ORIENTED_EDGE('',*,*,#5080,.T.);
#4791=ORIENTED_EDGE('',*,*,#5044,.F.);
#4792=ORIENTED_EDGE('',*,*,#5078,.F.);
#4793=ORIENTED_EDGE('',*,*,#5221,.T.);
#4794=ORIENTED_EDGE('',*,*,#5074,.T.);
#4795=ORIENTED_EDGE('',*,*,#5040,.F.);
#4796=ORIENTED_EDGE('',*,*,#5064,.F.);
#4797=ORIENTED_EDGE('',*,*,#5220,.T.);
#4798=ORIENTED_EDGE('',*,*,#5066,.T.);
#4799=ORIENTED_EDGE('',*,*,#5037,.F.);
#4800=ORIENTED_EDGE('',*,*,#5055,.F.);
#4801=ORIENTED_EDGE('',*,*,#6174,.F.);
#4802=ORIENTED_EDGE('',*,*,#6175,.F.);
#4803=ORIENTED_EDGE('',*,*,#6176,.T.);
#4804=ORIENTED_EDGE('',*,*,#5056,.F.);
#4805=ORIENTED_EDGE('',*,*,#6176,.F.);
#4806=ORIENTED_EDGE('',*,*,#6177,.F.);
#4807=ORIENTED_EDGE('',*,*,#6178,.T.);
#4808=ORIENTED_EDGE('',*,*,#6179,.T.);
#4809=ORIENTED_EDGE('',*,*,#4981,.T.);
#4810=ORIENTED_EDGE('',*,*,#5033,.T.);
#4811=ORIENTED_EDGE('',*,*,#6120,.F.);
#4812=ORIENTED_EDGE('',*,*,#5228,.F.);
#4813=ORIENTED_EDGE('',*,*,#6122,.T.);
#4814=ORIENTED_EDGE('',*,*,#5030,.T.);
#4815=ORIENTED_EDGE('',*,*,#6133,.F.);
#4816=ORIENTED_EDGE('',*,*,#5223,.F.);
#4817=ORIENTED_EDGE('',*,*,#6136,.T.);
#4818=ORIENTED_EDGE('',*,*,#5026,.T.);
#4819=ORIENTED_EDGE('',*,*,#6137,.F.);
#4820=ORIENTED_EDGE('',*,*,#5235,.F.);
#4821=ORIENTED_EDGE('',*,*,#4956,.T.);
#4822=ORIENTED_EDGE('',*,*,#4945,.T.);
#4823=ORIENTED_EDGE('',*,*,#6165,.F.);
#4824=ORIENTED_EDGE('',*,*,#5204,.F.);
#4825=ORIENTED_EDGE('',*,*,#6125,.T.);
#4826=ORIENTED_EDGE('',*,*,#5059,.T.);
#4827=ORIENTED_EDGE('',*,*,#6131,.F.);
#4828=ORIENTED_EDGE('',*,*,#5217,.F.);
#4829=ORIENTED_EDGE('',*,*,#5019,.F.);
#4830=ORIENTED_EDGE('',*,*,#6178,.F.);
#4831=ORIENTED_EDGE('',*,*,#4962,.F.);
#4832=ORIENTED_EDGE('',*,*,#6179,.F.);
#4833=ORIENTED_EDGE('',*,*,#6177,.T.);
#4834=ORIENTED_EDGE('',*,*,#6175,.T.);
#4835=ORIENTED_EDGE('',*,*,#6173,.T.);
#4836=ORIENTED_EDGE('',*,*,#6180,.T.);
#4837=ORIENTED_EDGE('',*,*,#5007,.F.);
#4838=ORIENTED_EDGE('',*,*,#6181,.F.);
#4839=ORIENTED_EDGE('',*,*,#4983,.F.);
#4840=ORIENTED_EDGE('',*,*,#4984,.T.);
#4841=ORIENTED_EDGE('',*,*,#6181,.T.);
#4842=ORIENTED_EDGE('',*,*,#5006,.T.);
#4843=ORIENTED_EDGE('',*,*,#6182,.F.);
#4844=ORIENTED_EDGE('',*,*,#4982,.T.);
#4845=ORIENTED_EDGE('',*,*,#6182,.T.);
#4846=ORIENTED_EDGE('',*,*,#5008,.T.);
#4847=ORIENTED_EDGE('',*,*,#6180,.F.);
#4848=ORIENTED_EDGE('',*,*,#6183,.T.);
#4849=ORIENTED_EDGE('',*,*,#5010,.F.);
#4850=ORIENTED_EDGE('',*,*,#6184,.F.);
#4851=ORIENTED_EDGE('',*,*,#4986,.F.);
#4852=ORIENTED_EDGE('',*,*,#6184,.T.);
#4853=ORIENTED_EDGE('',*,*,#5009,.F.);
#4854=ORIENTED_EDGE('',*,*,#6185,.F.);
#4855=ORIENTED_EDGE('',*,*,#4987,.F.);
#4856=ORIENTED_EDGE('',*,*,#4985,.T.);
#4857=ORIENTED_EDGE('',*,*,#6185,.T.);
#4858=ORIENTED_EDGE('',*,*,#5011,.T.);
#4859=ORIENTED_EDGE('',*,*,#6183,.F.);
#4860=ORIENTED_EDGE('',*,*,#6186,.T.);
#4861=ORIENTED_EDGE('',*,*,#5013,.F.);
#4862=ORIENTED_EDGE('',*,*,#6187,.F.);
#4863=ORIENTED_EDGE('',*,*,#4989,.F.);
#4864=ORIENTED_EDGE('',*,*,#4990,.T.);
#4865=ORIENTED_EDGE('',*,*,#6187,.T.);
#4866=ORIENTED_EDGE('',*,*,#5012,.T.);
#4867=ORIENTED_EDGE('',*,*,#6188,.F.);
#4868=ORIENTED_EDGE('',*,*,#4988,.T.);
#4869=ORIENTED_EDGE('',*,*,#6188,.T.);
#4870=ORIENTED_EDGE('',*,*,#5014,.T.);
#4871=ORIENTED_EDGE('',*,*,#6186,.F.);
#4872=ORIENTED_EDGE('',*,*,#6189,.T.);
#4873=ORIENTED_EDGE('',*,*,#5016,.F.);
#4874=ORIENTED_EDGE('',*,*,#6190,.F.);
#4875=ORIENTED_EDGE('',*,*,#4992,.F.);
#4876=ORIENTED_EDGE('',*,*,#4993,.T.);
#4877=ORIENTED_EDGE('',*,*,#6190,.T.);
#4878=ORIENTED_EDGE('',*,*,#5015,.T.);
#4879=ORIENTED_EDGE('',*,*,#6191,.F.);
#4880=ORIENTED_EDGE('',*,*,#6191,.T.);
#4881=ORIENTED_EDGE('',*,*,#5017,.F.);
#4882=ORIENTED_EDGE('',*,*,#6189,.F.);
#4883=ORIENTED_EDGE('',*,*,#4991,.F.);
#4884=ORIENTED_EDGE('',*,*,#6192,.T.);
#4885=ORIENTED_EDGE('',*,*,#6128,.F.);
#4886=ORIENTED_EDGE('',*,*,#5200,.F.);
#4887=ORIENTED_EDGE('',*,*,#6164,.F.);
#4888=ORIENTED_EDGE('',*,*,#4943,.T.);
#4889=ORIENTED_EDGE('',*,*,#4955,.T.);
#4890=ORIENTED_EDGE('',*,*,#5234,.F.);
#4891=ORIENTED_EDGE('',*,*,#6140,.T.);
#4892=ORIENTED_EDGE('',*,*,#5022,.T.);
#4893=ORIENTED_EDGE('',*,*,#6192,.F.);
#4894=ORIENTED_EDGE('',*,*,#6117,.T.);
#4895=ORIENTED_EDGE('',*,*,#6193,.T.);
#4896=ORIENTED_EDGE('',*,*,#5211,.F.);
#4897=ORIENTED_EDGE('',*,*,#5083,.T.);
#4898=ORIENTED_EDGE('',*,*,#4947,.T.);
#4899=ORIENTED_EDGE('',*,*,#5087,.F.);
#4900=ORIENTED_EDGE('',*,*,#5207,.F.);
#4901=ORIENTED_EDGE('',*,*,#6127,.F.);
#4902=ORIENTED_EDGE('',*,*,#5047,.T.);
#4903=ORIENTED_EDGE('',*,*,#4951,.T.);
#4904=ORIENTED_EDGE('',*,*,#6193,.F.);
#4905=ORIENTED_EDGE('',*,*,#6116,.T.);
#4906=ORIENTED_EDGE('',*,*,#6194,.T.);
#4907=ORIENTED_EDGE('',*,*,#6150,.F.);
#4908=ORIENTED_EDGE('',*,*,#4928,.T.);
#4909=ORIENTED_EDGE('',*,*,#4940,.T.);
#4910=ORIENTED_EDGE('',*,*,#5167,.F.);
#4911=ORIENTED_EDGE('',*,*,#6160,.T.);
#4912=ORIENTED_EDGE('',*,*,#5093,.T.);
#4913=ORIENTED_EDGE('',*,*,#6146,.F.);
#4914=ORIENTED_EDGE('',*,*,#5161,.F.);
#4915=ORIENTED_EDGE('',*,*,#6118,.T.);
#4916=ORIENTED_EDGE('',*,*,#6194,.F.);
#4917=ORIENTED_EDGE('',*,*,#6195,.T.);
#4918=ORIENTED_EDGE('',*,*,#5143,.F.);
#4919=ORIENTED_EDGE('',*,*,#5176,.F.);
#4920=ORIENTED_EDGE('',*,*,#6147,.F.);
#4921=ORIENTED_EDGE('',*,*,#5118,.T.);
#4922=ORIENTED_EDGE('',*,*,#4936,.T.);
#4923=ORIENTED_EDGE('',*,*,#5172,.F.);
#4924=ORIENTED_EDGE('',*,*,#5154,.T.);
#4925=ORIENTED_EDGE('',*,*,#4932,.T.);
#4926=ORIENTED_EDGE('',*,*,#6195,.F.);
#4927=ORIENTED_EDGE('',*,*,#6119,.T.);
#4928=EDGE_CURVE('',#6196,#6197,#7054,.T.);
#4929=EDGE_CURVE('',#6198,#6196,#52,.T.);
#4930=EDGE_CURVE('',#6199,#6198,#53,.T.);
#4931=EDGE_CURVE('',#6199,#6197,#54,.T.);
#4932=EDGE_CURVE('',#6200,#6201,#7055,.T.);
#4933=EDGE_CURVE('',#6200,#6202,#55,.T.);
#4934=EDGE_CURVE('',#6202,#6203,#56,.T.);
#4935=EDGE_CURVE('',#6201,#6203,#57,.T.);
#4936=EDGE_CURVE('',#6204,#6205,#58,.T.);
#4937=EDGE_CURVE('',#6206,#6204,#59,.T.);
#4938=EDGE_CURVE('',#6207,#6206,#60,.T.);
#4939=EDGE_CURVE('',#6205,#6207,#61,.T.);
#4940=EDGE_CURVE('',#6197,#6208,#62,.T.);
#4941=EDGE_CURVE('',#6209,#6199,#63,.T.);
#4942=EDGE_CURVE('',#6208,#6209,#64,.T.);
#4943=EDGE_CURVE('',#6210,#6211,#7056,.T.);
#4944=EDGE_CURVE('',#6212,#6210,#65,.T.);
#4945=EDGE_CURVE('',#6213,#6212,#66,.T.);
#4946=EDGE_CURVE('',#6213,#6211,#67,.T.);
#4947=EDGE_CURVE('',#6214,#6215,#7057,.T.);
#4948=EDGE_CURVE('',#6214,#6216,#68,.T.);
#4949=EDGE_CURVE('',#6216,#6217,#69,.T.);
#4950=EDGE_CURVE('',#6215,#6217,#70,.T.);
#4951=EDGE_CURVE('',#6218,#6219,#71,.T.);
#4952=EDGE_CURVE('',#6220,#6218,#72,.T.);
#4953=EDGE_CURVE('',#6220,#6221,#73,.T.);
#4954=EDGE_CURVE('',#6219,#6221,#74,.T.);
#4955=EDGE_CURVE('',#6211,#6222,#75,.T.);
#4956=EDGE_CURVE('',#6223,#6213,#76,.T.);
#4957=EDGE_CURVE('',#6222,#6223,#77,.T.);
#4958=EDGE_CURVE('',#6224,#6224,#7058,.T.);
#4959=EDGE_CURVE('',#6225,#6225,#7059,.T.);
#4960=EDGE_CURVE('',#6226,#6226,#7060,.T.);
#4961=EDGE_CURVE('',#6227,#6227,#7061,.T.);
#4962=EDGE_CURVE('',#6228,#6229,#78,.T.);
#4963=EDGE_CURVE('',#6229,#6230,#79,.T.);
#4964=EDGE_CURVE('',#6230,#6231,#80,.T.);
#4965=EDGE_CURVE('',#6231,#6232,#7062,.T.);
#4966=EDGE_CURVE('',#6232,#6233,#81,.T.);
#4967=EDGE_CURVE('',#6233,#6234,#7063,.T.);
#4968=EDGE_CURVE('',#6234,#6235,#82,.T.);
#4969=EDGE_CURVE('',#6236,#6235,#83,.T.);
#4970=EDGE_CURVE('',#6236,#6237,#84,.T.);
#4971=EDGE_CURVE('',#6237,#6238,#85,.T.);
#4972=EDGE_CURVE('',#6238,#6239,#86,.T.);
#4973=EDGE_CURVE('',#6239,#6240,#7064,.T.);
#4974=EDGE_CURVE('',#6240,#6241,#87,.T.);
#4975=EDGE_CURVE('',#6242,#6241,#88,.T.);
#4976=EDGE_CURVE('',#6242,#6243,#89,.T.);
#4977=EDGE_CURVE('',#6243,#6244,#90,.T.);
#4978=EDGE_CURVE('',#6244,#6245,#91,.T.);
#4979=EDGE_CURVE('',#6245,#6246,#7065,.T.);
#4980=EDGE_CURVE('',#6246,#6247,#92,.T.);
#4981=EDGE_CURVE('',#6228,#6247,#93,.T.);
#4982=EDGE_CURVE('',#6248,#6249,#94,.T.);
#4983=EDGE_CURVE('',#6248,#6250,#95,.T.);
#4984=EDGE_CURVE('',#6249,#6250,#96,.T.);
#4985=EDGE_CURVE('',#6251,#6252,#97,.T.);
#4986=EDGE_CURVE('',#6251,#6253,#98,.T.);
#4987=EDGE_CURVE('',#6253,#6252,#99,.T.);
#4988=EDGE_CURVE('',#6254,#6255,#100,.T.);
#4989=EDGE_CURVE('',#6254,#6256,#101,.T.);
#4990=EDGE_CURVE('',#6255,#6256,#102,.T.);
#4991=EDGE_CURVE('',#6257,#6258,#103,.T.);
#4992=EDGE_CURVE('',#6258,#6259,#104,.T.);
#4993=EDGE_CURVE('',#6257,#6259,#105,.T.);
#4994=EDGE_CURVE('',#6260,#6261,#106,.T.);
#4995=EDGE_CURVE('',#6262,#6261,#7066,.F.);
#4996=EDGE_CURVE('',#6263,#6262,#107,.T.);
#4997=EDGE_CURVE('',#6264,#6263,#7067,.F.);
#4998=EDGE_CURVE('',#6265,#6264,#108,.T.);
#4999=EDGE_CURVE('',#6266,#6265,#7068,.F.);
#5000=EDGE_CURVE('',#6266,#6267,#109,.T.);
#5001=EDGE_CURVE('',#6260,#6267,#7069,.F.);
#5002=EDGE_CURVE('',#6268,#6268,#7070,.F.);
#5003=EDGE_CURVE('',#6269,#6269,#7071,.F.);
#5004=EDGE_CURVE('',#6270,#6270,#7072,.T.);
#5005=EDGE_CURVE('',#6271,#6271,#7073,.T.);
#5006=EDGE_CURVE('',#6272,#6273,#110,.T.);
#5007=EDGE_CURVE('',#6272,#6274,#111,.T.);
#5008=EDGE_CURVE('',#6273,#6274,#112,.T.);
#5009=EDGE_CURVE('',#6275,#6276,#113,.T.);
#5010=EDGE_CURVE('',#6276,#6277,#114,.T.);
#5011=EDGE_CURVE('',#6275,#6277,#115,.T.);
#5012=EDGE_CURVE('',#6278,#6279,#116,.T.);
#5013=EDGE_CURVE('',#6278,#6280,#117,.T.);
#5014=EDGE_CURVE('',#6279,#6280,#118,.T.);
#5015=EDGE_CURVE('',#6281,#6282,#119,.T.);
#5016=EDGE_CURVE('',#6281,#6283,#120,.T.);
#5017=EDGE_CURVE('',#6283,#6282,#121,.T.);
#5018=EDGE_CURVE('',#6284,#6285,#122,.T.);
#5019=EDGE_CURVE('',#6284,#6286,#123,.T.);
#5020=EDGE_CURVE('',#6287,#6286,#124,.T.);
#5021=EDGE_CURVE('',#6285,#6287,#125,.T.);
#5022=EDGE_CURVE('',#6288,#6289,#7074,.T.);
#5023=EDGE_CURVE('',#6288,#6290,#126,.T.);
#5024=EDGE_CURVE('',#6290,#6291,#127,.T.);
#5025=EDGE_CURVE('',#6292,#6291,#128,.T.);
#5026=EDGE_CURVE('',#6293,#6292,#129,.T.);
#5027=EDGE_CURVE('',#6293,#6294,#130,.T.);
#5028=EDGE_CURVE('',#6294,#6295,#131,.T.);
#5029=EDGE_CURVE('',#6296,#6295,#132,.T.);
#5030=EDGE_CURVE('',#6297,#6296,#133,.T.);
#5031=EDGE_CURVE('',#6297,#6298,#134,.T.);
#5032=EDGE_CURVE('',#6299,#6298,#135,.T.);
#5033=EDGE_CURVE('',#6247,#6299,#136,.T.);
#5034=EDGE_CURVE('',#6246,#6300,#137,.T.);
#5035=EDGE_CURVE('',#6300,#6301,#138,.T.);
#5036=EDGE_CURVE('',#6231,#6301,#139,.T.);
#5037=EDGE_CURVE('',#6230,#6302,#140,.T.);
#5038=EDGE_CURVE('',#6303,#6302,#141,.T.);
#5039=EDGE_CURVE('',#6303,#6304,#142,.T.);
#5040=EDGE_CURVE('',#6304,#6305,#143,.T.);
#5041=EDGE_CURVE('',#6306,#6305,#144,.T.);
#5042=EDGE_CURVE('',#6307,#6306,#145,.T.);
#5043=EDGE_CURVE('',#6307,#6308,#146,.T.);
#5044=EDGE_CURVE('',#6308,#6309,#147,.T.);
#5045=EDGE_CURVE('',#6310,#6309,#148,.T.);
#5046=EDGE_CURVE('',#6220,#6310,#149,.T.);
#5047=EDGE_CURVE('',#6311,#6218,#7075,.T.);
#5048=EDGE_CURVE('',#6312,#6311,#150,.T.);
#5049=EDGE_CURVE('',#6313,#6312,#151,.T.);
#5050=EDGE_CURVE('',#6313,#6314,#152,.T.);
#5051=EDGE_CURVE('',#6314,#6315,#153,.T.);
#5052=EDGE_CURVE('',#6316,#6315,#154,.T.);
#5053=EDGE_CURVE('',#6317,#6316,#155,.T.);
#5054=EDGE_CURVE('',#6317,#6318,#156,.T.);
#5055=EDGE_CURVE('',#6318,#6319,#157,.T.);
#5056=EDGE_CURVE('',#6319,#6284,#158,.T.);
#5057=EDGE_CURVE('',#6285,#6320,#159,.T.);
#5058=EDGE_CURVE('',#6321,#6320,#160,.T.);
#5059=EDGE_CURVE('',#6322,#6321,#161,.T.);
#5060=EDGE_CURVE('',#6322,#6323,#162,.T.);
#5061=EDGE_CURVE('',#6323,#6324,#163,.T.);
#5062=EDGE_CURVE('',#6289,#6324,#164,.T.);
#5063=EDGE_CURVE('',#6325,#6326,#165,.T.);
#5064=EDGE_CURVE('',#6325,#6304,#166,.T.);
#5065=EDGE_CURVE('',#6303,#6326,#167,.T.);
#5066=EDGE_CURVE('',#6327,#6302,#168,.T.);
#5067=EDGE_CURVE('',#6327,#6326,#169,.T.);
#5068=EDGE_CURVE('',#6328,#6329,#170,.T.);
#5069=EDGE_CURVE('',#6328,#6314,#171,.T.);
#5070=EDGE_CURVE('',#6313,#6329,#172,.T.);
#5071=EDGE_CURVE('',#6330,#6315,#173,.T.);
#5072=EDGE_CURVE('',#6330,#6331,#174,.T.);
#5073=EDGE_CURVE('',#6316,#6331,#175,.T.);
#5074=EDGE_CURVE('',#6332,#6305,#176,.T.);
#5075=EDGE_CURVE('',#6332,#6333,#177,.T.);
#5076=EDGE_CURVE('',#6306,#6333,#178,.T.);
#5077=EDGE_CURVE('',#6334,#6335,#179,.T.);
#5078=EDGE_CURVE('',#6334,#6308,#180,.T.);
#5079=EDGE_CURVE('',#6307,#6335,#181,.T.);
#5080=EDGE_CURVE('',#6336,#6309,#182,.T.);
#5081=EDGE_CURVE('',#6336,#6337,#183,.T.);
#5082=EDGE_CURVE('',#6310,#6337,#184,.T.);
#5083=EDGE_CURVE('',#6338,#6214,#185,.F.);
#5084=EDGE_CURVE('',#6339,#6338,#186,.T.);
#5085=EDGE_CURVE('',#6339,#6216,#187,.T.);
#5086=EDGE_CURVE('',#6340,#6341,#188,.T.);
#5087=EDGE_CURVE('',#6341,#6215,#189,.F.);
#5088=EDGE_CURVE('',#6340,#6217,#190,.T.);
#5089=EDGE_CURVE('',#6342,#6343,#191,.T.);
#5090=EDGE_CURVE('',#6342,#6344,#192,.T.);
#5091=EDGE_CURVE('',#6345,#6344,#193,.T.);
#5092=EDGE_CURVE('',#6345,#6343,#194,.T.);
#5093=EDGE_CURVE('',#6346,#6347,#7076,.T.);
#5094=EDGE_CURVE('',#6346,#6348,#195,.T.);
#5095=EDGE_CURVE('',#6349,#6348,#196,.T.);
#5096=EDGE_CURVE('',#6350,#6349,#197,.T.);
#5097=EDGE_CURVE('',#6351,#6350,#198,.T.);
#5098=EDGE_CURVE('',#6351,#6352,#199,.T.);
#5099=EDGE_CURVE('',#6353,#6352,#200,.T.);
#5100=EDGE_CURVE('',#6354,#6353,#201,.T.);
#5101=EDGE_CURVE('',#6355,#6354,#202,.T.);
#5102=EDGE_CURVE('',#6355,#6356,#203,.T.);
#5103=EDGE_CURVE('',#6357,#6356,#204,.T.);
#5104=EDGE_CURVE('',#6235,#6357,#205,.T.);
#5105=EDGE_CURVE('',#6234,#6358,#206,.T.);
#5106=EDGE_CURVE('',#6358,#6359,#207,.T.);
#5107=EDGE_CURVE('',#6239,#6359,#208,.T.);
#5108=EDGE_CURVE('',#6238,#6360,#209,.T.);
#5109=EDGE_CURVE('',#6361,#6360,#210,.T.);
#5110=EDGE_CURVE('',#6361,#6362,#211,.T.);
#5111=EDGE_CURVE('',#6362,#6363,#212,.T.);
#5112=EDGE_CURVE('',#6364,#6363,#213,.T.);
#5113=EDGE_CURVE('',#6364,#6365,#214,.T.);
#5114=EDGE_CURVE('',#6365,#6366,#215,.T.);
#5115=EDGE_CURVE('',#6366,#6367,#216,.T.);
#5116=EDGE_CURVE('',#6368,#6367,#217,.T.);
#5117=EDGE_CURVE('',#6368,#6206,#218,.T.);
#5118=EDGE_CURVE('',#6369,#6204,#7077,.T.);
#5119=EDGE_CURVE('',#6370,#6369,#219,.T.);
#5120=EDGE_CURVE('',#6370,#6371,#220,.T.);
#5121=EDGE_CURVE('',#6371,#6372,#221,.T.);
#5122=EDGE_CURVE('',#6372,#6373,#222,.T.);
#5123=EDGE_CURVE('',#6374,#6373,#223,.T.);
#5124=EDGE_CURVE('',#6374,#6375,#224,.T.);
#5125=EDGE_CURVE('',#6375,#6376,#225,.T.);
#5126=EDGE_CURVE('',#6376,#6377,#226,.T.);
#5127=EDGE_CURVE('',#6377,#6342,#227,.T.);
#5128=EDGE_CURVE('',#6378,#6343,#228,.T.);
#5129=EDGE_CURVE('',#6379,#6378,#229,.T.);
#5130=EDGE_CURVE('',#6380,#6379,#230,.T.);
#5131=EDGE_CURVE('',#6380,#6381,#231,.T.);
#5132=EDGE_CURVE('',#6382,#6381,#232,.T.);
#5133=EDGE_CURVE('',#6347,#6382,#233,.T.);
#5134=EDGE_CURVE('',#6383,#6384,#234,.T.);
#5135=EDGE_CURVE('',#6383,#6362,#235,.T.);
#5136=EDGE_CURVE('',#6384,#6361,#236,.T.);
#5137=EDGE_CURVE('',#6385,#6360,#237,.T.);
#5138=EDGE_CURVE('',#6385,#6384,#238,.T.);
#5139=EDGE_CURVE('',#6386,#6387,#239,.T.);
#5140=EDGE_CURVE('',#6386,#6372,#240,.T.);
#5141=EDGE_CURVE('',#6387,#6371,#241,.T.);
#5142=EDGE_CURVE('',#6388,#6389,#242,.T.);
#5143=EDGE_CURVE('',#6389,#6201,#243,.F.);
#5144=EDGE_CURVE('',#6388,#6203,#244,.T.);
#5145=EDGE_CURVE('',#6390,#6373,#245,.T.);
#5146=EDGE_CURVE('',#6390,#6391,#246,.T.);
#5147=EDGE_CURVE('',#6391,#6374,#247,.T.);
#5148=EDGE_CURVE('',#6392,#6393,#248,.T.);
#5149=EDGE_CURVE('',#6392,#6366,#249,.T.);
#5150=EDGE_CURVE('',#6393,#6365,#250,.T.);
#5151=EDGE_CURVE('',#6394,#6363,#251,.T.);
#5152=EDGE_CURVE('',#6394,#6395,#252,.T.);
#5153=EDGE_CURVE('',#6395,#6364,#253,.T.);
#5154=EDGE_CURVE('',#6396,#6200,#254,.F.);
#5155=EDGE_CURVE('',#6397,#6396,#255,.T.);
#5156=EDGE_CURVE('',#6397,#6202,#256,.T.);
#5157=EDGE_CURVE('',#6398,#6367,#257,.T.);
#5158=EDGE_CURVE('',#6398,#6399,#258,.T.);
#5159=EDGE_CURVE('',#6399,#6368,#259,.T.);
#5160=EDGE_CURVE('',#6400,#6401,#260,.T.);
#5161=EDGE_CURVE('',#6400,#6402,#7078,.T.);
#5162=EDGE_CURVE('',#6403,#6402,#261,.T.);
#5163=EDGE_CURVE('',#6404,#6403,#262,.T.);
#5164=EDGE_CURVE('',#6404,#6405,#263,.T.);
#5165=EDGE_CURVE('',#6405,#6401,#264,.T.);
#5166=EDGE_CURVE('',#6406,#6407,#265,.T.);
#5167=EDGE_CURVE('',#6407,#6208,#7079,.T.);
#5168=EDGE_CURVE('',#6209,#6408,#266,.T.);
#5169=EDGE_CURVE('',#6409,#6408,#267,.T.);
#5170=EDGE_CURVE('',#6406,#6409,#268,.T.);
#5171=EDGE_CURVE('',#6410,#6410,#7080,.T.);
#5172=EDGE_CURVE('',#6396,#6205,#7081,.T.);
#5173=EDGE_CURVE('',#6207,#6399,#269,.T.);
#5174=EDGE_CURVE('',#6397,#6398,#270,.T.);
#5175=EDGE_CURVE('',#6411,#6411,#7082,.T.);
#5176=EDGE_CURVE('',#6412,#6389,#7083,.T.);
#5177=EDGE_CURVE('',#6386,#6388,#271,.T.);
#5178=EDGE_CURVE('',#6387,#6413,#272,.T.);
#5179=EDGE_CURVE('',#6412,#6413,#273,.T.);
#5180=EDGE_CURVE('',#6414,#6390,#274,.T.);
#5181=EDGE_CURVE('',#6414,#6415,#275,.T.);
#5182=EDGE_CURVE('',#6415,#6391,#276,.T.);
#5183=EDGE_CURVE('',#6383,#6385,#277,.T.);
#5184=EDGE_CURVE('',#6344,#6416,#278,.T.);
#5185=EDGE_CURVE('',#6417,#6416,#279,.T.);
#5186=EDGE_CURVE('',#6345,#6417,#280,.T.);
#5187=EDGE_CURVE('',#6392,#6394,#281,.T.);
#5188=EDGE_CURVE('',#6393,#6395,#282,.T.);
#5189=EDGE_CURVE('',#6418,#6419,#283,.T.);
#5190=EDGE_CURVE('',#6419,#6420,#284,.T.);
#5191=EDGE_CURVE('',#6421,#6420,#285,.T.);
#5192=EDGE_CURVE('',#6418,#6421,#286,.T.);
#5193=EDGE_CURVE('',#6422,#6423,#287,.T.);
#5194=EDGE_CURVE('',#6423,#6424,#288,.T.);
#5195=EDGE_CURVE('',#6422,#6424,#289,.T.);
#5196=EDGE_CURVE('',#6264,#6425,#290,.T.);
#5197=EDGE_CURVE('',#6426,#6425,#291,.T.);
#5198=EDGE_CURVE('',#6265,#6426,#292,.T.);
#5199=EDGE_CURVE('',#6427,#6428,#293,.T.);
#5200=EDGE_CURVE('',#6427,#6429,#7084,.T.);
#5201=EDGE_CURVE('',#6430,#6429,#294,.T.);
#5202=EDGE_CURVE('',#6430,#6431,#295,.T.);
#5203=EDGE_CURVE('',#6431,#6432,#296,.T.);
#5204=EDGE_CURVE('',#6432,#6428,#297,.T.);
#5205=EDGE_CURVE('',#6433,#6433,#7085,.T.);
#5206=EDGE_CURVE('',#6434,#6435,#298,.T.);
#5207=EDGE_CURVE('',#6434,#6341,#7086,.T.);
#5208=EDGE_CURVE('',#6328,#6340,#299,.T.);
#5209=EDGE_CURVE('',#6435,#6329,#300,.T.);
#5210=EDGE_CURVE('',#6436,#6436,#7087,.T.);
#5211=EDGE_CURVE('',#6338,#6219,#7088,.T.);
#5212=EDGE_CURVE('',#6337,#6221,#301,.T.);
#5213=EDGE_CURVE('',#6339,#6336,#302,.T.);
#5214=EDGE_CURVE('',#6437,#6330,#303,.T.);
#5215=EDGE_CURVE('',#6437,#6438,#304,.T.);
#5216=EDGE_CURVE('',#6331,#6438,#305,.T.);
#5217=EDGE_CURVE('',#6286,#6439,#306,.T.);
#5218=EDGE_CURVE('',#6440,#6439,#307,.T.);
#5219=EDGE_CURVE('',#6440,#6287,#308,.T.);
#5220=EDGE_CURVE('',#6325,#6327,#309,.T.);
#5221=EDGE_CURVE('',#6334,#6332,#310,.T.);
#5222=EDGE_CURVE('',#6333,#6335,#311,.T.);
#5223=EDGE_CURVE('',#6441,#6442,#312,.T.);
#5224=EDGE_CURVE('',#6443,#6442,#313,.T.);
#5225=EDGE_CURVE('',#6443,#6444,#314,.T.);
#5226=EDGE_CURVE('',#6444,#6441,#315,.T.);
#5227=EDGE_CURVE('',#6445,#6446,#316,.T.);
#5228=EDGE_CURVE('',#6446,#6447,#317,.T.);
#5229=EDGE_CURVE('',#6445,#6447,#318,.T.);
#5230=EDGE_CURVE('',#6261,#6448,#319,.T.);
#5231=EDGE_CURVE('',#6260,#6449,#320,.T.);
#5232=EDGE_CURVE('',#6449,#6448,#321,.T.);
#5233=EDGE_CURVE('',#6450,#6451,#322,.T.);
#5234=EDGE_CURVE('',#6451,#6222,#7089,.T.);
#5235=EDGE_CURVE('',#6223,#6452,#323,.T.);
#5236=EDGE_CURVE('',#6453,#6452,#324,.T.);
#5237=EDGE_CURVE('',#6453,#6450,#325,.T.);
#5238=EDGE_CURVE('',#6454,#6454,#7090,.T.);
#5239=EDGE_CURVE('',#6455,#6456,#7091,.T.);
#5240=EDGE_CURVE('',#6456,#6457,#326,.T.);
#5241=EDGE_CURVE('',#6458,#6457,#327,.T.);
#5242=EDGE_CURVE('',#6458,#6459,#328,.T.);
#5243=EDGE_CURVE('',#6459,#6455,#329,.T.);
#5244=EDGE_CURVE('',#6460,#6461,#330,.T.);
#5245=EDGE_CURVE('',#6462,#6461,#331,.T.);
#5246=EDGE_CURVE('',#6462,#6463,#332,.T.);
#5247=EDGE_CURVE('',#6463,#6460,#333,.T.);
#5248=EDGE_CURVE('',#6464,#6465,#7092,.T.);
#5249=EDGE_CURVE('',#6466,#6465,#334,.T.);
#5250=EDGE_CURVE('',#6466,#6467,#335,.T.);
#5251=EDGE_CURVE('',#6467,#6464,#336,.T.);
#5252=EDGE_CURVE('',#6468,#6469,#337,.T.);
#5253=EDGE_CURVE('',#6468,#6470,#338,.T.);
#5254=EDGE_CURVE('',#6471,#6470,#339,.T.);
#5255=EDGE_CURVE('',#6469,#6471,#340,.T.);
#5256=EDGE_CURVE('',#6472,#6473,#341,.T.);
#5257=EDGE_CURVE('',#6472,#6474,#342,.T.);
#5258=EDGE_CURVE('',#6475,#6474,#343,.T.);
#5259=EDGE_CURVE('',#6473,#6475,#344,.T.);
#5260=EDGE_CURVE('',#6476,#6477,#345,.T.);
#5261=EDGE_CURVE('',#6478,#6476,#346,.T.);
#5262=EDGE_CURVE('',#6479,#6478,#347,.T.);
#5263=EDGE_CURVE('',#6477,#6479,#348,.T.);
#5264=EDGE_CURVE('',#6263,#6480,#349,.T.);
#5265=EDGE_CURVE('',#6262,#6481,#350,.T.);
#5266=EDGE_CURVE('',#6480,#6481,#351,.T.);
#5267=EDGE_CURVE('',#6482,#6483,#352,.T.);
#5268=EDGE_CURVE('',#6483,#6484,#353,.T.);
#5269=EDGE_CURVE('',#6482,#6484,#354,.T.);
#5270=EDGE_CURVE('',#6485,#6486,#355,.T.);
#5271=EDGE_CURVE('',#6486,#6487,#356,.T.);
#5272=EDGE_CURVE('',#6488,#6487,#357,.T.);
#5273=EDGE_CURVE('',#6489,#6488,#358,.T.);
#5274=EDGE_CURVE('',#6490,#6489,#359,.T.);
#5275=EDGE_CURVE('',#6490,#6491,#360,.T.);
#5276=EDGE_CURVE('',#6492,#6491,#361,.T.);
#5277=EDGE_CURVE('',#6492,#6485,#362,.T.);
#5278=EDGE_CURVE('',#6493,#6494,#363,.T.);
#5279=EDGE_CURVE('',#6493,#6495,#364,.T.);
#5280=EDGE_CURVE('',#6496,#6495,#365,.T.);
#5281=EDGE_CURVE('',#6496,#6494,#366,.T.);
#5282=EDGE_CURVE('',#6497,#6498,#367,.T.);
#5283=EDGE_CURVE('',#6498,#6499,#368,.T.);
#5284=EDGE_CURVE('',#6500,#6499,#369,.T.);
#5285=EDGE_CURVE('',#6500,#6497,#370,.T.);
#5286=EDGE_CURVE('',#6501,#6502,#371,.T.);
#5287=EDGE_CURVE('',#6501,#6503,#372,.T.);
#5288=EDGE_CURVE('',#6504,#6503,#373,.T.);
#5289=EDGE_CURVE('',#6502,#6504,#374,.T.);
#5290=EDGE_CURVE('',#6505,#6506,#375,.T.);
#5291=EDGE_CURVE('',#6506,#6507,#376,.T.);
#5292=EDGE_CURVE('',#6507,#6505,#377,.T.);
#5293=EDGE_CURVE('',#6508,#6509,#378,.T.);
#5294=EDGE_CURVE('',#6508,#6510,#379,.T.);
#5295=EDGE_CURVE('',#6511,#6510,#380,.T.);
#5296=EDGE_CURVE('',#6509,#6511,#381,.T.);
#5297=EDGE_CURVE('',#6512,#6513,#382,.T.);
#5298=EDGE_CURVE('',#6512,#6514,#383,.T.);
#5299=EDGE_CURVE('',#6515,#6514,#384,.T.);
#5300=EDGE_CURVE('',#6513,#6515,#385,.T.);
#5301=EDGE_CURVE('',#6516,#6517,#386,.T.);
#5302=EDGE_CURVE('',#6516,#6518,#387,.T.);
#5303=EDGE_CURVE('',#6518,#6519,#388,.T.);
#5304=EDGE_CURVE('',#6517,#6519,#389,.T.);
#5305=EDGE_CURVE('',#6520,#6521,#390,.T.);
#5306=EDGE_CURVE('',#6521,#6522,#391,.T.);
#5307=EDGE_CURVE('',#6523,#6522,#392,.T.);
#5308=EDGE_CURVE('',#6520,#6523,#393,.T.);
#5309=EDGE_CURVE('',#6524,#6525,#394,.T.);
#5310=EDGE_CURVE('',#6524,#6526,#395,.T.);
#5311=EDGE_CURVE('',#6526,#6527,#396,.T.);
#5312=EDGE_CURVE('',#6525,#6527,#397,.T.);
#5313=EDGE_CURVE('',#6528,#6529,#398,.T.);
#5314=EDGE_CURVE('',#6529,#6530,#399,.T.);
#5315=EDGE_CURVE('',#6530,#6531,#400,.T.);
#5316=EDGE_CURVE('',#6528,#6531,#401,.T.);
#5317=EDGE_CURVE('',#6532,#6533,#402,.T.);
#5318=EDGE_CURVE('',#6533,#6534,#403,.T.);
#5319=EDGE_CURVE('',#6535,#6534,#404,.T.);
#5320=EDGE_CURVE('',#6532,#6535,#405,.T.);
#5321=EDGE_CURVE('',#6536,#6537,#406,.T.);
#5322=EDGE_CURVE('',#6536,#6538,#407,.T.);
#5323=EDGE_CURVE('',#6539,#6538,#408,.T.);
#5324=EDGE_CURVE('',#6540,#6539,#409,.T.);
#5325=EDGE_CURVE('',#6540,#6537,#410,.T.);
#5326=EDGE_CURVE('',#6541,#6542,#411,.T.);
#5327=EDGE_CURVE('',#6543,#6541,#412,.T.);
#5328=EDGE_CURVE('',#6544,#6543,#413,.T.);
#5329=EDGE_CURVE('',#6545,#6544,#414,.T.);
#5330=EDGE_CURVE('',#6546,#6545,#415,.T.);
#5331=EDGE_CURVE('',#6546,#6547,#416,.T.);
#5332=EDGE_CURVE('',#6548,#6547,#417,.T.);
#5333=EDGE_CURVE('',#6548,#6549,#418,.T.);
#5334=EDGE_CURVE('',#6549,#6550,#419,.T.);
#5335=EDGE_CURVE('',#6550,#6542,#420,.T.);
#5336=EDGE_CURVE('',#6551,#6552,#421,.T.);
#5337=EDGE_CURVE('',#6551,#6546,#422,.T.);
#5338=EDGE_CURVE('',#6545,#6552,#423,.T.);
#5339=EDGE_CURVE('',#6553,#6554,#424,.T.);
#5340=EDGE_CURVE('',#6555,#6553,#425,.T.);
#5341=EDGE_CURVE('',#6555,#6556,#426,.T.);
#5342=EDGE_CURVE('',#6556,#6554,#427,.T.);
#5343=EDGE_CURVE('',#6557,#6558,#428,.T.);
#5344=EDGE_CURVE('',#6558,#6559,#429,.T.);
#5345=EDGE_CURVE('',#6560,#6559,#430,.T.);
#5346=EDGE_CURVE('',#6557,#6560,#431,.T.);
#5347=EDGE_CURVE('',#6561,#6562,#432,.T.);
#5348=EDGE_CURVE('',#6561,#6563,#433,.T.);
#5349=EDGE_CURVE('',#6563,#6564,#434,.T.);
#5350=EDGE_CURVE('',#6562,#6564,#435,.T.);
#5351=EDGE_CURVE('',#6565,#6566,#436,.T.);
#5352=EDGE_CURVE('',#6565,#6567,#437,.T.);
#5353=EDGE_CURVE('',#6567,#6568,#438,.T.);
#5354=EDGE_CURVE('',#6566,#6568,#439,.T.);
#5355=EDGE_CURVE('',#6569,#6570,#440,.T.);
#5356=EDGE_CURVE('',#6570,#6571,#441,.T.);
#5357=EDGE_CURVE('',#6572,#6571,#442,.T.);
#5358=EDGE_CURVE('',#6569,#6572,#443,.T.);
#5359=EDGE_CURVE('',#6573,#6574,#444,.T.);
#5360=EDGE_CURVE('',#6574,#6575,#445,.T.);
#5361=EDGE_CURVE('',#6576,#6575,#446,.T.);
#5362=EDGE_CURVE('',#6576,#6573,#447,.T.);
#5363=EDGE_CURVE('',#6577,#6578,#448,.T.);
#5364=EDGE_CURVE('',#6577,#6574,#449,.T.);
#5365=EDGE_CURVE('',#6573,#6579,#450,.T.);
#5366=EDGE_CURVE('',#6578,#6579,#451,.T.);
#5367=EDGE_CURVE('',#6580,#6581,#452,.T.);
#5368=EDGE_CURVE('',#6580,#6582,#453,.T.);
#5369=EDGE_CURVE('',#6583,#6582,#454,.T.);
#5370=EDGE_CURVE('',#6583,#6584,#455,.T.);
#5371=EDGE_CURVE('',#6585,#6584,#456,.T.);
#5372=EDGE_CURVE('',#6586,#6585,#457,.T.);
#5373=EDGE_CURVE('',#6587,#6586,#458,.T.);
#5374=EDGE_CURVE('',#6587,#6588,#459,.T.);
#5375=EDGE_CURVE('',#6588,#6589,#460,.T.);
#5376=EDGE_CURVE('',#6589,#6581,#461,.T.);
#5377=EDGE_CURVE('',#6590,#6591,#462,.T.);
#5378=EDGE_CURVE('',#6590,#6592,#463,.T.);
#5379=EDGE_CURVE('',#6592,#6593,#464,.T.);
#5380=EDGE_CURVE('',#6591,#6593,#465,.T.);
#5381=EDGE_CURVE('',#6594,#6595,#466,.T.);
#5382=EDGE_CURVE('',#6594,#6596,#467,.T.);
#5383=EDGE_CURVE('',#6596,#6597,#468,.T.);
#5384=EDGE_CURVE('',#6595,#6597,#469,.T.);
#5385=EDGE_CURVE('',#6598,#6599,#470,.T.);
#5386=EDGE_CURVE('',#6598,#6600,#7093,.T.);
#5387=EDGE_CURVE('',#6600,#6601,#471,.T.);
#5388=EDGE_CURVE('',#6601,#6599,#472,.T.);
#5389=EDGE_CURVE('',#6602,#6603,#7094,.T.);
#5390=EDGE_CURVE('',#6603,#6604,#473,.T.);
#5391=EDGE_CURVE('',#6604,#6605,#474,.T.);
#5392=EDGE_CURVE('',#6606,#6605,#475,.T.);
#5393=EDGE_CURVE('',#6606,#6602,#476,.T.);
#5394=EDGE_CURVE('',#6607,#6608,#477,.T.);
#5395=EDGE_CURVE('',#6609,#6608,#478,.T.);
#5396=EDGE_CURVE('',#6609,#6610,#479,.T.);
#5397=EDGE_CURVE('',#6610,#6607,#480,.T.);
#5398=EDGE_CURVE('',#6611,#6611,#7095,.T.);
#5399=EDGE_CURVE('',#6612,#6613,#481,.T.);
#5400=EDGE_CURVE('',#6614,#6612,#482,.T.);
#5401=EDGE_CURVE('',#6614,#6615,#483,.T.);
#5402=EDGE_CURVE('',#6615,#6616,#484,.T.);
#5403=EDGE_CURVE('',#6617,#6616,#485,.T.);
#5404=EDGE_CURVE('',#6617,#6618,#486,.T.);
#5405=EDGE_CURVE('',#6618,#6619,#487,.T.);
#5406=EDGE_CURVE('',#6619,#6613,#488,.T.);
#5407=EDGE_CURVE('',#6620,#6621,#489,.T.);
#5408=EDGE_CURVE('',#6622,#6621,#490,.T.);
#5409=EDGE_CURVE('',#6623,#6622,#491,.T.);
#5410=EDGE_CURVE('',#6620,#6623,#492,.T.);
#5411=EDGE_CURVE('',#6624,#6625,#493,.T.);
#5412=EDGE_CURVE('',#6626,#6625,#494,.T.);
#5413=EDGE_CURVE('',#6627,#6626,#495,.T.);
#5414=EDGE_CURVE('',#6624,#6627,#496,.T.);
#5415=EDGE_CURVE('',#6628,#6629,#497,.T.);
#5416=EDGE_CURVE('',#6630,#6629,#498,.T.);
#5417=EDGE_CURVE('',#6631,#6630,#499,.T.);
#5418=EDGE_CURVE('',#6628,#6631,#500,.T.);
#5419=EDGE_CURVE('',#6632,#6633,#501,.T.);
#5420=EDGE_CURVE('',#6634,#6633,#502,.T.);
#5421=EDGE_CURVE('',#6635,#6634,#503,.T.);
#5422=EDGE_CURVE('',#6632,#6635,#504,.T.);
#5423=EDGE_CURVE('',#6636,#6637,#505,.T.);
#5424=EDGE_CURVE('',#6637,#6638,#506,.T.);
#5425=EDGE_CURVE('',#6636,#6638,#507,.T.);
#5426=EDGE_CURVE('',#6266,#6639,#508,.T.);
#5427=EDGE_CURVE('',#6639,#6640,#509,.T.);
#5428=EDGE_CURVE('',#6267,#6640,#510,.T.);
#5429=EDGE_CURVE('',#6641,#6642,#511,.T.);
#5430=EDGE_CURVE('',#6643,#6641,#512,.T.);
#5431=EDGE_CURVE('',#6644,#6643,#513,.T.);
#5432=EDGE_CURVE('',#6642,#6644,#514,.T.);
#5433=EDGE_CURVE('',#6645,#6646,#515,.T.);
#5434=EDGE_CURVE('',#6647,#6646,#516,.T.);
#5435=EDGE_CURVE('',#6647,#6648,#517,.T.);
#5436=EDGE_CURVE('',#6645,#6648,#518,.T.);
#5437=EDGE_CURVE('',#6649,#6650,#519,.T.);
#5438=EDGE_CURVE('',#6650,#6651,#520,.T.);
#5439=EDGE_CURVE('',#6651,#6652,#521,.T.);
#5440=EDGE_CURVE('',#6649,#6652,#522,.T.);
#5441=EDGE_CURVE('',#6653,#6654,#523,.T.);
#5442=EDGE_CURVE('',#6654,#6655,#524,.T.);
#5443=EDGE_CURVE('',#6655,#6653,#525,.T.);
#5444=EDGE_CURVE('',#6656,#6657,#526,.T.);
#5445=EDGE_CURVE('',#6658,#6657,#527,.T.);
#5446=EDGE_CURVE('',#6659,#6658,#528,.T.);
#5447=EDGE_CURVE('',#6656,#6659,#529,.T.);
#5448=EDGE_CURVE('',#6660,#6661,#530,.F.);
#5449=EDGE_CURVE('',#6660,#6662,#7096,.T.);
#5450=EDGE_CURVE('',#6662,#6663,#531,.F.);
#5451=EDGE_CURVE('',#6661,#6663,#7097,.T.);
#5452=EDGE_CURVE('',#6664,#6665,#7098,.T.);
#5453=EDGE_CURVE('',#6665,#6666,#532,.F.);
#5454=EDGE_CURVE('',#6667,#6666,#7099,.T.);
#5455=EDGE_CURVE('',#6667,#6664,#533,.T.);
#5456=EDGE_CURVE('',#6668,#6669,#534,.T.);
#5457=EDGE_CURVE('',#6670,#6668,#535,.T.);
#5458=EDGE_CURVE('',#6670,#6671,#536,.T.);
#5459=EDGE_CURVE('',#6671,#6669,#537,.T.);
#5460=EDGE_CURVE('',#6672,#6673,#538,.T.);
#5461=EDGE_CURVE('',#6672,#6674,#539,.T.);
#5462=EDGE_CURVE('',#6674,#6675,#540,.T.);
#5463=EDGE_CURVE('',#6673,#6675,#541,.T.);
#5464=EDGE_CURVE('',#6676,#6677,#542,.T.);
#5465=EDGE_CURVE('',#6676,#6244,#543,.T.);
#5466=EDGE_CURVE('',#6677,#6243,#544,.T.);
#5467=EDGE_CURVE('',#6678,#6679,#545,.T.);
#5468=EDGE_CURVE('',#6678,#6680,#546,.T.);
#5469=EDGE_CURVE('',#6680,#6681,#547,.T.);
#5470=EDGE_CURVE('',#6679,#6681,#548,.T.);
#5471=EDGE_CURVE('',#6682,#6683,#549,.T.);
#5472=EDGE_CURVE('',#6682,#6684,#550,.T.);
#5473=EDGE_CURVE('',#6684,#6685,#551,.T.);
#5474=EDGE_CURVE('',#6683,#6685,#552,.T.);
#5475=EDGE_CURVE('',#6686,#6687,#553,.T.);
#5476=EDGE_CURVE('',#6686,#6688,#554,.T.);
#5477=EDGE_CURVE('',#6688,#6689,#555,.T.);
#5478=EDGE_CURVE('',#6687,#6689,#556,.T.);
#5479=EDGE_CURVE('',#6690,#6691,#557,.T.);
#5480=EDGE_CURVE('',#6691,#6692,#558,.T.);
#5481=EDGE_CURVE('',#6692,#6690,#559,.T.);
#5482=EDGE_CURVE('',#6693,#6694,#7100,.T.);
#5483=EDGE_CURVE('',#6693,#6661,#560,.T.);
#5484=EDGE_CURVE('',#6667,#6663,#561,.T.);
#5485=EDGE_CURVE('',#6695,#6666,#562,.T.);
#5486=EDGE_CURVE('',#6672,#6695,#563,.T.);
#5487=EDGE_CURVE('',#6673,#6696,#564,.T.);
#5488=EDGE_CURVE('',#6697,#6696,#565,.T.);
#5489=EDGE_CURVE('',#6670,#6697,#566,.T.);
#5490=EDGE_CURVE('',#6668,#6698,#567,.T.);
#5491=EDGE_CURVE('',#6699,#6698,#568,.T.);
#5492=EDGE_CURVE('',#6678,#6699,#569,.T.);
#5493=EDGE_CURVE('',#6679,#6700,#570,.T.);
#5494=EDGE_CURVE('',#6701,#6700,#571,.T.);
#5495=EDGE_CURVE('',#6701,#6677,#572,.T.);
#5496=EDGE_CURVE('',#6702,#6242,#573,.T.);
#5497=EDGE_CURVE('',#6703,#6702,#574,.T.);
#5498=EDGE_CURVE('',#6704,#6703,#575,.T.);
#5499=EDGE_CURVE('',#6705,#6704,#576,.T.);
#5500=EDGE_CURVE('',#6705,#6706,#577,.T.);
#5501=EDGE_CURVE('',#6706,#6688,#578,.T.);
#5502=EDGE_CURVE('',#6707,#6686,#579,.T.);
#5503=EDGE_CURVE('',#6707,#6694,#580,.T.);
#5504=EDGE_CURVE('',#6708,#6682,#581,.T.);
#5505=EDGE_CURVE('',#6709,#6708,#7101,.T.);
#5506=EDGE_CURVE('',#6709,#6684,#582,.T.);
#5507=EDGE_CURVE('',#6710,#6711,#583,.T.);
#5508=EDGE_CURVE('',#6712,#6710,#7102,.T.);
#5509=EDGE_CURVE('',#6712,#6713,#584,.T.);
#5510=EDGE_CURVE('',#6713,#6711,#7103,.T.);
#5511=EDGE_CURVE('',#6714,#6715,#585,.T.);
#5512=EDGE_CURVE('',#6715,#6716,#586,.T.);
#5513=EDGE_CURVE('',#6717,#6716,#587,.T.);
#5514=EDGE_CURVE('',#6714,#6717,#588,.T.);
#5515=EDGE_CURVE('',#6718,#6719,#589,.T.);
#5516=EDGE_CURVE('',#6718,#6720,#590,.T.);
#5517=EDGE_CURVE('',#6720,#6721,#591,.T.);
#5518=EDGE_CURVE('',#6719,#6721,#592,.T.);
#5519=EDGE_CURVE('',#6710,#6722,#593,.T.);
#5520=EDGE_CURVE('',#6723,#6722,#7104,.T.);
#5521=EDGE_CURVE('',#6723,#6724,#594,.T.);
#5522=EDGE_CURVE('',#6594,#6724,#595,.T.);
#5523=EDGE_CURVE('',#6595,#6725,#596,.T.);
#5524=EDGE_CURVE('',#6725,#6726,#597,.T.);
#5525=EDGE_CURVE('',#6727,#6726,#598,.T.);
#5526=EDGE_CURVE('',#6728,#6727,#599,.T.);
#5527=EDGE_CURVE('',#6728,#6729,#600,.T.);
#5528=EDGE_CURVE('',#6729,#6730,#601,.T.);
#5529=EDGE_CURVE('',#6731,#6730,#602,.T.);
#5530=EDGE_CURVE('',#6732,#6731,#603,.T.);
#5531=EDGE_CURVE('',#6732,#6733,#604,.T.);
#5532=EDGE_CURVE('',#6734,#6733,#605,.T.);
#5533=EDGE_CURVE('',#6735,#6734,#606,.T.);
#5534=EDGE_CURVE('',#6736,#6735,#607,.T.);
#5535=EDGE_CURVE('',#6737,#6736,#608,.T.);
#5536=EDGE_CURVE('',#6737,#6715,#609,.T.);
#5537=EDGE_CURVE('',#6738,#6714,#610,.T.);
#5538=EDGE_CURVE('',#6739,#6738,#611,.T.);
#5539=EDGE_CURVE('',#6739,#6720,#612,.T.);
#5540=EDGE_CURVE('',#6740,#6718,#613,.T.);
#5541=EDGE_CURVE('',#6741,#6740,#614,.T.);
#5542=EDGE_CURVE('',#6741,#6742,#7105,.T.);
#5543=EDGE_CURVE('',#6712,#6742,#615,.T.);
#5544=EDGE_CURVE('',#6590,#6743,#616,.T.);
#5545=EDGE_CURVE('',#6591,#6744,#617,.T.);
#5546=EDGE_CURVE('',#6743,#6744,#7106,.T.);
#5547=EDGE_CURVE('',#6728,#6745,#618,.T.);
#5548=EDGE_CURVE('',#6727,#6746,#619,.T.);
#5549=EDGE_CURVE('',#6745,#6746,#620,.T.);
#5550=EDGE_CURVE('',#6747,#6730,#621,.T.);
#5551=EDGE_CURVE('',#6748,#6747,#622,.T.);
#5552=EDGE_CURVE('',#6748,#6731,#623,.T.);
#5553=EDGE_CURVE('',#6749,#6733,#624,.T.);
#5554=EDGE_CURVE('',#6750,#6749,#625,.T.);
#5555=EDGE_CURVE('',#6750,#6734,#626,.T.);
#5556=EDGE_CURVE('',#6517,#6751,#627,.T.);
#5557=EDGE_CURVE('',#6519,#6752,#628,.T.);
#5558=EDGE_CURVE('',#6751,#6752,#629,.T.);
#5559=EDGE_CURVE('',#6516,#6753,#630,.T.);
#5560=EDGE_CURVE('',#6753,#6754,#631,.T.);
#5561=EDGE_CURVE('',#6518,#6754,#632,.T.);
#5562=EDGE_CURVE('',#6522,#6755,#633,.T.);
#5563=EDGE_CURVE('',#6756,#6755,#634,.T.);
#5564=EDGE_CURVE('',#6523,#6756,#635,.T.);
#5565=EDGE_CURVE('',#6521,#6757,#636,.T.);
#5566=EDGE_CURVE('',#6520,#6758,#637,.T.);
#5567=EDGE_CURVE('',#6758,#6757,#638,.T.);
#5568=EDGE_CURVE('',#6759,#6526,#639,.T.);
#5569=EDGE_CURVE('',#6759,#6760,#640,.T.);
#5570=EDGE_CURVE('',#6760,#6527,#641,.T.);
#5571=EDGE_CURVE('',#6761,#6762,#642,.T.);
#5572=EDGE_CURVE('',#6761,#6524,#643,.T.);
#5573=EDGE_CURVE('',#6762,#6525,#644,.T.);
#5574=EDGE_CURVE('',#6529,#6763,#645,.T.);
#5575=EDGE_CURVE('',#6528,#6764,#646,.T.);
#5576=EDGE_CURVE('',#6764,#6763,#647,.T.);
#5577=EDGE_CURVE('',#6534,#6765,#648,.T.);
#5578=EDGE_CURVE('',#6766,#6765,#649,.T.);
#5579=EDGE_CURVE('',#6535,#6766,#650,.T.);
#5580=EDGE_CURVE('',#6767,#6530,#651,.T.);
#5581=EDGE_CURVE('',#6767,#6768,#652,.T.);
#5582=EDGE_CURVE('',#6768,#6531,#653,.T.);
#5583=EDGE_CURVE('',#6533,#6769,#654,.T.);
#5584=EDGE_CURVE('',#6532,#6770,#655,.T.);
#5585=EDGE_CURVE('',#6770,#6769,#656,.T.);
#5586=EDGE_CURVE('',#6538,#6771,#657,.T.);
#5587=EDGE_CURVE('',#6772,#6771,#658,.T.);
#5588=EDGE_CURVE('',#6539,#6772,#659,.T.);
#5589=EDGE_CURVE('',#6540,#6773,#660,.T.);
#5590=EDGE_CURVE('',#6773,#6774,#661,.T.);
#5591=EDGE_CURVE('',#6774,#6537,#662,.T.);
#5592=EDGE_CURVE('',#6775,#6774,#663,.T.);
#5593=EDGE_CURVE('',#6775,#6536,#664,.T.);
#5594=EDGE_CURVE('',#6755,#6761,#665,.T.);
#5595=EDGE_CURVE('',#6756,#6762,#666,.T.);
#5596=EDGE_CURVE('',#6776,#6592,#667,.T.);
#5597=EDGE_CURVE('',#6776,#6777,#668,.T.);
#5598=EDGE_CURVE('',#6777,#6711,#669,.T.);
#5599=EDGE_CURVE('',#6778,#6713,#670,.T.);
#5600=EDGE_CURVE('',#6778,#6779,#671,.T.);
#5601=EDGE_CURVE('',#6779,#6780,#672,.T.);
#5602=EDGE_CURVE('',#6780,#6781,#673,.T.);
#5603=EDGE_CURVE('',#6782,#6781,#674,.T.);
#5604=EDGE_CURVE('',#6783,#6782,#7107,.T.);
#5605=EDGE_CURVE('',#6784,#6783,#675,.T.);
#5606=EDGE_CURVE('',#6784,#6785,#676,.T.);
#5607=EDGE_CURVE('',#6786,#6785,#677,.T.);
#5608=EDGE_CURVE('',#6719,#6786,#678,.T.);
#5609=EDGE_CURVE('',#6721,#6787,#679,.T.);
#5610=EDGE_CURVE('',#6788,#6787,#680,.T.);
#5611=EDGE_CURVE('',#6717,#6788,#681,.T.);
#5612=EDGE_CURVE('',#6716,#6789,#682,.T.);
#5613=EDGE_CURVE('',#6790,#6789,#683,.T.);
#5614=EDGE_CURVE('',#6791,#6790,#684,.T.);
#5615=EDGE_CURVE('',#6791,#6750,#685,.T.);
#5616=EDGE_CURVE('',#6749,#6792,#686,.T.);
#5617=EDGE_CURVE('',#6792,#6793,#687,.T.);
#5618=EDGE_CURVE('',#6748,#6793,#688,.T.);
#5619=EDGE_CURVE('',#6747,#6794,#689,.T.);
#5620=EDGE_CURVE('',#6794,#6795,#690,.T.);
#5621=EDGE_CURVE('',#6795,#6745,#691,.T.);
#5622=EDGE_CURVE('',#6796,#6746,#692,.T.);
#5623=EDGE_CURVE('',#6797,#6796,#693,.T.);
#5624=EDGE_CURVE('',#6798,#6797,#694,.T.);
#5625=EDGE_CURVE('',#6798,#6799,#695,.T.);
#5626=EDGE_CURVE('',#6800,#6799,#696,.T.);
#5627=EDGE_CURVE('',#6800,#6801,#697,.T.);
#5628=EDGE_CURVE('',#6801,#6597,#698,.T.);
#5629=EDGE_CURVE('',#6802,#6596,#699,.T.);
#5630=EDGE_CURVE('',#6802,#6803,#700,.T.);
#5631=EDGE_CURVE('',#6803,#6593,#701,.T.);
#5632=EDGE_CURVE('',#6804,#6805,#702,.T.);
#5633=EDGE_CURVE('',#6804,#6806,#703,.T.);
#5634=EDGE_CURVE('',#6807,#6806,#704,.T.);
#5635=EDGE_CURVE('',#6805,#6807,#705,.T.);
#5636=EDGE_CURVE('',#6808,#6809,#706,.T.);
#5637=EDGE_CURVE('',#6808,#6757,#707,.T.);
#5638=EDGE_CURVE('',#6810,#6758,#708,.T.);
#5639=EDGE_CURVE('',#6811,#6810,#709,.T.);
#5640=EDGE_CURVE('',#6812,#6811,#710,.T.);
#5641=EDGE_CURVE('',#6813,#6812,#711,.T.);
#5642=EDGE_CURVE('',#6814,#6813,#712,.T.);
#5643=EDGE_CURVE('',#6814,#6815,#713,.T.);
#5644=EDGE_CURVE('',#6816,#6815,#714,.T.);
#5645=EDGE_CURVE('',#6816,#6817,#715,.T.);
#5646=EDGE_CURVE('',#6766,#6817,#716,.T.);
#5647=EDGE_CURVE('',#6765,#6818,#717,.T.);
#5648=EDGE_CURVE('',#6818,#6819,#718,.T.);
#5649=EDGE_CURVE('',#6820,#6819,#719,.T.);
#5650=EDGE_CURVE('',#6820,#6821,#720,.T.);
#5651=EDGE_CURVE('',#6821,#6775,#721,.T.);
#5652=EDGE_CURVE('',#6822,#6773,#722,.T.);
#5653=EDGE_CURVE('',#6822,#6551,#723,.T.);
#5654=EDGE_CURVE('',#6823,#6552,#724,.T.);
#5655=EDGE_CURVE('',#6823,#6824,#725,.T.);
#5656=EDGE_CURVE('',#6233,#6824,#726,.T.);
#5657=EDGE_CURVE('',#6232,#6825,#727,.T.);
#5658=EDGE_CURVE('',#6825,#6826,#728,.T.);
#5659=EDGE_CURVE('',#6827,#6826,#729,.T.);
#5660=EDGE_CURVE('',#6828,#6827,#730,.T.);
#5661=EDGE_CURVE('',#6829,#6828,#731,.T.);
#5662=EDGE_CURVE('',#6829,#6830,#732,.T.);
#5663=EDGE_CURVE('',#6830,#6831,#733,.T.);
#5664=EDGE_CURVE('',#6832,#6831,#734,.T.);
#5665=EDGE_CURVE('',#6833,#6832,#735,.T.);
#5666=EDGE_CURVE('',#6751,#6833,#736,.T.);
#5667=EDGE_CURVE('',#6754,#6752,#737,.T.);
#5668=EDGE_CURVE('',#6760,#6753,#738,.T.);
#5669=EDGE_CURVE('',#6759,#6834,#739,.T.);
#5670=EDGE_CURVE('',#6835,#6834,#740,.T.);
#5671=EDGE_CURVE('',#6809,#6835,#741,.T.);
#5672=EDGE_CURVE('',#6771,#6763,#742,.T.);
#5673=EDGE_CURVE('',#6772,#6764,#743,.T.);
#5674=EDGE_CURVE('',#6767,#6769,#744,.T.);
#5675=EDGE_CURVE('',#6768,#6770,#745,.T.);
#5676=EDGE_CURVE('',#6836,#6837,#746,.T.);
#5677=EDGE_CURVE('',#6838,#6836,#747,.T.);
#5678=EDGE_CURVE('',#6839,#6838,#748,.T.);
#5679=EDGE_CURVE('',#6837,#6839,#749,.T.);
#5680=EDGE_CURVE('',#6840,#6841,#750,.T.);
#5681=EDGE_CURVE('',#6842,#6840,#751,.T.);
#5682=EDGE_CURVE('',#6843,#6842,#752,.T.);
#5683=EDGE_CURVE('',#6843,#6841,#753,.T.);
#5684=EDGE_CURVE('',#6844,#6845,#754,.T.);
#5685=EDGE_CURVE('',#6846,#6844,#755,.T.);
#5686=EDGE_CURVE('',#6847,#6846,#756,.T.);
#5687=EDGE_CURVE('',#6845,#6847,#757,.T.);
#5688=EDGE_CURVE('',#6848,#6849,#758,.T.);
#5689=EDGE_CURVE('',#6850,#6848,#759,.T.);
#5690=EDGE_CURVE('',#6851,#6850,#760,.T.);
#5691=EDGE_CURVE('',#6849,#6851,#761,.T.);
#5692=EDGE_CURVE('',#6852,#6853,#762,.T.);
#5693=EDGE_CURVE('',#6853,#6554,#763,.T.);
#5694=EDGE_CURVE('',#6556,#6852,#764,.T.);
#5695=EDGE_CURVE('',#6854,#6553,#765,.T.);
#5696=EDGE_CURVE('',#6855,#6854,#766,.T.);
#5697=EDGE_CURVE('',#6555,#6855,#767,.T.);
#5698=EDGE_CURVE('',#6856,#6857,#768,.T.);
#5699=EDGE_CURVE('',#6856,#6561,#769,.T.);
#5700=EDGE_CURVE('',#6857,#6562,#770,.T.);
#5701=EDGE_CURVE('',#6559,#6858,#771,.T.);
#5702=EDGE_CURVE('',#6859,#6858,#772,.T.);
#5703=EDGE_CURVE('',#6560,#6859,#773,.T.);
#5704=EDGE_CURVE('',#6558,#6860,#774,.T.);
#5705=EDGE_CURVE('',#6557,#6861,#775,.T.);
#5706=EDGE_CURVE('',#6861,#6860,#776,.T.);
#5707=EDGE_CURVE('',#6862,#6563,#777,.T.);
#5708=EDGE_CURVE('',#6862,#6863,#778,.T.);
#5709=EDGE_CURVE('',#6863,#6564,#779,.T.);
#5710=EDGE_CURVE('',#6570,#6864,#780,.T.);
#5711=EDGE_CURVE('',#6569,#6865,#781,.T.);
#5712=EDGE_CURVE('',#6865,#6864,#782,.T.);
#5713=EDGE_CURVE('',#6571,#6866,#783,.T.);
#5714=EDGE_CURVE('',#6867,#6866,#784,.T.);
#5715=EDGE_CURVE('',#6572,#6867,#785,.T.);
#5716=EDGE_CURVE('',#6868,#6869,#786,.T.);
#5717=EDGE_CURVE('',#6868,#6565,#787,.T.);
#5718=EDGE_CURVE('',#6869,#6566,#788,.T.);
#5719=EDGE_CURVE('',#6870,#6567,#789,.T.);
#5720=EDGE_CURVE('',#6870,#6871,#790,.T.);
#5721=EDGE_CURVE('',#6871,#6568,#791,.T.);
#5722=EDGE_CURVE('',#6872,#6873,#792,.T.);
#5723=EDGE_CURVE('',#6872,#6577,#793,.T.);
#5724=EDGE_CURVE('',#6873,#6578,#794,.T.);
#5725=EDGE_CURVE('',#6576,#6874,#795,.T.);
#5726=EDGE_CURVE('',#6874,#6579,#796,.T.);
#5727=EDGE_CURVE('',#6582,#6875,#797,.T.);
#5728=EDGE_CURVE('',#6876,#6875,#798,.T.);
#5729=EDGE_CURVE('',#6583,#6876,#799,.T.);
#5730=EDGE_CURVE('',#6858,#6856,#800,.T.);
#5731=EDGE_CURVE('',#6859,#6857,#801,.T.);
#5732=EDGE_CURVE('',#6683,#6877,#802,.T.);
#5733=EDGE_CURVE('',#6685,#6878,#803,.T.);
#5734=EDGE_CURVE('',#6878,#6879,#804,.T.);
#5735=EDGE_CURVE('',#6687,#6879,#805,.T.);
#5736=EDGE_CURVE('',#6689,#6880,#806,.T.);
#5737=EDGE_CURVE('',#6880,#6881,#807,.T.);
#5738=EDGE_CURVE('',#6882,#6881,#808,.T.);
#5739=EDGE_CURVE('',#6882,#6883,#809,.T.);
#5740=EDGE_CURVE('',#6884,#6883,#810,.T.);
#5741=EDGE_CURVE('',#6884,#6241,#811,.T.);
#5742=EDGE_CURVE('',#6240,#6885,#812,.T.);
#5743=EDGE_CURVE('',#6885,#6886,#813,.T.);
#5744=EDGE_CURVE('',#6887,#6886,#814,.T.);
#5745=EDGE_CURVE('',#6888,#6887,#815,.T.);
#5746=EDGE_CURVE('',#6876,#6888,#816,.T.);
#5747=EDGE_CURVE('',#6875,#6889,#817,.T.);
#5748=EDGE_CURVE('',#6874,#6889,#818,.T.);
#5749=EDGE_CURVE('',#6575,#6890,#819,.T.);
#5750=EDGE_CURVE('',#6890,#6891,#820,.T.);
#5751=EDGE_CURVE('',#6892,#6891,#821,.T.);
#5752=EDGE_CURVE('',#6892,#6893,#822,.T.);
#5753=EDGE_CURVE('',#6893,#6868,#823,.T.);
#5754=EDGE_CURVE('',#6894,#6869,#824,.T.);
#5755=EDGE_CURVE('',#6894,#6895,#825,.T.);
#5756=EDGE_CURVE('',#6896,#6895,#826,.T.);
#5757=EDGE_CURVE('',#6896,#6897,#827,.T.);
#5758=EDGE_CURVE('',#6898,#6897,#828,.T.);
#5759=EDGE_CURVE('',#6899,#6898,#829,.T.);
#5760=EDGE_CURVE('',#6900,#6899,#830,.T.);
#5761=EDGE_CURVE('',#6901,#6900,#831,.T.);
#5762=EDGE_CURVE('',#6863,#6901,#832,.T.);
#5763=EDGE_CURVE('',#6862,#6902,#833,.T.);
#5764=EDGE_CURVE('',#6903,#6902,#834,.T.);
#5765=EDGE_CURVE('',#6904,#6903,#835,.T.);
#5766=EDGE_CURVE('',#6905,#6904,#836,.T.);
#5767=EDGE_CURVE('',#6905,#6860,#837,.T.);
#5768=EDGE_CURVE('',#6853,#6861,#838,.T.);
#5769=EDGE_CURVE('',#6855,#6852,#839,.T.);
#5770=EDGE_CURVE('',#6906,#6854,#840,.T.);
#5771=EDGE_CURVE('',#6907,#6906,#841,.T.);
#5772=EDGE_CURVE('',#6908,#6907,#842,.T.);
#5773=EDGE_CURVE('',#6908,#6909,#843,.T.);
#5774=EDGE_CURVE('',#6909,#6910,#844,.T.);
#5775=EDGE_CURVE('',#6911,#6910,#845,.T.);
#5776=EDGE_CURVE('',#6912,#6911,#846,.T.);
#5777=EDGE_CURVE('',#6913,#6912,#847,.T.);
#5778=EDGE_CURVE('',#6913,#6914,#848,.T.);
#5779=EDGE_CURVE('',#6245,#6914,#849,.T.);
#5780=EDGE_CURVE('',#6676,#6915,#850,.T.);
#5781=EDGE_CURVE('',#6915,#6681,#851,.T.);
#5782=EDGE_CURVE('',#6916,#6680,#852,.T.);
#5783=EDGE_CURVE('',#6917,#6916,#853,.T.);
#5784=EDGE_CURVE('',#6917,#6669,#854,.T.);
#5785=EDGE_CURVE('',#6918,#6671,#855,.T.);
#5786=EDGE_CURVE('',#6919,#6918,#856,.T.);
#5787=EDGE_CURVE('',#6919,#6675,#857,.T.);
#5788=EDGE_CURVE('',#6920,#6674,#858,.T.);
#5789=EDGE_CURVE('',#6921,#6920,#859,.T.);
#5790=EDGE_CURVE('',#6921,#6922,#860,.T.);
#5791=EDGE_CURVE('',#6665,#6922,#861,.T.);
#5792=EDGE_CURVE('',#6923,#6664,#862,.T.);
#5793=EDGE_CURVE('',#6923,#6924,#863,.T.);
#5794=EDGE_CURVE('',#6924,#6925,#864,.T.);
#5795=EDGE_CURVE('',#6925,#6926,#865,.T.);
#5796=EDGE_CURVE('',#6662,#6926,#866,.T.);
#5797=EDGE_CURVE('',#6660,#6927,#867,.T.);
#5798=EDGE_CURVE('',#6927,#6877,#868,.T.);
#5799=EDGE_CURVE('',#6928,#6929,#869,.T.);
#5800=EDGE_CURVE('',#6928,#6930,#870,.T.);
#5801=EDGE_CURVE('',#6931,#6930,#871,.T.);
#5802=EDGE_CURVE('',#6929,#6931,#872,.T.);
#5803=EDGE_CURVE('',#6870,#6864,#873,.T.);
#5804=EDGE_CURVE('',#6871,#6865,#874,.T.);
#5805=EDGE_CURVE('',#6866,#6872,#875,.T.);
#5806=EDGE_CURVE('',#6867,#6873,#876,.T.);
#5807=EDGE_CURVE('',#6932,#6933,#877,.T.);
#5808=EDGE_CURVE('',#6934,#6932,#878,.T.);
#5809=EDGE_CURVE('',#6935,#6934,#879,.T.);
#5810=EDGE_CURVE('',#6933,#6935,#880,.T.);
#5811=EDGE_CURVE('',#6936,#6937,#881,.T.);
#5812=EDGE_CURVE('',#6936,#6938,#882,.T.);
#5813=EDGE_CURVE('',#6939,#6938,#883,.T.);
#5814=EDGE_CURVE('',#6939,#6937,#884,.T.);
#5815=EDGE_CURVE('',#6940,#6941,#885,.T.);
#5816=EDGE_CURVE('',#6942,#6940,#886,.T.);
#5817=EDGE_CURVE('',#6943,#6942,#887,.T.);
#5818=EDGE_CURVE('',#6941,#6943,#888,.T.);
#5819=EDGE_CURVE('',#6944,#6945,#889,.T.);
#5820=EDGE_CURVE('',#6944,#6946,#890,.T.);
#5821=EDGE_CURVE('',#6946,#6947,#891,.T.);
#5822=EDGE_CURVE('',#6947,#6945,#892,.T.);
#5823=EDGE_CURVE('',#6948,#6949,#893,.T.);
#5824=EDGE_CURVE('',#6950,#6948,#894,.T.);
#5825=EDGE_CURVE('',#6951,#6950,#895,.T.);
#5826=EDGE_CURVE('',#6949,#6951,#896,.T.);
#5827=EDGE_CURVE('',#6425,#6480,#7108,.T.);
#5828=EDGE_CURVE('',#6481,#6448,#7109,.T.);
#5829=EDGE_CURVE('',#6952,#6952,#7110,.T.);
#5830=EDGE_CURVE('',#6953,#6953,#7111,.T.);
#5831=EDGE_CURVE('',#6954,#6955,#897,.T.);
#5832=EDGE_CURVE('',#6956,#6954,#898,.T.);
#5833=EDGE_CURVE('',#6957,#6956,#899,.T.);
#5834=EDGE_CURVE('',#6957,#6958,#900,.T.);
#5835=EDGE_CURVE('',#6958,#6959,#901,.T.);
#5836=EDGE_CURVE('',#6960,#6959,#902,.T.);
#5837=EDGE_CURVE('',#6961,#6960,#903,.T.);
#5838=EDGE_CURVE('',#6961,#6955,#904,.T.);
#5839=EDGE_CURVE('',#6962,#6963,#905,.T.);
#5840=EDGE_CURVE('',#6962,#6964,#906,.T.);
#5841=EDGE_CURVE('',#6965,#6964,#907,.T.);
#5842=EDGE_CURVE('',#6965,#6966,#908,.T.);
#5843=EDGE_CURVE('',#6967,#6966,#909,.T.);
#5844=EDGE_CURVE('',#6968,#6967,#910,.T.);
#5845=EDGE_CURVE('',#6968,#6969,#911,.T.);
#5846=EDGE_CURVE('',#6963,#6969,#912,.T.);
#5847=EDGE_CURVE('',#6970,#6971,#913,.T.);
#5848=EDGE_CURVE('',#6972,#6970,#914,.T.);
#5849=EDGE_CURVE('',#6973,#6972,#915,.T.);
#5850=EDGE_CURVE('',#6973,#6974,#916,.T.);
#5851=EDGE_CURVE('',#6975,#6974,#917,.T.);
#5852=EDGE_CURVE('',#6975,#6976,#918,.T.);
#5853=EDGE_CURVE('',#6976,#6977,#919,.T.);
#5854=EDGE_CURVE('',#6977,#6971,#920,.T.);
#5855=EDGE_CURVE('',#6978,#6911,#921,.T.);
#5856=EDGE_CURVE('',#6979,#6978,#922,.T.);
#5857=EDGE_CURVE('',#6979,#6912,#923,.T.);
#5858=EDGE_CURVE('',#6980,#6981,#924,.T.);
#5859=EDGE_CURVE('',#6980,#6982,#925,.T.);
#5860=EDGE_CURVE('',#6983,#6982,#926,.T.);
#5861=EDGE_CURVE('',#6979,#6983,#927,.T.);
#5862=EDGE_CURVE('',#6978,#6984,#928,.T.);
#5863=EDGE_CURVE('',#6985,#6984,#929,.T.);
#5864=EDGE_CURVE('',#6981,#6985,#930,.T.);
#5865=EDGE_CURVE('',#6986,#6987,#931,.T.);
#5866=EDGE_CURVE('',#6986,#6988,#932,.T.);
#5867=EDGE_CURVE('',#6989,#6988,#933,.T.);
#5868=EDGE_CURVE('',#6989,#6990,#934,.T.);
#5869=EDGE_CURVE('',#6991,#6990,#935,.T.);
#5870=EDGE_CURVE('',#6992,#6991,#936,.T.);
#5871=EDGE_CURVE('',#6993,#6992,#937,.T.);
#5872=EDGE_CURVE('',#6987,#6993,#938,.T.);
#5873=EDGE_CURVE('',#6994,#6995,#939,.T.);
#5874=EDGE_CURVE('',#6996,#6994,#940,.T.);
#5875=EDGE_CURVE('',#6997,#6996,#941,.T.);
#5876=EDGE_CURVE('',#6998,#6997,#942,.T.);
#5877=EDGE_CURVE('',#6999,#6998,#943,.T.);
#5878=EDGE_CURVE('',#6999,#7000,#944,.T.);
#5879=EDGE_CURVE('',#7000,#7001,#945,.T.);
#5880=EDGE_CURVE('',#7001,#6995,#946,.T.);
#5881=EDGE_CURVE('',#6960,#6983,#947,.T.);
#5882=EDGE_CURVE('',#6959,#6827,#948,.T.);
#5883=EDGE_CURVE('',#6826,#6913,#949,.T.);
#5884=EDGE_CURVE('',#6359,#6885,#7112,.T.);
#5885=EDGE_CURVE('',#6914,#6300,#7113,.T.);
#5886=EDGE_CURVE('',#6301,#6825,#7114,.T.);
#5887=EDGE_CURVE('',#6824,#6358,#7115,.T.);
#5888=EDGE_CURVE('',#6639,#6426,#7116,.T.);
#5889=EDGE_CURVE('',#6449,#6640,#7117,.T.);
#5890=EDGE_CURVE('',#6887,#6544,#950,.T.);
#5891=EDGE_CURVE('',#6886,#6823,#951,.T.);
#5892=EDGE_CURVE('',#7002,#7002,#7118,.F.);
#5893=EDGE_CURVE('',#7003,#7003,#7119,.F.);
#5894=EDGE_CURVE('',#7004,#7004,#7120,.F.);
#5895=EDGE_CURVE('',#7005,#7005,#7121,.F.);
#5896=EDGE_CURVE('',#7006,#7006,#7122,.F.);
#5897=EDGE_CURVE('',#7007,#7007,#7123,.F.);
#5898=EDGE_CURVE('',#7008,#7008,#7124,.T.);
#5899=EDGE_CURVE('',#7009,#7009,#7125,.T.);
#5900=EDGE_CURVE('',#7010,#7010,#7126,.T.);
#5901=EDGE_CURVE('',#7011,#7011,#7127,.T.);
#5902=EDGE_CURVE('',#7012,#7012,#7128,.T.);
#5903=EDGE_CURVE('',#7013,#7013,#7129,.T.);
#5904=EDGE_CURVE('',#7014,#7015,#7130,.T.);
#5905=EDGE_CURVE('',#6743,#7015,#952,.T.);
#5906=EDGE_CURVE('',#6744,#7016,#953,.T.);
#5907=EDGE_CURVE('',#7016,#7017,#7131,.T.);
#5908=EDGE_CURVE('',#6723,#7017,#954,.T.);
#5909=EDGE_CURVE('',#6722,#7014,#955,.T.);
#5910=EDGE_CURVE('',#7018,#6708,#956,.T.);
#5911=EDGE_CURVE('',#7019,#7018,#7132,.T.);
#5912=EDGE_CURVE('',#7019,#6693,#957,.T.);
#5913=EDGE_CURVE('',#7020,#6694,#958,.T.);
#5914=EDGE_CURVE('',#7021,#7020,#7133,.T.);
#5915=EDGE_CURVE('',#7021,#6709,#959,.T.);
#5916=EDGE_CURVE('',#6702,#6884,#960,.T.);
#5917=EDGE_CURVE('',#6741,#6783,#961,.T.);
#5918=EDGE_CURVE('',#6782,#6742,#962,.F.);
#5919=EDGE_CURVE('',#6735,#6791,#963,.T.);
#5920=EDGE_CURVE('',#6543,#6843,#964,.T.);
#5921=EDGE_CURVE('',#6973,#6842,#965,.T.);
#5922=EDGE_CURVE('',#6972,#6814,#966,.T.);
#5923=EDGE_CURVE('',#6965,#6813,#967,.T.);
#5924=EDGE_CURVE('',#6964,#6851,#968,.T.);
#5925=EDGE_CURVE('',#6961,#6850,#969,.T.);
#5926=EDGE_CURVE('',#6982,#6951,#970,.T.);
#5927=EDGE_CURVE('',#6989,#6950,#971,.T.);
#5928=EDGE_CURVE('',#6988,#6898,#972,.T.);
#5929=EDGE_CURVE('',#6997,#6897,#973,.T.);
#5930=EDGE_CURVE('',#6996,#6939,#974,.T.);
#5931=EDGE_CURVE('',#6585,#6938,#975,.T.);
#5932=EDGE_CURVE('',#6584,#6888,#976,.T.);
#5933=EDGE_CURVE('',#7022,#7022,#7134,.T.);
#5934=EDGE_CURVE('',#7023,#7023,#7135,.T.);
#5935=EDGE_CURVE('',#7024,#7024,#7136,.T.);
#5936=EDGE_CURVE('',#7025,#7025,#7137,.T.);
#5937=EDGE_CURVE('',#7026,#7026,#7138,.T.);
#5938=EDGE_CURVE('',#7027,#7027,#7139,.T.);
#5939=EDGE_CURVE('',#6614,#6798,#977,.T.);
#5940=EDGE_CURVE('',#6615,#6797,#978,.T.);
#5941=EDGE_CURVE('',#6796,#6616,#979,.T.);
#5942=EDGE_CURVE('',#6799,#6612,#980,.T.);
#5943=EDGE_CURVE('',#6831,#6954,#981,.T.);
#5944=EDGE_CURVE('',#6956,#6830,#982,.T.);
#5945=EDGE_CURVE('',#6957,#6829,#983,.T.);
#5946=EDGE_CURVE('',#6848,#6955,#984,.T.);
#5947=EDGE_CURVE('',#6958,#6828,#985,.T.);
#5948=EDGE_CURVE('',#7028,#6967,#986,.T.);
#5949=EDGE_CURVE('',#7029,#7028,#987,.T.);
#5950=EDGE_CURVE('',#6968,#7029,#988,.T.);
#5951=EDGE_CURVE('',#7029,#7030,#989,.T.);
#5952=EDGE_CURVE('',#6969,#7030,#990,.T.);
#5953=EDGE_CURVE('',#6812,#6966,#991,.T.);
#5954=EDGE_CURVE('',#6962,#6849,#992,.T.);
#5955=EDGE_CURVE('',#6963,#7031,#993,.T.);
#5956=EDGE_CURVE('',#7031,#7030,#994,.T.);
#5957=EDGE_CURVE('',#6840,#6974,#995,.T.);
#5958=EDGE_CURVE('',#6815,#6970,#996,.T.);
#5959=EDGE_CURVE('',#6975,#6837,#997,.T.);
#5960=EDGE_CURVE('',#6976,#6839,#998,.T.);
#5961=EDGE_CURVE('',#6977,#6838,#999,.T.);
#5962=EDGE_CURVE('',#6836,#6971,#1000,.T.);
#5963=EDGE_CURVE('',#6841,#6541,#1001,.T.);
#5964=EDGE_CURVE('',#6550,#6846,#1002,.T.);
#5965=EDGE_CURVE('',#6549,#6847,#1003,.T.);
#5966=EDGE_CURVE('',#6844,#6542,#1004,.T.);
#5967=EDGE_CURVE('',#6548,#6845,#1005,.T.);
#5968=EDGE_CURVE('',#7031,#7028,#1006,.T.);
#5969=EDGE_CURVE('',#6980,#6949,#1007,.T.);
#5970=EDGE_CURVE('',#6985,#6909,#1008,.T.);
#5971=EDGE_CURVE('',#6984,#6910,#1009,.T.);
#5972=EDGE_CURVE('',#6981,#6908,#1010,.T.);
#5973=EDGE_CURVE('',#6987,#6944,#1011,.T.);
#5974=EDGE_CURVE('',#6993,#6946,#1012,.T.);
#5975=EDGE_CURVE('',#6945,#6991,#1013,.T.);
#5976=EDGE_CURVE('',#6992,#6947,#1014,.T.);
#5977=EDGE_CURVE('',#6948,#6990,#1015,.T.);
#5978=EDGE_CURVE('',#6986,#6899,#1016,.T.);
#5979=EDGE_CURVE('',#7001,#6942,#1017,.T.);
#5980=EDGE_CURVE('',#7000,#6943,#1018,.T.);
#5981=EDGE_CURVE('',#6940,#6995,#1019,.T.);
#5982=EDGE_CURVE('',#6937,#6994,#1020,.T.);
#5983=EDGE_CURVE('',#6998,#6896,#1021,.T.);
#5984=EDGE_CURVE('',#6999,#6941,#1022,.T.);
#5985=EDGE_CURVE('',#6586,#6936,#1023,.T.);
#5986=EDGE_CURVE('',#6589,#6934,#1024,.T.);
#5987=EDGE_CURVE('',#6588,#6935,#1025,.T.);
#5988=EDGE_CURVE('',#6932,#6581,#1026,.T.);
#5989=EDGE_CURVE('',#6587,#6933,#1027,.T.);
#5990=EDGE_CURVE('',#6482,#6700,#1028,.T.);
#5991=EDGE_CURVE('',#6483,#6915,#1029,.T.);
#5992=EDGE_CURVE('',#6484,#6701,#1030,.T.);
#5993=EDGE_CURVE('',#6485,#6880,#1031,.T.);
#5994=EDGE_CURVE('',#6486,#6706,#1032,.T.);
#5995=EDGE_CURVE('',#6492,#6881,#1033,.T.);
#5996=EDGE_CURVE('',#6491,#6882,#1034,.T.);
#5997=EDGE_CURVE('',#6490,#6883,#1035,.T.);
#5998=EDGE_CURVE('',#6489,#6703,#1036,.T.);
#5999=EDGE_CURVE('',#6488,#6704,#1037,.T.);
#6000=EDGE_CURVE('',#6487,#6705,#1038,.T.);
#6001=EDGE_CURVE('',#6479,#6900,#1039,.T.);
#6002=EDGE_CURVE('',#6477,#6907,#1040,.T.);
#6003=EDGE_CURVE('',#6478,#6901,#1041,.T.);
#6004=EDGE_CURVE('',#6476,#6906,#1042,.T.);
#6005=EDGE_CURVE('',#6494,#6580,#1043,.T.);
#6006=EDGE_CURVE('',#6493,#6895,#1044,.T.);
#6007=EDGE_CURVE('',#6496,#6889,#1045,.T.);
#6008=EDGE_CURVE('',#6495,#6894,#1046,.T.);
#6009=EDGE_CURVE('',#6463,#6925,#1047,.T.);
#6010=EDGE_CURVE('',#6460,#6924,#1048,.T.);
#6011=EDGE_CURVE('',#6462,#6926,#1049,.T.);
#6012=EDGE_CURVE('',#6461,#6923,#1050,.T.);
#6013=EDGE_CURVE('',#6497,#6890,#1051,.T.);
#6014=EDGE_CURVE('',#6498,#6893,#1052,.T.);
#6015=EDGE_CURVE('',#6500,#6891,#1053,.T.);
#6016=EDGE_CURVE('',#6499,#6892,#1054,.T.);
#6017=EDGE_CURVE('',#6504,#6918,#1055,.T.);
#6018=EDGE_CURVE('',#6502,#6697,#1056,.T.);
#6019=EDGE_CURVE('',#6503,#6919,#1057,.T.);
#6020=EDGE_CURVE('',#6501,#6696,#1058,.T.);
#6021=EDGE_CURVE('',#6458,#6879,#1059,.T.);
#6022=EDGE_CURVE('',#6459,#6878,#1060,.T.);
#6023=EDGE_CURVE('',#6457,#6707,#1061,.T.);
#6024=EDGE_CURVE('',#6455,#7032,#1062,.F.);
#6025=EDGE_CURVE('',#7021,#7032,#1063,.T.);
#6026=EDGE_CURVE('',#7033,#6456,#1064,.T.);
#6027=EDGE_CURVE('',#7033,#7020,#1065,.T.);
#6028=EDGE_CURVE('',#6511,#6916,#1066,.T.);
#6029=EDGE_CURVE('',#6509,#6699,#1067,.T.);
#6030=EDGE_CURVE('',#6510,#6917,#1068,.T.);
#6031=EDGE_CURVE('',#6508,#6698,#1069,.T.);
#6032=EDGE_CURVE('',#6513,#6931,#1070,.T.);
#6033=EDGE_CURVE('',#6512,#6930,#1071,.T.);
#6034=EDGE_CURVE('',#6515,#6929,#1072,.T.);
#6035=EDGE_CURVE('',#6514,#6928,#1073,.T.);
#6036=EDGE_CURVE('',#6475,#6904,#1074,.T.);
#6037=EDGE_CURVE('',#6473,#6903,#1075,.T.);
#6038=EDGE_CURVE('',#6474,#6905,#1076,.T.);
#6039=EDGE_CURVE('',#6472,#6902,#1077,.T.);
#6040=EDGE_CURVE('',#6471,#6920,#1078,.T.);
#6041=EDGE_CURVE('',#6469,#6695,#1079,.T.);
#6042=EDGE_CURVE('',#6470,#6921,#1080,.T.);
#6043=EDGE_CURVE('',#6468,#6922,#1081,.T.);
#6044=EDGE_CURVE('',#6464,#7034,#1082,.F.);
#6045=EDGE_CURVE('',#6467,#6927,#1083,.T.);
#6046=EDGE_CURVE('',#7019,#7034,#1084,.T.);
#6047=EDGE_CURVE('',#6466,#6877,#1085,.T.);
#6048=EDGE_CURVE('',#6465,#7035,#1086,.F.);
#6049=EDGE_CURVE('',#7018,#7035,#1087,.T.);
#6050=EDGE_CURVE('',#6792,#6637,#1088,.T.);
#6051=EDGE_CURVE('',#6793,#6636,#1089,.T.);
#6052=EDGE_CURVE('',#6732,#6638,#1090,.T.);
#6053=EDGE_CURVE('',#6800,#6613,#1091,.T.);
#6054=EDGE_CURVE('',#6801,#6619,#1092,.T.);
#6055=EDGE_CURVE('',#6725,#6618,#1093,.T.);
#6056=EDGE_CURVE('',#6726,#6617,#1094,.T.);
#6057=EDGE_CURVE('',#6832,#6643,#1095,.T.);
#6058=EDGE_CURVE('',#6833,#6641,#1096,.T.);
#6059=EDGE_CURVE('',#6810,#6642,#1097,.T.);
#6060=EDGE_CURVE('',#6811,#6644,#1098,.T.);
#6061=EDGE_CURVE('',#6816,#6646,#1099,.T.);
#6062=EDGE_CURVE('',#6817,#6645,#1100,.T.);
#6063=EDGE_CURVE('',#6822,#6648,#1101,.T.);
#6064=EDGE_CURVE('',#6547,#6647,#1102,.T.);
#6065=EDGE_CURVE('',#6780,#6610,#1103,.T.);
#6066=EDGE_CURVE('',#6781,#6609,#1104,.T.);
#6067=EDGE_CURVE('',#6778,#6608,#1105,.T.);
#6068=EDGE_CURVE('',#6779,#6607,#1106,.T.);
#6069=EDGE_CURVE('',#6818,#6650,#1107,.T.);
#6070=EDGE_CURVE('',#6819,#6649,#1108,.T.);
#6071=EDGE_CURVE('',#6820,#6652,#1109,.T.);
#6072=EDGE_CURVE('',#6821,#6651,#1110,.T.);
#6073=EDGE_CURVE('',#6739,#6633,#1111,.T.);
#6074=EDGE_CURVE('',#6787,#6632,#1112,.T.);
#6075=EDGE_CURVE('',#6788,#6635,#1113,.T.);
#6076=EDGE_CURVE('',#6738,#6634,#1114,.T.);
#6077=EDGE_CURVE('',#7036,#6603,#1115,.T.);
#6078=EDGE_CURVE('',#7036,#7016,#1116,.T.);
#6079=EDGE_CURVE('',#6803,#6604,#1117,.T.);
#6080=EDGE_CURVE('',#6724,#6606,#1118,.T.);
#6081=EDGE_CURVE('',#6802,#6605,#1119,.T.);
#6082=EDGE_CURVE('',#6602,#7037,#1120,.F.);
#6083=EDGE_CURVE('',#7017,#7037,#1121,.T.);
#6084=EDGE_CURVE('',#6794,#6655,#1122,.T.);
#6085=EDGE_CURVE('',#6795,#6654,#1123,.T.);
#6086=EDGE_CURVE('',#6729,#6653,#1124,.T.);
#6087=EDGE_CURVE('',#6737,#6629,#1125,.T.);
#6088=EDGE_CURVE('',#6789,#6628,#1126,.T.);
#6089=EDGE_CURVE('',#6790,#6631,#1127,.T.);
#6090=EDGE_CURVE('',#6736,#6630,#1128,.T.);
#6091=EDGE_CURVE('',#6804,#6657,#1129,.T.);
#6092=EDGE_CURVE('',#6806,#6656,#1130,.T.);
#6093=EDGE_CURVE('',#6807,#6659,#1131,.T.);
#6094=EDGE_CURVE('',#6805,#6658,#1132,.T.);
#6095=EDGE_CURVE('',#6809,#6626,#1133,.T.);
#6096=EDGE_CURVE('',#6808,#6625,#1134,.T.);
#6097=EDGE_CURVE('',#6834,#6624,#1135,.T.);
#6098=EDGE_CURVE('',#6835,#6627,#1136,.T.);
#6099=EDGE_CURVE('',#6740,#6622,#1137,.T.);
#6100=EDGE_CURVE('',#6784,#6621,#1138,.T.);
#6101=EDGE_CURVE('',#6785,#6620,#1139,.T.);
#6102=EDGE_CURVE('',#6786,#6623,#1140,.T.);
#6103=EDGE_CURVE('',#7038,#7015,#1141,.T.);
#6104=EDGE_CURVE('',#7038,#6598,#1142,.T.);
#6105=EDGE_CURVE('',#6776,#6599,#1143,.T.);
#6106=EDGE_CURVE('',#6777,#6601,#1144,.T.);
#6107=EDGE_CURVE('',#7039,#6600,#1145,.T.);
#6108=EDGE_CURVE('',#7039,#7014,#1146,.T.);
#6109=EDGE_CURVE('',#6506,#6692,#1147,.T.);
#6110=EDGE_CURVE('',#6507,#6691,#1148,.T.);
#6111=EDGE_CURVE('',#6505,#6690,#1149,.T.);
#6112=EDGE_CURVE('',#7034,#7035,#7140,.T.);
#6113=EDGE_CURVE('',#7032,#7033,#7141,.T.);
#6114=EDGE_CURVE('',#7038,#7039,#7142,.T.);
#6115=EDGE_CURVE('',#7037,#7036,#7143,.T.);
#6116=EDGE_CURVE('',#7040,#7040,#7144,.T.);
#6117=EDGE_CURVE('',#7041,#7041,#7145,.T.);
#6118=EDGE_CURVE('',#7042,#7042,#7146,.T.);
#6119=EDGE_CURVE('',#7043,#7043,#7147,.T.);
#6120=EDGE_CURVE('',#6447,#6299,#1150,.T.);
#6121=EDGE_CURVE('',#6298,#6445,#1151,.T.);
#6122=EDGE_CURVE('',#6446,#6297,#1152,.T.);
#6123=EDGE_CURVE('',#6323,#6431,#1153,.T.);
#6124=EDGE_CURVE('',#6324,#6430,#1154,.T.);
#6125=EDGE_CURVE('',#6432,#6322,#1155,.T.);
#6126=EDGE_CURVE('',#6312,#6435,#1156,.T.);
#6127=EDGE_CURVE('',#6311,#6434,#1157,.T.);
#6128=EDGE_CURVE('',#6429,#6289,#1158,.F.);
#6129=EDGE_CURVE('',#6318,#6437,#1159,.T.);
#6130=EDGE_CURVE('',#6317,#6438,#1160,.T.);
#6131=EDGE_CURVE('',#6439,#6321,#1161,.T.);
#6132=EDGE_CURVE('',#6320,#6440,#1162,.T.);
#6133=EDGE_CURVE('',#6442,#6296,#1163,.T.);
#6134=EDGE_CURVE('',#6295,#6443,#1164,.T.);
#6135=EDGE_CURVE('',#6294,#6444,#1165,.T.);
#6136=EDGE_CURVE('',#6441,#6293,#1166,.T.);
#6137=EDGE_CURVE('',#6452,#6292,#1167,.T.);
#6138=EDGE_CURVE('',#6291,#6453,#1168,.T.);
#6139=EDGE_CURVE('',#6290,#6450,#1169,.T.);
#6140=EDGE_CURVE('',#6451,#6288,#1170,.F.);
#6141=EDGE_CURVE('',#6424,#6357,#1171,.T.);
#6142=EDGE_CURVE('',#6422,#6356,#1172,.T.);
#6143=EDGE_CURVE('',#6423,#6355,#1173,.T.);
#6144=EDGE_CURVE('',#6404,#6381,#1174,.T.);
#6145=EDGE_CURVE('',#6403,#6382,#1175,.T.);
#6146=EDGE_CURVE('',#6402,#6347,#1176,.F.);
#6147=EDGE_CURVE('',#6369,#6412,#1177,.T.);
#6148=EDGE_CURVE('',#6413,#6370,#1178,.T.);
#6149=EDGE_CURVE('',#6405,#6380,#1179,.T.);
#6150=EDGE_CURVE('',#6196,#6400,#1180,.T.);
#6151=EDGE_CURVE('',#6401,#6198,#1181,.T.);
#6152=EDGE_CURVE('',#6376,#6414,#1182,.T.);
#6153=EDGE_CURVE('',#6415,#6375,#1183,.T.);
#6154=EDGE_CURVE('',#6416,#6379,#1184,.T.);
#6155=EDGE_CURVE('',#6417,#6378,#1185,.T.);
#6156=EDGE_CURVE('',#6419,#6351,#1186,.T.);
#6157=EDGE_CURVE('',#6418,#6352,#1187,.T.);
#6158=EDGE_CURVE('',#6420,#6354,#1188,.T.);
#6159=EDGE_CURVE('',#6421,#6353,#1189,.T.);
#6160=EDGE_CURVE('',#6407,#6346,#1190,.F.);
#6161=EDGE_CURVE('',#6406,#6348,#1191,.T.);
#6162=EDGE_CURVE('',#6408,#6350,#1192,.T.);
#6163=EDGE_CURVE('',#6409,#6349,#1193,.T.);
#6164=EDGE_CURVE('',#6210,#6427,#1194,.T.);
#6165=EDGE_CURVE('',#6428,#6212,#1195,.T.);
#6166=EDGE_CURVE('',#7044,#6237,#1196,.T.);
#6167=EDGE_CURVE('',#7044,#6376,#1197,.T.);
#6168=EDGE_CURVE('',#7045,#6236,#1198,.T.);
#6169=EDGE_CURVE('',#7045,#6342,#1199,.T.);
#6170=EDGE_CURVE('',#7046,#7044,#1200,.T.);
#6171=EDGE_CURVE('',#7046,#6377,#1201,.T.);
#6172=EDGE_CURVE('',#7045,#7046,#1202,.T.);
#6173=EDGE_CURVE('',#7047,#6229,#1203,.T.);
#6174=EDGE_CURVE('',#7047,#6318,#1204,.T.);
#6175=EDGE_CURVE('',#7048,#7047,#1205,.T.);
#6176=EDGE_CURVE('',#7048,#6319,#1206,.T.);
#6177=EDGE_CURVE('',#7049,#7048,#1207,.T.);
#6178=EDGE_CURVE('',#7049,#6284,#1208,.T.);
#6179=EDGE_CURVE('',#7049,#6228,#1209,.T.);
#6180=EDGE_CURVE('',#6248,#6274,#1210,.T.);
#6181=EDGE_CURVE('',#6250,#6272,#1211,.T.);
#6182=EDGE_CURVE('',#6249,#6273,#1212,.T.);
#6183=EDGE_CURVE('',#6251,#6277,#1213,.T.);
#6184=EDGE_CURVE('',#6253,#6276,#1214,.T.);
#6185=EDGE_CURVE('',#6252,#6275,#1215,.T.);
#6186=EDGE_CURVE('',#6254,#6280,#1216,.T.);
#6187=EDGE_CURVE('',#6256,#6278,#1217,.T.);
#6188=EDGE_CURVE('',#6255,#6279,#1218,.T.);
#6189=EDGE_CURVE('',#6258,#6283,#1219,.T.);
#6190=EDGE_CURVE('',#6259,#6281,#1220,.T.);
#6191=EDGE_CURVE('',#6257,#6282,#1221,.T.);
#6192=EDGE_CURVE('',#7050,#7050,#7148,.T.);
#6193=EDGE_CURVE('',#7051,#7051,#7149,.T.);
#6194=EDGE_CURVE('',#7052,#7052,#7150,.T.);
#6195=EDGE_CURVE('',#7053,#7053,#7151,.T.);
#6196=VERTEX_POINT('',#11597);
#6197=VERTEX_POINT('',#11598);
#6198=VERTEX_POINT('',#11600);
#6199=VERTEX_POINT('',#11602);
#6200=VERTEX_POINT('',#11606);
#6201=VERTEX_POINT('',#11607);
#6202=VERTEX_POINT('',#11609);
#6203=VERTEX_POINT('',#11611);
#6204=VERTEX_POINT('',#11615);
#6205=VERTEX_POINT('',#11616);
#6206=VERTEX_POINT('',#11618);
#6207=VERTEX_POINT('',#11620);
#6208=VERTEX_POINT('',#11624);
#6209=VERTEX_POINT('',#11626);
#6210=VERTEX_POINT('',#11630);
#6211=VERTEX_POINT('',#11631);
#6212=VERTEX_POINT('',#11633);
#6213=VERTEX_POINT('',#11635);
#6214=VERTEX_POINT('',#11639);
#6215=VERTEX_POINT('',#11640);
#6216=VERTEX_POINT('',#11642);
#6217=VERTEX_POINT('',#11644);
#6218=VERTEX_POINT('',#11648);
#6219=VERTEX_POINT('',#11649);
#6220=VERTEX_POINT('',#11651);
#6221=VERTEX_POINT('',#11653);
#6222=VERTEX_POINT('',#11657);
#6223=VERTEX_POINT('',#11659);
#6224=VERTEX_POINT('',#11663);
#6225=VERTEX_POINT('',#11665);
#6226=VERTEX_POINT('',#11667);
#6227=VERTEX_POINT('',#11669);
#6228=VERTEX_POINT('',#11671);
#6229=VERTEX_POINT('',#11672);
#6230=VERTEX_POINT('',#11674);
#6231=VERTEX_POINT('',#11676);
#6232=VERTEX_POINT('',#11678);
#6233=VERTEX_POINT('',#11680);
#6234=VERTEX_POINT('',#11682);
#6235=VERTEX_POINT('',#11684);
#6236=VERTEX_POINT('',#11686);
#6237=VERTEX_POINT('',#11688);
#6238=VERTEX_POINT('',#11690);
#6239=VERTEX_POINT('',#11692);
#6240=VERTEX_POINT('',#11694);
#6241=VERTEX_POINT('',#11696);
#6242=VERTEX_POINT('',#11698);
#6243=VERTEX_POINT('',#11700);
#6244=VERTEX_POINT('',#11702);
#6245=VERTEX_POINT('',#11704);
#6246=VERTEX_POINT('',#11706);
#6247=VERTEX_POINT('',#11708);
#6248=VERTEX_POINT('',#11711);
#6249=VERTEX_POINT('',#11712);
#6250=VERTEX_POINT('',#11714);
#6251=VERTEX_POINT('',#11717);
#6252=VERTEX_POINT('',#11718);
#6253=VERTEX_POINT('',#11720);
#6254=VERTEX_POINT('',#11723);
#6255=VERTEX_POINT('',#11724);
#6256=VERTEX_POINT('',#11726);
#6257=VERTEX_POINT('',#11729);
#6258=VERTEX_POINT('',#11730);
#6259=VERTEX_POINT('',#11732);
#6260=VERTEX_POINT('',#11736);
#6261=VERTEX_POINT('',#11737);
#6262=VERTEX_POINT('',#11739);
#6263=VERTEX_POINT('',#11741);
#6264=VERTEX_POINT('',#11743);
#6265=VERTEX_POINT('',#11745);
#6266=VERTEX_POINT('',#11747);
#6267=VERTEX_POINT('',#11749);
#6268=VERTEX_POINT('',#11752);
#6269=VERTEX_POINT('',#11754);
#6270=VERTEX_POINT('',#11756);
#6271=VERTEX_POINT('',#11758);
#6272=VERTEX_POINT('',#11760);
#6273=VERTEX_POINT('',#11761);
#6274=VERTEX_POINT('',#11763);
#6275=VERTEX_POINT('',#11766);
#6276=VERTEX_POINT('',#11767);
#6277=VERTEX_POINT('',#11769);
#6278=VERTEX_POINT('',#11772);
#6279=VERTEX_POINT('',#11773);
#6280=VERTEX_POINT('',#11775);
#6281=VERTEX_POINT('',#11778);
#6282=VERTEX_POINT('',#11779);
#6283=VERTEX_POINT('',#11781);
#6284=VERTEX_POINT('',#11785);
#6285=VERTEX_POINT('',#11786);
#6286=VERTEX_POINT('',#11788);
#6287=VERTEX_POINT('',#11790);
#6288=VERTEX_POINT('',#11794);
#6289=VERTEX_POINT('',#11795);
#6290=VERTEX_POINT('',#11797);
#6291=VERTEX_POINT('',#11799);
#6292=VERTEX_POINT('',#11801);
#6293=VERTEX_POINT('',#11803);
#6294=VERTEX_POINT('',#11805);
#6295=VERTEX_POINT('',#11807);
#6296=VERTEX_POINT('',#11809);
#6297=VERTEX_POINT('',#11811);
#6298=VERTEX_POINT('',#11813);
#6299=VERTEX_POINT('',#11815);
#6300=VERTEX_POINT('',#11818);
#6301=VERTEX_POINT('',#11820);
#6302=VERTEX_POINT('',#11823);
#6303=VERTEX_POINT('',#11825);
#6304=VERTEX_POINT('',#11827);
#6305=VERTEX_POINT('',#11829);
#6306=VERTEX_POINT('',#11831);
#6307=VERTEX_POINT('',#11833);
#6308=VERTEX_POINT('',#11835);
#6309=VERTEX_POINT('',#11837);
#6310=VERTEX_POINT('',#11839);
#6311=VERTEX_POINT('',#11842);
#6312=VERTEX_POINT('',#11844);
#6313=VERTEX_POINT('',#11846);
#6314=VERTEX_POINT('',#11848);
#6315=VERTEX_POINT('',#11850);
#6316=VERTEX_POINT('',#11852);
#6317=VERTEX_POINT('',#11854);
#6318=VERTEX_POINT('',#11856);
#6319=VERTEX_POINT('',#11858);
#6320=VERTEX_POINT('',#11861);
#6321=VERTEX_POINT('',#11863);
#6322=VERTEX_POINT('',#11865);
#6323=VERTEX_POINT('',#11867);
#6324=VERTEX_POINT('',#11869);
#6325=VERTEX_POINT('',#11873);
#6326=VERTEX_POINT('',#11874);
#6327=VERTEX_POINT('',#11879);
#6328=VERTEX_POINT('',#11883);
#6329=VERTEX_POINT('',#11884);
#6330=VERTEX_POINT('',#11889);
#6331=VERTEX_POINT('',#11891);
#6332=VERTEX_POINT('',#11895);
#6333=VERTEX_POINT('',#11897);
#6334=VERTEX_POINT('',#11901);
#6335=VERTEX_POINT('',#11902);
#6336=VERTEX_POINT('',#11907);
#6337=VERTEX_POINT('',#11909);
#6338=VERTEX_POINT('',#11913);
#6339=VERTEX_POINT('',#11915);
#6340=VERTEX_POINT('',#11919);
#6341=VERTEX_POINT('',#11920);
#6342=VERTEX_POINT('',#11925);
#6343=VERTEX_POINT('',#11926);
#6344=VERTEX_POINT('',#11928);
#6345=VERTEX_POINT('',#11930);
#6346=VERTEX_POINT('',#11934);
#6347=VERTEX_POINT('',#11935);
#6348=VERTEX_POINT('',#11937);
#6349=VERTEX_POINT('',#11939);
#6350=VERTEX_POINT('',#11941);
#6351=VERTEX_POINT('',#11943);
#6352=VERTEX_POINT('',#11945);
#6353=VERTEX_POINT('',#11947);
#6354=VERTEX_POINT('',#11949);
#6355=VERTEX_POINT('',#11951);
#6356=VERTEX_POINT('',#11953);
#6357=VERTEX_POINT('',#11955);
#6358=VERTEX_POINT('',#11958);
#6359=VERTEX_POINT('',#11960);
#6360=VERTEX_POINT('',#11963);
#6361=VERTEX_POINT('',#11965);
#6362=VERTEX_POINT('',#11967);
#6363=VERTEX_POINT('',#11969);
#6364=VERTEX_POINT('',#11971);
#6365=VERTEX_POINT('',#11973);
#6366=VERTEX_POINT('',#11975);
#6367=VERTEX_POINT('',#11977);
#6368=VERTEX_POINT('',#11979);
#6369=VERTEX_POINT('',#11982);
#6370=VERTEX_POINT('',#11984);
#6371=VERTEX_POINT('',#11986);
#6372=VERTEX_POINT('',#11988);
#6373=VERTEX_POINT('',#11990);
#6374=VERTEX_POINT('',#11992);
#6375=VERTEX_POINT('',#11994);
#6376=VERTEX_POINT('',#11996);
#6377=VERTEX_POINT('',#11998);
#6378=VERTEX_POINT('',#12001);
#6379=VERTEX_POINT('',#12003);
#6380=VERTEX_POINT('',#12005);
#6381=VERTEX_POINT('',#12007);
#6382=VERTEX_POINT('',#12009);
#6383=VERTEX_POINT('',#12013);
#6384=VERTEX_POINT('',#12014);
#6385=VERTEX_POINT('',#12019);
#6386=VERTEX_POINT('',#12023);
#6387=VERTEX_POINT('',#12024);
#6388=VERTEX_POINT('',#12029);
#6389=VERTEX_POINT('',#12030);
#6390=VERTEX_POINT('',#12035);
#6391=VERTEX_POINT('',#12037);
#6392=VERTEX_POINT('',#12041);
#6393=VERTEX_POINT('',#12042);
#6394=VERTEX_POINT('',#12047);
#6395=VERTEX_POINT('',#12049);
#6396=VERTEX_POINT('',#12053);
#6397=VERTEX_POINT('',#12055);
#6398=VERTEX_POINT('',#12059);
#6399=VERTEX_POINT('',#12061);
#6400=VERTEX_POINT('',#12065);
#6401=VERTEX_POINT('',#12066);
#6402=VERTEX_POINT('',#12068);
#6403=VERTEX_POINT('',#12070);
#6404=VERTEX_POINT('',#12072);
#6405=VERTEX_POINT('',#12074);
#6406=VERTEX_POINT('',#12077);
#6407=VERTEX_POINT('',#12078);
#6408=VERTEX_POINT('',#12081);
#6409=VERTEX_POINT('',#12083);
#6410=VERTEX_POINT('',#12086);
#6411=VERTEX_POINT('',#12091);
#6412=VERTEX_POINT('',#12093);
#6413=VERTEX_POINT('',#12096);
#6414=VERTEX_POINT('',#12099);
#6415=VERTEX_POINT('',#12101);
#6416=VERTEX_POINT('',#12105);
#6417=VERTEX_POINT('',#12107);
#6418=VERTEX_POINT('',#12112);
#6419=VERTEX_POINT('',#12113);
#6420=VERTEX_POINT('',#12115);
#6421=VERTEX_POINT('',#12117);
#6422=VERTEX_POINT('',#12120);
#6423=VERTEX_POINT('',#12121);
#6424=VERTEX_POINT('',#12123);
#6425=VERTEX_POINT('',#12126);
#6426=VERTEX_POINT('',#12128);
#6427=VERTEX_POINT('',#12132);
#6428=VERTEX_POINT('',#12133);
#6429=VERTEX_POINT('',#12135);
#6430=VERTEX_POINT('',#12137);
#6431=VERTEX_POINT('',#12139);
#6432=VERTEX_POINT('',#12141);
#6433=VERTEX_POINT('',#12144);
#6434=VERTEX_POINT('',#12146);
#6435=VERTEX_POINT('',#12147);
#6436=VERTEX_POINT('',#12152);
#6437=VERTEX_POINT('',#12157);
#6438=VERTEX_POINT('',#12159);
#6439=VERTEX_POINT('',#12162);
#6440=VERTEX_POINT('',#12164);
#6441=VERTEX_POINT('',#12170);
#6442=VERTEX_POINT('',#12171);
#6443=VERTEX_POINT('',#12173);
#6444=VERTEX_POINT('',#12175);
#6445=VERTEX_POINT('',#12178);
#6446=VERTEX_POINT('',#12179);
#6447=VERTEX_POINT('',#12181);
#6448=VERTEX_POINT('',#12184);
#6449=VERTEX_POINT('',#12186);
#6450=VERTEX_POINT('',#12189);
#6451=VERTEX_POINT('',#12190);
#6452=VERTEX_POINT('',#12193);
#6453=VERTEX_POINT('',#12195);
#6454=VERTEX_POINT('',#12199);
#6455=VERTEX_POINT('',#12201);
#6456=VERTEX_POINT('',#12202);
#6457=VERTEX_POINT('',#12204);
#6458=VERTEX_POINT('',#12206);
#6459=VERTEX_POINT('',#12208);
#6460=VERTEX_POINT('',#12211);
#6461=VERTEX_POINT('',#12212);
#6462=VERTEX_POINT('',#12214);
#6463=VERTEX_POINT('',#12216);
#6464=VERTEX_POINT('',#12219);
#6465=VERTEX_POINT('',#12220);
#6466=VERTEX_POINT('',#12222);
#6467=VERTEX_POINT('',#12224);
#6468=VERTEX_POINT('',#12227);
#6469=VERTEX_POINT('',#12228);
#6470=VERTEX_POINT('',#12230);
#6471=VERTEX_POINT('',#12232);
#6472=VERTEX_POINT('',#12235);
#6473=VERTEX_POINT('',#12236);
#6474=VERTEX_POINT('',#12238);
#6475=VERTEX_POINT('',#12240);
#6476=VERTEX_POINT('',#12243);
#6477=VERTEX_POINT('',#12244);
#6478=VERTEX_POINT('',#12246);
#6479=VERTEX_POINT('',#12248);
#6480=VERTEX_POINT('',#12251);
#6481=VERTEX_POINT('',#12253);
#6482=VERTEX_POINT('',#12256);
#6483=VERTEX_POINT('',#12257);
#6484=VERTEX_POINT('',#12259);
#6485=VERTEX_POINT('',#12262);
#6486=VERTEX_POINT('',#12263);
#6487=VERTEX_POINT('',#12265);
#6488=VERTEX_POINT('',#12267);
#6489=VERTEX_POINT('',#12269);
#6490=VERTEX_POINT('',#12271);
#6491=VERTEX_POINT('',#12273);
#6492=VERTEX_POINT('',#12275);
#6493=VERTEX_POINT('',#12278);
#6494=VERTEX_POINT('',#12279);
#6495=VERTEX_POINT('',#12281);
#6496=VERTEX_POINT('',#12283);
#6497=VERTEX_POINT('',#12286);
#6498=VERTEX_POINT('',#12287);
#6499=VERTEX_POINT('',#12289);
#6500=VERTEX_POINT('',#12291);
#6501=VERTEX_POINT('',#12294);
#6502=VERTEX_POINT('',#12295);
#6503=VERTEX_POINT('',#12297);
#6504=VERTEX_POINT('',#12299);
#6505=VERTEX_POINT('',#12302);
#6506=VERTEX_POINT('',#12303);
#6507=VERTEX_POINT('',#12305);
#6508=VERTEX_POINT('',#12308);
#6509=VERTEX_POINT('',#12309);
#6510=VERTEX_POINT('',#12311);
#6511=VERTEX_POINT('',#12313);
#6512=VERTEX_POINT('',#12316);
#6513=VERTEX_POINT('',#12317);
#6514=VERTEX_POINT('',#12319);
#6515=VERTEX_POINT('',#12321);
#6516=VERTEX_POINT('',#12325);
#6517=VERTEX_POINT('',#12326);
#6518=VERTEX_POINT('',#12328);
#6519=VERTEX_POINT('',#12330);
#6520=VERTEX_POINT('',#12334);
#6521=VERTEX_POINT('',#12335);
#6522=VERTEX_POINT('',#12337);
#6523=VERTEX_POINT('',#12339);
#6524=VERTEX_POINT('',#12343);
#6525=VERTEX_POINT('',#12344);
#6526=VERTEX_POINT('',#12346);
#6527=VERTEX_POINT('',#12348);
#6528=VERTEX_POINT('',#12352);
#6529=VERTEX_POINT('',#12353);
#6530=VERTEX_POINT('',#12355);
#6531=VERTEX_POINT('',#12357);
#6532=VERTEX_POINT('',#12361);
#6533=VERTEX_POINT('',#12362);
#6534=VERTEX_POINT('',#12364);
#6535=VERTEX_POINT('',#12366);
#6536=VERTEX_POINT('',#12370);
#6537=VERTEX_POINT('',#12371);
#6538=VERTEX_POINT('',#12373);
#6539=VERTEX_POINT('',#12375);
#6540=VERTEX_POINT('',#12377);
#6541=VERTEX_POINT('',#12381);
#6542=VERTEX_POINT('',#12382);
#6543=VERTEX_POINT('',#12384);
#6544=VERTEX_POINT('',#12386);
#6545=VERTEX_POINT('',#12388);
#6546=VERTEX_POINT('',#12390);
#6547=VERTEX_POINT('',#12392);
#6548=VERTEX_POINT('',#12394);
#6549=VERTEX_POINT('',#12396);
#6550=VERTEX_POINT('',#12398);
#6551=VERTEX_POINT('',#12402);
#6552=VERTEX_POINT('',#12403);
#6553=VERTEX_POINT('',#12408);
#6554=VERTEX_POINT('',#12409);
#6555=VERTEX_POINT('',#12411);
#6556=VERTEX_POINT('',#12413);
#6557=VERTEX_POINT('',#12417);
#6558=VERTEX_POINT('',#12418);
#6559=VERTEX_POINT('',#12420);
#6560=VERTEX_POINT('',#12422);
#6561=VERTEX_POINT('',#12426);
#6562=VERTEX_POINT('',#12427);
#6563=VERTEX_POINT('',#12429);
#6564=VERTEX_POINT('',#12431);
#6565=VERTEX_POINT('',#12435);
#6566=VERTEX_POINT('',#12436);
#6567=VERTEX_POINT('',#12438);
#6568=VERTEX_POINT('',#12440);
#6569=VERTEX_POINT('',#12444);
#6570=VERTEX_POINT('',#12445);
#6571=VERTEX_POINT('',#12447);
#6572=VERTEX_POINT('',#12449);
#6573=VERTEX_POINT('',#12453);
#6574=VERTEX_POINT('',#12454);
#6575=VERTEX_POINT('',#12456);
#6576=VERTEX_POINT('',#12458);
#6577=VERTEX_POINT('',#12462);
#6578=VERTEX_POINT('',#12463);
#6579=VERTEX_POINT('',#12466);
#6580=VERTEX_POINT('',#12470);
#6581=VERTEX_POINT('',#12471);
#6582=VERTEX_POINT('',#12473);
#6583=VERTEX_POINT('',#12475);
#6584=VERTEX_POINT('',#12477);
#6585=VERTEX_POINT('',#12479);
#6586=VERTEX_POINT('',#12481);
#6587=VERTEX_POINT('',#12483);
#6588=VERTEX_POINT('',#12485);
#6589=VERTEX_POINT('',#12487);
#6590=VERTEX_POINT('',#12491);
#6591=VERTEX_POINT('',#12492);
#6592=VERTEX_POINT('',#12494);
#6593=VERTEX_POINT('',#12496);
#6594=VERTEX_POINT('',#12500);
#6595=VERTEX_POINT('',#12501);
#6596=VERTEX_POINT('',#12503);
#6597=VERTEX_POINT('',#12505);
#6598=VERTEX_POINT('',#12509);
#6599=VERTEX_POINT('',#12510);
#6600=VERTEX_POINT('',#12512);
#6601=VERTEX_POINT('',#12514);
#6602=VERTEX_POINT('',#12517);
#6603=VERTEX_POINT('',#12518);
#6604=VERTEX_POINT('',#12520);
#6605=VERTEX_POINT('',#12522);
#6606=VERTEX_POINT('',#12524);
#6607=VERTEX_POINT('',#12527);
#6608=VERTEX_POINT('',#12528);
#6609=VERTEX_POINT('',#12530);
#6610=VERTEX_POINT('',#12532);
#6611=VERTEX_POINT('',#12535);
#6612=VERTEX_POINT('',#12537);
#6613=VERTEX_POINT('',#12538);
#6614=VERTEX_POINT('',#12540);
#6615=VERTEX_POINT('',#12542);
#6616=VERTEX_POINT('',#12544);
#6617=VERTEX_POINT('',#12546);
#6618=VERTEX_POINT('',#12548);
#6619=VERTEX_POINT('',#12550);
#6620=VERTEX_POINT('',#12553);
#6621=VERTEX_POINT('',#12554);
#6622=VERTEX_POINT('',#12556);
#6623=VERTEX_POINT('',#12558);
#6624=VERTEX_POINT('',#12561);
#6625=VERTEX_POINT('',#12562);
#6626=VERTEX_POINT('',#12564);
#6627=VERTEX_POINT('',#12566);
#6628=VERTEX_POINT('',#12569);
#6629=VERTEX_POINT('',#12570);
#6630=VERTEX_POINT('',#12572);
#6631=VERTEX_POINT('',#12574);
#6632=VERTEX_POINT('',#12577);
#6633=VERTEX_POINT('',#12578);
#6634=VERTEX_POINT('',#12580);
#6635=VERTEX_POINT('',#12582);
#6636=VERTEX_POINT('',#12585);
#6637=VERTEX_POINT('',#12586);
#6638=VERTEX_POINT('',#12588);
#6639=VERTEX_POINT('',#12591);
#6640=VERTEX_POINT('',#12593);
#6641=VERTEX_POINT('',#12596);
#6642=VERTEX_POINT('',#12597);
#6643=VERTEX_POINT('',#12599);
#6644=VERTEX_POINT('',#12601);
#6645=VERTEX_POINT('',#12604);
#6646=VERTEX_POINT('',#12605);
#6647=VERTEX_POINT('',#12607);
#6648=VERTEX_POINT('',#12609);
#6649=VERTEX_POINT('',#12612);
#6650=VERTEX_POINT('',#12613);
#6651=VERTEX_POINT('',#12615);
#6652=VERTEX_POINT('',#12617);
#6653=VERTEX_POINT('',#12620);
#6654=VERTEX_POINT('',#12621);
#6655=VERTEX_POINT('',#12623);
#6656=VERTEX_POINT('',#12626);
#6657=VERTEX_POINT('',#12627);
#6658=VERTEX_POINT('',#12629);
#6659=VERTEX_POINT('',#12631);
#6660=VERTEX_POINT('',#12635);
#6661=VERTEX_POINT('',#12636);
#6662=VERTEX_POINT('',#12638);
#6663=VERTEX_POINT('',#12640);
#6664=VERTEX_POINT('',#12644);
#6665=VERTEX_POINT('',#12645);
#6666=VERTEX_POINT('',#12647);
#6667=VERTEX_POINT('',#12649);
#6668=VERTEX_POINT('',#12653);
#6669=VERTEX_POINT('',#12654);
#6670=VERTEX_POINT('',#12656);
#6671=VERTEX_POINT('',#12658);
#6672=VERTEX_POINT('',#12662);
#6673=VERTEX_POINT('',#12663);
#6674=VERTEX_POINT('',#12665);
#6675=VERTEX_POINT('',#12667);
#6676=VERTEX_POINT('',#12671);
#6677=VERTEX_POINT('',#12672);
#6678=VERTEX_POINT('',#12677);
#6679=VERTEX_POINT('',#12678);
#6680=VERTEX_POINT('',#12680);
#6681=VERTEX_POINT('',#12682);
#6682=VERTEX_POINT('',#12686);
#6683=VERTEX_POINT('',#12687);
#6684=VERTEX_POINT('',#12689);
#6685=VERTEX_POINT('',#12691);
#6686=VERTEX_POINT('',#12695);
#6687=VERTEX_POINT('',#12696);
#6688=VERTEX_POINT('',#12698);
#6689=VERTEX_POINT('',#12700);
#6690=VERTEX_POINT('',#12704);
#6691=VERTEX_POINT('',#12705);
#6692=VERTEX_POINT('',#12707);
#6693=VERTEX_POINT('',#12710);
#6694=VERTEX_POINT('',#12711);
#6695=VERTEX_POINT('',#12715);
#6696=VERTEX_POINT('',#12718);
#6697=VERTEX_POINT('',#12720);
#6698=VERTEX_POINT('',#12723);
#6699=VERTEX_POINT('',#12725);
#6700=VERTEX_POINT('',#12728);
#6701=VERTEX_POINT('',#12730);
#6702=VERTEX_POINT('',#12733);
#6703=VERTEX_POINT('',#12735);
#6704=VERTEX_POINT('',#12737);
#6705=VERTEX_POINT('',#12739);
#6706=VERTEX_POINT('',#12741);
#6707=VERTEX_POINT('',#12744);
#6708=VERTEX_POINT('',#12748);
#6709=VERTEX_POINT('',#12750);
#6710=VERTEX_POINT('',#12754);
#6711=VERTEX_POINT('',#12755);
#6712=VERTEX_POINT('',#12757);
#6713=VERTEX_POINT('',#12759);
#6714=VERTEX_POINT('',#12763);
#6715=VERTEX_POINT('',#12764);
#6716=VERTEX_POINT('',#12766);
#6717=VERTEX_POINT('',#12768);
#6718=VERTEX_POINT('',#12772);
#6719=VERTEX_POINT('',#12773);
#6720=VERTEX_POINT('',#12775);
#6721=VERTEX_POINT('',#12777);
#6722=VERTEX_POINT('',#12781);
#6723=VERTEX_POINT('',#12783);
#6724=VERTEX_POINT('',#12785);
#6725=VERTEX_POINT('',#12788);
#6726=VERTEX_POINT('',#12790);
#6727=VERTEX_POINT('',#12792);
#6728=VERTEX_POINT('',#12794);
#6729=VERTEX_POINT('',#12796);
#6730=VERTEX_POINT('',#12798);
#6731=VERTEX_POINT('',#12800);
#6732=VERTEX_POINT('',#12802);
#6733=VERTEX_POINT('',#12804);
#6734=VERTEX_POINT('',#12806);
#6735=VERTEX_POINT('',#12808);
#6736=VERTEX_POINT('',#12810);
#6737=VERTEX_POINT('',#12812);
#6738=VERTEX_POINT('',#12815);
#6739=VERTEX_POINT('',#12817);
#6740=VERTEX_POINT('',#12820);
#6741=VERTEX_POINT('',#12822);
#6742=VERTEX_POINT('',#12824);
#6743=VERTEX_POINT('',#12828);
#6744=VERTEX_POINT('',#12830);
#6745=VERTEX_POINT('',#12834);
#6746=VERTEX_POINT('',#12836);
#6747=VERTEX_POINT('',#12840);
#6748=VERTEX_POINT('',#12842);
#6749=VERTEX_POINT('',#12846);
#6750=VERTEX_POINT('',#12848);
#6751=VERTEX_POINT('',#12852);
#6752=VERTEX_POINT('',#12854);
#6753=VERTEX_POINT('',#12858);
#6754=VERTEX_POINT('',#12860);
#6755=VERTEX_POINT('',#12864);
#6756=VERTEX_POINT('',#12866);
#6757=VERTEX_POINT('',#12870);
#6758=VERTEX_POINT('',#12872);
#6759=VERTEX_POINT('',#12876);
#6760=VERTEX_POINT('',#12878);
#6761=VERTEX_POINT('',#12882);
#6762=VERTEX_POINT('',#12883);
#6763=VERTEX_POINT('',#12888);
#6764=VERTEX_POINT('',#12890);
#6765=VERTEX_POINT('',#12894);
#6766=VERTEX_POINT('',#12896);
#6767=VERTEX_POINT('',#12900);
#6768=VERTEX_POINT('',#12902);
#6769=VERTEX_POINT('',#12906);
#6770=VERTEX_POINT('',#12908);
#6771=VERTEX_POINT('',#12912);
#6772=VERTEX_POINT('',#12914);
#6773=VERTEX_POINT('',#12918);
#6774=VERTEX_POINT('',#12920);
#6775=VERTEX_POINT('',#12924);
#6776=VERTEX_POINT('',#12931);
#6777=VERTEX_POINT('',#12933);
#6778=VERTEX_POINT('',#12936);
#6779=VERTEX_POINT('',#12938);
#6780=VERTEX_POINT('',#12940);
#6781=VERTEX_POINT('',#12942);
#6782=VERTEX_POINT('',#12944);
#6783=VERTEX_POINT('',#12946);
#6784=VERTEX_POINT('',#12948);
#6785=VERTEX_POINT('',#12950);
#6786=VERTEX_POINT('',#12952);
#6787=VERTEX_POINT('',#12955);
#6788=VERTEX_POINT('',#12957);
#6789=VERTEX_POINT('',#12960);
#6790=VERTEX_POINT('',#12962);
#6791=VERTEX_POINT('',#12964);
#6792=VERTEX_POINT('',#12967);
#6793=VERTEX_POINT('',#12969);
#6794=VERTEX_POINT('',#12972);
#6795=VERTEX_POINT('',#12974);
#6796=VERTEX_POINT('',#12977);
#6797=VERTEX_POINT('',#12979);
#6798=VERTEX_POINT('',#12981);
#6799=VERTEX_POINT('',#12983);
#6800=VERTEX_POINT('',#12985);
#6801=VERTEX_POINT('',#12987);
#6802=VERTEX_POINT('',#12990);
#6803=VERTEX_POINT('',#12992);
#6804=VERTEX_POINT('',#12995);
#6805=VERTEX_POINT('',#12996);
#6806=VERTEX_POINT('',#12998);
#6807=VERTEX_POINT('',#13000);
#6808=VERTEX_POINT('',#13003);
#6809=VERTEX_POINT('',#13004);
#6810=VERTEX_POINT('',#13007);
#6811=VERTEX_POINT('',#13009);
#6812=VERTEX_POINT('',#13011);
#6813=VERTEX_POINT('',#13013);
#6814=VERTEX_POINT('',#13015);
#6815=VERTEX_POINT('',#13017);
#6816=VERTEX_POINT('',#13019);
#6817=VERTEX_POINT('',#13021);
#6818=VERTEX_POINT('',#13024);
#6819=VERTEX_POINT('',#13026);
#6820=VERTEX_POINT('',#13028);
#6821=VERTEX_POINT('',#13030);
#6822=VERTEX_POINT('',#13033);
#6823=VERTEX_POINT('',#13036);
#6824=VERTEX_POINT('',#13038);
#6825=VERTEX_POINT('',#13041);
#6826=VERTEX_POINT('',#13043);
#6827=VERTEX_POINT('',#13045);
#6828=VERTEX_POINT('',#13047);
#6829=VERTEX_POINT('',#13049);
#6830=VERTEX_POINT('',#13051);
#6831=VERTEX_POINT('',#13053);
#6832=VERTEX_POINT('',#13055);
#6833=VERTEX_POINT('',#13057);
#6834=VERTEX_POINT('',#13062);
#6835=VERTEX_POINT('',#13064);
#6836=VERTEX_POINT('',#13074);
#6837=VERTEX_POINT('',#13075);
#6838=VERTEX_POINT('',#13077);
#6839=VERTEX_POINT('',#13079);
#6840=VERTEX_POINT('',#13083);
#6841=VERTEX_POINT('',#13084);
#6842=VERTEX_POINT('',#13086);
#6843=VERTEX_POINT('',#13088);
#6844=VERTEX_POINT('',#13092);
#6845=VERTEX_POINT('',#13093);
#6846=VERTEX_POINT('',#13095);
#6847=VERTEX_POINT('',#13097);
#6848=VERTEX_POINT('',#13101);
#6849=VERTEX_POINT('',#13102);
#6850=VERTEX_POINT('',#13104);
#6851=VERTEX_POINT('',#13106);
#6852=VERTEX_POINT('',#13110);
#6853=VERTEX_POINT('',#13111);
#6854=VERTEX_POINT('',#13116);
#6855=VERTEX_POINT('',#13118);
#6856=VERTEX_POINT('',#13122);
#6857=VERTEX_POINT('',#13123);
#6858=VERTEX_POINT('',#13128);
#6859=VERTEX_POINT('',#13130);
#6860=VERTEX_POINT('',#13134);
#6861=VERTEX_POINT('',#13136);
#6862=VERTEX_POINT('',#13140);
#6863=VERTEX_POINT('',#13142);
#6864=VERTEX_POINT('',#13146);
#6865=VERTEX_POINT('',#13148);
#6866=VERTEX_POINT('',#13152);
#6867=VERTEX_POINT('',#13154);
#6868=VERTEX_POINT('',#13158);
#6869=VERTEX_POINT('',#13159);
#6870=VERTEX_POINT('',#13164);
#6871=VERTEX_POINT('',#13166);
#6872=VERTEX_POINT('',#13170);
#6873=VERTEX_POINT('',#13171);
#6874=VERTEX_POINT('',#13176);
#6875=VERTEX_POINT('',#13180);
#6876=VERTEX_POINT('',#13182);
#6877=VERTEX_POINT('',#13189);
#6878=VERTEX_POINT('',#13191);
#6879=VERTEX_POINT('',#13193);
#6880=VERTEX_POINT('',#13196);
#6881=VERTEX_POINT('',#13198);
#6882=VERTEX_POINT('',#13200);
#6883=VERTEX_POINT('',#13202);
#6884=VERTEX_POINT('',#13204);
#6885=VERTEX_POINT('',#13207);
#6886=VERTEX_POINT('',#13209);
#6887=VERTEX_POINT('',#13211);
#6888=VERTEX_POINT('',#13213);
#6889=VERTEX_POINT('',#13216);
#6890=VERTEX_POINT('',#13219);
#6891=VERTEX_POINT('',#13221);
#6892=VERTEX_POINT('',#13223);
#6893=VERTEX_POINT('',#13225);
#6894=VERTEX_POINT('',#13228);
#6895=VERTEX_POINT('',#13230);
#6896=VERTEX_POINT('',#13232);
#6897=VERTEX_POINT('',#13234);
#6898=VERTEX_POINT('',#13236);
#6899=VERTEX_POINT('',#13238);
#6900=VERTEX_POINT('',#13240);
#6901=VERTEX_POINT('',#13242);
#6902=VERTEX_POINT('',#13245);
#6903=VERTEX_POINT('',#13247);
#6904=VERTEX_POINT('',#13249);
#6905=VERTEX_POINT('',#13251);
#6906=VERTEX_POINT('',#13256);
#6907=VERTEX_POINT('',#13258);
#6908=VERTEX_POINT('',#13260);
#6909=VERTEX_POINT('',#13262);
#6910=VERTEX_POINT('',#13264);
#6911=VERTEX_POINT('',#13266);
#6912=VERTEX_POINT('',#13268);
#6913=VERTEX_POINT('',#13270);
#6914=VERTEX_POINT('',#13272);
#6915=VERTEX_POINT('',#13275);
#6916=VERTEX_POINT('',#13278);
#6917=VERTEX_POINT('',#13280);
#6918=VERTEX_POINT('',#13283);
#6919=VERTEX_POINT('',#13285);
#6920=VERTEX_POINT('',#13288);
#6921=VERTEX_POINT('',#13290);
#6922=VERTEX_POINT('',#13292);
#6923=VERTEX_POINT('',#13295);
#6924=VERTEX_POINT('',#13297);
#6925=VERTEX_POINT('',#13299);
#6926=VERTEX_POINT('',#13301);
#6927=VERTEX_POINT('',#13304);
#6928=VERTEX_POINT('',#13307);
#6929=VERTEX_POINT('',#13308);
#6930=VERTEX_POINT('',#13310);
#6931=VERTEX_POINT('',#13312);
#6932=VERTEX_POINT('',#13322);
#6933=VERTEX_POINT('',#13323);
#6934=VERTEX_POINT('',#13325);
#6935=VERTEX_POINT('',#13327);
#6936=VERTEX_POINT('',#13331);
#6937=VERTEX_POINT('',#13332);
#6938=VERTEX_POINT('',#13334);
#6939=VERTEX_POINT('',#13336);
#6940=VERTEX_POINT('',#13340);
#6941=VERTEX_POINT('',#13341);
#6942=VERTEX_POINT('',#13343);
#6943=VERTEX_POINT('',#13345);
#6944=VERTEX_POINT('',#13349);
#6945=VERTEX_POINT('',#13350);
#6946=VERTEX_POINT('',#13352);
#6947=VERTEX_POINT('',#13354);
#6948=VERTEX_POINT('',#13358);
#6949=VERTEX_POINT('',#13359);
#6950=VERTEX_POINT('',#13361);
#6951=VERTEX_POINT('',#13363);
#6952=VERTEX_POINT('',#13371);
#6953=VERTEX_POINT('',#13374);
#6954=VERTEX_POINT('',#13377);
#6955=VERTEX_POINT('',#13378);
#6956=VERTEX_POINT('',#13380);
#6957=VERTEX_POINT('',#13382);
#6958=VERTEX_POINT('',#13384);
#6959=VERTEX_POINT('',#13386);
#6960=VERTEX_POINT('',#13388);
#6961=VERTEX_POINT('',#13390);
#6962=VERTEX_POINT('',#13394);
#6963=VERTEX_POINT('',#13395);
#6964=VERTEX_POINT('',#13397);
#6965=VERTEX_POINT('',#13399);
#6966=VERTEX_POINT('',#13401);
#6967=VERTEX_POINT('',#13403);
#6968=VERTEX_POINT('',#13405);
#6969=VERTEX_POINT('',#13407);
#6970=VERTEX_POINT('',#13411);
#6971=VERTEX_POINT('',#13412);
#6972=VERTEX_POINT('',#13414);
#6973=VERTEX_POINT('',#13416);
#6974=VERTEX_POINT('',#13418);
#6975=VERTEX_POINT('',#13420);
#6976=VERTEX_POINT('',#13422);
#6977=VERTEX_POINT('',#13424);
#6978=VERTEX_POINT('',#13429);
#6979=VERTEX_POINT('',#13431);
#6980=VERTEX_POINT('',#13435);
#6981=VERTEX_POINT('',#13436);
#6982=VERTEX_POINT('',#13438);
#6983=VERTEX_POINT('',#13440);
#6984=VERTEX_POINT('',#13443);
#6985=VERTEX_POINT('',#13445);
#6986=VERTEX_POINT('',#13449);
#6987=VERTEX_POINT('',#13450);
#6988=VERTEX_POINT('',#13452);
#6989=VERTEX_POINT('',#13454);
#6990=VERTEX_POINT('',#13456);
#6991=VERTEX_POINT('',#13458);
#6992=VERTEX_POINT('',#13460);
#6993=VERTEX_POINT('',#13462);
#6994=VERTEX_POINT('',#13466);
#6995=VERTEX_POINT('',#13467);
#6996=VERTEX_POINT('',#13469);
#6997=VERTEX_POINT('',#13471);
#6998=VERTEX_POINT('',#13473);
#6999=VERTEX_POINT('',#13475);
#7000=VERTEX_POINT('',#13477);
#7001=VERTEX_POINT('',#13479);
#7002=VERTEX_POINT('',#13502);
#7003=VERTEX_POINT('',#13504);
#7004=VERTEX_POINT('',#13506);
#7005=VERTEX_POINT('',#13509);
#7006=VERTEX_POINT('',#13511);
#7007=VERTEX_POINT('',#13513);
#7008=VERTEX_POINT('',#13516);
#7009=VERTEX_POINT('',#13519);
#7010=VERTEX_POINT('',#13522);
#7011=VERTEX_POINT('',#13525);
#7012=VERTEX_POINT('',#13528);
#7013=VERTEX_POINT('',#13531);
#7014=VERTEX_POINT('',#13534);
#7015=VERTEX_POINT('',#13535);
#7016=VERTEX_POINT('',#13538);
#7017=VERTEX_POINT('',#13540);
#7018=VERTEX_POINT('',#13545);
#7019=VERTEX_POINT('',#13547);
#7020=VERTEX_POINT('',#13550);
#7021=VERTEX_POINT('',#13552);
#7022=VERTEX_POINT('',#13577);
#7023=VERTEX_POINT('',#13581);
#7024=VERTEX_POINT('',#13584);
#7025=VERTEX_POINT('',#13588);
#7026=VERTEX_POINT('',#13591);
#7027=VERTEX_POINT('',#13595);
#7028=VERTEX_POINT('',#13616);
#7029=VERTEX_POINT('',#13618);
#7030=VERTEX_POINT('',#13622);
#7031=VERTEX_POINT('',#13630);
#7032=VERTEX_POINT('',#13764);
#7033=VERTEX_POINT('',#13768);
#7034=VERTEX_POINT('',#13804);
#7035=VERTEX_POINT('',#13811);
#7036=VERTEX_POINT('',#13870);
#7037=VERTEX_POINT('',#13879);
#7038=VERTEX_POINT('',#13921);
#7039=VERTEX_POINT('',#13928);
#7040=VERTEX_POINT('',#13950);
#7041=VERTEX_POINT('',#13953);
#7042=VERTEX_POINT('',#13956);
#7043=VERTEX_POINT('',#13959);
#7044=VERTEX_POINT('',#14048);
#7045=VERTEX_POINT('',#14052);
#7046=VERTEX_POINT('',#14056);
#7047=VERTEX_POINT('',#14063);
#7048=VERTEX_POINT('',#14067);
#7049=VERTEX_POINT('',#14071);
#7050=VERTEX_POINT('',#14102);
#7051=VERTEX_POINT('',#14106);
#7052=VERTEX_POINT('',#14110);
#7053=VERTEX_POINT('',#14114);
#7054=CIRCLE('',#8944,0.003);
#7055=CIRCLE('',#8946,0.003);
#7056=CIRCLE('',#8950,0.003);
#7057=CIRCLE('',#8952,0.003);
#7058=CIRCLE('',#8956,0.003);
#7059=CIRCLE('',#8957,0.003);
#7060=CIRCLE('',#8958,0.003);
#7061=CIRCLE('',#8959,0.003);
#7062=CIRCLE('',#8960,0.0075);
#7063=CIRCLE('',#8961,0.0075);
#7064=CIRCLE('',#8962,0.0075);
#7065=CIRCLE('',#8963,0.0075);
#7066=CIRCLE('',#8965,0.01);
#7067=CIRCLE('',#8966,0.01);
#7068=CIRCLE('',#8967,0.01);
#7069=CIRCLE('',#8968,0.01);
#7070=CIRCLE('',#8969,0.0015);
#7071=CIRCLE('',#8970,0.0015);
#7072=CIRCLE('',#8971,0.0015);
#7073=CIRCLE('',#8972,0.0015);
#7074=CIRCLE('',#8975,0.003);
#7075=CIRCLE('',#8976,0.003);
#7076=CIRCLE('',#8988,0.003);
#7077=CIRCLE('',#8989,0.003);
#7078=CIRCLE('',#9000,0.003);
#7079=CIRCLE('',#9001,0.003);
#7080=CIRCLE('',#9002,0.00205);
#7081=CIRCLE('',#9003,0.003);
#7082=CIRCLE('',#9004,0.00205);
#7083=CIRCLE('',#9005,0.003);
#7084=CIRCLE('',#9007,0.003);
#7085=CIRCLE('',#9008,0.00205);
#7086=CIRCLE('',#9009,0.003);
#7087=CIRCLE('',#9010,0.00205);
#7088=CIRCLE('',#9011,0.003);
#7089=CIRCLE('',#9012,0.003);
#7090=CIRCLE('',#9014,0.011);
#7091=CIRCLE('',#9015,0.0124034734589209);
#7092=CIRCLE('',#9016,0.0124034734589209);
#7093=CIRCLE('',#9036,0.0124034734589209);
#7094=CIRCLE('',#9037,0.0124034734589209);
#7095=CIRCLE('',#9038,0.011);
#7096=CIRCLE('',#9040,0.015);
#7097=CIRCLE('',#9041,0.015);
#7098=CIRCLE('',#9043,0.015);
#7099=CIRCLE('',#9044,0.015);
#7100=CIRCLE('',#9052,0.011);
#7101=CIRCLE('',#9054,0.011);
#7102=CIRCLE('',#9056,0.015);
#7103=CIRCLE('',#9057,0.015);
#7104=CIRCLE('',#9061,0.011);
#7105=CIRCLE('',#9062,0.015);
#7106=CIRCLE('',#9064,0.011);
#7107=CIRCLE('',#9083,0.015);
#7108=CIRCLE('',#9113,0.01);
#7109=CIRCLE('',#9115,0.01);
#7110=CIRCLE('',#9117,0.0015);
#7111=CIRCLE('',#9119,0.0015);
#7112=CIRCLE('',#9130,0.0075);
#7113=CIRCLE('',#9132,0.0075);
#7114=CIRCLE('',#9134,0.0075);
#7115=CIRCLE('',#9136,0.0075);
#7116=CIRCLE('',#9138,0.01);
#7117=CIRCLE('',#9140,0.01);
#7118=CIRCLE('',#9143,0.002);
#7119=CIRCLE('',#9144,0.002);
#7120=CIRCLE('',#9145,0.002);
#7121=CIRCLE('',#9147,0.002);
#7122=CIRCLE('',#9148,0.002);
#7123=CIRCLE('',#9149,0.002);
#7124=CIRCLE('',#9151,0.002);
#7125=CIRCLE('',#9153,0.002);
#7126=CIRCLE('',#9155,0.002);
#7127=CIRCLE('',#9157,0.002);
#7128=CIRCLE('',#9159,0.002);
#7129=CIRCLE('',#9161,0.002);
#7130=CIRCLE('',#9163,0.011);
#7131=CIRCLE('',#9164,0.011);
#7132=CIRCLE('',#9166,0.011);
#7133=CIRCLE('',#9167,0.011);
#7134=CIRCLE('',#9173,0.003);
#7135=CIRCLE('',#9176,0.0015);
#7136=CIRCLE('',#9178,0.003);
#7137=CIRCLE('',#9181,0.0015);
#7138=CIRCLE('',#9183,0.003);
#7139=CIRCLE('',#9186,0.003);
#7140=CIRCLE('',#9343,0.0124034734589209);
#7141=CIRCLE('',#9346,0.0124034734589209);
#7142=CIRCLE('',#9349,0.0124034734589209);
#7143=CIRCLE('',#9352,0.0124034734589209);
#7144=CIRCLE('',#9355,0.00205);
#7145=CIRCLE('',#9357,0.00205);
#7146=CIRCLE('',#9359,0.00205);
#7147=CIRCLE('',#9361,0.00205);
#7148=CIRCLE('',#9425,0.003);
#7149=CIRCLE('',#9428,0.003);
#7150=CIRCLE('',#9431,0.003);
#7151=CIRCLE('',#9434,0.003);
#7152=EDGE_LOOP('',(#2392,#2393,#2394,#2395));
#7153=EDGE_LOOP('',(#2396,#2397,#2398,#2399));
#7154=EDGE_LOOP('',(#2400,#2401,#2402,#2403));
#7155=EDGE_LOOP('',(#2404,#2405,#2406,#2407));
#7156=EDGE_LOOP('',(#2408,#2409,#2410,#2411));
#7157=EDGE_LOOP('',(#2412,#2413,#2414,#2415));
#7158=EDGE_LOOP('',(#2416,#2417,#2418,#2419));
#7159=EDGE_LOOP('',(#2420,#2421,#2422,#2423));
#7160=EDGE_LOOP('',(#2424));
#7161=EDGE_LOOP('',(#2425));
#7162=EDGE_LOOP('',(#2426));
#7163=EDGE_LOOP('',(#2427));
#7164=EDGE_LOOP('',(#2428,#2429,#2430,#2431,#2432,#2433,#2434,#2435,#2436,
#2437,#2438,#2439,#2440,#2441,#2442,#2443,#2444,#2445,#2446,#2447));
#7165=EDGE_LOOP('',(#2448,#2449,#2450));
#7166=EDGE_LOOP('',(#2451,#2452,#2453));
#7167=EDGE_LOOP('',(#2454,#2455,#2456));
#7168=EDGE_LOOP('',(#2457,#2458,#2459));
#7169=EDGE_LOOP('',(#2460,#2461,#2462,#2463,#2464,#2465,#2466,#2467));
#7170=EDGE_LOOP('',(#2468));
#7171=EDGE_LOOP('',(#2469));
#7172=EDGE_LOOP('',(#2470));
#7173=EDGE_LOOP('',(#2471));
#7174=EDGE_LOOP('',(#2472,#2473,#2474));
#7175=EDGE_LOOP('',(#2475,#2476,#2477));
#7176=EDGE_LOOP('',(#2478,#2479,#2480));
#7177=EDGE_LOOP('',(#2481,#2482,#2483));
#7178=EDGE_LOOP('',(#2484,#2485,#2486,#2487));
#7179=EDGE_LOOP('',(#2488,#2489,#2490,#2491,#2492,#2493,#2494,#2495,#2496,
#2497,#2498,#2499,#2500,#2501,#2502,#2503,#2504,#2505,#2506,#2507,#2508,
#2509,#2510,#2511,#2512,#2513,#2514,#2515,#2516,#2517,#2518,#2519,#2520,
#2521,#2522,#2523,#2524,#2525,#2526,#2527,#2528,#2529,#2530,#2531,#2532));
#7180=EDGE_LOOP('',(#2533,#2534,#2535,#2536));
#7181=EDGE_LOOP('',(#2537,#2538,#2539,#2540));
#7182=EDGE_LOOP('',(#2541,#2542,#2543,#2544));
#7183=EDGE_LOOP('',(#2545,#2546,#2547,#2548));
#7184=EDGE_LOOP('',(#2549,#2550,#2551,#2552));
#7185=EDGE_LOOP('',(#2553,#2554,#2555,#2556));
#7186=EDGE_LOOP('',(#2557,#2558,#2559,#2560));
#7187=EDGE_LOOP('',(#2561,#2562,#2563,#2564));
#7188=EDGE_LOOP('',(#2565,#2566,#2567,#2568));
#7189=EDGE_LOOP('',(#2569,#2570,#2571,#2572));
#7190=EDGE_LOOP('',(#2573,#2574,#2575,#2576,#2577,#2578,#2579,#2580,#2581,
#2582,#2583,#2584,#2585,#2586,#2587,#2588,#2589,#2590,#2591,#2592,#2593,
#2594,#2595,#2596,#2597,#2598,#2599,#2600,#2601,#2602,#2603,#2604,#2605,
#2606,#2607,#2608,#2609,#2610,#2611,#2612,#2613,#2614,#2615,#2616,#2617));
#7191=EDGE_LOOP('',(#2618,#2619,#2620,#2621));
#7192=EDGE_LOOP('',(#2622,#2623,#2624,#2625));
#7193=EDGE_LOOP('',(#2626,#2627,#2628,#2629));
#7194=EDGE_LOOP('',(#2630,#2631,#2632,#2633));
#7195=EDGE_LOOP('',(#2634,#2635,#2636,#2637));
#7196=EDGE_LOOP('',(#2638,#2639,#2640,#2641));
#7197=EDGE_LOOP('',(#2642,#2643,#2644,#2645));
#7198=EDGE_LOOP('',(#2646,#2647,#2648,#2649));
#7199=EDGE_LOOP('',(#2650,#2651,#2652,#2653));
#7200=EDGE_LOOP('',(#2654,#2655,#2656,#2657,#2658,#2659));
#7201=EDGE_LOOP('',(#2660,#2661,#2662,#2663,#2664,#2665));
#7202=EDGE_LOOP('',(#2666));
#7203=EDGE_LOOP('',(#2667,#2668,#2669,#2670,#2671,#2672));
#7204=EDGE_LOOP('',(#2673));
#7205=EDGE_LOOP('',(#2674,#2675,#2676,#2677,#2678,#2679));
#7206=EDGE_LOOP('',(#2680,#2681,#2682,#2683));
#7207=EDGE_LOOP('',(#2684,#2685,#2686));
#7208=EDGE_LOOP('',(#2687,#2688,#2689,#2690));
#7209=EDGE_LOOP('',(#2691,#2692,#2693,#2694));
#7210=EDGE_LOOP('',(#2695,#2696,#2697,#2698));
#7211=EDGE_LOOP('',(#2699,#2700,#2701));
#7212=EDGE_LOOP('',(#2702,#2703,#2704,#2705));
#7213=EDGE_LOOP('',(#2706,#2707,#2708,#2709,#2710,#2711));
#7214=EDGE_LOOP('',(#2712));
#7215=EDGE_LOOP('',(#2713,#2714,#2715,#2716,#2717,#2718));
#7216=EDGE_LOOP('',(#2719));
#7217=EDGE_LOOP('',(#2720,#2721,#2722,#2723,#2724,#2725));
#7218=EDGE_LOOP('',(#2726,#2727,#2728,#2729));
#7219=EDGE_LOOP('',(#2730,#2731,#2732,#2733));
#7220=EDGE_LOOP('',(#2734,#2735,#2736));
#7221=EDGE_LOOP('',(#2737,#2738,#2739,#2740));
#7222=EDGE_LOOP('',(#2741,#2742,#2743,#2744));
#7223=EDGE_LOOP('',(#2745,#2746,#2747));
#7224=EDGE_LOOP('',(#2748,#2749,#2750,#2751));
#7225=EDGE_LOOP('',(#2752,#2753,#2754,#2755,#2756,#2757));
#7226=EDGE_LOOP('',(#2758));
#7227=EDGE_LOOP('',(#2759,#2760,#2761,#2762,#2763));
#7228=EDGE_LOOP('',(#2764,#2765,#2766,#2767));
#7229=EDGE_LOOP('',(#2768,#2769,#2770,#2771));
#7230=EDGE_LOOP('',(#2772,#2773,#2774,#2775));
#7231=EDGE_LOOP('',(#2776,#2777,#2778,#2779));
#7232=EDGE_LOOP('',(#2780,#2781,#2782,#2783));
#7233=EDGE_LOOP('',(#2784,#2785,#2786,#2787));
#7234=EDGE_LOOP('',(#2788,#2789,#2790));
#7235=EDGE_LOOP('',(#2791,#2792,#2793,#2794,#2795,#2796,#2797,#2798));
#7236=EDGE_LOOP('',(#2799,#2800,#2801,#2802));
#7237=EDGE_LOOP('',(#2803,#2804,#2805,#2806));
#7238=EDGE_LOOP('',(#2807,#2808,#2809,#2810));
#7239=EDGE_LOOP('',(#2811,#2812,#2813));
#7240=EDGE_LOOP('',(#2814,#2815,#2816,#2817));
#7241=EDGE_LOOP('',(#2818,#2819,#2820,#2821));
#7242=EDGE_LOOP('',(#2822,#2823,#2824,#2825));
#7243=EDGE_LOOP('',(#2826,#2827,#2828,#2829));
#7244=EDGE_LOOP('',(#2830,#2831,#2832,#2833));
#7245=EDGE_LOOP('',(#2834,#2835,#2836,#2837));
#7246=EDGE_LOOP('',(#2838,#2839,#2840,#2841));
#7247=EDGE_LOOP('',(#2842,#2843,#2844,#2845,#2846));
#7248=EDGE_LOOP('',(#2847,#2848,#2849,#2850,#2851,#2852,#2853,#2854,#2855,
#2856));
#7249=EDGE_LOOP('',(#2857,#2858,#2859,#2860));
#7250=EDGE_LOOP('',(#2861,#2862,#2863,#2864));
#7251=EDGE_LOOP('',(#2865,#2866,#2867,#2868));
#7252=EDGE_LOOP('',(#2869,#2870,#2871,#2872));
#7253=EDGE_LOOP('',(#2873,#2874,#2875,#2876));
#7254=EDGE_LOOP('',(#2877,#2878,#2879,#2880));
#7255=EDGE_LOOP('',(#2881,#2882,#2883,#2884));
#7256=EDGE_LOOP('',(#2885,#2886,#2887,#2888,#2889));
#7257=EDGE_LOOP('',(#2890,#2891,#2892,#2893,#2894,#2895,#2896,#2897,#2898,
#2899));
#7258=EDGE_LOOP('',(#2900,#2901,#2902,#2903));
#7259=EDGE_LOOP('',(#2904,#2905,#2906,#2907));
#7260=EDGE_LOOP('',(#2908,#2909,#2910,#2911));
#7261=EDGE_LOOP('',(#2912,#2913,#2914,#2915,#2916));
#7262=EDGE_LOOP('',(#2917,#2918,#2919,#2920));
#7263=EDGE_LOOP('',(#2921));
#7264=EDGE_LOOP('',(#2922,#2923,#2924,#2925,#2926,#2927,#2928,#2929));
#7265=EDGE_LOOP('',(#2930,#2931,#2932,#2933));
#7266=EDGE_LOOP('',(#2934,#2935,#2936,#2937));
#7267=EDGE_LOOP('',(#2938,#2939,#2940,#2941));
#7268=EDGE_LOOP('',(#2942,#2943,#2944,#2945));
#7269=EDGE_LOOP('',(#2946,#2947,#2948));
#7270=EDGE_LOOP('',(#2949,#2950,#2951,#2952));
#7271=EDGE_LOOP('',(#2953,#2954,#2955,#2956));
#7272=EDGE_LOOP('',(#2957,#2958,#2959,#2960));
#7273=EDGE_LOOP('',(#2961,#2962,#2963,#2964));
#7274=EDGE_LOOP('',(#2965,#2966,#2967));
#7275=EDGE_LOOP('',(#2968,#2969,#2970,#2971));
#7276=EDGE_LOOP('',(#2972,#2973,#2974,#2975));
#7277=EDGE_LOOP('',(#2976,#2977,#2978,#2979));
#7278=EDGE_LOOP('',(#2980,#2981,#2982,#2983));
#7279=EDGE_LOOP('',(#2984,#2985,#2986,#2987));
#7280=EDGE_LOOP('',(#2988,#2989,#2990,#2991));
#7281=EDGE_LOOP('',(#2992,#2993,#2994,#2995));
#7282=EDGE_LOOP('',(#2996,#2997,#2998,#2999));
#7283=EDGE_LOOP('',(#3000,#3001,#3002,#3003));
#7284=EDGE_LOOP('',(#3004,#3005,#3006));
#7285=EDGE_LOOP('',(#3007,#3008,#3009,#3010,#3011,#3012,#3013,#3014,#3015,
#3016,#3017,#3018,#3019,#3020,#3021,#3022,#3023,#3024,#3025,#3026,#3027,
#3028,#3029,#3030,#3031,#3032,#3033,#3034,#3035,#3036));
#7286=EDGE_LOOP('',(#3037,#3038,#3039,#3040));
#7287=EDGE_LOOP('',(#3041,#3042,#3043,#3044));
#7288=EDGE_LOOP('',(#3045,#3046,#3047,#3048));
#7289=EDGE_LOOP('',(#3049,#3050,#3051,#3052));
#7290=EDGE_LOOP('',(#3053,#3054,#3055,#3056,#3057,#3058,#3059,#3060,#3061,
#3062,#3063,#3064,#3065,#3066,#3067,#3068,#3069,#3070,#3071,#3072,#3073,
#3074,#3075,#3076,#3077,#3078,#3079,#3080,#3081));
#7291=EDGE_LOOP('',(#3082,#3083,#3084,#3085));
#7292=EDGE_LOOP('',(#3086,#3087,#3088,#3089));
#7293=EDGE_LOOP('',(#3090,#3091,#3092,#3093));
#7294=EDGE_LOOP('',(#3094,#3095,#3096,#3097));
#7295=EDGE_LOOP('',(#3098,#3099,#3100,#3101));
#7296=EDGE_LOOP('',(#3102,#3103,#3104,#3105));
#7297=EDGE_LOOP('',(#3106,#3107,#3108,#3109));
#7298=EDGE_LOOP('',(#3110,#3111,#3112,#3113));
#7299=EDGE_LOOP('',(#3114,#3115,#3116,#3117));
#7300=EDGE_LOOP('',(#3118,#3119,#3120,#3121));
#7301=EDGE_LOOP('',(#3122,#3123,#3124,#3125));
#7302=EDGE_LOOP('',(#3126,#3127,#3128,#3129));
#7303=EDGE_LOOP('',(#3130,#3131,#3132,#3133));
#7304=EDGE_LOOP('',(#3134,#3135,#3136,#3137));
#7305=EDGE_LOOP('',(#3138,#3139,#3140,#3141));
#7306=EDGE_LOOP('',(#3142,#3143,#3144,#3145));
#7307=EDGE_LOOP('',(#3146,#3147,#3148,#3149));
#7308=EDGE_LOOP('',(#3150,#3151,#3152,#3153));
#7309=EDGE_LOOP('',(#3154,#3155,#3156,#3157,#3158,#3159,#3160,#3161,#3162,
#3163,#3164,#3165,#3166,#3167,#3168,#3169,#3170,#3171,#3172,#3173,#3174,
#3175,#3176,#3177,#3178,#3179,#3180,#3181,#3182,#3183,#3184,#3185,#3186,
#3187,#3188,#3189,#3190,#3191,#3192,#3193,#3194,#3195,#3196,#3197));
#7310=EDGE_LOOP('',(#3198,#3199,#3200,#3201));
#7311=EDGE_LOOP('',(#3202,#3203,#3204,#3205,#3206,#3207,#3208,#3209,#3210,
#3211,#3212,#3213,#3214,#3215,#3216,#3217,#3218,#3219,#3220,#3221,#3222,
#3223,#3224,#3225,#3226,#3227,#3228,#3229,#3230,#3231,#3232,#3233,#3234,
#3235,#3236,#3237,#3238,#3239,#3240,#3241,#3242,#3243,#3244,#3245,#3246));
#7312=EDGE_LOOP('',(#3247,#3248,#3249,#3250));
#7313=EDGE_LOOP('',(#3251,#3252,#3253,#3254));
#7314=EDGE_LOOP('',(#3255,#3256,#3257,#3258));
#7315=EDGE_LOOP('',(#3259,#3260,#3261,#3262));
#7316=EDGE_LOOP('',(#3263,#3264,#3265,#3266));
#7317=EDGE_LOOP('',(#3267,#3268,#3269,#3270));
#7318=EDGE_LOOP('',(#3271,#3272,#3273,#3274));
#7319=EDGE_LOOP('',(#3275,#3276,#3277,#3278));
#7320=EDGE_LOOP('',(#3279,#3280,#3281,#3282));
#7321=EDGE_LOOP('',(#3283,#3284,#3285,#3286));
#7322=EDGE_LOOP('',(#3287,#3288,#3289,#3290));
#7323=EDGE_LOOP('',(#3291,#3292,#3293,#3294));
#7324=EDGE_LOOP('',(#3295,#3296,#3297,#3298));
#7325=EDGE_LOOP('',(#3299,#3300,#3301,#3302));
#7326=EDGE_LOOP('',(#3303,#3304,#3305,#3306));
#7327=EDGE_LOOP('',(#3307,#3308,#3309,#3310));
#7328=EDGE_LOOP('',(#3311,#3312,#3313,#3314));
#7329=EDGE_LOOP('',(#3315,#3316,#3317,#3318));
#7330=EDGE_LOOP('',(#3319,#3320,#3321,#3322));
#7331=EDGE_LOOP('',(#3323,#3324,#3325,#3326));
#7332=EDGE_LOOP('',(#3327,#3328,#3329,#3330,#3331,#3332,#3333,#3334,#3335,
#3336,#3337,#3338,#3339,#3340,#3341,#3342,#3343,#3344,#3345,#3346,#3347,
#3348,#3349,#3350,#3351,#3352,#3353,#3354,#3355,#3356,#3357,#3358,#3359,
#3360,#3361,#3362,#3363,#3364,#3365,#3366,#3367,#3368,#3369,#3370,#3371,
#3372,#3373,#3374,#3375,#3376,#3377,#3378,#3379,#3380,#3381,#3382,#3383,
#3384,#3385,#3386,#3387,#3388,#3389,#3390,#3391,#3392,#3393,#3394,#3395,
#3396,#3397,#3398,#3399,#3400,#3401,#3402,#3403,#3404,#3405,#3406,#3407,
#3408,#3409,#3410,#3411));
#7333=EDGE_LOOP('',(#3412,#3413,#3414,#3415));
#7334=EDGE_LOOP('',(#3416,#3417,#3418,#3419));
#7335=EDGE_LOOP('',(#3420,#3421,#3422,#3423));
#7336=EDGE_LOOP('',(#3424,#3425,#3426,#3427));
#7337=EDGE_LOOP('',(#3428,#3429,#3430,#3431));
#7338=EDGE_LOOP('',(#3432,#3433,#3434,#3435));
#7339=EDGE_LOOP('',(#3436,#3437,#3438,#3439));
#7340=EDGE_LOOP('',(#3440,#3441,#3442,#3443));
#7341=EDGE_LOOP('',(#3444,#3445,#3446,#3447));
#7342=EDGE_LOOP('',(#3448,#3449,#3450,#3451));
#7343=EDGE_LOOP('',(#3452));
#7344=EDGE_LOOP('',(#3453));
#7345=EDGE_LOOP('',(#3454));
#7346=EDGE_LOOP('',(#3455));
#7347=EDGE_LOOP('',(#3456,#3457,#3458,#3459,#3460,#3461,#3462,#3463));
#7348=EDGE_LOOP('',(#3464,#3465,#3466,#3467,#3468,#3469,#3470,#3471));
#7349=EDGE_LOOP('',(#3472,#3473,#3474,#3475,#3476,#3477,#3478,#3479));
#7350=EDGE_LOOP('',(#3480,#3481,#3482,#3483));
#7351=EDGE_LOOP('',(#3484,#3485,#3486,#3487));
#7352=EDGE_LOOP('',(#3488,#3489,#3490,#3491,#3492,#3493,#3494,#3495));
#7353=EDGE_LOOP('',(#3496,#3497,#3498,#3499,#3500,#3501,#3502,#3503));
#7354=EDGE_LOOP('',(#3504,#3505,#3506,#3507,#3508,#3509,#3510,#3511));
#7355=EDGE_LOOP('',(#3512,#3513,#3514,#3515,#3516,#3517,#3518,#3519));
#7356=EDGE_LOOP('',(#3520,#3521,#3522,#3523));
#7357=EDGE_LOOP('',(#3524,#3525,#3526,#3527));
#7358=EDGE_LOOP('',(#3528,#3529,#3530,#3531));
#7359=EDGE_LOOP('',(#3532,#3533,#3534,#3535));
#7360=EDGE_LOOP('',(#3536,#3537,#3538,#3539));
#7361=EDGE_LOOP('',(#3540,#3541,#3542,#3543));
#7362=EDGE_LOOP('',(#3544,#3545,#3546,#3547,#3548,#3549));
#7363=EDGE_LOOP('',(#3550));
#7364=EDGE_LOOP('',(#3551));
#7365=EDGE_LOOP('',(#3552));
#7366=EDGE_LOOP('',(#3553,#3554,#3555,#3556,#3557,#3558));
#7367=EDGE_LOOP('',(#3559));
#7368=EDGE_LOOP('',(#3560));
#7369=EDGE_LOOP('',(#3561));
#7370=EDGE_LOOP('',(#3562,#3563,#3564,#3565,#3566,#3567));
#7371=EDGE_LOOP('',(#3568));
#7372=EDGE_LOOP('',(#3569));
#7373=EDGE_LOOP('',(#3570));
#7374=EDGE_LOOP('',(#3571));
#7375=EDGE_LOOP('',(#3572));
#7376=EDGE_LOOP('',(#3573));
#7377=EDGE_LOOP('',(#3574));
#7378=EDGE_LOOP('',(#3575));
#7379=EDGE_LOOP('',(#3576));
#7380=EDGE_LOOP('',(#3577));
#7381=EDGE_LOOP('',(#3578));
#7382=EDGE_LOOP('',(#3579));
#7383=EDGE_LOOP('',(#3580));
#7384=EDGE_LOOP('',(#3581,#3582,#3583,#3584,#3585,#3586,#3587,#3588));
#7385=EDGE_LOOP('',(#3589,#3590,#3591,#3592,#3593,#3594,#3595,#3596));
#7386=EDGE_LOOP('',(#3597));
#7387=EDGE_LOOP('',(#3598,#3599,#3600,#3601));
#7388=EDGE_LOOP('',(#3602,#3603,#3604,#3605));
#7389=EDGE_LOOP('',(#3606,#3607,#3608,#3609));
#7390=EDGE_LOOP('',(#3610,#3611,#3612,#3613,#3614,#3615,#3616,#3617));
#7391=EDGE_LOOP('',(#3618));
#7392=EDGE_LOOP('',(#3619));
#7393=EDGE_LOOP('',(#3620));
#7394=EDGE_LOOP('',(#3621));
#7395=EDGE_LOOP('',(#3622));
#7396=EDGE_LOOP('',(#3623));
#7397=EDGE_LOOP('',(#3624,#3625,#3626,#3627,#3628,#3629,#3630,#3631,#3632,
#3633,#3634,#3635,#3636,#3637,#3638,#3639,#3640,#3641,#3642,#3643,#3644,
#3645,#3646,#3647,#3648,#3649,#3650,#3651,#3652,#3653));
#7398=EDGE_LOOP('',(#3654));
#7399=EDGE_LOOP('',(#3655));
#7400=EDGE_LOOP('',(#3656));
#7401=EDGE_LOOP('',(#3657));
#7402=EDGE_LOOP('',(#3658));
#7403=EDGE_LOOP('',(#3659));
#7404=EDGE_LOOP('',(#3660));
#7405=EDGE_LOOP('',(#3661));
#7406=EDGE_LOOP('',(#3662));
#7407=EDGE_LOOP('',(#3663));
#7408=EDGE_LOOP('',(#3664));
#7409=EDGE_LOOP('',(#3665));
#7410=EDGE_LOOP('',(#3666));
#7411=EDGE_LOOP('',(#3667));
#7412=EDGE_LOOP('',(#3668));
#7413=EDGE_LOOP('',(#3669));
#7414=EDGE_LOOP('',(#3670));
#7415=EDGE_LOOP('',(#3671));
#7416=EDGE_LOOP('',(#3672));
#7417=EDGE_LOOP('',(#3673));
#7418=EDGE_LOOP('',(#3674,#3675,#3676,#3677));
#7419=EDGE_LOOP('',(#3678,#3679,#3680,#3681));
#7420=EDGE_LOOP('',(#3682,#3683,#3684,#3685));
#7421=EDGE_LOOP('',(#3686,#3687,#3688,#3689));
#7422=EDGE_LOOP('',(#3690,#3691,#3692,#3693));
#7423=EDGE_LOOP('',(#3694,#3695,#3696,#3697));
#7424=EDGE_LOOP('',(#3698,#3699,#3700,#3701));
#7425=EDGE_LOOP('',(#3702,#3703,#3704,#3705));
#7426=EDGE_LOOP('',(#3706,#3707,#3708,#3709));
#7427=EDGE_LOOP('',(#3710,#3711,#3712,#3713));
#7428=EDGE_LOOP('',(#3714,#3715,#3716,#3717));
#7429=EDGE_LOOP('',(#3718,#3719,#3720,#3721));
#7430=EDGE_LOOP('',(#3722,#3723,#3724,#3725));
#7431=EDGE_LOOP('',(#3726,#3727,#3728,#3729));
#7432=EDGE_LOOP('',(#3730,#3731,#3732,#3733));
#7433=EDGE_LOOP('',(#3734,#3735,#3736,#3737));
#7434=EDGE_LOOP('',(#3738,#3739,#3740,#3741));
#7435=EDGE_LOOP('',(#3742,#3743,#3744,#3745));
#7436=EDGE_LOOP('',(#3746,#3747,#3748,#3749));
#7437=EDGE_LOOP('',(#3750,#3751,#3752,#3753));
#7438=EDGE_LOOP('',(#3754,#3755,#3756,#3757));
#7439=EDGE_LOOP('',(#3758,#3759,#3760,#3761));
#7440=EDGE_LOOP('',(#3762,#3763,#3764,#3765));
#7441=EDGE_LOOP('',(#3766,#3767,#3768,#3769));
#7442=EDGE_LOOP('',(#3770,#3771,#3772,#3773));
#7443=EDGE_LOOP('',(#3774,#3775,#3776,#3777));
#7444=EDGE_LOOP('',(#3778,#3779,#3780,#3781));
#7445=EDGE_LOOP('',(#3782,#3783,#3784,#3785));
#7446=EDGE_LOOP('',(#3786,#3787,#3788,#3789));
#7447=EDGE_LOOP('',(#3790,#3791,#3792,#3793));
#7448=EDGE_LOOP('',(#3794,#3795,#3796,#3797));
#7449=EDGE_LOOP('',(#3798,#3799,#3800,#3801));
#7450=EDGE_LOOP('',(#3802,#3803,#3804,#3805));
#7451=EDGE_LOOP('',(#3806,#3807,#3808,#3809));
#7452=EDGE_LOOP('',(#3810,#3811,#3812,#3813));
#7453=EDGE_LOOP('',(#3814,#3815,#3816,#3817));
#7454=EDGE_LOOP('',(#3818,#3819,#3820,#3821));
#7455=EDGE_LOOP('',(#3822,#3823,#3824,#3825));
#7456=EDGE_LOOP('',(#3826,#3827,#3828,#3829));
#7457=EDGE_LOOP('',(#3830,#3831,#3832,#3833));
#7458=EDGE_LOOP('',(#3834,#3835,#3836,#3837));
#7459=EDGE_LOOP('',(#3838,#3839,#3840,#3841));
#7460=EDGE_LOOP('',(#3842,#3843,#3844,#3845));
#7461=EDGE_LOOP('',(#3846,#3847,#3848,#3849,#3850,#3851));
#7462=EDGE_LOOP('',(#3852,#3853,#3854,#3855,#3856,#3857));
#7463=EDGE_LOOP('',(#3858,#3859,#3860,#3861));
#7464=EDGE_LOOP('',(#3862,#3863,#3864,#3865,#3866,#3867));
#7465=EDGE_LOOP('',(#3868,#3869,#3870,#3871));
#7466=EDGE_LOOP('',(#3872,#3873,#3874,#3875));
#7467=EDGE_LOOP('',(#3876,#3877,#3878,#3879));
#7468=EDGE_LOOP('',(#3880,#3881,#3882,#3883,#3884,#3885));
#7469=EDGE_LOOP('',(#3886,#3887,#3888,#3889));
#7470=EDGE_LOOP('',(#3890,#3891,#3892,#3893));
#7471=EDGE_LOOP('',(#3894,#3895,#3896,#3897));
#7472=EDGE_LOOP('',(#3898,#3899,#3900,#3901,#3902,#3903,#3904,#3905,#3906,
#3907,#3908,#3909,#3910,#3911,#3912,#3913));
#7473=EDGE_LOOP('',(#3914,#3915,#3916,#3917));
#7474=EDGE_LOOP('',(#3918,#3919,#3920,#3921,#3922,#3923,#3924,#3925,#3926,
#3927,#3928,#3929,#3930,#3931,#3932,#3933));
#7475=EDGE_LOOP('',(#3934,#3935,#3936,#3937));
#7476=EDGE_LOOP('',(#3938,#3939,#3940,#3941,#3942,#3943,#3944,#3945,#3946,
#3947,#3948,#3949,#3950,#3951,#3952,#3953,#3954,#3955));
#7477=EDGE_LOOP('',(#3956,#3957,#3958,#3959,#3960,#3961));
#7478=EDGE_LOOP('',(#3962,#3963,#3964,#3965,#3966,#3967,#3968,#3969,#3970,
#3971,#3972,#3973,#3974,#3975,#3976,#3977));
#7479=EDGE_LOOP('',(#3978,#3979,#3980,#3981));
#7480=EDGE_LOOP('',(#3982,#3983,#3984,#3985));
#7481=EDGE_LOOP('',(#3986,#3987,#3988,#3989));
#7482=EDGE_LOOP('',(#3990,#3991,#3992,#3993,#3994,#3995,#3996,#3997));
#7483=EDGE_LOOP('',(#3998,#3999,#4000,#4001));
#7484=EDGE_LOOP('',(#4002,#4003,#4004,#4005,#4006,#4007,#4008,#4009,#4010,
#4011,#4012,#4013,#4014,#4015,#4016,#4017));
#7485=EDGE_LOOP('',(#4018,#4019,#4020,#4021));
#7486=EDGE_LOOP('',(#4022,#4023,#4024,#4025));
#7487=EDGE_LOOP('',(#4026,#4027,#4028,#4029));
#7488=EDGE_LOOP('',(#4030,#4031,#4032,#4033,#4034,#4035));
#7489=EDGE_LOOP('',(#4036,#4037,#4038,#4039));
#7490=EDGE_LOOP('',(#4040,#4041,#4042,#4043,#4044,#4045));
#7491=EDGE_LOOP('',(#4046,#4047,#4048,#4049));
#7492=EDGE_LOOP('',(#4050,#4051,#4052,#4053));
#7493=EDGE_LOOP('',(#4054,#4055,#4056,#4057,#4058,#4059));
#7494=EDGE_LOOP('',(#4060,#4061,#4062,#4063,#4064,#4065,#4066,#4067));
#7495=EDGE_LOOP('',(#4068,#4069,#4070,#4071,#4072,#4073));
#7496=EDGE_LOOP('',(#4074,#4075,#4076,#4077,#4078,#4079));
#7497=EDGE_LOOP('',(#4080,#4081,#4082,#4083));
#7498=EDGE_LOOP('',(#4084,#4085,#4086,#4087,#4088,#4089));
#7499=EDGE_LOOP('',(#4090,#4091,#4092,#4093));
#7500=EDGE_LOOP('',(#4094,#4095,#4096,#4097));
#7501=EDGE_LOOP('',(#4098,#4099,#4100,#4101));
#7502=EDGE_LOOP('',(#4102,#4103,#4104,#4105));
#7503=EDGE_LOOP('',(#4106,#4107,#4108,#4109));
#7504=EDGE_LOOP('',(#4110,#4111,#4112,#4113));
#7505=EDGE_LOOP('',(#4114,#4115,#4116,#4117));
#7506=EDGE_LOOP('',(#4118,#4119,#4120,#4121,#4122,#4123,#4124,#4125,#4126,
#4127,#4128,#4129));
#7507=EDGE_LOOP('',(#4130,#4131,#4132,#4133));
#7508=EDGE_LOOP('',(#4134,#4135,#4136,#4137,#4138,#4139));
#7509=EDGE_LOOP('',(#4140,#4141,#4142,#4143));
#7510=EDGE_LOOP('',(#4144,#4145,#4146,#4147));
#7511=EDGE_LOOP('',(#4148,#4149,#4150,#4151,#4152,#4153));
#7512=EDGE_LOOP('',(#4154,#4155,#4156,#4157,#4158,#4159,#4160,#4161));
#7513=EDGE_LOOP('',(#4162,#4163,#4164,#4165));
#7514=EDGE_LOOP('',(#4166,#4167,#4168,#4169,#4170,#4171,#4172,#4173));
#7515=EDGE_LOOP('',(#4174,#4175,#4176,#4177));
#7516=EDGE_LOOP('',(#4178,#4179,#4180,#4181,#4182,#4183));
#7517=EDGE_LOOP('',(#4184,#4185,#4186,#4187,#4188,#4189));
#7518=EDGE_LOOP('',(#4190,#4191,#4192,#4193));
#7519=EDGE_LOOP('',(#4194,#4195,#4196,#4197));
#7520=EDGE_LOOP('',(#4198,#4199,#4200,#4201,#4202,#4203));
#7521=EDGE_LOOP('',(#4204,#4205,#4206,#4207));
#7522=EDGE_LOOP('',(#4208,#4209,#4210,#4211,#4212,#4213));
#7523=EDGE_LOOP('',(#4214,#4215,#4216,#4217));
#7524=EDGE_LOOP('',(#4218,#4219,#4220,#4221,#4222,#4223,#4224,#4225,#4226,
#4227,#4228,#4229,#4230,#4231,#4232,#4233));
#7525=EDGE_LOOP('',(#4234,#4235,#4236,#4237));
#7526=EDGE_LOOP('',(#4238,#4239,#4240,#4241,#4242,#4243,#4244,#4245,#4246,
#4247,#4248,#4249,#4250,#4251,#4252,#4253));
#7527=EDGE_LOOP('',(#4254,#4255,#4256,#4257));
#7528=EDGE_LOOP('',(#4258,#4259,#4260,#4261,#4262,#4263,#4264,#4265,#4266,
#4267,#4268,#4269,#4270,#4271,#4272,#4273));
#7529=EDGE_LOOP('',(#4274,#4275,#4276,#4277,#4278,#4279));
#7530=EDGE_LOOP('',(#4280,#4281,#4282,#4283,#4284,#4285,#4286,#4287,#4288,
#4289,#4290,#4291,#4292,#4293,#4294,#4295,#4296,#4297));
#7531=EDGE_LOOP('',(#4298,#4299,#4300,#4301));
#7532=EDGE_LOOP('',(#4302,#4303,#4304,#4305,#4306,#4307,#4308,#4309));
#7533=EDGE_LOOP('',(#4310,#4311,#4312,#4313));
#7534=EDGE_LOOP('',(#4314,#4315,#4316,#4317));
#7535=EDGE_LOOP('',(#4318,#4319,#4320,#4321));
#7536=EDGE_LOOP('',(#4322,#4323,#4324,#4325));
#7537=EDGE_LOOP('',(#4326,#4327,#4328,#4329));
#7538=EDGE_LOOP('',(#4330,#4331,#4332,#4333,#4334,#4335,#4336,#4337,#4338,
#4339,#4340,#4341,#4342,#4343,#4344,#4345));
#7539=EDGE_LOOP('',(#4346,#4347,#4348,#4349,#4350,#4351));
#7540=EDGE_LOOP('',(#4352,#4353,#4354,#4355));
#7541=EDGE_LOOP('',(#4356,#4357,#4358,#4359,#4360,#4361));
#7542=EDGE_LOOP('',(#4362,#4363,#4364,#4365));
#7543=EDGE_LOOP('',(#4366,#4367,#4368,#4369,#4370,#4371,#4372,#4373));
#7544=EDGE_LOOP('',(#4374,#4375,#4376,#4377,#4378,#4379));
#7545=EDGE_LOOP('',(#4380,#4381,#4382,#4383));
#7546=EDGE_LOOP('',(#4384,#4385,#4386,#4387,#4388,#4389));
#7547=EDGE_LOOP('',(#4390,#4391,#4392,#4393));
#7548=EDGE_LOOP('',(#4394,#4395,#4396,#4397,#4398,#4399));
#7549=EDGE_LOOP('',(#4400,#4401,#4402,#4403,#4404,#4405));
#7550=EDGE_LOOP('',(#4406,#4407,#4408,#4409,#4410,#4411));
#7551=EDGE_LOOP('',(#4412,#4413,#4414,#4415));
#7552=EDGE_LOOP('',(#4416,#4417,#4418,#4419,#4420,#4421));
#7553=EDGE_LOOP('',(#4422,#4423,#4424,#4425));
#7554=EDGE_LOOP('',(#4426,#4427,#4428,#4429));
#7555=EDGE_LOOP('',(#4430,#4431,#4432,#4433));
#7556=EDGE_LOOP('',(#4434,#4435,#4436,#4437));
#7557=EDGE_LOOP('',(#4438,#4439,#4440,#4441));
#7558=EDGE_LOOP('',(#4442,#4443,#4444,#4445));
#7559=EDGE_LOOP('',(#4446,#4447,#4448,#4449,#4450,#4451,#4452,#4453,#4454,
#4455,#4456,#4457));
#7560=EDGE_LOOP('',(#4458,#4459,#4460,#4461));
#7561=EDGE_LOOP('',(#4462,#4463,#4464,#4465));
#7562=EDGE_LOOP('',(#4466,#4467,#4468,#4469,#4470,#4471));
#7563=EDGE_LOOP('',(#4472,#4473,#4474,#4475));
#7564=EDGE_LOOP('',(#4476,#4477,#4478,#4479));
#7565=EDGE_LOOP('',(#4480,#4481,#4482,#4483,#4484,#4485));
#7566=EDGE_LOOP('',(#4486,#4487,#4488,#4489,#4490,#4491,#4492,#4493));
#7567=EDGE_LOOP('',(#4494,#4495,#4496,#4497));
#7568=EDGE_LOOP('',(#4498,#4499,#4500,#4501,#4502,#4503,#4504,#4505));
#7569=EDGE_LOOP('',(#4506,#4507,#4508,#4509));
#7570=EDGE_LOOP('',(#4510,#4511,#4512,#4513));
#7571=EDGE_LOOP('',(#4514,#4515,#4516,#4517));
#7572=EDGE_LOOP('',(#4518,#4519,#4520,#4521));
#7573=EDGE_LOOP('',(#4522,#4523,#4524,#4525));
#7574=EDGE_LOOP('',(#4526,#4527,#4528,#4529));
#7575=EDGE_LOOP('',(#4530,#4531,#4532,#4533));
#7576=EDGE_LOOP('',(#4534,#4535,#4536,#4537));
#7577=EDGE_LOOP('',(#4538,#4539,#4540,#4541));
#7578=EDGE_LOOP('',(#4542,#4543,#4544,#4545));
#7579=EDGE_LOOP('',(#4546,#4547,#4548,#4549));
#7580=EDGE_LOOP('',(#4550));
#7581=EDGE_LOOP('',(#4551));
#7582=EDGE_LOOP('',(#4552));
#7583=EDGE_LOOP('',(#4553));
#7584=EDGE_LOOP('',(#4554));
#7585=EDGE_LOOP('',(#4555));
#7586=EDGE_LOOP('',(#4556));
#7587=EDGE_LOOP('',(#4557));
#7588=EDGE_LOOP('',(#4558,#4559,#4560,#4561));
#7589=EDGE_LOOP('',(#4562,#4563,#4564,#4565));
#7590=EDGE_LOOP('',(#4566,#4567,#4568,#4569));
#7591=EDGE_LOOP('',(#4570,#4571,#4572,#4573));
#7592=EDGE_LOOP('',(#4574,#4575,#4576,#4577));
#7593=EDGE_LOOP('',(#4578,#4579,#4580,#4581));
#7594=EDGE_LOOP('',(#4582,#4583,#4584,#4585));
#7595=EDGE_LOOP('',(#4586,#4587,#4588,#4589));
#7596=EDGE_LOOP('',(#4590,#4591,#4592,#4593));
#7597=EDGE_LOOP('',(#4594,#4595,#4596,#4597));
#7598=EDGE_LOOP('',(#4598,#4599,#4600,#4601));
#7599=EDGE_LOOP('',(#4602,#4603,#4604,#4605));
#7600=EDGE_LOOP('',(#4606,#4607,#4608,#4609));
#7601=EDGE_LOOP('',(#4610,#4611,#4612,#4613));
#7602=EDGE_LOOP('',(#4614,#4615,#4616,#4617));
#7603=EDGE_LOOP('',(#4618,#4619,#4620,#4621));
#7604=EDGE_LOOP('',(#4622,#4623,#4624,#4625));
#7605=EDGE_LOOP('',(#4626,#4627,#4628,#4629));
#7606=EDGE_LOOP('',(#4630,#4631,#4632,#4633));
#7607=EDGE_LOOP('',(#4634,#4635,#4636,#4637));
#7608=EDGE_LOOP('',(#4638,#4639,#4640,#4641));
#7609=EDGE_LOOP('',(#4642,#4643,#4644,#4645));
#7610=EDGE_LOOP('',(#4646,#4647,#4648,#4649));
#7611=EDGE_LOOP('',(#4650,#4651,#4652,#4653));
#7612=EDGE_LOOP('',(#4654,#4655,#4656,#4657));
#7613=EDGE_LOOP('',(#4658,#4659,#4660,#4661));
#7614=EDGE_LOOP('',(#4662,#4663,#4664,#4665));
#7615=EDGE_LOOP('',(#4666,#4667,#4668,#4669));
#7616=EDGE_LOOP('',(#4670,#4671,#4672,#4673));
#7617=EDGE_LOOP('',(#4674,#4675,#4676,#4677));
#7618=EDGE_LOOP('',(#4678,#4679,#4680,#4681));
#7619=EDGE_LOOP('',(#4682,#4683,#4684,#4685));
#7620=EDGE_LOOP('',(#4686,#4687,#4688,#4689));
#7621=EDGE_LOOP('',(#4690,#4691,#4692,#4693));
#7622=EDGE_LOOP('',(#4694,#4695,#4696,#4697));
#7623=EDGE_LOOP('',(#4698,#4699,#4700,#4701));
#7624=EDGE_LOOP('',(#4702,#4703,#4704,#4705));
#7625=EDGE_LOOP('',(#4706,#4707,#4708,#4709));
#7626=EDGE_LOOP('',(#4710,#4711,#4712,#4713));
#7627=EDGE_LOOP('',(#4714,#4715,#4716,#4717));
#7628=EDGE_LOOP('',(#4718,#4719,#4720,#4721,#4722,#4723,#4724,#4725,#4726,
#4727,#4728,#4729,#4730,#4731,#4732,#4733,#4734,#4735,#4736,#4737,#4738,
#4739,#4740));
#7629=EDGE_LOOP('',(#4741,#4742,#4743,#4744,#4745,#4746,#4747,#4748,#4749,
#4750,#4751,#4752,#4753,#4754,#4755,#4756,#4757,#4758,#4759,#4760,#4761,
#4762,#4763));
#7630=EDGE_LOOP('',(#4764,#4765,#4766,#4767));
#7631=EDGE_LOOP('',(#4768,#4769,#4770,#4771));
#7632=EDGE_LOOP('',(#4772,#4773,#4774,#4775,#4776));
#7633=EDGE_LOOP('',(#4777,#4778,#4779,#4780,#4781,#4782,#4783,#4784,#4785,
#4786,#4787,#4788,#4789,#4790,#4791,#4792,#4793,#4794,#4795,#4796,#4797,
#4798,#4799));
#7634=EDGE_LOOP('',(#4800,#4801,#4802,#4803));
#7635=EDGE_LOOP('',(#4804,#4805,#4806,#4807));
#7636=EDGE_LOOP('',(#4808,#4809,#4810,#4811,#4812,#4813,#4814,#4815,#4816,
#4817,#4818,#4819,#4820,#4821,#4822,#4823,#4824,#4825,#4826,#4827,#4828,
#4829,#4830));
#7637=EDGE_LOOP('',(#4831,#4832,#4833,#4834,#4835));
#7638=EDGE_LOOP('',(#4836,#4837,#4838,#4839));
#7639=EDGE_LOOP('',(#4840,#4841,#4842,#4843));
#7640=EDGE_LOOP('',(#4844,#4845,#4846,#4847));
#7641=EDGE_LOOP('',(#4848,#4849,#4850,#4851));
#7642=EDGE_LOOP('',(#4852,#4853,#4854,#4855));
#7643=EDGE_LOOP('',(#4856,#4857,#4858,#4859));
#7644=EDGE_LOOP('',(#4860,#4861,#4862,#4863));
#7645=EDGE_LOOP('',(#4864,#4865,#4866,#4867));
#7646=EDGE_LOOP('',(#4868,#4869,#4870,#4871));
#7647=EDGE_LOOP('',(#4872,#4873,#4874,#4875));
#7648=EDGE_LOOP('',(#4876,#4877,#4878,#4879));
#7649=EDGE_LOOP('',(#4880,#4881,#4882,#4883));
#7650=EDGE_LOOP('',(#4884));
#7651=EDGE_LOOP('',(#4885,#4886,#4887,#4888,#4889,#4890,#4891,#4892));
#7652=EDGE_LOOP('',(#4893));
#7653=EDGE_LOOP('',(#4894));
#7654=EDGE_LOOP('',(#4895));
#7655=EDGE_LOOP('',(#4896,#4897,#4898,#4899,#4900,#4901,#4902,#4903));
#7656=EDGE_LOOP('',(#4904));
#7657=EDGE_LOOP('',(#4905));
#7658=EDGE_LOOP('',(#4906));
#7659=EDGE_LOOP('',(#4907,#4908,#4909,#4910,#4911,#4912,#4913,#4914));
#7660=EDGE_LOOP('',(#4915));
#7661=EDGE_LOOP('',(#4916));
#7662=EDGE_LOOP('',(#4917));
#7663=EDGE_LOOP('',(#4918,#4919,#4920,#4921,#4922,#4923,#4924,#4925));
#7664=EDGE_LOOP('',(#4926));
#7665=EDGE_LOOP('',(#4927));
#7666=FACE_BOUND('',#7152,.T.);
#7667=FACE_BOUND('',#7153,.T.);
#7668=FACE_BOUND('',#7154,.T.);
#7669=FACE_BOUND('',#7155,.T.);
#7670=FACE_BOUND('',#7156,.T.);
#7671=FACE_BOUND('',#7157,.T.);
#7672=FACE_BOUND('',#7158,.T.);
#7673=FACE_BOUND('',#7159,.T.);
#7674=FACE_BOUND('',#7160,.T.);
#7675=FACE_BOUND('',#7161,.T.);
#7676=FACE_BOUND('',#7162,.T.);
#7677=FACE_BOUND('',#7163,.T.);
#7678=FACE_BOUND('',#7164,.T.);
#7679=FACE_BOUND('',#7165,.T.);
#7680=FACE_BOUND('',#7166,.T.);
#7681=FACE_BOUND('',#7167,.T.);
#7682=FACE_BOUND('',#7168,.T.);
#7683=FACE_BOUND('',#7169,.T.);
#7684=FACE_BOUND('',#7170,.T.);
#7685=FACE_BOUND('',#7171,.T.);
#7686=FACE_BOUND('',#7172,.T.);
#7687=FACE_BOUND('',#7173,.T.);
#7688=FACE_BOUND('',#7174,.T.);
#7689=FACE_BOUND('',#7175,.T.);
#7690=FACE_BOUND('',#7176,.T.);
#7691=FACE_BOUND('',#7177,.T.);
#7692=FACE_BOUND('',#7178,.T.);
#7693=FACE_BOUND('',#7179,.T.);
#7694=FACE_BOUND('',#7180,.T.);
#7695=FACE_BOUND('',#7181,.T.);
#7696=FACE_BOUND('',#7182,.T.);
#7697=FACE_BOUND('',#7183,.T.);
#7698=FACE_BOUND('',#7184,.T.);
#7699=FACE_BOUND('',#7185,.T.);
#7700=FACE_BOUND('',#7186,.T.);
#7701=FACE_BOUND('',#7187,.T.);
#7702=FACE_BOUND('',#7188,.T.);
#7703=FACE_BOUND('',#7189,.T.);
#7704=FACE_BOUND('',#7190,.T.);
#7705=FACE_BOUND('',#7191,.T.);
#7706=FACE_BOUND('',#7192,.T.);
#7707=FACE_BOUND('',#7193,.T.);
#7708=FACE_BOUND('',#7194,.T.);
#7709=FACE_BOUND('',#7195,.T.);
#7710=FACE_BOUND('',#7196,.T.);
#7711=FACE_BOUND('',#7197,.T.);
#7712=FACE_BOUND('',#7198,.T.);
#7713=FACE_BOUND('',#7199,.T.);
#7714=FACE_BOUND('',#7200,.T.);
#7715=FACE_BOUND('',#7201,.T.);
#7716=FACE_BOUND('',#7202,.T.);
#7717=FACE_BOUND('',#7203,.T.);
#7718=FACE_BOUND('',#7204,.T.);
#7719=FACE_BOUND('',#7205,.T.);
#7720=FACE_BOUND('',#7206,.T.);
#7721=FACE_BOUND('',#7207,.T.);
#7722=FACE_BOUND('',#7208,.T.);
#7723=FACE_BOUND('',#7209,.T.);
#7724=FACE_BOUND('',#7210,.T.);
#7725=FACE_BOUND('',#7211,.T.);
#7726=FACE_BOUND('',#7212,.T.);
#7727=FACE_BOUND('',#7213,.T.);
#7728=FACE_BOUND('',#7214,.T.);
#7729=FACE_BOUND('',#7215,.T.);
#7730=FACE_BOUND('',#7216,.T.);
#7731=FACE_BOUND('',#7217,.T.);
#7732=FACE_BOUND('',#7218,.T.);
#7733=FACE_BOUND('',#7219,.T.);
#7734=FACE_BOUND('',#7220,.T.);
#7735=FACE_BOUND('',#7221,.T.);
#7736=FACE_BOUND('',#7222,.T.);
#7737=FACE_BOUND('',#7223,.T.);
#7738=FACE_BOUND('',#7224,.T.);
#7739=FACE_BOUND('',#7225,.T.);
#7740=FACE_BOUND('',#7226,.T.);
#7741=FACE_BOUND('',#7227,.T.);
#7742=FACE_BOUND('',#7228,.T.);
#7743=FACE_BOUND('',#7229,.T.);
#7744=FACE_BOUND('',#7230,.T.);
#7745=FACE_BOUND('',#7231,.T.);
#7746=FACE_BOUND('',#7232,.T.);
#7747=FACE_BOUND('',#7233,.T.);
#7748=FACE_BOUND('',#7234,.T.);
#7749=FACE_BOUND('',#7235,.T.);
#7750=FACE_BOUND('',#7236,.T.);
#7751=FACE_BOUND('',#7237,.T.);
#7752=FACE_BOUND('',#7238,.T.);
#7753=FACE_BOUND('',#7239,.T.);
#7754=FACE_BOUND('',#7240,.T.);
#7755=FACE_BOUND('',#7241,.T.);
#7756=FACE_BOUND('',#7242,.T.);
#7757=FACE_BOUND('',#7243,.T.);
#7758=FACE_BOUND('',#7244,.T.);
#7759=FACE_BOUND('',#7245,.T.);
#7760=FACE_BOUND('',#7246,.T.);
#7761=FACE_BOUND('',#7247,.T.);
#7762=FACE_BOUND('',#7248,.T.);
#7763=FACE_BOUND('',#7249,.T.);
#7764=FACE_BOUND('',#7250,.T.);
#7765=FACE_BOUND('',#7251,.T.);
#7766=FACE_BOUND('',#7252,.T.);
#7767=FACE_BOUND('',#7253,.T.);
#7768=FACE_BOUND('',#7254,.T.);
#7769=FACE_BOUND('',#7255,.T.);
#7770=FACE_BOUND('',#7256,.T.);
#7771=FACE_BOUND('',#7257,.T.);
#7772=FACE_BOUND('',#7258,.T.);
#7773=FACE_BOUND('',#7259,.T.);
#7774=FACE_BOUND('',#7260,.T.);
#7775=FACE_BOUND('',#7261,.T.);
#7776=FACE_BOUND('',#7262,.T.);
#7777=FACE_BOUND('',#7263,.T.);
#7778=FACE_BOUND('',#7264,.T.);
#7779=FACE_BOUND('',#7265,.T.);
#7780=FACE_BOUND('',#7266,.T.);
#7781=FACE_BOUND('',#7267,.T.);
#7782=FACE_BOUND('',#7268,.T.);
#7783=FACE_BOUND('',#7269,.T.);
#7784=FACE_BOUND('',#7270,.T.);
#7785=FACE_BOUND('',#7271,.T.);
#7786=FACE_BOUND('',#7272,.T.);
#7787=FACE_BOUND('',#7273,.T.);
#7788=FACE_BOUND('',#7274,.T.);
#7789=FACE_BOUND('',#7275,.T.);
#7790=FACE_BOUND('',#7276,.T.);
#7791=FACE_BOUND('',#7277,.T.);
#7792=FACE_BOUND('',#7278,.T.);
#7793=FACE_BOUND('',#7279,.T.);
#7794=FACE_BOUND('',#7280,.T.);
#7795=FACE_BOUND('',#7281,.T.);
#7796=FACE_BOUND('',#7282,.T.);
#7797=FACE_BOUND('',#7283,.T.);
#7798=FACE_BOUND('',#7284,.T.);
#7799=FACE_BOUND('',#7285,.T.);
#7800=FACE_BOUND('',#7286,.T.);
#7801=FACE_BOUND('',#7287,.T.);
#7802=FACE_BOUND('',#7288,.T.);
#7803=FACE_BOUND('',#7289,.T.);
#7804=FACE_BOUND('',#7290,.T.);
#7805=FACE_BOUND('',#7291,.T.);
#7806=FACE_BOUND('',#7292,.T.);
#7807=FACE_BOUND('',#7293,.T.);
#7808=FACE_BOUND('',#7294,.T.);
#7809=FACE_BOUND('',#7295,.T.);
#7810=FACE_BOUND('',#7296,.T.);
#7811=FACE_BOUND('',#7297,.T.);
#7812=FACE_BOUND('',#7298,.T.);
#7813=FACE_BOUND('',#7299,.T.);
#7814=FACE_BOUND('',#7300,.T.);
#7815=FACE_BOUND('',#7301,.T.);
#7816=FACE_BOUND('',#7302,.T.);
#7817=FACE_BOUND('',#7303,.T.);
#7818=FACE_BOUND('',#7304,.T.);
#7819=FACE_BOUND('',#7305,.T.);
#7820=FACE_BOUND('',#7306,.T.);
#7821=FACE_BOUND('',#7307,.T.);
#7822=FACE_BOUND('',#7308,.T.);
#7823=FACE_BOUND('',#7309,.T.);
#7824=FACE_BOUND('',#7310,.T.);
#7825=FACE_BOUND('',#7311,.T.);
#7826=FACE_BOUND('',#7312,.T.);
#7827=FACE_BOUND('',#7313,.T.);
#7828=FACE_BOUND('',#7314,.T.);
#7829=FACE_BOUND('',#7315,.T.);
#7830=FACE_BOUND('',#7316,.T.);
#7831=FACE_BOUND('',#7317,.T.);
#7832=FACE_BOUND('',#7318,.T.);
#7833=FACE_BOUND('',#7319,.T.);
#7834=FACE_BOUND('',#7320,.T.);
#7835=FACE_BOUND('',#7321,.T.);
#7836=FACE_BOUND('',#7322,.T.);
#7837=FACE_BOUND('',#7323,.T.);
#7838=FACE_BOUND('',#7324,.T.);
#7839=FACE_BOUND('',#7325,.T.);
#7840=FACE_BOUND('',#7326,.T.);
#7841=FACE_BOUND('',#7327,.T.);
#7842=FACE_BOUND('',#7328,.T.);
#7843=FACE_BOUND('',#7329,.T.);
#7844=FACE_BOUND('',#7330,.T.);
#7845=FACE_BOUND('',#7331,.T.);
#7846=FACE_BOUND('',#7332,.T.);
#7847=FACE_BOUND('',#7333,.T.);
#7848=FACE_BOUND('',#7334,.T.);
#7849=FACE_BOUND('',#7335,.T.);
#7850=FACE_BOUND('',#7336,.T.);
#7851=FACE_BOUND('',#7337,.T.);
#7852=FACE_BOUND('',#7338,.T.);
#7853=FACE_BOUND('',#7339,.T.);
#7854=FACE_BOUND('',#7340,.T.);
#7855=FACE_BOUND('',#7341,.T.);
#7856=FACE_BOUND('',#7342,.T.);
#7857=FACE_BOUND('',#7343,.T.);
#7858=FACE_BOUND('',#7344,.T.);
#7859=FACE_BOUND('',#7345,.T.);
#7860=FACE_BOUND('',#7346,.T.);
#7861=FACE_BOUND('',#7347,.T.);
#7862=FACE_BOUND('',#7348,.T.);
#7863=FACE_BOUND('',#7349,.T.);
#7864=FACE_BOUND('',#7350,.T.);
#7865=FACE_BOUND('',#7351,.T.);
#7866=FACE_BOUND('',#7352,.T.);
#7867=FACE_BOUND('',#7353,.T.);
#7868=FACE_BOUND('',#7354,.T.);
#7869=FACE_BOUND('',#7355,.T.);
#7870=FACE_BOUND('',#7356,.T.);
#7871=FACE_BOUND('',#7357,.T.);
#7872=FACE_BOUND('',#7358,.T.);
#7873=FACE_BOUND('',#7359,.T.);
#7874=FACE_BOUND('',#7360,.T.);
#7875=FACE_BOUND('',#7361,.T.);
#7876=FACE_BOUND('',#7362,.T.);
#7877=FACE_BOUND('',#7363,.T.);
#7878=FACE_BOUND('',#7364,.T.);
#7879=FACE_BOUND('',#7365,.T.);
#7880=FACE_BOUND('',#7366,.T.);
#7881=FACE_BOUND('',#7367,.T.);
#7882=FACE_BOUND('',#7368,.T.);
#7883=FACE_BOUND('',#7369,.T.);
#7884=FACE_BOUND('',#7370,.T.);
#7885=FACE_BOUND('',#7371,.T.);
#7886=FACE_BOUND('',#7372,.T.);
#7887=FACE_BOUND('',#7373,.T.);
#7888=FACE_BOUND('',#7374,.T.);
#7889=FACE_BOUND('',#7375,.T.);
#7890=FACE_BOUND('',#7376,.T.);
#7891=FACE_BOUND('',#7377,.T.);
#7892=FACE_BOUND('',#7378,.T.);
#7893=FACE_BOUND('',#7379,.T.);
#7894=FACE_BOUND('',#7380,.T.);
#7895=FACE_BOUND('',#7381,.T.);
#7896=FACE_BOUND('',#7382,.T.);
#7897=FACE_BOUND('',#7383,.T.);
#7898=FACE_BOUND('',#7384,.T.);
#7899=FACE_BOUND('',#7385,.T.);
#7900=FACE_BOUND('',#7386,.T.);
#7901=FACE_BOUND('',#7387,.T.);
#7902=FACE_BOUND('',#7388,.T.);
#7903=FACE_BOUND('',#7389,.T.);
#7904=FACE_BOUND('',#7390,.T.);
#7905=FACE_BOUND('',#7391,.T.);
#7906=FACE_BOUND('',#7392,.T.);
#7907=FACE_BOUND('',#7393,.T.);
#7908=FACE_BOUND('',#7394,.T.);
#7909=FACE_BOUND('',#7395,.T.);
#7910=FACE_BOUND('',#7396,.T.);
#7911=FACE_BOUND('',#7397,.T.);
#7912=FACE_BOUND('',#7398,.T.);
#7913=FACE_BOUND('',#7399,.T.);
#7914=FACE_BOUND('',#7400,.T.);
#7915=FACE_BOUND('',#7401,.T.);
#7916=FACE_BOUND('',#7402,.T.);
#7917=FACE_BOUND('',#7403,.T.);
#7918=FACE_BOUND('',#7404,.T.);
#7919=FACE_BOUND('',#7405,.T.);
#7920=FACE_BOUND('',#7406,.T.);
#7921=FACE_BOUND('',#7407,.T.);
#7922=FACE_BOUND('',#7408,.T.);
#7923=FACE_BOUND('',#7409,.T.);
#7924=FACE_BOUND('',#7410,.T.);
#7925=FACE_BOUND('',#7411,.T.);
#7926=FACE_BOUND('',#7412,.T.);
#7927=FACE_BOUND('',#7413,.T.);
#7928=FACE_BOUND('',#7414,.T.);
#7929=FACE_BOUND('',#7415,.T.);
#7930=FACE_BOUND('',#7416,.T.);
#7931=FACE_BOUND('',#7417,.T.);
#7932=FACE_BOUND('',#7418,.T.);
#7933=FACE_BOUND('',#7419,.T.);
#7934=FACE_BOUND('',#7420,.T.);
#7935=FACE_BOUND('',#7421,.T.);
#7936=FACE_BOUND('',#7422,.T.);
#7937=FACE_BOUND('',#7423,.T.);
#7938=FACE_BOUND('',#7424,.T.);
#7939=FACE_BOUND('',#7425,.T.);
#7940=FACE_BOUND('',#7426,.T.);
#7941=FACE_BOUND('',#7427,.T.);
#7942=FACE_BOUND('',#7428,.T.);
#7943=FACE_BOUND('',#7429,.T.);
#7944=FACE_BOUND('',#7430,.T.);
#7945=FACE_BOUND('',#7431,.T.);
#7946=FACE_BOUND('',#7432,.T.);
#7947=FACE_BOUND('',#7433,.T.);
#7948=FACE_BOUND('',#7434,.T.);
#7949=FACE_BOUND('',#7435,.T.);
#7950=FACE_BOUND('',#7436,.T.);
#7951=FACE_BOUND('',#7437,.T.);
#7952=FACE_BOUND('',#7438,.T.);
#7953=FACE_BOUND('',#7439,.T.);
#7954=FACE_BOUND('',#7440,.T.);
#7955=FACE_BOUND('',#7441,.T.);
#7956=FACE_BOUND('',#7442,.T.);
#7957=FACE_BOUND('',#7443,.T.);
#7958=FACE_BOUND('',#7444,.T.);
#7959=FACE_BOUND('',#7445,.T.);
#7960=FACE_BOUND('',#7446,.T.);
#7961=FACE_BOUND('',#7447,.T.);
#7962=FACE_BOUND('',#7448,.T.);
#7963=FACE_BOUND('',#7449,.T.);
#7964=FACE_BOUND('',#7450,.T.);
#7965=FACE_BOUND('',#7451,.T.);
#7966=FACE_BOUND('',#7452,.T.);
#7967=FACE_BOUND('',#7453,.T.);
#7968=FACE_BOUND('',#7454,.T.);
#7969=FACE_BOUND('',#7455,.T.);
#7970=FACE_BOUND('',#7456,.T.);
#7971=FACE_BOUND('',#7457,.T.);
#7972=FACE_BOUND('',#7458,.T.);
#7973=FACE_BOUND('',#7459,.T.);
#7974=FACE_BOUND('',#7460,.T.);
#7975=FACE_BOUND('',#7461,.T.);
#7976=FACE_BOUND('',#7462,.T.);
#7977=FACE_BOUND('',#7463,.T.);
#7978=FACE_BOUND('',#7464,.T.);
#7979=FACE_BOUND('',#7465,.T.);
#7980=FACE_BOUND('',#7466,.T.);
#7981=FACE_BOUND('',#7467,.T.);
#7982=FACE_BOUND('',#7468,.T.);
#7983=FACE_BOUND('',#7469,.T.);
#7984=FACE_BOUND('',#7470,.T.);
#7985=FACE_BOUND('',#7471,.T.);
#7986=FACE_BOUND('',#7472,.T.);
#7987=FACE_BOUND('',#7473,.T.);
#7988=FACE_BOUND('',#7474,.T.);
#7989=FACE_BOUND('',#7475,.T.);
#7990=FACE_BOUND('',#7476,.T.);
#7991=FACE_BOUND('',#7477,.T.);
#7992=FACE_BOUND('',#7478,.T.);
#7993=FACE_BOUND('',#7479,.T.);
#7994=FACE_BOUND('',#7480,.T.);
#7995=FACE_BOUND('',#7481,.T.);
#7996=FACE_BOUND('',#7482,.T.);
#7997=FACE_BOUND('',#7483,.T.);
#7998=FACE_BOUND('',#7484,.T.);
#7999=FACE_BOUND('',#7485,.T.);
#8000=FACE_BOUND('',#7486,.T.);
#8001=FACE_BOUND('',#7487,.T.);
#8002=FACE_BOUND('',#7488,.T.);
#8003=FACE_BOUND('',#7489,.T.);
#8004=FACE_BOUND('',#7490,.T.);
#8005=FACE_BOUND('',#7491,.T.);
#8006=FACE_BOUND('',#7492,.T.);
#8007=FACE_BOUND('',#7493,.T.);
#8008=FACE_BOUND('',#7494,.T.);
#8009=FACE_BOUND('',#7495,.T.);
#8010=FACE_BOUND('',#7496,.T.);
#8011=FACE_BOUND('',#7497,.T.);
#8012=FACE_BOUND('',#7498,.T.);
#8013=FACE_BOUND('',#7499,.T.);
#8014=FACE_BOUND('',#7500,.T.);
#8015=FACE_BOUND('',#7501,.T.);
#8016=FACE_BOUND('',#7502,.T.);
#8017=FACE_BOUND('',#7503,.T.);
#8018=FACE_BOUND('',#7504,.T.);
#8019=FACE_BOUND('',#7505,.T.);
#8020=FACE_BOUND('',#7506,.T.);
#8021=FACE_BOUND('',#7507,.T.);
#8022=FACE_BOUND('',#7508,.T.);
#8023=FACE_BOUND('',#7509,.T.);
#8024=FACE_BOUND('',#7510,.T.);
#8025=FACE_BOUND('',#7511,.T.);
#8026=FACE_BOUND('',#7512,.T.);
#8027=FACE_BOUND('',#7513,.T.);
#8028=FACE_BOUND('',#7514,.T.);
#8029=FACE_BOUND('',#7515,.T.);
#8030=FACE_BOUND('',#7516,.T.);
#8031=FACE_BOUND('',#7517,.T.);
#8032=FACE_BOUND('',#7518,.T.);
#8033=FACE_BOUND('',#7519,.T.);
#8034=FACE_BOUND('',#7520,.T.);
#8035=FACE_BOUND('',#7521,.T.);
#8036=FACE_BOUND('',#7522,.T.);
#8037=FACE_BOUND('',#7523,.T.);
#8038=FACE_BOUND('',#7524,.T.);
#8039=FACE_BOUND('',#7525,.T.);
#8040=FACE_BOUND('',#7526,.T.);
#8041=FACE_BOUND('',#7527,.T.);
#8042=FACE_BOUND('',#7528,.T.);
#8043=FACE_BOUND('',#7529,.T.);
#8044=FACE_BOUND('',#7530,.T.);
#8045=FACE_BOUND('',#7531,.T.);
#8046=FACE_BOUND('',#7532,.T.);
#8047=FACE_BOUND('',#7533,.T.);
#8048=FACE_BOUND('',#7534,.T.);
#8049=FACE_BOUND('',#7535,.T.);
#8050=FACE_BOUND('',#7536,.T.);
#8051=FACE_BOUND('',#7537,.T.);
#8052=FACE_BOUND('',#7538,.T.);
#8053=FACE_BOUND('',#7539,.T.);
#8054=FACE_BOUND('',#7540,.T.);
#8055=FACE_BOUND('',#7541,.T.);
#8056=FACE_BOUND('',#7542,.T.);
#8057=FACE_BOUND('',#7543,.T.);
#8058=FACE_BOUND('',#7544,.T.);
#8059=FACE_BOUND('',#7545,.T.);
#8060=FACE_BOUND('',#7546,.T.);
#8061=FACE_BOUND('',#7547,.T.);
#8062=FACE_BOUND('',#7548,.T.);
#8063=FACE_BOUND('',#7549,.T.);
#8064=FACE_BOUND('',#7550,.T.);
#8065=FACE_BOUND('',#7551,.T.);
#8066=FACE_BOUND('',#7552,.T.);
#8067=FACE_BOUND('',#7553,.T.);
#8068=FACE_BOUND('',#7554,.T.);
#8069=FACE_BOUND('',#7555,.T.);
#8070=FACE_BOUND('',#7556,.T.);
#8071=FACE_BOUND('',#7557,.T.);
#8072=FACE_BOUND('',#7558,.T.);
#8073=FACE_BOUND('',#7559,.T.);
#8074=FACE_BOUND('',#7560,.T.);
#8075=FACE_BOUND('',#7561,.T.);
#8076=FACE_BOUND('',#7562,.T.);
#8077=FACE_BOUND('',#7563,.T.);
#8078=FACE_BOUND('',#7564,.T.);
#8079=FACE_BOUND('',#7565,.T.);
#8080=FACE_BOUND('',#7566,.T.);
#8081=FACE_BOUND('',#7567,.T.);
#8082=FACE_BOUND('',#7568,.T.);
#8083=FACE_BOUND('',#7569,.T.);
#8084=FACE_BOUND('',#7570,.T.);
#8085=FACE_BOUND('',#7571,.T.);
#8086=FACE_BOUND('',#7572,.T.);
#8087=FACE_BOUND('',#7573,.T.);
#8088=FACE_BOUND('',#7574,.T.);
#8089=FACE_BOUND('',#7575,.T.);
#8090=FACE_BOUND('',#7576,.T.);
#8091=FACE_BOUND('',#7577,.T.);
#8092=FACE_BOUND('',#7578,.T.);
#8093=FACE_BOUND('',#7579,.T.);
#8094=FACE_BOUND('',#7580,.T.);
#8095=FACE_BOUND('',#7581,.T.);
#8096=FACE_BOUND('',#7582,.T.);
#8097=FACE_BOUND('',#7583,.T.);
#8098=FACE_BOUND('',#7584,.T.);
#8099=FACE_BOUND('',#7585,.T.);
#8100=FACE_BOUND('',#7586,.T.);
#8101=FACE_BOUND('',#7587,.T.);
#8102=FACE_BOUND('',#7588,.T.);
#8103=FACE_BOUND('',#7589,.T.);
#8104=FACE_BOUND('',#7590,.T.);
#8105=FACE_BOUND('',#7591,.T.);
#8106=FACE_BOUND('',#7592,.T.);
#8107=FACE_BOUND('',#7593,.T.);
#8108=FACE_BOUND('',#7594,.T.);
#8109=FACE_BOUND('',#7595,.T.);
#8110=FACE_BOUND('',#7596,.T.);
#8111=FACE_BOUND('',#7597,.T.);
#8112=FACE_BOUND('',#7598,.T.);
#8113=FACE_BOUND('',#7599,.T.);
#8114=FACE_BOUND('',#7600,.T.);
#8115=FACE_BOUND('',#7601,.T.);
#8116=FACE_BOUND('',#7602,.T.);
#8117=FACE_BOUND('',#7603,.T.);
#8118=FACE_BOUND('',#7604,.T.);
#8119=FACE_BOUND('',#7605,.T.);
#8120=FACE_BOUND('',#7606,.T.);
#8121=FACE_BOUND('',#7607,.T.);
#8122=FACE_BOUND('',#7608,.T.);
#8123=FACE_BOUND('',#7609,.T.);
#8124=FACE_BOUND('',#7610,.T.);
#8125=FACE_BOUND('',#7611,.T.);
#8126=FACE_BOUND('',#7612,.T.);
#8127=FACE_BOUND('',#7613,.T.);
#8128=FACE_BOUND('',#7614,.T.);
#8129=FACE_BOUND('',#7615,.T.);
#8130=FACE_BOUND('',#7616,.T.);
#8131=FACE_BOUND('',#7617,.T.);
#8132=FACE_BOUND('',#7618,.T.);
#8133=FACE_BOUND('',#7619,.T.);
#8134=FACE_BOUND('',#7620,.T.);
#8135=FACE_BOUND('',#7621,.T.);
#8136=FACE_BOUND('',#7622,.T.);
#8137=FACE_BOUND('',#7623,.T.);
#8138=FACE_BOUND('',#7624,.T.);
#8139=FACE_BOUND('',#7625,.T.);
#8140=FACE_BOUND('',#7626,.T.);
#8141=FACE_BOUND('',#7627,.T.);
#8142=FACE_BOUND('',#7628,.T.);
#8143=FACE_BOUND('',#7629,.T.);
#8144=FACE_BOUND('',#7630,.T.);
#8145=FACE_BOUND('',#7631,.T.);
#8146=FACE_BOUND('',#7632,.T.);
#8147=FACE_BOUND('',#7633,.T.);
#8148=FACE_BOUND('',#7634,.T.);
#8149=FACE_BOUND('',#7635,.T.);
#8150=FACE_BOUND('',#7636,.T.);
#8151=FACE_BOUND('',#7637,.T.);
#8152=FACE_BOUND('',#7638,.T.);
#8153=FACE_BOUND('',#7639,.T.);
#8154=FACE_BOUND('',#7640,.T.);
#8155=FACE_BOUND('',#7641,.T.);
#8156=FACE_BOUND('',#7642,.T.);
#8157=FACE_BOUND('',#7643,.T.);
#8158=FACE_BOUND('',#7644,.T.);
#8159=FACE_BOUND('',#7645,.T.);
#8160=FACE_BOUND('',#7646,.T.);
#8161=FACE_BOUND('',#7647,.T.);
#8162=FACE_BOUND('',#7648,.T.);
#8163=FACE_BOUND('',#7649,.T.);
#8164=FACE_BOUND('',#7650,.T.);
#8165=FACE_BOUND('',#7651,.T.);
#8166=FACE_BOUND('',#7652,.T.);
#8167=FACE_BOUND('',#7653,.T.);
#8168=FACE_BOUND('',#7654,.T.);
#8169=FACE_BOUND('',#7655,.T.);
#8170=FACE_BOUND('',#7656,.T.);
#8171=FACE_BOUND('',#7657,.T.);
#8172=FACE_BOUND('',#7658,.T.);
#8173=FACE_BOUND('',#7659,.T.);
#8174=FACE_BOUND('',#7660,.T.);
#8175=FACE_BOUND('',#7661,.T.);
#8176=FACE_BOUND('',#7662,.T.);
#8177=FACE_BOUND('',#7663,.T.);
#8178=FACE_BOUND('',#7664,.T.);
#8179=FACE_BOUND('',#7665,.T.);
#8180=PLANE('',#8943);
#8181=PLANE('',#8945);
#8182=PLANE('',#8947);
#8183=PLANE('',#8948);
#8184=PLANE('',#8949);
#8185=PLANE('',#8951);
#8186=PLANE('',#8953);
#8187=PLANE('',#8954);
#8188=PLANE('',#8955);
#8189=PLANE('',#8964);
#8190=PLANE('',#8973);
#8191=PLANE('',#8974);
#8192=PLANE('',#8977);
#8193=PLANE('',#8978);
#8194=PLANE('',#8979);
#8195=PLANE('',#8980);
#8196=PLANE('',#8981);
#8197=PLANE('',#8982);
#8198=PLANE('',#8983);
#8199=PLANE('',#8984);
#8200=PLANE('',#8985);
#8201=PLANE('',#8986);
#8202=PLANE('',#8987);
#8203=PLANE('',#8990);
#8204=PLANE('',#8991);
#8205=PLANE('',#8992);
#8206=PLANE('',#8993);
#8207=PLANE('',#8994);
#8208=PLANE('',#8995);
#8209=PLANE('',#8996);
#8210=PLANE('',#8997);
#8211=PLANE('',#8998);
#8212=PLANE('',#8999);
#8213=PLANE('',#9006);
#8214=PLANE('',#9013);
#8215=PLANE('',#9017);
#8216=PLANE('',#9018);
#8217=PLANE('',#9019);
#8218=PLANE('',#9020);
#8219=PLANE('',#9021);
#8220=PLANE('',#9022);
#8221=PLANE('',#9023);
#8222=PLANE('',#9024);
#8223=PLANE('',#9025);
#8224=PLANE('',#9026);
#8225=PLANE('',#9027);
#8226=PLANE('',#9028);
#8227=PLANE('',#9029);
#8228=PLANE('',#9030);
#8229=PLANE('',#9031);
#8230=PLANE('',#9032);
#8231=PLANE('',#9033);
#8232=PLANE('',#9034);
#8233=PLANE('',#9035);
#8234=PLANE('',#9045);
#8235=PLANE('',#9046);
#8236=PLANE('',#9047);
#8237=PLANE('',#9048);
#8238=PLANE('',#9049);
#8239=PLANE('',#9050);
#8240=PLANE('',#9051);
#8241=PLANE('',#9053);
#8242=PLANE('',#9058);
#8243=PLANE('',#9059);
#8244=PLANE('',#9060);
#8245=PLANE('',#9063);
#8246=PLANE('',#9065);
#8247=PLANE('',#9066);
#8248=PLANE('',#9067);
#8249=PLANE('',#9068);
#8250=PLANE('',#9069);
#8251=PLANE('',#9070);
#8252=PLANE('',#9071);
#8253=PLANE('',#9072);
#8254=PLANE('',#9073);
#8255=PLANE('',#9074);
#8256=PLANE('',#9075);
#8257=PLANE('',#9076);
#8258=PLANE('',#9077);
#8259=PLANE('',#9078);
#8260=PLANE('',#9079);
#8261=PLANE('',#9080);
#8262=PLANE('',#9081);
#8263=PLANE('',#9082);
#8264=PLANE('',#9084);
#8265=PLANE('',#9085);
#8266=PLANE('',#9086);
#8267=PLANE('',#9087);
#8268=PLANE('',#9088);
#8269=PLANE('',#9089);
#8270=PLANE('',#9090);
#8271=PLANE('',#9091);
#8272=PLANE('',#9092);
#8273=PLANE('',#9093);
#8274=PLANE('',#9094);
#8275=PLANE('',#9095);
#8276=PLANE('',#9096);
#8277=PLANE('',#9097);
#8278=PLANE('',#9098);
#8279=PLANE('',#9099);
#8280=PLANE('',#9100);
#8281=PLANE('',#9101);
#8282=PLANE('',#9102);
#8283=PLANE('',#9103);
#8284=PLANE('',#9104);
#8285=PLANE('',#9105);
#8286=PLANE('',#9106);
#8287=PLANE('',#9107);
#8288=PLANE('',#9108);
#8289=PLANE('',#9109);
#8290=PLANE('',#9110);
#8291=PLANE('',#9111);
#8292=PLANE('',#9120);
#8293=PLANE('',#9121);
#8294=PLANE('',#9122);
#8295=PLANE('',#9123);
#8296=PLANE('',#9124);
#8297=PLANE('',#9125);
#8298=PLANE('',#9126);
#8299=PLANE('',#9127);
#8300=PLANE('',#9128);
#8301=PLANE('',#9141);
#8302=PLANE('',#9142);
#8303=PLANE('',#9146);
#8304=PLANE('',#9168);
#8305=PLANE('',#9170);
#8306=PLANE('',#9171);
#8307=PLANE('',#9174);
#8308=PLANE('',#9179);
#8309=PLANE('',#9184);
#8310=PLANE('',#9187);
#8311=PLANE('',#9188);
#8312=PLANE('',#9189);
#8313=PLANE('',#9190);
#8314=PLANE('',#9191);
#8315=PLANE('',#9192);
#8316=PLANE('',#9193);
#8317=PLANE('',#9194);
#8318=PLANE('',#9195);
#8319=PLANE('',#9196);
#8320=PLANE('',#9197);
#8321=PLANE('',#9198);
#8322=PLANE('',#9199);
#8323=PLANE('',#9200);
#8324=PLANE('',#9201);
#8325=PLANE('',#9202);
#8326=PLANE('',#9203);
#8327=PLANE('',#9204);
#8328=PLANE('',#9205);
#8329=PLANE('',#9206);
#8330=PLANE('',#9207);
#8331=PLANE('',#9208);
#8332=PLANE('',#9209);
#8333=PLANE('',#9210);
#8334=PLANE('',#9211);
#8335=PLANE('',#9212);
#8336=PLANE('',#9213);
#8337=PLANE('',#9214);
#8338=PLANE('',#9215);
#8339=PLANE('',#9216);
#8340=PLANE('',#9217);
#8341=PLANE('',#9218);
#8342=PLANE('',#9219);
#8343=PLANE('',#9220);
#8344=PLANE('',#9221);
#8345=PLANE('',#9222);
#8346=PLANE('',#9223);
#8347=PLANE('',#9224);
#8348=PLANE('',#9225);
#8349=PLANE('',#9226);
#8350=PLANE('',#9227);
#8351=PLANE('',#9228);
#8352=PLANE('',#9229);
#8353=PLANE('',#9230);
#8354=PLANE('',#9231);
#8355=PLANE('',#9232);
#8356=PLANE('',#9233);
#8357=PLANE('',#9234);
#8358=PLANE('',#9235);
#8359=PLANE('',#9236);
#8360=PLANE('',#9237);
#8361=PLANE('',#9238);
#8362=PLANE('',#9239);
#8363=PLANE('',#9240);
#8364=PLANE('',#9241);
#8365=PLANE('',#9242);
#8366=PLANE('',#9243);
#8367=PLANE('',#9244);
#8368=PLANE('',#9245);
#8369=PLANE('',#9246);
#8370=PLANE('',#9247);
#8371=PLANE('',#9248);
#8372=PLANE('',#9249);
#8373=PLANE('',#9250);
#8374=PLANE('',#9251);
#8375=PLANE('',#9252);
#8376=PLANE('',#9253);
#8377=PLANE('',#9254);
#8378=PLANE('',#9255);
#8379=PLANE('',#9256);
#8380=PLANE('',#9257);
#8381=PLANE('',#9258);
#8382=PLANE('',#9259);
#8383=PLANE('',#9260);
#8384=PLANE('',#9261);
#8385=PLANE('',#9262);
#8386=PLANE('',#9263);
#8387=PLANE('',#9264);
#8388=PLANE('',#9265);
#8389=PLANE('',#9266);
#8390=PLANE('',#9267);
#8391=PLANE('',#9268);
#8392=PLANE('',#9269);
#8393=PLANE('',#9270);
#8394=PLANE('',#9271);
#8395=PLANE('',#9272);
#8396=PLANE('',#9273);
#8397=PLANE('',#9274);
#8398=PLANE('',#9275);
#8399=PLANE('',#9276);
#8400=PLANE('',#9277);
#8401=PLANE('',#9278);
#8402=PLANE('',#9279);
#8403=PLANE('',#9280);
#8404=PLANE('',#9281);
#8405=PLANE('',#9282);
#8406=PLANE('',#9283);
#8407=PLANE('',#9284);
#8408=PLANE('',#9285);
#8409=PLANE('',#9286);
#8410=PLANE('',#9287);
#8411=PLANE('',#9288);
#8412=PLANE('',#9289);
#8413=PLANE('',#9290);
#8414=PLANE('',#9291);
#8415=PLANE('',#9292);
#8416=PLANE('',#9293);
#8417=PLANE('',#9294);
#8418=PLANE('',#9295);
#8419=PLANE('',#9296);
#8420=PLANE('',#9297);
#8421=PLANE('',#9298);
#8422=PLANE('',#9299);
#8423=PLANE('',#9300);
#8424=PLANE('',#9301);
#8425=PLANE('',#9302);
#8426=PLANE('',#9303);
#8427=PLANE('',#9304);
#8428=PLANE('',#9305);
#8429=PLANE('',#9306);
#8430=PLANE('',#9307);
#8431=PLANE('',#9308);
#8432=PLANE('',#9309);
#8433=PLANE('',#9310);
#8434=PLANE('',#9311);
#8435=PLANE('',#9312);
#8436=PLANE('',#9313);
#8437=PLANE('',#9314);
#8438=PLANE('',#9315);
#8439=PLANE('',#9316);
#8440=PLANE('',#9317);
#8441=PLANE('',#9318);
#8442=PLANE('',#9319);
#8443=PLANE('',#9320);
#8444=PLANE('',#9321);
#8445=PLANE('',#9322);
#8446=PLANE('',#9323);
#8447=PLANE('',#9324);
#8448=PLANE('',#9325);
#8449=PLANE('',#9326);
#8450=PLANE('',#9327);
#8451=PLANE('',#9328);
#8452=PLANE('',#9329);
#8453=PLANE('',#9330);
#8454=PLANE('',#9331);
#8455=PLANE('',#9332);
#8456=PLANE('',#9333);
#8457=PLANE('',#9334);
#8458=PLANE('',#9335);
#8459=PLANE('',#9336);
#8460=PLANE('',#9337);
#8461=PLANE('',#9338);
#8462=PLANE('',#9339);
#8463=PLANE('',#9340);
#8464=PLANE('',#9341);
#8465=PLANE('',#9342);
#8466=PLANE('',#9347);
#8467=PLANE('',#9348);
#8468=PLANE('',#9353);
#8469=PLANE('',#9362);
#8470=PLANE('',#9363);
#8471=PLANE('',#9364);
#8472=PLANE('',#9365);
#8473=PLANE('',#9366);
#8474=PLANE('',#9367);
#8475=PLANE('',#9368);
#8476=PLANE('',#9369);
#8477=PLANE('',#9370);
#8478=PLANE('',#9371);
#8479=PLANE('',#9372);
#8480=PLANE('',#9373);
#8481=PLANE('',#9374);
#8482=PLANE('',#9375);
#8483=PLANE('',#9376);
#8484=PLANE('',#9377);
#8485=PLANE('',#9378);
#8486=PLANE('',#9379);
#8487=PLANE('',#9380);
#8488=PLANE('',#9381);
#8489=PLANE('',#9382);
#8490=PLANE('',#9383);
#8491=PLANE('',#9384);
#8492=PLANE('',#9385);
#8493=PLANE('',#9386);
#8494=PLANE('',#9387);
#8495=PLANE('',#9388);
#8496=PLANE('',#9389);
#8497=PLANE('',#9390);
#8498=PLANE('',#9391);
#8499=PLANE('',#9392);
#8500=PLANE('',#9393);
#8501=PLANE('',#9394);
#8502=PLANE('',#9395);
#8503=PLANE('',#9396);
#8504=PLANE('',#9397);
#8505=PLANE('',#9398);
#8506=PLANE('',#9399);
#8507=PLANE('',#9400);
#8508=PLANE('',#9401);
#8509=PLANE('',#9402);
#8510=PLANE('',#9403);
#8511=PLANE('',#9404);
#8512=PLANE('',#9405);
#8513=PLANE('',#9406);
#8514=PLANE('',#9407);
#8515=PLANE('',#9408);
#8516=PLANE('',#9409);
#8517=PLANE('',#9410);
#8518=PLANE('',#9411);
#8519=PLANE('',#9412);
#8520=PLANE('',#9413);
#8521=PLANE('',#9414);
#8522=PLANE('',#9415);
#8523=PLANE('',#9416);
#8524=PLANE('',#9417);
#8525=PLANE('',#9418);
#8526=PLANE('',#9419);
#8527=PLANE('',#9420);
#8528=PLANE('',#9421);
#8529=PLANE('',#9422);
#8530=PLANE('',#9423);
#8531=PLANE('',#9426);
#8532=PLANE('',#9429);
#8533=PLANE('',#9432);
#8534=PLANE('',#9435);
#8535=ADVANCED_FACE('',(#7666),#8180,.T.);
#8536=ADVANCED_FACE('',(#7667),#8181,.T.);
#8537=ADVANCED_FACE('',(#7668),#8182,.T.);
#8538=ADVANCED_FACE('',(#7669),#8183,.T.);
#8539=ADVANCED_FACE('',(#7670),#8184,.T.);
#8540=ADVANCED_FACE('',(#7671),#8185,.T.);
#8541=ADVANCED_FACE('',(#7672),#8186,.T.);
#8542=ADVANCED_FACE('',(#7673),#8187,.T.);
#8543=ADVANCED_FACE('',(#7674,#7675,#7676,#7677,#7678,#7679,#7680,#7681,
#7682),#8188,.T.);
#8544=ADVANCED_FACE('',(#7683,#7684,#7685,#7686,#7687,#7688,#7689,#7690,
#7691),#8189,.T.);
#8545=ADVANCED_FACE('',(#7692),#8190,.T.);
#8546=ADVANCED_FACE('',(#7693),#8191,.T.);
#8547=ADVANCED_FACE('',(#7694),#8192,.T.);
#8548=ADVANCED_FACE('',(#7695),#8193,.F.);
#8549=ADVANCED_FACE('',(#7696),#8194,.T.);
#8550=ADVANCED_FACE('',(#7697),#8195,.F.);
#8551=ADVANCED_FACE('',(#7698),#8196,.F.);
#8552=ADVANCED_FACE('',(#7699),#8197,.T.);
#8553=ADVANCED_FACE('',(#7700),#8198,.F.);
#8554=ADVANCED_FACE('',(#7701),#8199,.T.);
#8555=ADVANCED_FACE('',(#7702),#8200,.F.);
#8556=ADVANCED_FACE('',(#7703),#8201,.T.);
#8557=ADVANCED_FACE('',(#7704),#8202,.T.);
#8558=ADVANCED_FACE('',(#7705),#8203,.T.);
#8559=ADVANCED_FACE('',(#7706),#8204,.F.);
#8560=ADVANCED_FACE('',(#7707),#8205,.T.);
#8561=ADVANCED_FACE('',(#7708),#8206,.F.);
#8562=ADVANCED_FACE('',(#7709),#8207,.F.);
#8563=ADVANCED_FACE('',(#7710),#8208,.T.);
#8564=ADVANCED_FACE('',(#7711),#8209,.F.);
#8565=ADVANCED_FACE('',(#7712),#8210,.T.);
#8566=ADVANCED_FACE('',(#7713),#8211,.F.);
#8567=ADVANCED_FACE('',(#7714,#7715,#7716,#7717,#7718,#7719,#7720,#7721,
#7722,#7723,#7724,#7725,#7726),#8212,.T.);
#8568=ADVANCED_FACE('',(#7727,#7728,#7729,#7730,#7731,#7732,#7733,#7734,
#7735,#7736,#7737,#7738,#7739),#8213,.F.);
#8569=ADVANCED_FACE('',(#7740,#7741,#7742,#7743,#7744,#7745,#7746,#7747,
#7748,#7749,#7750,#7751,#7752,#7753,#7754,#7755),#8214,.T.);
#8570=ADVANCED_FACE('',(#7756),#8215,.T.);
#8571=ADVANCED_FACE('',(#7757),#8216,.T.);
#8572=ADVANCED_FACE('',(#7758),#8217,.T.);
#8573=ADVANCED_FACE('',(#7759),#8218,.T.);
#8574=ADVANCED_FACE('',(#7760),#8219,.T.);
#8575=ADVANCED_FACE('',(#7761),#8220,.T.);
#8576=ADVANCED_FACE('',(#7762),#8221,.T.);
#8577=ADVANCED_FACE('',(#7763),#8222,.T.);
#8578=ADVANCED_FACE('',(#7764),#8223,.T.);
#8579=ADVANCED_FACE('',(#7765),#8224,.T.);
#8580=ADVANCED_FACE('',(#7766),#8225,.T.);
#8581=ADVANCED_FACE('',(#7767),#8226,.T.);
#8582=ADVANCED_FACE('',(#7768),#8227,.T.);
#8583=ADVANCED_FACE('',(#7769),#8228,.T.);
#8584=ADVANCED_FACE('',(#7770),#8229,.T.);
#8585=ADVANCED_FACE('',(#7771),#8230,.T.);
#8586=ADVANCED_FACE('',(#7772),#8231,.F.);
#8587=ADVANCED_FACE('',(#7773),#8232,.F.);
#8588=ADVANCED_FACE('',(#7774,#7775,#7776,#7777,#7778,#7779,#7780,#7781,
#7782,#7783,#7784,#7785,#7786,#7787,#7788,#7789),#8233,.F.);
#8589=ADVANCED_FACE('',(#7790),#12,.T.);
#8590=ADVANCED_FACE('',(#7791),#13,.T.);
#8591=ADVANCED_FACE('',(#7792),#8234,.F.);
#8592=ADVANCED_FACE('',(#7793),#8235,.F.);
#8593=ADVANCED_FACE('',(#7794),#8236,.F.);
#8594=ADVANCED_FACE('',(#7795),#8237,.F.);
#8595=ADVANCED_FACE('',(#7796),#8238,.T.);
#8596=ADVANCED_FACE('',(#7797),#8239,.T.);
#8597=ADVANCED_FACE('',(#7798,#7799),#8240,.T.);
#8598=ADVANCED_FACE('',(#7800),#8241,.T.);
#8599=ADVANCED_FACE('',(#7801),#14,.T.);
#8600=ADVANCED_FACE('',(#7802),#8242,.T.);
#8601=ADVANCED_FACE('',(#7803),#8243,.T.);
#8602=ADVANCED_FACE('',(#7804),#8244,.T.);
#8603=ADVANCED_FACE('',(#7805),#8245,.T.);
#8604=ADVANCED_FACE('',(#7806),#8246,.F.);
#8605=ADVANCED_FACE('',(#7807),#8247,.F.);
#8606=ADVANCED_FACE('',(#7808),#8248,.F.);
#8607=ADVANCED_FACE('',(#7809),#8249,.T.);
#8608=ADVANCED_FACE('',(#7810),#8250,.F.);
#8609=ADVANCED_FACE('',(#7811),#8251,.T.);
#8610=ADVANCED_FACE('',(#7812),#8252,.F.);
#8611=ADVANCED_FACE('',(#7813),#8253,.F.);
#8612=ADVANCED_FACE('',(#7814),#8254,.T.);
#8613=ADVANCED_FACE('',(#7815),#8255,.F.);
#8614=ADVANCED_FACE('',(#7816),#8256,.T.);
#8615=ADVANCED_FACE('',(#7817),#8257,.F.);
#8616=ADVANCED_FACE('',(#7818),#8258,.F.);
#8617=ADVANCED_FACE('',(#7819),#8259,.T.);
#8618=ADVANCED_FACE('',(#7820),#8260,.F.);
#8619=ADVANCED_FACE('',(#7821),#8261,.T.);
#8620=ADVANCED_FACE('',(#7822),#8262,.T.);
#8621=ADVANCED_FACE('',(#7823,#7824,#7825),#8263,.T.);
#8622=ADVANCED_FACE('',(#7826),#8264,.T.);
#8623=ADVANCED_FACE('',(#7827),#8265,.T.);
#8624=ADVANCED_FACE('',(#7828),#8266,.T.);
#8625=ADVANCED_FACE('',(#7829),#8267,.T.);
#8626=ADVANCED_FACE('',(#7830),#8268,.T.);
#8627=ADVANCED_FACE('',(#7831),#8269,.T.);
#8628=ADVANCED_FACE('',(#7832),#8270,.F.);
#8629=ADVANCED_FACE('',(#7833),#8271,.T.);
#8630=ADVANCED_FACE('',(#7834),#8272,.T.);
#8631=ADVANCED_FACE('',(#7835),#8273,.T.);
#8632=ADVANCED_FACE('',(#7836),#8274,.F.);
#8633=ADVANCED_FACE('',(#7837),#8275,.F.);
#8634=ADVANCED_FACE('',(#7838),#8276,.F.);
#8635=ADVANCED_FACE('',(#7839),#8277,.T.);
#8636=ADVANCED_FACE('',(#7840),#8278,.T.);
#8637=ADVANCED_FACE('',(#7841),#8279,.F.);
#8638=ADVANCED_FACE('',(#7842),#8280,.T.);
#8639=ADVANCED_FACE('',(#7843),#8281,.F.);
#8640=ADVANCED_FACE('',(#7844),#8282,.T.);
#8641=ADVANCED_FACE('',(#7845),#8283,.T.);
#8642=ADVANCED_FACE('',(#7846,#7847),#8284,.T.);
#8643=ADVANCED_FACE('',(#7848),#8285,.T.);
#8644=ADVANCED_FACE('',(#7849),#8286,.T.);
#8645=ADVANCED_FACE('',(#7850),#8287,.T.);
#8646=ADVANCED_FACE('',(#7851),#8288,.T.);
#8647=ADVANCED_FACE('',(#7852),#8289,.T.);
#8648=ADVANCED_FACE('',(#7853),#8290,.T.);
#8649=ADVANCED_FACE('',(#7854),#8291,.T.);
#8650=ADVANCED_FACE('',(#7855),#15,.T.);
#8651=ADVANCED_FACE('',(#7856),#16,.T.);
#8652=ADVANCED_FACE('',(#7857,#7858),#17,.F.);
#8653=ADVANCED_FACE('',(#7859,#7860),#18,.F.);
#8654=ADVANCED_FACE('',(#7861),#8292,.T.);
#8655=ADVANCED_FACE('',(#7862),#8293,.T.);
#8656=ADVANCED_FACE('',(#7863),#8294,.T.);
#8657=ADVANCED_FACE('',(#7864),#8295,.F.);
#8658=ADVANCED_FACE('',(#7865),#8296,.F.);
#8659=ADVANCED_FACE('',(#7866),#8297,.T.);
#8660=ADVANCED_FACE('',(#7867),#8298,.T.);
#8661=ADVANCED_FACE('',(#7868),#8299,.T.);
#8662=ADVANCED_FACE('',(#7869),#8300,.T.);
#8663=ADVANCED_FACE('',(#7870),#19,.F.);
#8664=ADVANCED_FACE('',(#7871),#20,.F.);
#8665=ADVANCED_FACE('',(#7872),#21,.F.);
#8666=ADVANCED_FACE('',(#7873),#22,.F.);
#8667=ADVANCED_FACE('',(#7874),#23,.T.);
#8668=ADVANCED_FACE('',(#7875),#24,.T.);
#8669=ADVANCED_FACE('',(#7876),#8301,.T.);
#8670=ADVANCED_FACE('',(#7877,#7878,#7879,#7880),#8302,.F.);
#8671=ADVANCED_FACE('',(#7881,#7882,#7883,#7884),#8303,.F.);
#8672=ADVANCED_FACE('',(#7885,#7886),#25,.F.);
#8673=ADVANCED_FACE('',(#7887,#7888),#26,.F.);
#8674=ADVANCED_FACE('',(#7889,#7890),#27,.F.);
#8675=ADVANCED_FACE('',(#7891,#7892),#28,.F.);
#8676=ADVANCED_FACE('',(#7893,#7894),#29,.F.);
#8677=ADVANCED_FACE('',(#7895,#7896),#30,.F.);
#8678=ADVANCED_FACE('',(#7897,#7898),#31,.F.);
#8679=ADVANCED_FACE('',(#7899,#7900),#32,.F.);
#8680=ADVANCED_FACE('',(#7901),#8304,.T.);
#8681=ADVANCED_FACE('',(#7902),#33,.T.);
#8682=ADVANCED_FACE('',(#7903),#8305,.T.);
#8683=ADVANCED_FACE('',(#7904,#7905,#7906,#7907,#7908,#7909,#7910,#7911),
#8306,.F.);
#8684=ADVANCED_FACE('',(#7912,#7913),#34,.T.);
#8685=ADVANCED_FACE('',(#7914,#7915),#8307,.T.);
#8686=ADVANCED_FACE('',(#7916,#7917),#35,.F.);
#8687=ADVANCED_FACE('',(#7918,#7919),#36,.T.);
#8688=ADVANCED_FACE('',(#7920,#7921),#8308,.T.);
#8689=ADVANCED_FACE('',(#7922,#7923),#37,.F.);
#8690=ADVANCED_FACE('',(#7924,#7925),#38,.T.);
#8691=ADVANCED_FACE('',(#7926,#7927),#8309,.T.);
#8692=ADVANCED_FACE('',(#7928,#7929),#39,.T.);
#8693=ADVANCED_FACE('',(#7930,#7931),#8310,.T.);
#8694=ADVANCED_FACE('',(#7932),#8311,.F.);
#8695=ADVANCED_FACE('',(#7933),#8312,.F.);
#8696=ADVANCED_FACE('',(#7934),#8313,.T.);
#8697=ADVANCED_FACE('',(#7935),#8314,.T.);
#8698=ADVANCED_FACE('',(#7936),#8315,.T.);
#8699=ADVANCED_FACE('',(#7937),#8316,.F.);
#8700=ADVANCED_FACE('',(#7938),#8317,.F.);
#8701=ADVANCED_FACE('',(#7939),#8318,.F.);
#8702=ADVANCED_FACE('',(#7940),#8319,.T.);
#8703=ADVANCED_FACE('',(#7941),#8320,.F.);
#8704=ADVANCED_FACE('',(#7942),#8321,.F.);
#8705=ADVANCED_FACE('',(#7943),#8322,.F.);
#8706=ADVANCED_FACE('',(#7944),#8323,.T.);
#8707=ADVANCED_FACE('',(#7945),#8324,.F.);
#8708=ADVANCED_FACE('',(#7946),#8325,.T.);
#8709=ADVANCED_FACE('',(#7947),#8326,.F.);
#8710=ADVANCED_FACE('',(#7948),#8327,.F.);
#8711=ADVANCED_FACE('',(#7949),#8328,.F.);
#8712=ADVANCED_FACE('',(#7950),#8329,.T.);
#8713=ADVANCED_FACE('',(#7951),#8330,.F.);
#8714=ADVANCED_FACE('',(#7952),#8331,.F.);
#8715=ADVANCED_FACE('',(#7953),#8332,.F.);
#8716=ADVANCED_FACE('',(#7954),#8333,.T.);
#8717=ADVANCED_FACE('',(#7955),#8334,.F.);
#8718=ADVANCED_FACE('',(#7956),#8335,.T.);
#8719=ADVANCED_FACE('',(#7957),#8336,.T.);
#8720=ADVANCED_FACE('',(#7958),#8337,.F.);
#8721=ADVANCED_FACE('',(#7959),#8338,.F.);
#8722=ADVANCED_FACE('',(#7960),#8339,.T.);
#8723=ADVANCED_FACE('',(#7961),#8340,.T.);
#8724=ADVANCED_FACE('',(#7962),#8341,.F.);
#8725=ADVANCED_FACE('',(#7963),#8342,.F.);
#8726=ADVANCED_FACE('',(#7964),#8343,.T.);
#8727=ADVANCED_FACE('',(#7965),#8344,.F.);
#8728=ADVANCED_FACE('',(#7966),#8345,.F.);
#8729=ADVANCED_FACE('',(#7967),#8346,.T.);
#8730=ADVANCED_FACE('',(#7968),#8347,.T.);
#8731=ADVANCED_FACE('',(#7969),#8348,.F.);
#8732=ADVANCED_FACE('',(#7970),#8349,.F.);
#8733=ADVANCED_FACE('',(#7971),#8350,.T.);
#8734=ADVANCED_FACE('',(#7972),#8351,.F.);
#8735=ADVANCED_FACE('',(#7973),#8352,.F.);
#8736=ADVANCED_FACE('',(#7974),#8353,.F.);
#8737=ADVANCED_FACE('',(#7975),#8354,.T.);
#8738=ADVANCED_FACE('',(#7976),#8355,.T.);
#8739=ADVANCED_FACE('',(#7977),#8356,.F.);
#8740=ADVANCED_FACE('',(#7978),#8357,.T.);
#8741=ADVANCED_FACE('',(#7979),#8358,.T.);
#8742=ADVANCED_FACE('',(#7980),#8359,.F.);
#8743=ADVANCED_FACE('',(#7981),#8360,.T.);
#8744=ADVANCED_FACE('',(#7982),#8361,.F.);
#8745=ADVANCED_FACE('',(#7983),#8362,.F.);
#8746=ADVANCED_FACE('',(#7984),#8363,.F.);
#8747=ADVANCED_FACE('',(#7985),#8364,.T.);
#8748=ADVANCED_FACE('',(#7986),#8365,.F.);
#8749=ADVANCED_FACE('',(#7987),#8366,.F.);
#8750=ADVANCED_FACE('',(#7988),#8367,.F.);
#8751=ADVANCED_FACE('',(#7989),#8368,.F.);
#8752=ADVANCED_FACE('',(#7990),#8369,.F.);
#8753=ADVANCED_FACE('',(#7991),#8370,.T.);
#8754=ADVANCED_FACE('',(#7992),#8371,.F.);
#8755=ADVANCED_FACE('',(#7993),#8372,.T.);
#8756=ADVANCED_FACE('',(#7994),#8373,.T.);
#8757=ADVANCED_FACE('',(#7995),#8374,.T.);
#8758=ADVANCED_FACE('',(#7996),#8375,.F.);
#8759=ADVANCED_FACE('',(#7997),#8376,.T.);
#8760=ADVANCED_FACE('',(#7998),#8377,.T.);
#8761=ADVANCED_FACE('',(#7999),#8378,.T.);
#8762=ADVANCED_FACE('',(#8000),#8379,.F.);
#8763=ADVANCED_FACE('',(#8001),#8380,.T.);
#8764=ADVANCED_FACE('',(#8002),#8381,.F.);
#8765=ADVANCED_FACE('',(#8003),#8382,.F.);
#8766=ADVANCED_FACE('',(#8004),#8383,.T.);
#8767=ADVANCED_FACE('',(#8005),#8384,.F.);
#8768=ADVANCED_FACE('',(#8006),#8385,.T.);
#8769=ADVANCED_FACE('',(#8007),#8386,.F.);
#8770=ADVANCED_FACE('',(#8008),#8387,.T.);
#8771=ADVANCED_FACE('',(#8009),#8388,.T.);
#8772=ADVANCED_FACE('',(#8010),#8389,.F.);
#8773=ADVANCED_FACE('',(#8011),#8390,.F.);
#8774=ADVANCED_FACE('',(#8012),#8391,.T.);
#8775=ADVANCED_FACE('',(#8013),#8392,.F.);
#8776=ADVANCED_FACE('',(#8014),#8393,.F.);
#8777=ADVANCED_FACE('',(#8015),#8394,.F.);
#8778=ADVANCED_FACE('',(#8016),#8395,.F.);
#8779=ADVANCED_FACE('',(#8017),#8396,.T.);
#8780=ADVANCED_FACE('',(#8018),#8397,.F.);
#8781=ADVANCED_FACE('',(#8019),#8398,.F.);
#8782=ADVANCED_FACE('',(#8020),#8399,.T.);
#8783=ADVANCED_FACE('',(#8021),#8400,.F.);
#8784=ADVANCED_FACE('',(#8022),#8401,.F.);
#8785=ADVANCED_FACE('',(#8023),#8402,.F.);
#8786=ADVANCED_FACE('',(#8024),#8403,.T.);
#8787=ADVANCED_FACE('',(#8025),#8404,.F.);
#8788=ADVANCED_FACE('',(#8026),#8405,.T.);
#8789=ADVANCED_FACE('',(#8027),#8406,.T.);
#8790=ADVANCED_FACE('',(#8028),#8407,.F.);
#8791=ADVANCED_FACE('',(#8029),#8408,.T.);
#8792=ADVANCED_FACE('',(#8030),#8409,.T.);
#8793=ADVANCED_FACE('',(#8031),#8410,.F.);
#8794=ADVANCED_FACE('',(#8032),#8411,.F.);
#8795=ADVANCED_FACE('',(#8033),#8412,.T.);
#8796=ADVANCED_FACE('',(#8034),#8413,.T.);
#8797=ADVANCED_FACE('',(#8035),#8414,.T.);
#8798=ADVANCED_FACE('',(#8036),#8415,.F.);
#8799=ADVANCED_FACE('',(#8037),#8416,.F.);
#8800=ADVANCED_FACE('',(#8038),#8417,.F.);
#8801=ADVANCED_FACE('',(#8039),#8418,.F.);
#8802=ADVANCED_FACE('',(#8040),#8419,.F.);
#8803=ADVANCED_FACE('',(#8041),#8420,.T.);
#8804=ADVANCED_FACE('',(#8042),#8421,.F.);
#8805=ADVANCED_FACE('',(#8043),#8422,.T.);
#8806=ADVANCED_FACE('',(#8044),#8423,.F.);
#8807=ADVANCED_FACE('',(#8045),#8424,.T.);
#8808=ADVANCED_FACE('',(#8046),#8425,.F.);
#8809=ADVANCED_FACE('',(#8047),#8426,.T.);
#8810=ADVANCED_FACE('',(#8048),#8427,.T.);
#8811=ADVANCED_FACE('',(#8049),#8428,.T.);
#8812=ADVANCED_FACE('',(#8050),#8429,.F.);
#8813=ADVANCED_FACE('',(#8051),#8430,.T.);
#8814=ADVANCED_FACE('',(#8052),#8431,.T.);
#8815=ADVANCED_FACE('',(#8053),#8432,.T.);
#8816=ADVANCED_FACE('',(#8054),#8433,.F.);
#8817=ADVANCED_FACE('',(#8055),#8434,.F.);
#8818=ADVANCED_FACE('',(#8056),#8435,.F.);
#8819=ADVANCED_FACE('',(#8057),#8436,.T.);
#8820=ADVANCED_FACE('',(#8058),#8437,.F.);
#8821=ADVANCED_FACE('',(#8059),#8438,.T.);
#8822=ADVANCED_FACE('',(#8060),#8439,.T.);
#8823=ADVANCED_FACE('',(#8061),#8440,.T.);
#8824=ADVANCED_FACE('',(#8062),#8441,.T.);
#8825=ADVANCED_FACE('',(#8063),#8442,.T.);
#8826=ADVANCED_FACE('',(#8064),#8443,.T.);
#8827=ADVANCED_FACE('',(#8065),#8444,.F.);
#8828=ADVANCED_FACE('',(#8066),#8445,.F.);
#8829=ADVANCED_FACE('',(#8067),#8446,.F.);
#8830=ADVANCED_FACE('',(#8068),#8447,.T.);
#8831=ADVANCED_FACE('',(#8069),#8448,.F.);
#8832=ADVANCED_FACE('',(#8070),#8449,.F.);
#8833=ADVANCED_FACE('',(#8071),#8450,.F.);
#8834=ADVANCED_FACE('',(#8072),#8451,.F.);
#8835=ADVANCED_FACE('',(#8073),#8452,.T.);
#8836=ADVANCED_FACE('',(#8074),#8453,.F.);
#8837=ADVANCED_FACE('',(#8075),#8454,.F.);
#8838=ADVANCED_FACE('',(#8076),#8455,.F.);
#8839=ADVANCED_FACE('',(#8077),#8456,.T.);
#8840=ADVANCED_FACE('',(#8078),#8457,.F.);
#8841=ADVANCED_FACE('',(#8079),#8458,.F.);
#8842=ADVANCED_FACE('',(#8080),#8459,.F.);
#8843=ADVANCED_FACE('',(#8081),#8460,.T.);
#8844=ADVANCED_FACE('',(#8082),#8461,.T.);
#8845=ADVANCED_FACE('',(#8083),#8462,.T.);
#8846=ADVANCED_FACE('',(#8084),#8463,.T.);
#8847=ADVANCED_FACE('',(#8085),#8464,.T.);
#8848=ADVANCED_FACE('',(#8086),#8465,.F.);
#8849=ADVANCED_FACE('',(#8087),#40,.T.);
#8850=ADVANCED_FACE('',(#8088),#41,.T.);
#8851=ADVANCED_FACE('',(#8089),#8466,.F.);
#8852=ADVANCED_FACE('',(#8090),#8467,.F.);
#8853=ADVANCED_FACE('',(#8091),#42,.T.);
#8854=ADVANCED_FACE('',(#8092),#43,.T.);
#8855=ADVANCED_FACE('',(#8093),#8468,.F.);
#8856=ADVANCED_FACE('',(#8094,#8095),#44,.F.);
#8857=ADVANCED_FACE('',(#8096,#8097),#45,.F.);
#8858=ADVANCED_FACE('',(#8098,#8099),#46,.F.);
#8859=ADVANCED_FACE('',(#8100,#8101),#47,.F.);
#8860=ADVANCED_FACE('',(#8102),#8469,.F.);
#8861=ADVANCED_FACE('',(#8103),#8470,.T.);
#8862=ADVANCED_FACE('',(#8104),#8471,.T.);
#8863=ADVANCED_FACE('',(#8105),#8472,.T.);
#8864=ADVANCED_FACE('',(#8106),#8473,.F.);
#8865=ADVANCED_FACE('',(#8107),#8474,.F.);
#8866=ADVANCED_FACE('',(#8108),#8475,.F.);
#8867=ADVANCED_FACE('',(#8109),#8476,.T.);
#8868=ADVANCED_FACE('',(#8110),#8477,.F.);
#8869=ADVANCED_FACE('',(#8111),#8478,.F.);
#8870=ADVANCED_FACE('',(#8112),#8479,.T.);
#8871=ADVANCED_FACE('',(#8113),#8480,.F.);
#8872=ADVANCED_FACE('',(#8114),#8481,.F.);
#8873=ADVANCED_FACE('',(#8115),#8482,.T.);
#8874=ADVANCED_FACE('',(#8116),#8483,.T.);
#8875=ADVANCED_FACE('',(#8117),#8484,.F.);
#8876=ADVANCED_FACE('',(#8118),#8485,.F.);
#8877=ADVANCED_FACE('',(#8119),#8486,.T.);
#8878=ADVANCED_FACE('',(#8120),#8487,.T.);
#8879=ADVANCED_FACE('',(#8121),#8488,.F.);
#8880=ADVANCED_FACE('',(#8122),#8489,.T.);
#8881=ADVANCED_FACE('',(#8123),#8490,.F.);
#8882=ADVANCED_FACE('',(#8124),#8491,.F.);
#8883=ADVANCED_FACE('',(#8125),#8492,.F.);
#8884=ADVANCED_FACE('',(#8126),#8493,.T.);
#8885=ADVANCED_FACE('',(#8127),#8494,.T.);
#8886=ADVANCED_FACE('',(#8128),#8495,.F.);
#8887=ADVANCED_FACE('',(#8129),#8496,.T.);
#8888=ADVANCED_FACE('',(#8130),#8497,.T.);
#8889=ADVANCED_FACE('',(#8131),#8498,.F.);
#8890=ADVANCED_FACE('',(#8132),#8499,.F.);
#8891=ADVANCED_FACE('',(#8133),#8500,.T.);
#8892=ADVANCED_FACE('',(#8134),#8501,.T.);
#8893=ADVANCED_FACE('',(#8135),#8502,.F.);
#8894=ADVANCED_FACE('',(#8136),#8503,.F.);
#8895=ADVANCED_FACE('',(#8137),#8504,.T.);
#8896=ADVANCED_FACE('',(#8138),#8505,.T.);
#8897=ADVANCED_FACE('',(#8139),#8506,.F.);
#8898=ADVANCED_FACE('',(#8140),#8507,.F.);
#8899=ADVANCED_FACE('',(#8141),#8508,.F.);
#8900=ADVANCED_FACE('',(#8142),#8509,.F.);
#8901=ADVANCED_FACE('',(#8143),#8510,.T.);
#8902=ADVANCED_FACE('',(#8144),#8511,.F.);
#8903=ADVANCED_FACE('',(#8145),#8512,.F.);
#8904=ADVANCED_FACE('',(#8146),#8513,.F.);
#8905=ADVANCED_FACE('',(#8147),#8514,.F.);
#8906=ADVANCED_FACE('',(#8148),#8515,.F.);
#8907=ADVANCED_FACE('',(#8149),#8516,.F.);
#8908=ADVANCED_FACE('',(#8150),#8517,.T.);
#8909=ADVANCED_FACE('',(#8151),#8518,.F.);
#8910=ADVANCED_FACE('',(#8152),#8519,.T.);
#8911=ADVANCED_FACE('',(#8153),#8520,.F.);
#8912=ADVANCED_FACE('',(#8154),#8521,.F.);
#8913=ADVANCED_FACE('',(#8155),#8522,.T.);
#8914=ADVANCED_FACE('',(#8156),#8523,.T.);
#8915=ADVANCED_FACE('',(#8157),#8524,.F.);
#8916=ADVANCED_FACE('',(#8158),#8525,.T.);
#8917=ADVANCED_FACE('',(#8159),#8526,.F.);
#8918=ADVANCED_FACE('',(#8160),#8527,.F.);
#8919=ADVANCED_FACE('',(#8161),#8528,.T.);
#8920=ADVANCED_FACE('',(#8162),#8529,.F.);
#8921=ADVANCED_FACE('',(#8163),#8530,.T.);
#8922=ADVANCED_FACE('',(#8164,#8165),#48,.T.);
#8923=ADVANCED_FACE('',(#8166,#8167),#8531,.F.);
#8924=ADVANCED_FACE('',(#8168,#8169),#49,.T.);
#8925=ADVANCED_FACE('',(#8170,#8171),#8532,.F.);
#8926=ADVANCED_FACE('',(#8172,#8173),#50,.T.);
#8927=ADVANCED_FACE('',(#8174,#8175),#8533,.F.);
#8928=ADVANCED_FACE('',(#8176,#8177),#51,.T.);
#8929=ADVANCED_FACE('',(#8178,#8179),#8534,.F.);
#8930=CLOSED_SHELL('',(#8535,#8536,#8537,#8538,#8539,#8540,#8541,#8542,
#8543,#8544,#8545,#8546,#8547,#8548,#8549,#8550,#8551,#8552,#8553,#8554,
#8555,#8556,#8557,#8558,#8559,#8560,#8561,#8562,#8563,#8564,#8565,#8566,
#8567,#8568,#8569,#8570,#8571,#8572,#8573,#8574,#8575,#8576,#8577,#8578,
#8579,#8580,#8581,#8582,#8583,#8584,#8585,#8586,#8587,#8588,#8589,#8590,
#8591,#8592,#8593,#8594,#8595,#8596,#8597,#8598,#8599,#8600,#8601,#8602,
#8603,#8604,#8605,#8606,#8607,#8608,#8609,#8610,#8611,#8612,#8613,#8614,
#8615,#8616,#8617,#8618,#8619,#8620,#8621,#8622,#8623,#8624,#8625,#8626,
#8627,#8628,#8629,#8630,#8631,#8632,#8633,#8634,#8635,#8636,#8637,#8638,
#8639,#8640,#8641,#8642,#8643,#8644,#8645,#8646,#8647,#8648,#8649,#8650,
#8651,#8652,#8653,#8654,#8655,#8656,#8657,#8658,#8659,#8660,#8661,#8662,
#8663,#8664,#8665,#8666,#8667,#8668,#8669,#8670,#8671,#8672,#8673,#8674,
#8675,#8676,#8677,#8678,#8679,#8680,#8681,#8682,#8683,#8684,#8685,#8686,
#8687,#8688,#8689,#8690,#8691,#8692,#8693,#8694,#8695,#8696,#8697,#8698,
#8699,#8700,#8701,#8702,#8703,#8704,#8705,#8706,#8707,#8708,#8709,#8710,
#8711,#8712,#8713,#8714,#8715,#8716,#8717,#8718,#8719,#8720,#8721,#8722,
#8723,#8724,#8725,#8726,#8727,#8728,#8729,#8730,#8731,#8732,#8733,#8734,
#8735,#8736,#8737,#8738,#8739,#8740,#8741,#8742,#8743,#8744,#8745,#8746,
#8747,#8748,#8749,#8750,#8751,#8752,#8753,#8754,#8755,#8756,#8757,#8758,
#8759,#8760,#8761,#8762,#8763,#8764,#8765,#8766,#8767,#8768,#8769,#8770,
#8771,#8772,#8773,#8774,#8775,#8776,#8777,#8778,#8779,#8780,#8781,#8782,
#8783,#8784,#8785,#8786,#8787,#8788,#8789,#8790,#8791,#8792,#8793,#8794,
#8795,#8796,#8797,#8798,#8799,#8800,#8801,#8802,#8803,#8804,#8805,#8806,
#8807,#8808,#8809,#8810,#8811,#8812,#8813,#8814,#8815,#8816,#8817,#8818,
#8819,#8820,#8821,#8822,#8823,#8824,#8825,#8826,#8827,#8828,#8829,#8830,
#8831,#8832,#8833,#8834,#8835,#8836,#8837,#8838,#8839,#8840,#8841,#8842,
#8843,#8844,#8845,#8846,#8847,#8848,#8849,#8850,#8851,#8852,#8853,#8854,
#8855,#8856,#8857,#8858,#8859,#8860,#8861,#8862,#8863,#8864,#8865,#8866,
#8867,#8868,#8869,#8870,#8871,#8872,#8873,#8874,#8875,#8876,#8877,#8878,
#8879,#8880,#8881,#8882,#8883,#8884,#8885,#8886,#8887,#8888,#8889,#8890,
#8891,#8892,#8893,#8894,#8895,#8896,#8897,#8898,#8899,#8900,#8901,#8902,
#8903,#8904,#8905,#8906,#8907,#8908,#8909,#8910,#8911,#8912,#8913,#8914,
#8915,#8916,#8917,#8918,#8919,#8920,#8921,#8922,#8923,#8924,#8925,#8926,
#8927,#8928,#8929));
#8931=STYLED_ITEM('',(#8932),#8939);
#8932=PRESENTATION_STYLE_ASSIGNMENT((#8933));
#8933=SURFACE_STYLE_USAGE(.BOTH.,#8934);
#8934=SURFACE_SIDE_STYLE('',(#8935));
#8935=SURFACE_STYLE_FILL_AREA(#8936);
#8936=FILL_AREA_STYLE('',(#8937));
#8937=FILL_AREA_STYLE_COLOUR('',#8938);
#8938=COLOUR_RGB('',0.701960784313725,0.701960784313725,0.701960784313725);
#8939=MANIFOLD_SOLID_BREP('Part 1',#8930);
#8940=SHAPE_DEFINITION_REPRESENTATION(#14122,#8941);
#8941=SHAPE_REPRESENTATION('Part 1',(#8942),#14117);
#8942=AXIS2_PLACEMENT_3D('',#11594,#9436,#9437);
#8943=AXIS2_PLACEMENT_3D('',#11595,#9438,#9439);
#8944=AXIS2_PLACEMENT_3D('',#11596,#9440,#9441);
#8945=AXIS2_PLACEMENT_3D('',#11604,#9445,#9446);
#8946=AXIS2_PLACEMENT_3D('',#11605,#9447,#9448);
#8947=AXIS2_PLACEMENT_3D('',#11613,#9452,#9453);
#8948=AXIS2_PLACEMENT_3D('',#11622,#9458,#9459);
#8949=AXIS2_PLACEMENT_3D('',#11628,#9463,#9464);
#8950=AXIS2_PLACEMENT_3D('',#11629,#9465,#9466);
#8951=AXIS2_PLACEMENT_3D('',#11637,#9470,#9471);
#8952=AXIS2_PLACEMENT_3D('',#11638,#9472,#9473);
#8953=AXIS2_PLACEMENT_3D('',#11646,#9477,#9478);
#8954=AXIS2_PLACEMENT_3D('',#11655,#9483,#9484);
#8955=AXIS2_PLACEMENT_3D('',#11661,#9488,#9489);
#8956=AXIS2_PLACEMENT_3D('',#11662,#9490,#9491);
#8957=AXIS2_PLACEMENT_3D('',#11664,#9492,#9493);
#8958=AXIS2_PLACEMENT_3D('',#11666,#9494,#9495);
#8959=AXIS2_PLACEMENT_3D('',#11668,#9496,#9497);
#8960=AXIS2_PLACEMENT_3D('',#11677,#9501,#9502);
#8961=AXIS2_PLACEMENT_3D('',#11681,#9504,#9505);
#8962=AXIS2_PLACEMENT_3D('',#11693,#9511,#9512);
#8963=AXIS2_PLACEMENT_3D('',#11705,#9518,#9519);
#8964=AXIS2_PLACEMENT_3D('',#11734,#9534,#9535);
#8965=AXIS2_PLACEMENT_3D('',#11738,#9537,#9538);
#8966=AXIS2_PLACEMENT_3D('',#11742,#9540,#9541);
#8967=AXIS2_PLACEMENT_3D('',#11746,#9543,#9544);
#8968=AXIS2_PLACEMENT_3D('',#11750,#9546,#9547);
#8969=AXIS2_PLACEMENT_3D('',#11751,#9548,#9549);
#8970=AXIS2_PLACEMENT_3D('',#11753,#9550,#9551);
#8971=AXIS2_PLACEMENT_3D('',#11755,#9552,#9553);
#8972=AXIS2_PLACEMENT_3D('',#11757,#9554,#9555);
#8973=AXIS2_PLACEMENT_3D('',#11783,#9568,#9569);
#8974=AXIS2_PLACEMENT_3D('',#11792,#9574,#9575);
#8975=AXIS2_PLACEMENT_3D('',#11793,#9576,#9577);
#8976=AXIS2_PLACEMENT_3D('',#11841,#9602,#9603);
#8977=AXIS2_PLACEMENT_3D('',#11871,#9619,#9620);
#8978=AXIS2_PLACEMENT_3D('',#11877,#9624,#9625);
#8979=AXIS2_PLACEMENT_3D('',#11881,#9628,#9629);
#8980=AXIS2_PLACEMENT_3D('',#11887,#9633,#9634);
#8981=AXIS2_PLACEMENT_3D('',#11893,#9638,#9639);
#8982=AXIS2_PLACEMENT_3D('',#11899,#9643,#9644);
#8983=AXIS2_PLACEMENT_3D('',#11905,#9648,#9649);
#8984=AXIS2_PLACEMENT_3D('',#11911,#9653,#9654);
#8985=AXIS2_PLACEMENT_3D('',#11917,#9658,#9659);
#8986=AXIS2_PLACEMENT_3D('',#11923,#9663,#9664);
#8987=AXIS2_PLACEMENT_3D('',#11932,#9669,#9670);
#8988=AXIS2_PLACEMENT_3D('',#11933,#9671,#9672);
#8989=AXIS2_PLACEMENT_3D('',#11981,#9697,#9698);
#8990=AXIS2_PLACEMENT_3D('',#12011,#9714,#9715);
#8991=AXIS2_PLACEMENT_3D('',#12017,#9719,#9720);
#8992=AXIS2_PLACEMENT_3D('',#12021,#9723,#9724);
#8993=AXIS2_PLACEMENT_3D('',#12027,#9728,#9729);
#8994=AXIS2_PLACEMENT_3D('',#12033,#9733,#9734);
#8995=AXIS2_PLACEMENT_3D('',#12039,#9738,#9739);
#8996=AXIS2_PLACEMENT_3D('',#12045,#9743,#9744);
#8997=AXIS2_PLACEMENT_3D('',#12051,#9748,#9749);
#8998=AXIS2_PLACEMENT_3D('',#12057,#9753,#9754);
#8999=AXIS2_PLACEMENT_3D('',#12063,#9758,#9759);
#9000=AXIS2_PLACEMENT_3D('',#12067,#9761,#9762);
#9001=AXIS2_PLACEMENT_3D('',#12079,#9768,#9769);
#9002=AXIS2_PLACEMENT_3D('',#12085,#9773,#9774);
#9003=AXIS2_PLACEMENT_3D('',#12087,#9775,#9776);
#9004=AXIS2_PLACEMENT_3D('',#12090,#9779,#9780);
#9005=AXIS2_PLACEMENT_3D('',#12092,#9781,#9782);
#9006=AXIS2_PLACEMENT_3D('',#12130,#9805,#9806);
#9007=AXIS2_PLACEMENT_3D('',#12134,#9808,#9809);
#9008=AXIS2_PLACEMENT_3D('',#12143,#9814,#9815);
#9009=AXIS2_PLACEMENT_3D('',#12148,#9817,#9818);
#9010=AXIS2_PLACEMENT_3D('',#12151,#9821,#9822);
#9011=AXIS2_PLACEMENT_3D('',#12153,#9823,#9824);
#9012=AXIS2_PLACEMENT_3D('',#12191,#9847,#9848);
#9013=AXIS2_PLACEMENT_3D('',#12197,#9852,#9853);
#9014=AXIS2_PLACEMENT_3D('',#12198,#9854,#9855);
#9015=AXIS2_PLACEMENT_3D('',#12200,#9856,#9857);
#9016=AXIS2_PLACEMENT_3D('',#12218,#9866,#9867);
#9017=AXIS2_PLACEMENT_3D('',#12323,#9920,#9921);
#9018=AXIS2_PLACEMENT_3D('',#12332,#9926,#9927);
#9019=AXIS2_PLACEMENT_3D('',#12341,#9932,#9933);
#9020=AXIS2_PLACEMENT_3D('',#12350,#9938,#9939);
#9021=AXIS2_PLACEMENT_3D('',#12359,#9944,#9945);
#9022=AXIS2_PLACEMENT_3D('',#12368,#9950,#9951);
#9023=AXIS2_PLACEMENT_3D('',#12379,#9957,#9958);
#9024=AXIS2_PLACEMENT_3D('',#12400,#9969,#9970);
#9025=AXIS2_PLACEMENT_3D('',#12406,#9974,#9975);
#9026=AXIS2_PLACEMENT_3D('',#12415,#9980,#9981);
#9027=AXIS2_PLACEMENT_3D('',#12424,#9986,#9987);
#9028=AXIS2_PLACEMENT_3D('',#12433,#9992,#9993);
#9029=AXIS2_PLACEMENT_3D('',#12442,#9998,#9999);
#9030=AXIS2_PLACEMENT_3D('',#12451,#10004,#10005);
#9031=AXIS2_PLACEMENT_3D('',#12460,#10010,#10011);
#9032=AXIS2_PLACEMENT_3D('',#12468,#10016,#10017);
#9033=AXIS2_PLACEMENT_3D('',#12489,#10028,#10029);
#9034=AXIS2_PLACEMENT_3D('',#12498,#10034,#10035);
#9035=AXIS2_PLACEMENT_3D('',#12507,#10040,#10041);
#9036=AXIS2_PLACEMENT_3D('',#12511,#10043,#10044);
#9037=AXIS2_PLACEMENT_3D('',#12516,#10047,#10048);
#9038=AXIS2_PLACEMENT_3D('',#12534,#10057,#10058);
#9039=AXIS2_PLACEMENT_3D('',#12633,#10108,#10109);
#9040=AXIS2_PLACEMENT_3D('',#12637,#10111,#10112);
#9041=AXIS2_PLACEMENT_3D('',#12641,#10114,#10115);
#9042=AXIS2_PLACEMENT_3D('',#12642,#10116,#10117);
#9043=AXIS2_PLACEMENT_3D('',#12643,#10118,#10119);
#9044=AXIS2_PLACEMENT_3D('',#12648,#10121,#10122);
#9045=AXIS2_PLACEMENT_3D('',#12651,#10124,#10125);
#9046=AXIS2_PLACEMENT_3D('',#12660,#10130,#10131);
#9047=AXIS2_PLACEMENT_3D('',#12669,#10136,#10137);
#9048=AXIS2_PLACEMENT_3D('',#12675,#10141,#10142);
#9049=AXIS2_PLACEMENT_3D('',#12684,#10147,#10148);
#9050=AXIS2_PLACEMENT_3D('',#12693,#10153,#10154);
#9051=AXIS2_PLACEMENT_3D('',#12702,#10159,#10160);
#9052=AXIS2_PLACEMENT_3D('',#12709,#10164,#10165);
#9053=AXIS2_PLACEMENT_3D('',#12746,#10187,#10188);
#9054=AXIS2_PLACEMENT_3D('',#12749,#10190,#10191);
#9055=AXIS2_PLACEMENT_3D('',#12752,#10193,#10194);
#9056=AXIS2_PLACEMENT_3D('',#12756,#10196,#10197);
#9057=AXIS2_PLACEMENT_3D('',#12760,#10199,#10200);
#9058=AXIS2_PLACEMENT_3D('',#12761,#10201,#10202);
#9059=AXIS2_PLACEMENT_3D('',#12770,#10207,#10208);
#9060=AXIS2_PLACEMENT_3D('',#12779,#10213,#10214);
#9061=AXIS2_PLACEMENT_3D('',#12782,#10216,#10217);
#9062=AXIS2_PLACEMENT_3D('',#12823,#10239,#10240);
#9063=AXIS2_PLACEMENT_3D('',#12826,#10242,#10243);
#9064=AXIS2_PLACEMENT_3D('',#12831,#10246,#10247);
#9065=AXIS2_PLACEMENT_3D('',#12832,#10248,#10249);
#9066=AXIS2_PLACEMENT_3D('',#12838,#10253,#10254);
#9067=AXIS2_PLACEMENT_3D('',#12844,#10258,#10259);
#9068=AXIS2_PLACEMENT_3D('',#12850,#10263,#10264);
#9069=AXIS2_PLACEMENT_3D('',#12856,#10268,#10269);
#9070=AXIS2_PLACEMENT_3D('',#12862,#10273,#10274);
#9071=AXIS2_PLACEMENT_3D('',#12868,#10278,#10279);
#9072=AXIS2_PLACEMENT_3D('',#12874,#10283,#10284);
#9073=AXIS2_PLACEMENT_3D('',#12880,#10288,#10289);
#9074=AXIS2_PLACEMENT_3D('',#12886,#10293,#10294);
#9075=AXIS2_PLACEMENT_3D('',#12892,#10298,#10299);
#9076=AXIS2_PLACEMENT_3D('',#12898,#10303,#10304);
#9077=AXIS2_PLACEMENT_3D('',#12904,#10308,#10309);
#9078=AXIS2_PLACEMENT_3D('',#12910,#10313,#10314);
#9079=AXIS2_PLACEMENT_3D('',#12916,#10318,#10319);
#9080=AXIS2_PLACEMENT_3D('',#12922,#10323,#10324);
#9081=AXIS2_PLACEMENT_3D('',#12926,#10327,#10328);
#9082=AXIS2_PLACEMENT_3D('',#12929,#10331,#10332);
#9083=AXIS2_PLACEMENT_3D('',#12945,#10341,#10342);
#9084=AXIS2_PLACEMENT_3D('',#13066,#10410,#10411);
#9085=AXIS2_PLACEMENT_3D('',#13069,#10414,#10415);
#9086=AXIS2_PLACEMENT_3D('',#13072,#10418,#10419);
#9087=AXIS2_PLACEMENT_3D('',#13081,#10424,#10425);
#9088=AXIS2_PLACEMENT_3D('',#13090,#10430,#10431);
#9089=AXIS2_PLACEMENT_3D('',#13099,#10436,#10437);
#9090=AXIS2_PLACEMENT_3D('',#13108,#10442,#10443);
#9091=AXIS2_PLACEMENT_3D('',#13114,#10447,#10448);
#9092=AXIS2_PLACEMENT_3D('',#13120,#10452,#10453);
#9093=AXIS2_PLACEMENT_3D('',#13126,#10457,#10458);
#9094=AXIS2_PLACEMENT_3D('',#13132,#10462,#10463);
#9095=AXIS2_PLACEMENT_3D('',#13138,#10467,#10468);
#9096=AXIS2_PLACEMENT_3D('',#13144,#10472,#10473);
#9097=AXIS2_PLACEMENT_3D('',#13150,#10477,#10478);
#9098=AXIS2_PLACEMENT_3D('',#13156,#10482,#10483);
#9099=AXIS2_PLACEMENT_3D('',#13162,#10487,#10488);
#9100=AXIS2_PLACEMENT_3D('',#13168,#10492,#10493);
#9101=AXIS2_PLACEMENT_3D('',#13174,#10497,#10498);
#9102=AXIS2_PLACEMENT_3D('',#13178,#10501,#10502);
#9103=AXIS2_PLACEMENT_3D('',#13184,#10506,#10507);
#9104=AXIS2_PLACEMENT_3D('',#13187,#10510,#10511);
#9105=AXIS2_PLACEMENT_3D('',#13314,#10583,#10584);
#9106=AXIS2_PLACEMENT_3D('',#13317,#10587,#10588);
#9107=AXIS2_PLACEMENT_3D('',#13320,#10591,#10592);
#9108=AXIS2_PLACEMENT_3D('',#13329,#10597,#10598);
#9109=AXIS2_PLACEMENT_3D('',#13338,#10603,#10604);
#9110=AXIS2_PLACEMENT_3D('',#13347,#10609,#10610);
#9111=AXIS2_PLACEMENT_3D('',#13356,#10615,#10616);
#9112=AXIS2_PLACEMENT_3D('',#13365,#10621,#10622);
#9113=AXIS2_PLACEMENT_3D('',#13366,#10623,#10624);
#9114=AXIS2_PLACEMENT_3D('',#13367,#10625,#10626);
#9115=AXIS2_PLACEMENT_3D('',#13368,#10627,#10628);
#9116=AXIS2_PLACEMENT_3D('',#13369,#10629,#10630);
#9117=AXIS2_PLACEMENT_3D('',#13370,#10631,#10632);
#9118=AXIS2_PLACEMENT_3D('',#13372,#10633,#10634);
#9119=AXIS2_PLACEMENT_3D('',#13373,#10635,#10636);
#9120=AXIS2_PLACEMENT_3D('',#13375,#10637,#10638);
#9121=AXIS2_PLACEMENT_3D('',#13392,#10647,#10648);
#9122=AXIS2_PLACEMENT_3D('',#13409,#10657,#10658);
#9123=AXIS2_PLACEMENT_3D('',#13426,#10667,#10668);
#9124=AXIS2_PLACEMENT_3D('',#13427,#10669,#10670);
#9125=AXIS2_PLACEMENT_3D('',#13433,#10674,#10675);
#9126=AXIS2_PLACEMENT_3D('',#13447,#10683,#10684);
#9127=AXIS2_PLACEMENT_3D('',#13464,#10693,#10694);
#9128=AXIS2_PLACEMENT_3D('',#13481,#10703,#10704);
#9129=AXIS2_PLACEMENT_3D('',#13485,#10708,#10709);
#9130=AXIS2_PLACEMENT_3D('',#13486,#10710,#10711);
#9131=AXIS2_PLACEMENT_3D('',#13487,#10712,#10713);
#9132=AXIS2_PLACEMENT_3D('',#13488,#10714,#10715);
#9133=AXIS2_PLACEMENT_3D('',#13489,#10716,#10717);
#9134=AXIS2_PLACEMENT_3D('',#13490,#10718,#10719);
#9135=AXIS2_PLACEMENT_3D('',#13491,#10720,#10721);
#9136=AXIS2_PLACEMENT_3D('',#13492,#10722,#10723);
#9137=AXIS2_PLACEMENT_3D('',#13493,#10724,#10725);
#9138=AXIS2_PLACEMENT_3D('',#13494,#10726,#10727);
#9139=AXIS2_PLACEMENT_3D('',#13495,#10728,#10729);
#9140=AXIS2_PLACEMENT_3D('',#13496,#10730,#10731);
#9141=AXIS2_PLACEMENT_3D('',#13497,#10732,#10733);
#9142=AXIS2_PLACEMENT_3D('',#13500,#10736,#10737);
#9143=AXIS2_PLACEMENT_3D('',#13501,#10738,#10739);
#9144=AXIS2_PLACEMENT_3D('',#13503,#10740,#10741);
#9145=AXIS2_PLACEMENT_3D('',#13505,#10742,#10743);
#9146=AXIS2_PLACEMENT_3D('',#13507,#10744,#10745);
#9147=AXIS2_PLACEMENT_3D('',#13508,#10746,#10747);
#9148=AXIS2_PLACEMENT_3D('',#13510,#10748,#10749);
#9149=AXIS2_PLACEMENT_3D('',#13512,#10750,#10751);
#9150=AXIS2_PLACEMENT_3D('',#13514,#10752,#10753);
#9151=AXIS2_PLACEMENT_3D('',#13515,#10754,#10755);
#9152=AXIS2_PLACEMENT_3D('',#13517,#10756,#10757);
#9153=AXIS2_PLACEMENT_3D('',#13518,#10758,#10759);
#9154=AXIS2_PLACEMENT_3D('',#13520,#10760,#10761);
#9155=AXIS2_PLACEMENT_3D('',#13521,#10762,#10763);
#9156=AXIS2_PLACEMENT_3D('',#13523,#10764,#10765);
#9157=AXIS2_PLACEMENT_3D('',#13524,#10766,#10767);
#9158=AXIS2_PLACEMENT_3D('',#13526,#10768,#10769);
#9159=AXIS2_PLACEMENT_3D('',#13527,#10770,#10771);
#9160=AXIS2_PLACEMENT_3D('',#13529,#10772,#10773);
#9161=AXIS2_PLACEMENT_3D('',#13530,#10774,#10775);
#9162=AXIS2_PLACEMENT_3D('',#13532,#10776,#10777);
#9163=AXIS2_PLACEMENT_3D('',#13533,#10778,#10779);
#9164=AXIS2_PLACEMENT_3D('',#13539,#10782,#10783);
#9165=AXIS2_PLACEMENT_3D('',#13543,#10786,#10787);
#9166=AXIS2_PLACEMENT_3D('',#13546,#10789,#10790);
#9167=AXIS2_PLACEMENT_3D('',#13551,#10793,#10794);
#9168=AXIS2_PLACEMENT_3D('',#13554,#10796,#10797);
#9169=AXIS2_PLACEMENT_3D('',#13556,#10799,#10800);
#9170=AXIS2_PLACEMENT_3D('',#13559,#10803,#10804);
#9171=AXIS2_PLACEMENT_3D('',#13561,#10806,#10807);
#9172=AXIS2_PLACEMENT_3D('',#13575,#10821,#10822);
#9173=AXIS2_PLACEMENT_3D('',#13576,#10823,#10824);
#9174=AXIS2_PLACEMENT_3D('',#13578,#10825,#10826);
#9175=AXIS2_PLACEMENT_3D('',#13579,#10827,#10828);
#9176=AXIS2_PLACEMENT_3D('',#13580,#10829,#10830);
#9177=AXIS2_PLACEMENT_3D('',#13582,#10831,#10832);
#9178=AXIS2_PLACEMENT_3D('',#13583,#10833,#10834);
#9179=AXIS2_PLACEMENT_3D('',#13585,#10835,#10836);
#9180=AXIS2_PLACEMENT_3D('',#13586,#10837,#10838);
#9181=AXIS2_PLACEMENT_3D('',#13587,#10839,#10840);
#9182=AXIS2_PLACEMENT_3D('',#13589,#10841,#10842);
#9183=AXIS2_PLACEMENT_3D('',#13590,#10843,#10844);
#9184=AXIS2_PLACEMENT_3D('',#13592,#10845,#10846);
#9185=AXIS2_PLACEMENT_3D('',#13593,#10847,#10848);
#9186=AXIS2_PLACEMENT_3D('',#13594,#10849,#10850);
#9187=AXIS2_PLACEMENT_3D('',#13596,#10851,#10852);
#9188=AXIS2_PLACEMENT_3D('',#13597,#10853,#10854);
#9189=AXIS2_PLACEMENT_3D('',#13600,#10857,#10858);
#9190=AXIS2_PLACEMENT_3D('',#13602,#10860,#10861);
#9191=AXIS2_PLACEMENT_3D('',#13604,#10863,#10864);
#9192=AXIS2_PLACEMENT_3D('',#13607,#10867,#10868);
#9193=AXIS2_PLACEMENT_3D('',#13609,#10870,#10871);
#9194=AXIS2_PLACEMENT_3D('',#13611,#10873,#10874);
#9195=AXIS2_PLACEMENT_3D('',#13613,#10876,#10877);
#9196=AXIS2_PLACEMENT_3D('',#13614,#10878,#10879);
#9197=AXIS2_PLACEMENT_3D('',#13620,#10883,#10884);
#9198=AXIS2_PLACEMENT_3D('',#13624,#10887,#10888);
#9199=AXIS2_PLACEMENT_3D('',#13626,#10890,#10891);
#9200=AXIS2_PLACEMENT_3D('',#13628,#10893,#10894);
#9201=AXIS2_PLACEMENT_3D('',#13632,#10897,#10898);
#9202=AXIS2_PLACEMENT_3D('',#13634,#10900,#10901);
#9203=AXIS2_PLACEMENT_3D('',#13636,#10903,#10904);
#9204=AXIS2_PLACEMENT_3D('',#13639,#10907,#10908);
#9205=AXIS2_PLACEMENT_3D('',#13641,#10910,#10911);
#9206=AXIS2_PLACEMENT_3D('',#13643,#10913,#10914);
#9207=AXIS2_PLACEMENT_3D('',#13645,#10916,#10917);
#9208=AXIS2_PLACEMENT_3D('',#13648,#10920,#10921);
#9209=AXIS2_PLACEMENT_3D('',#13650,#10923,#10924);
#9210=AXIS2_PLACEMENT_3D('',#13652,#10926,#10927);
#9211=AXIS2_PLACEMENT_3D('',#13654,#10929,#10930);
#9212=AXIS2_PLACEMENT_3D('',#13656,#10932,#10933);
#9213=AXIS2_PLACEMENT_3D('',#13659,#10936,#10937);
#9214=AXIS2_PLACEMENT_3D('',#13661,#10939,#10940);
#9215=AXIS2_PLACEMENT_3D('',#13662,#10941,#10942);
#9216=AXIS2_PLACEMENT_3D('',#13663,#10943,#10944);
#9217=AXIS2_PLACEMENT_3D('',#13666,#10947,#10948);
#9218=AXIS2_PLACEMENT_3D('',#13669,#10951,#10952);
#9219=AXIS2_PLACEMENT_3D('',#13671,#10954,#10955);
#9220=AXIS2_PLACEMENT_3D('',#13673,#10957,#10958);
#9221=AXIS2_PLACEMENT_3D('',#13674,#10959,#10960);
#9222=AXIS2_PLACEMENT_3D('',#13677,#10963,#10964);
#9223=AXIS2_PLACEMENT_3D('',#13679,#10966,#10967);
#9224=AXIS2_PLACEMENT_3D('',#13681,#10969,#10970);
#9225=AXIS2_PLACEMENT_3D('',#13683,#10972,#10973);
#9226=AXIS2_PLACEMENT_3D('',#13685,#10975,#10976);
#9227=AXIS2_PLACEMENT_3D('',#13686,#10977,#10978);
#9228=AXIS2_PLACEMENT_3D('',#13688,#10980,#10981);
#9229=AXIS2_PLACEMENT_3D('',#13691,#10984,#10985);
#9230=AXIS2_PLACEMENT_3D('',#13693,#10987,#10988);
#9231=AXIS2_PLACEMENT_3D('',#13695,#10990,#10991);
#9232=AXIS2_PLACEMENT_3D('',#13698,#10994,#10995);
#9233=AXIS2_PLACEMENT_3D('',#13700,#10997,#10998);
#9234=AXIS2_PLACEMENT_3D('',#13701,#10999,#11000);
#9235=AXIS2_PLACEMENT_3D('',#13704,#11003,#11004);
#9236=AXIS2_PLACEMENT_3D('',#13706,#11006,#11007);
#9237=AXIS2_PLACEMENT_3D('',#13708,#11009,#11010);
#9238=AXIS2_PLACEMENT_3D('',#13710,#11012,#11013);
#9239=AXIS2_PLACEMENT_3D('',#13712,#11015,#11016);
#9240=AXIS2_PLACEMENT_3D('',#13714,#11018,#11019);
#9241=AXIS2_PLACEMENT_3D('',#13716,#11021,#11022);
#9242=AXIS2_PLACEMENT_3D('',#13717,#11023,#11024);
#9243=AXIS2_PLACEMENT_3D('',#13720,#11027,#11028);
#9244=AXIS2_PLACEMENT_3D('',#13722,#11030,#11031);
#9245=AXIS2_PLACEMENT_3D('',#13724,#11033,#11034);
#9246=AXIS2_PLACEMENT_3D('',#13725,#11035,#11036);
#9247=AXIS2_PLACEMENT_3D('',#13728,#11039,#11040);
#9248=AXIS2_PLACEMENT_3D('',#13730,#11042,#11043);
#9249=AXIS2_PLACEMENT_3D('',#13732,#11045,#11046);
#9250=AXIS2_PLACEMENT_3D('',#13733,#11047,#11048);
#9251=AXIS2_PLACEMENT_3D('',#13736,#11051,#11052);
#9252=AXIS2_PLACEMENT_3D('',#13738,#11054,#11055);
#9253=AXIS2_PLACEMENT_3D('',#13740,#11057,#11058);
#9254=AXIS2_PLACEMENT_3D('',#13741,#11059,#11060);
#9255=AXIS2_PLACEMENT_3D('',#13744,#11063,#11064);
#9256=AXIS2_PLACEMENT_3D('',#13746,#11066,#11067);
#9257=AXIS2_PLACEMENT_3D('',#13748,#11069,#11070);
#9258=AXIS2_PLACEMENT_3D('',#13749,#11071,#11072);
#9259=AXIS2_PLACEMENT_3D('',#13752,#11075,#11076);
#9260=AXIS2_PLACEMENT_3D('',#13754,#11078,#11079);
#9261=AXIS2_PLACEMENT_3D('',#13756,#11081,#11082);
#9262=AXIS2_PLACEMENT_3D('',#13757,#11083,#11084);
#9263=AXIS2_PLACEMENT_3D('',#13760,#11087,#11088);
#9264=AXIS2_PLACEMENT_3D('',#13762,#11090,#11091);
#9265=AXIS2_PLACEMENT_3D('',#13766,#11094,#11095);
#9266=AXIS2_PLACEMENT_3D('',#13770,#11098,#11099);
#9267=AXIS2_PLACEMENT_3D('',#13773,#11102,#11103);
#9268=AXIS2_PLACEMENT_3D('',#13775,#11105,#11106);
#9269=AXIS2_PLACEMENT_3D('',#13777,#11108,#11109);
#9270=AXIS2_PLACEMENT_3D('',#13778,#11110,#11111);
#9271=AXIS2_PLACEMENT_3D('',#13781,#11114,#11115);
#9272=AXIS2_PLACEMENT_3D('',#13783,#11117,#11118);
#9273=AXIS2_PLACEMENT_3D('',#13785,#11120,#11121);
#9274=AXIS2_PLACEMENT_3D('',#13786,#11122,#11123);
#9275=AXIS2_PLACEMENT_3D('',#13789,#11126,#11127);
#9276=AXIS2_PLACEMENT_3D('',#13791,#11129,#11130);
#9277=AXIS2_PLACEMENT_3D('',#13793,#11132,#11133);
#9278=AXIS2_PLACEMENT_3D('',#13794,#11134,#11135);
#9279=AXIS2_PLACEMENT_3D('',#13797,#11138,#11139);
#9280=AXIS2_PLACEMENT_3D('',#13799,#11141,#11142);
#9281=AXIS2_PLACEMENT_3D('',#13801,#11144,#11145);
#9282=AXIS2_PLACEMENT_3D('',#13802,#11146,#11147);
#9283=AXIS2_PLACEMENT_3D('',#13807,#11151,#11152);
#9284=AXIS2_PLACEMENT_3D('',#13809,#11154,#11155);
#9285=AXIS2_PLACEMENT_3D('',#13813,#11158,#11159);
#9286=AXIS2_PLACEMENT_3D('',#13816,#11162,#11163);
#9287=AXIS2_PLACEMENT_3D('',#13818,#11165,#11166);
#9288=AXIS2_PLACEMENT_3D('',#13819,#11167,#11168);
#9289=AXIS2_PLACEMENT_3D('',#13821,#11170,#11171);
#9290=AXIS2_PLACEMENT_3D('',#13823,#11173,#11174);
#9291=AXIS2_PLACEMENT_3D('',#13825,#11176,#11177);
#9292=AXIS2_PLACEMENT_3D('',#13827,#11179,#11180);
#9293=AXIS2_PLACEMENT_3D('',#13828,#11181,#11182);
#9294=AXIS2_PLACEMENT_3D('',#13831,#11185,#11186);
#9295=AXIS2_PLACEMENT_3D('',#13833,#11188,#11189);
#9296=AXIS2_PLACEMENT_3D('',#13835,#11191,#11192);
#9297=AXIS2_PLACEMENT_3D('',#13836,#11193,#11194);
#9298=AXIS2_PLACEMENT_3D('',#13839,#11197,#11198);
#9299=AXIS2_PLACEMENT_3D('',#13841,#11200,#11201);
#9300=AXIS2_PLACEMENT_3D('',#13843,#11203,#11204);
#9301=AXIS2_PLACEMENT_3D('',#13844,#11205,#11206);
#9302=AXIS2_PLACEMENT_3D('',#13847,#11209,#11210);
#9303=AXIS2_PLACEMENT_3D('',#13849,#11212,#11213);
#9304=AXIS2_PLACEMENT_3D('',#13851,#11215,#11216);
#9305=AXIS2_PLACEMENT_3D('',#13852,#11217,#11218);
#9306=AXIS2_PLACEMENT_3D('',#13855,#11221,#11222);
#9307=AXIS2_PLACEMENT_3D('',#13857,#11224,#11225);
#9308=AXIS2_PLACEMENT_3D('',#13859,#11227,#11228);
#9309=AXIS2_PLACEMENT_3D('',#13860,#11229,#11230);
#9310=AXIS2_PLACEMENT_3D('',#13863,#11233,#11234);
#9311=AXIS2_PLACEMENT_3D('',#13865,#11236,#11237);
#9312=AXIS2_PLACEMENT_3D('',#13867,#11239,#11240);
#9313=AXIS2_PLACEMENT_3D('',#13868,#11241,#11242);
#9314=AXIS2_PLACEMENT_3D('',#13873,#11246,#11247);
#9315=AXIS2_PLACEMENT_3D('',#13876,#11250,#11251);
#9316=AXIS2_PLACEMENT_3D('',#13877,#11252,#11253);
#9317=AXIS2_PLACEMENT_3D('',#13881,#11256,#11257);
#9318=AXIS2_PLACEMENT_3D('',#13884,#11260,#11261);
#9319=AXIS2_PLACEMENT_3D('',#13886,#11263,#11264);
#9320=AXIS2_PLACEMENT_3D('',#13887,#11265,#11266);
#9321=AXIS2_PLACEMENT_3D('',#13890,#11269,#11270);
#9322=AXIS2_PLACEMENT_3D('',#13892,#11272,#11273);
#9323=AXIS2_PLACEMENT_3D('',#13894,#11275,#11276);
#9324=AXIS2_PLACEMENT_3D('',#13895,#11277,#11278);
#9325=AXIS2_PLACEMENT_3D('',#13898,#11281,#11282);
#9326=AXIS2_PLACEMENT_3D('',#13900,#11284,#11285);
#9327=AXIS2_PLACEMENT_3D('',#13902,#11287,#11288);
#9328=AXIS2_PLACEMENT_3D('',#13903,#11289,#11290);
#9329=AXIS2_PLACEMENT_3D('',#13906,#11293,#11294);
#9330=AXIS2_PLACEMENT_3D('',#13908,#11296,#11297);
#9331=AXIS2_PLACEMENT_3D('',#13910,#11299,#11300);
#9332=AXIS2_PLACEMENT_3D('',#13911,#11301,#11302);
#9333=AXIS2_PLACEMENT_3D('',#13914,#11305,#11306);
#9334=AXIS2_PLACEMENT_3D('',#13916,#11308,#11309);
#9335=AXIS2_PLACEMENT_3D('',#13918,#11311,#11312);
#9336=AXIS2_PLACEMENT_3D('',#13919,#11313,#11314);
#9337=AXIS2_PLACEMENT_3D('',#13924,#11318,#11319);
#9338=AXIS2_PLACEMENT_3D('',#13926,#11321,#11322);
#9339=AXIS2_PLACEMENT_3D('',#13930,#11325,#11326);
#9340=AXIS2_PLACEMENT_3D('',#13933,#11329,#11330);
#9341=AXIS2_PLACEMENT_3D('',#13935,#11332,#11333);
#9342=AXIS2_PLACEMENT_3D('',#13936,#11334,#11335);
#9343=AXIS2_PLACEMENT_3D('',#13937,#11336,#11337);
#9344=AXIS2_PLACEMENT_3D('',#13938,#11338,#11339);
#9345=AXIS2_PLACEMENT_3D('',#13939,#11340,#11341);
#9346=AXIS2_PLACEMENT_3D('',#13940,#11342,#11343);
#9347=AXIS2_PLACEMENT_3D('',#13941,#11344,#11345);
#9348=AXIS2_PLACEMENT_3D('',#13942,#11346,#11347);
#9349=AXIS2_PLACEMENT_3D('',#13943,#11348,#11349);
#9350=AXIS2_PLACEMENT_3D('',#13944,#11350,#11351);
#9351=AXIS2_PLACEMENT_3D('',#13945,#11352,#11353);
#9352=AXIS2_PLACEMENT_3D('',#13946,#11354,#11355);
#9353=AXIS2_PLACEMENT_3D('',#13947,#11356,#11357);
#9354=AXIS2_PLACEMENT_3D('',#13948,#11358,#11359);
#9355=AXIS2_PLACEMENT_3D('',#13949,#11360,#11361);
#9356=AXIS2_PLACEMENT_3D('',#13951,#11362,#11363);
#9357=AXIS2_PLACEMENT_3D('',#13952,#11364,#11365);
#9358=AXIS2_PLACEMENT_3D('',#13954,#11366,#11367);
#9359=AXIS2_PLACEMENT_3D('',#13955,#11368,#11369);
#9360=AXIS2_PLACEMENT_3D('',#13957,#11370,#11371);
#9361=AXIS2_PLACEMENT_3D('',#13958,#11372,#11373);
#9362=AXIS2_PLACEMENT_3D('',#13960,#11374,#11375);
#9363=AXIS2_PLACEMENT_3D('',#13963,#11378,#11379);
#9364=AXIS2_PLACEMENT_3D('',#13965,#11381,#11382);
#9365=AXIS2_PLACEMENT_3D('',#13968,#11385,#11386);
#9366=AXIS2_PLACEMENT_3D('',#13970,#11388,#11389);
#9367=AXIS2_PLACEMENT_3D('',#13972,#11391,#11392);
#9368=AXIS2_PLACEMENT_3D('',#13974,#11394,#11395);
#9369=AXIS2_PLACEMENT_3D('',#13976,#11397,#11398);
#9370=AXIS2_PLACEMENT_3D('',#13979,#11401,#11402);
#9371=AXIS2_PLACEMENT_3D('',#13980,#11403,#11404);
#9372=AXIS2_PLACEMENT_3D('',#13983,#11407,#11408);
#9373=AXIS2_PLACEMENT_3D('',#13984,#11409,#11410);
#9374=AXIS2_PLACEMENT_3D('',#13985,#11411,#11412);
#9375=AXIS2_PLACEMENT_3D('',#13988,#11415,#11416);
#9376=AXIS2_PLACEMENT_3D('',#13990,#11418,#11419);
#9377=AXIS2_PLACEMENT_3D('',#13992,#11421,#11422);
#9378=AXIS2_PLACEMENT_3D('',#13993,#11423,#11424);
#9379=AXIS2_PLACEMENT_3D('',#13996,#11427,#11428);
#9380=AXIS2_PLACEMENT_3D('',#13998,#11430,#11431);
#9381=AXIS2_PLACEMENT_3D('',#14000,#11433,#11434);
#9382=AXIS2_PLACEMENT_3D('',#14003,#11437,#11438);
#9383=AXIS2_PLACEMENT_3D('',#14005,#11440,#11441);
#9384=AXIS2_PLACEMENT_3D('',#14008,#11444,#11445);
#9385=AXIS2_PLACEMENT_3D('',#14010,#11447,#11448);
#9386=AXIS2_PLACEMENT_3D('',#14013,#11451,#11452);
#9387=AXIS2_PLACEMENT_3D('',#14014,#11453,#11454);
#9388=AXIS2_PLACEMENT_3D('',#14016,#11456,#11457);
#9389=AXIS2_PLACEMENT_3D('',#14019,#11460,#11461);
#9390=AXIS2_PLACEMENT_3D('',#14022,#11464,#11465);
#9391=AXIS2_PLACEMENT_3D('',#14023,#11466,#11467);
#9392=AXIS2_PLACEMENT_3D('',#14026,#11470,#11471);
#9393=AXIS2_PLACEMENT_3D('',#14027,#11472,#11473);
#9394=AXIS2_PLACEMENT_3D('',#14030,#11476,#11477);
#9395=AXIS2_PLACEMENT_3D('',#14031,#11478,#11479);
#9396=AXIS2_PLACEMENT_3D('',#14034,#11482,#11483);
#9397=AXIS2_PLACEMENT_3D('',#14035,#11484,#11485);
#9398=AXIS2_PLACEMENT_3D('',#14038,#11488,#11489);
#9399=AXIS2_PLACEMENT_3D('',#14039,#11490,#11491);
#9400=AXIS2_PLACEMENT_3D('',#14042,#11494,#11495);
#9401=AXIS2_PLACEMENT_3D('',#14043,#11496,#11497);
#9402=AXIS2_PLACEMENT_3D('',#14046,#11500,#11501);
#9403=AXIS2_PLACEMENT_3D('',#14050,#11504,#11505);
#9404=AXIS2_PLACEMENT_3D('',#14054,#11508,#11509);
#9405=AXIS2_PLACEMENT_3D('',#14058,#11512,#11513);
#9406=AXIS2_PLACEMENT_3D('',#14060,#11515,#11516);
#9407=AXIS2_PLACEMENT_3D('',#14061,#11517,#11518);
#9408=AXIS2_PLACEMENT_3D('',#14065,#11521,#11522);
#9409=AXIS2_PLACEMENT_3D('',#14069,#11525,#11526);
#9410=AXIS2_PLACEMENT_3D('',#14073,#11529,#11530);
#9411=AXIS2_PLACEMENT_3D('',#14075,#11532,#11533);
#9412=AXIS2_PLACEMENT_3D('',#14076,#11534,#11535);
#9413=AXIS2_PLACEMENT_3D('',#14079,#11538,#11539);
#9414=AXIS2_PLACEMENT_3D('',#14081,#11541,#11542);
#9415=AXIS2_PLACEMENT_3D('',#14082,#11543,#11544);
#9416=AXIS2_PLACEMENT_3D('',#14085,#11547,#11548);
#9417=AXIS2_PLACEMENT_3D('',#14087,#11550,#11551);
#9418=AXIS2_PLACEMENT_3D('',#14088,#11552,#11553);
#9419=AXIS2_PLACEMENT_3D('',#14091,#11556,#11557);
#9420=AXIS2_PLACEMENT_3D('',#14093,#11559,#11560);
#9421=AXIS2_PLACEMENT_3D('',#14094,#11561,#11562);
#9422=AXIS2_PLACEMENT_3D('',#14097,#11565,#11566);
#9423=AXIS2_PLACEMENT_3D('',#14099,#11568,#11569);
#9424=AXIS2_PLACEMENT_3D('',#14100,#11570,#11571);
#9425=AXIS2_PLACEMENT_3D('',#14101,#11572,#11573);
#9426=AXIS2_PLACEMENT_3D('',#14103,#11574,#11575);
#9427=AXIS2_PLACEMENT_3D('',#14104,#11576,#11577);
#9428=AXIS2_PLACEMENT_3D('',#14105,#11578,#11579);
#9429=AXIS2_PLACEMENT_3D('',#14107,#11580,#11581);
#9430=AXIS2_PLACEMENT_3D('',#14108,#11582,#11583);
#9431=AXIS2_PLACEMENT_3D('',#14109,#11584,#11585);
#9432=AXIS2_PLACEMENT_3D('',#14111,#11586,#11587);
#9433=AXIS2_PLACEMENT_3D('',#14112,#11588,#11589);
#9434=AXIS2_PLACEMENT_3D('',#14113,#11590,#11591);
#9435=AXIS2_PLACEMENT_3D('',#14115,#11592,#11593);
#9436=DIRECTION('',(0.,0.,1.));
#9437=DIRECTION('',(1.,0.,0.));
#9438=DIRECTION('',(1.,2.83220159343153E-16,0.));
#9439=DIRECTION('',(-2.83220159343153E-16,1.,0.));
#9440=DIRECTION('',(1.,2.83220159343153E-16,0.));
#9441=DIRECTION('',(-2.83220159343153E-16,1.,0.));
#9442=DIRECTION('',(-2.00266895240278E-16,0.707106781186548,-0.707106781186547));
#9443=DIRECTION('',(0.,0.,1.));
#9444=DIRECTION('',(-2.00266895240278E-16,0.707106781186548,-0.707106781186547));
#9445=DIRECTION('',(1.,2.83220159343153E-16,0.));
#9446=DIRECTION('',(-2.83220159343153E-16,1.,0.));
#9447=DIRECTION('',(1.,2.83220159343153E-16,0.));
#9448=DIRECTION('',(-2.83220159343153E-16,1.,0.));
#9449=DIRECTION('',(-2.00266895240278E-16,0.707106781186548,0.707106781186548));
#9450=DIRECTION('',(0.,0.,1.));
#9451=DIRECTION('',(-2.00266895240278E-16,0.707106781186548,0.707106781186548));
#9452=DIRECTION('',(0.,0.707106781186548,-0.707106781186548));
#9453=DIRECTION('',(0.,0.707106781186548,0.707106781186548));
#9454=DIRECTION('',(-1.,0.,0.));
#9455=DIRECTION('',(-2.00266895240278E-16,0.707106781186548,0.707106781186548));
#9456=DIRECTION('',(1.,0.,0.));
#9457=DIRECTION('',(0.,-0.707106781186548,-0.707106781186548));
#9458=DIRECTION('',(0.,-0.707106781186547,-0.707106781186548));
#9459=DIRECTION('',(0.,0.707106781186548,-0.707106781186547));
#9460=DIRECTION('',(-1.,0.,0.));
#9461=DIRECTION('',(1.,0.,0.));
#9462=DIRECTION('',(0.,-0.707106781186548,0.707106781186547));
#9463=DIRECTION('',(-1.,2.83220159343153E-16,0.));
#9464=DIRECTION('',(-2.83220159343153E-16,-1.,0.));
#9465=DIRECTION('',(-1.,2.83220159343153E-16,0.));
#9466=DIRECTION('',(-2.83220159343153E-16,-1.,0.));
#9467=DIRECTION('',(-2.00266895240278E-16,-0.707106781186548,-0.707106781186548));
#9468=DIRECTION('',(0.,0.,1.));
#9469=DIRECTION('',(-2.00266895240278E-16,-0.707106781186548,-0.707106781186548));
#9470=DIRECTION('',(-1.,2.83220159343153E-16,0.));
#9471=DIRECTION('',(-2.83220159343153E-16,-1.,0.));
#9472=DIRECTION('',(-1.,2.83220159343153E-16,0.));
#9473=DIRECTION('',(-2.83220159343153E-16,-1.,0.));
#9474=DIRECTION('',(-2.00266895240278E-16,-0.707106781186548,0.707106781186547));
#9475=DIRECTION('',(0.,0.,1.));
#9476=DIRECTION('',(-2.00266895240278E-16,-0.707106781186548,0.707106781186547));
#9477=DIRECTION('',(0.,-0.707106781186547,-0.707106781186548));
#9478=DIRECTION('',(0.,0.707106781186548,-0.707106781186547));
#9479=DIRECTION('',(1.,0.,0.));
#9480=DIRECTION('',(-2.00266895240278E-16,-0.707106781186548,0.707106781186547));
#9481=DIRECTION('',(1.,0.,0.));
#9482=DIRECTION('',(0.,0.707106781186548,-0.707106781186547));
#9483=DIRECTION('',(0.,0.707106781186548,-0.707106781186548));
#9484=DIRECTION('',(0.,0.707106781186548,0.707106781186548));
#9485=DIRECTION('',(1.,0.,0.));
#9486=DIRECTION('',(-1.,0.,0.));
#9487=DIRECTION('',(0.,0.707106781186548,0.707106781186548));
#9488=DIRECTION('',(0.,0.,1.));
#9489=DIRECTION('',(1.,0.,0.));
#9490=DIRECTION('',(0.,0.,1.));
#9491=DIRECTION('',(1.,0.,0.));
#9492=DIRECTION('',(0.,0.,1.));
#9493=DIRECTION('',(1.,0.,0.));
#9494=DIRECTION('',(0.,0.,1.));
#9495=DIRECTION('',(1.,0.,0.));
#9496=DIRECTION('',(0.,0.,1.));
#9497=DIRECTION('',(1.,0.,0.));
#9498=DIRECTION('',(0.,1.,0.));
#9499=DIRECTION('',(1.,0.,0.));
#9500=DIRECTION('',(2.83220159343153E-16,1.,0.));
#9501=DIRECTION('',(0.,0.,1.));
#9502=DIRECTION('',(1.,0.,0.));
#9503=DIRECTION('',(-1.,0.,0.));
#9504=DIRECTION('',(0.,0.,1.));
#9505=DIRECTION('',(1.,0.,0.));
#9506=DIRECTION('',(2.83220159343153E-16,-1.,0.));
#9507=DIRECTION('',(-1.,0.,0.));
#9508=DIRECTION('',(0.,-1.,0.));
#9509=DIRECTION('',(-1.,0.,0.));
#9510=DIRECTION('',(2.83220159343153E-16,-1.,0.));
#9511=DIRECTION('',(0.,0.,1.));
#9512=DIRECTION('',(1.,0.,0.));
#9513=DIRECTION('',(1.,0.,0.));
#9514=DIRECTION('',(0.,-1.,0.));
#9515=DIRECTION('',(1.,0.,0.));
#9516=DIRECTION('',(0.,-1.,0.));
#9517=DIRECTION('',(1.,0.,0.));
#9518=DIRECTION('',(0.,0.,1.));
#9519=DIRECTION('',(1.,0.,0.));
#9520=DIRECTION('',(2.83220159343153E-16,1.,0.));
#9521=DIRECTION('',(1.,0.,0.));
#9522=DIRECTION('',(-0.857492925712545,0.514495755427526,0.));
#9523=DIRECTION('',(-0.857492925712544,-0.514495755427526,0.));
#9524=DIRECTION('',(0.,-1.,0.));
#9525=DIRECTION('',(-0.857492925712545,-0.514495755427526,0.));
#9526=DIRECTION('',(0.,-1.,0.));
#9527=DIRECTION('',(-0.857492925712544,0.514495755427526,0.));
#9528=DIRECTION('',(-0.857492925712544,0.514495755427526,0.));
#9529=DIRECTION('',(-1.,0.,0.));
#9530=DIRECTION('',(-0.857492925712545,-0.514495755427526,0.));
#9531=DIRECTION('',(-0.857492925712544,-0.514495755427526,0.));
#9532=DIRECTION('',(-0.857492925712545,0.514495755427526,0.));
#9533=DIRECTION('',(-1.,0.,0.));
#9534=DIRECTION('',(0.,0.,-1.));
#9535=DIRECTION('',(1.,0.,0.));
#9536=DIRECTION('',(0.,-1.,0.));
#9537=DIRECTION('',(0.,0.,-1.));
#9538=DIRECTION('',(-1.,0.,0.));
#9539=DIRECTION('',(1.,0.,0.));
#9540=DIRECTION('',(0.,0.,-1.));
#9541=DIRECTION('',(-1.,0.,0.));
#9542=DIRECTION('',(0.,-1.,0.));
#9543=DIRECTION('',(0.,0.,-1.));
#9544=DIRECTION('',(-1.,0.,0.));
#9545=DIRECTION('',(1.,0.,0.));
#9546=DIRECTION('',(0.,0.,-1.));
#9547=DIRECTION('',(-1.,0.,0.));
#9548=DIRECTION('',(0.,0.,-1.));
#9549=DIRECTION('',(-1.,0.,0.));
#9550=DIRECTION('',(0.,0.,-1.));
#9551=DIRECTION('',(-1.,0.,0.));
#9552=DIRECTION('',(0.,0.,-1.));
#9553=DIRECTION('',(-1.,0.,0.));
#9554=DIRECTION('',(0.,0.,-1.));
#9555=DIRECTION('',(-1.,0.,0.));
#9556=DIRECTION('',(0.,1.,0.));
#9557=DIRECTION('',(0.857492925712544,0.514495755427526,0.));
#9558=DIRECTION('',(0.857492925712545,-0.514495755427526,0.));
#9559=DIRECTION('',(0.857492925712544,-0.514495755427526,0.));
#9560=DIRECTION('',(0.,1.,0.));
#9561=DIRECTION('',(0.857492925712544,0.514495755427526,0.));
#9562=DIRECTION('',(0.857492925712545,0.514495755427526,0.));
#9563=DIRECTION('',(1.,0.,0.));
#9564=DIRECTION('',(0.857492925712544,-0.514495755427526,0.));
#9565=DIRECTION('',(1.,0.,0.));
#9566=DIRECTION('',(0.857492925712545,-0.514495755427526,0.));
#9567=DIRECTION('',(0.857492925712544,0.514495755427526,0.));
#9568=DIRECTION('',(0.,0.707106781186548,-0.707106781186548));
#9569=DIRECTION('',(0.,0.707106781186548,0.707106781186548));
#9570=DIRECTION('',(-2.00266895240278E-16,-0.707106781186548,-0.707106781186548));
#9571=DIRECTION('',(1.,0.,0.));
#9572=DIRECTION('',(0.,0.707106781186548,0.707106781186548));
#9573=DIRECTION('',(1.,0.,0.));
#9574=DIRECTION('',(-1.,2.83220159343153E-16,0.));
#9575=DIRECTION('',(-2.83220159343153E-16,-1.,0.));
#9576=DIRECTION('',(-1.,2.83220159343153E-16,0.));
#9577=DIRECTION('',(-2.83220159343153E-16,-1.,0.));
#9578=DIRECTION('',(-2.00266895240278E-16,-0.707106781186548,-0.707106781186548));
#9579=DIRECTION('',(0.,0.,-1.));
#9580=DIRECTION('',(-2.00266895240278E-16,-0.707106781186548,-0.707106781186548));
#9581=DIRECTION('',(0.,0.,1.));
#9582=DIRECTION('',(-2.00266895240278E-16,-0.707106781186548,-0.707106781186547));
#9583=DIRECTION('',(0.,0.,-1.));
#9584=DIRECTION('',(-2.26576127474522E-16,-0.8,-0.6));
#9585=DIRECTION('',(0.,0.,1.));
#9586=DIRECTION('',(-2.26576127474522E-16,-0.8,-0.6));
#9587=DIRECTION('',(-2.83220159343153E-16,-1.,0.));
#9588=DIRECTION('',(0.,0.,1.));
#9589=DIRECTION('',(0.,0.,1.));
#9590=DIRECTION('',(2.83220159343153E-16,1.,0.));
#9591=DIRECTION('',(0.,0.,1.));
#9592=DIRECTION('',(0.,0.,1.));
#9593=DIRECTION('',(-2.83220159343153E-16,-1.,0.));
#9594=DIRECTION('',(-2.26576127474522E-16,-0.8,0.6));
#9595=DIRECTION('',(0.,0.,1.));
#9596=DIRECTION('',(-2.26576127474522E-16,-0.8,0.6));
#9597=DIRECTION('',(0.,0.,-1.));
#9598=DIRECTION('',(-2.00266895240278E-16,-0.707106781186548,0.707106781186547));
#9599=DIRECTION('',(0.,0.,1.));
#9600=DIRECTION('',(-2.00266895240278E-16,-0.707106781186548,0.707106781186547));
#9601=DIRECTION('',(0.,0.,-1.));
#9602=DIRECTION('',(-1.,2.83220159343153E-16,0.));
#9603=DIRECTION('',(-2.83220159343153E-16,-1.,0.));
#9604=DIRECTION('',(-2.00266895240278E-16,-0.707106781186548,0.707106781186547));
#9605=DIRECTION('',(0.,0.,-1.));
#9606=DIRECTION('',(-2.00266895240278E-16,-0.707106781186548,0.707106781186548));
#9607=DIRECTION('',(0.,0.,1.));
#9608=DIRECTION('',(-2.00266895240278E-16,-0.707106781186548,0.707106781186548));
#9609=DIRECTION('',(0.,0.,-1.));
#9610=DIRECTION('',(-2.00266895240278E-16,-0.707106781186548,0.707106781186548));
#9611=DIRECTION('',(-2.00266895240278E-16,-0.707106781186548,0.707106781186548));
#9612=DIRECTION('',(-2.00266895240278E-16,-0.707106781186548,-0.707106781186548));
#9613=DIRECTION('',(0.,0.,-1.));
#9614=DIRECTION('',(-2.00266895240278E-16,-0.707106781186548,-0.707106781186548));
#9615=DIRECTION('',(0.,0.,1.));
#9616=DIRECTION('',(-2.00266895240278E-16,-0.707106781186548,-0.707106781186548));
#9617=DIRECTION('',(0.,0.,-1.));
#9618=DIRECTION('',(-2.00266895240278E-16,-0.707106781186548,-0.707106781186548));
#9619=DIRECTION('',(0.,-0.6,-0.8));
#9620=DIRECTION('',(0.,0.8,-0.6));
#9621=DIRECTION('',(0.,0.8,-0.6));
#9622=DIRECTION('',(-1.,0.,0.));
#9623=DIRECTION('',(1.,0.,0.));
#9624=DIRECTION('',(0.,0.,-1.));
#9625=DIRECTION('',(-1.,0.,0.));
#9626=DIRECTION('',(-1.,0.,0.));
#9627=DIRECTION('',(0.,1.,0.));
#9628=DIRECTION('',(0.,-0.707106781186548,-0.707106781186548));
#9629=DIRECTION('',(0.,0.707106781186548,-0.707106781186548));
#9630=DIRECTION('',(0.,0.707106781186548,-0.707106781186548));
#9631=DIRECTION('',(-1.,0.,0.));
#9632=DIRECTION('',(1.,0.,0.));
#9633=DIRECTION('',(0.,-0.707106781186548,-0.707106781186548));
#9634=DIRECTION('',(0.,0.707106781186548,-0.707106781186548));
#9635=DIRECTION('',(-1.,0.,0.));
#9636=DIRECTION('',(0.,0.707106781186548,-0.707106781186548));
#9637=DIRECTION('',(1.,0.,0.));
#9638=DIRECTION('',(0.,-0.6,-0.8));
#9639=DIRECTION('',(0.,0.8,-0.6));
#9640=DIRECTION('',(-1.,0.,0.));
#9641=DIRECTION('',(0.,0.8,-0.6));
#9642=DIRECTION('',(1.,0.,0.));
#9643=DIRECTION('',(0.,-0.707106781186547,-0.707106781186548));
#9644=DIRECTION('',(0.,0.707106781186548,-0.707106781186547));
#9645=DIRECTION('',(0.,0.707106781186548,-0.707106781186547));
#9646=DIRECTION('',(-1.,0.,0.));
#9647=DIRECTION('',(1.,0.,0.));
#9648=DIRECTION('',(0.,-0.707106781186547,-0.707106781186548));
#9649=DIRECTION('',(0.,0.707106781186548,-0.707106781186547));
#9650=DIRECTION('',(-1.,0.,0.));
#9651=DIRECTION('',(0.,0.707106781186548,-0.707106781186547));
#9652=DIRECTION('',(1.,0.,0.));
#9653=DIRECTION('',(0.,-0.707106781186547,-0.707106781186548));
#9654=DIRECTION('',(0.,0.707106781186548,-0.707106781186547));
#9655=DIRECTION('',(1.,0.,0.));
#9656=DIRECTION('',(0.,0.707106781186548,-0.707106781186547));
#9657=DIRECTION('',(-1.,0.,0.));
#9658=DIRECTION('',(0.,-0.707106781186547,-0.707106781186548));
#9659=DIRECTION('',(0.,0.707106781186548,-0.707106781186547));
#9660=DIRECTION('',(0.,0.707106781186548,-0.707106781186547));
#9661=DIRECTION('',(1.,0.,0.));
#9662=DIRECTION('',(-1.,0.,0.));
#9663=DIRECTION('',(0.,-0.707106781186548,-0.707106781186548));
#9664=DIRECTION('',(0.,0.707106781186548,-0.707106781186548));
#9665=DIRECTION('',(-2.00266895240278E-16,0.707106781186548,-0.707106781186548));
#9666=DIRECTION('',(-1.,0.,0.));
#9667=DIRECTION('',(0.,-0.707106781186548,0.707106781186548));
#9668=DIRECTION('',(1.,0.,0.));
#9669=DIRECTION('',(1.,2.83220159343153E-16,0.));
#9670=DIRECTION('',(-2.83220159343153E-16,1.,0.));
#9671=DIRECTION('',(1.,2.83220159343153E-16,0.));
#9672=DIRECTION('',(-2.83220159343153E-16,1.,0.));
#9673=DIRECTION('',(-2.00266895240278E-16,0.707106781186548,-0.707106781186547));
#9674=DIRECTION('',(0.,0.,1.));
#9675=DIRECTION('',(-2.00266895240278E-16,0.707106781186548,-0.707106781186547));
#9676=DIRECTION('',(0.,0.,1.));
#9677=DIRECTION('',(-2.00266895240278E-16,0.707106781186548,-0.707106781186547));
#9678=DIRECTION('',(0.,0.,1.));
#9679=DIRECTION('',(-2.26576127474522E-16,0.8,-0.6));
#9680=DIRECTION('',(0.,0.,1.));
#9681=DIRECTION('',(-2.26576127474522E-16,0.8,-0.6));
#9682=DIRECTION('',(-2.83220159343153E-16,1.,0.));
#9683=DIRECTION('',(0.,0.,1.));
#9684=DIRECTION('',(0.,0.,1.));
#9685=DIRECTION('',(2.83220159343153E-16,-1.,0.));
#9686=DIRECTION('',(0.,0.,1.));
#9687=DIRECTION('',(0.,0.,1.));
#9688=DIRECTION('',(-2.83220159343153E-16,1.,0.));
#9689=DIRECTION('',(-2.26576127474522E-16,0.8,0.6));
#9690=DIRECTION('',(0.,0.,1.));
#9691=DIRECTION('',(-2.26576127474522E-16,0.8,0.6));
#9692=DIRECTION('',(0.,0.,1.));
#9693=DIRECTION('',(-2.00266895240278E-16,0.707106781186548,0.707106781186547));
#9694=DIRECTION('',(0.,0.,1.));
#9695=DIRECTION('',(-2.00266895240278E-16,0.707106781186548,0.707106781186548));
#9696=DIRECTION('',(0.,0.,1.));
#9697=DIRECTION('',(1.,2.83220159343153E-16,0.));
#9698=DIRECTION('',(-2.83220159343153E-16,1.,0.));
#9699=DIRECTION('',(-2.00266895240278E-16,0.707106781186548,0.707106781186548));
#9700=DIRECTION('',(0.,0.,1.));
#9701=DIRECTION('',(-2.00266895240278E-16,0.707106781186548,0.707106781186548));
#9702=DIRECTION('',(0.,0.,1.));
#9703=DIRECTION('',(-2.00266895240278E-16,0.707106781186548,0.707106781186548));
#9704=DIRECTION('',(0.,0.,1.));
#9705=DIRECTION('',(-2.00266895240278E-16,0.707106781186548,0.707106781186548));
#9706=DIRECTION('',(-2.00266895240278E-16,0.707106781186548,0.707106781186548));
#9707=DIRECTION('',(-2.00266895240278E-16,0.707106781186548,-0.707106781186548));
#9708=DIRECTION('',(0.,0.,1.));
#9709=DIRECTION('',(-2.00266895240278E-16,0.707106781186548,-0.707106781186548));
#9710=DIRECTION('',(0.,0.,1.));
#9711=DIRECTION('',(-2.00266895240278E-16,0.707106781186548,-0.707106781186548));
#9712=DIRECTION('',(0.,0.,1.));
#9713=DIRECTION('',(-2.00266895240278E-16,0.707106781186548,-0.707106781186547));
#9714=DIRECTION('',(0.,0.6,-0.8));
#9715=DIRECTION('',(0.,0.8,0.6));
#9716=DIRECTION('',(0.,-0.8,-0.6));
#9717=DIRECTION('',(1.,0.,0.));
#9718=DIRECTION('',(1.,0.,0.));
#9719=DIRECTION('',(0.,0.,-1.));
#9720=DIRECTION('',(-1.,0.,0.));
#9721=DIRECTION('',(1.,0.,0.));
#9722=DIRECTION('',(0.,-1.,0.));
#9723=DIRECTION('',(0.,0.707106781186548,-0.707106781186548));
#9724=DIRECTION('',(0.,0.707106781186548,0.707106781186548));
#9725=DIRECTION('',(0.,-0.707106781186548,-0.707106781186548));
#9726=DIRECTION('',(1.,0.,0.));
#9727=DIRECTION('',(1.,0.,0.));
#9728=DIRECTION('',(0.,0.707106781186548,-0.707106781186548));
#9729=DIRECTION('',(0.,0.707106781186548,0.707106781186548));
#9730=DIRECTION('',(0.,-0.707106781186548,-0.707106781186548));
#9731=DIRECTION('',(-1.,0.,0.));
#9732=DIRECTION('',(1.,0.,0.));
#9733=DIRECTION('',(0.,0.707106781186548,-0.707106781186548));
#9734=DIRECTION('',(0.,0.707106781186548,0.707106781186548));
#9735=DIRECTION('',(1.,0.,0.));
#9736=DIRECTION('',(0.,-0.707106781186548,-0.707106781186548));
#9737=DIRECTION('',(1.,0.,0.));
#9738=DIRECTION('',(0.,0.707106781186547,-0.707106781186548));
#9739=DIRECTION('',(0.,0.707106781186548,0.707106781186547));
#9740=DIRECTION('',(0.,-0.707106781186548,-0.707106781186547));
#9741=DIRECTION('',(1.,0.,0.));
#9742=DIRECTION('',(1.,0.,0.));
#9743=DIRECTION('',(0.,0.6,-0.8));
#9744=DIRECTION('',(0.,0.8,0.6));
#9745=DIRECTION('',(1.,0.,0.));
#9746=DIRECTION('',(0.,-0.8,-0.6));
#9747=DIRECTION('',(1.,0.,0.));
#9748=DIRECTION('',(0.,0.707106781186548,-0.707106781186548));
#9749=DIRECTION('',(0.,0.707106781186548,0.707106781186548));
#9750=DIRECTION('',(-1.,0.,0.));
#9751=DIRECTION('',(0.,-0.707106781186548,-0.707106781186548));
#9752=DIRECTION('',(1.,0.,0.));
#9753=DIRECTION('',(0.,0.707106781186548,-0.707106781186548));
#9754=DIRECTION('',(0.,0.707106781186548,0.707106781186548));
#9755=DIRECTION('',(1.,0.,0.));
#9756=DIRECTION('',(0.,-0.707106781186548,-0.707106781186548));
#9757=DIRECTION('',(1.,0.,0.));
#9758=DIRECTION('',(-1.,0.,0.));
#9759=DIRECTION('',(0.,0.,1.));
#9760=DIRECTION('',(0.,-0.707106781186548,0.707106781186547));
#9761=DIRECTION('',(-1.,0.,0.));
#9762=DIRECTION('',(0.,0.,1.));
#9763=DIRECTION('',(0.,-0.707106781186548,0.707106781186547));
#9764=DIRECTION('',(0.,0.,-1.));
#9765=DIRECTION('',(0.,-0.707106781186548,0.707106781186548));
#9766=DIRECTION('',(0.,0.,-1.));
#9767=DIRECTION('',(0.,-0.707106781186548,0.707106781186547));
#9768=DIRECTION('',(-1.,0.,0.));
#9769=DIRECTION('',(0.,0.,1.));
#9770=DIRECTION('',(0.,0.,-1.));
#9771=DIRECTION('',(0.,-0.707106781186548,0.707106781186547));
#9772=DIRECTION('',(0.,0.,-1.));
#9773=DIRECTION('',(-1.,0.,0.));
#9774=DIRECTION('',(0.,0.,1.));
#9775=DIRECTION('',(-1.,0.,0.));
#9776=DIRECTION('',(0.,0.,1.));
#9777=DIRECTION('',(0.,0.,-1.));
#9778=DIRECTION('',(0.,0.,-1.));
#9779=DIRECTION('',(-1.,0.,0.));
#9780=DIRECTION('',(0.,0.,1.));
#9781=DIRECTION('',(-1.,0.,0.));
#9782=DIRECTION('',(0.,0.,1.));
#9783=DIRECTION('',(0.,0.,-1.));
#9784=DIRECTION('',(0.,0.,-1.));
#9785=DIRECTION('',(0.,-0.707106781186548,-0.707106781186548));
#9786=DIRECTION('',(0.,0.,-1.));
#9787=DIRECTION('',(0.,-0.707106781186548,-0.707106781186548));
#9788=DIRECTION('',(0.,0.,-1.));
#9789=DIRECTION('',(0.,0.,-1.));
#9790=DIRECTION('',(0.,0.,-1.));
#9791=DIRECTION('',(0.,-0.707106781186548,0.707106781186548));
#9792=DIRECTION('',(0.,0.,-1.));
#9793=DIRECTION('',(0.,0.,-1.));
#9794=DIRECTION('',(0.,0.,-1.));
#9795=DIRECTION('',(0.,-0.707106781186548,0.707106781186547));
#9796=DIRECTION('',(0.,0.,-1.));
#9797=DIRECTION('',(0.,-0.8,0.6));
#9798=DIRECTION('',(0.,0.,-1.));
#9799=DIRECTION('',(0.,-0.8,0.6));
#9800=DIRECTION('',(0.,0.,-1.));
#9801=DIRECTION('',(0.,-1.,0.));
#9802=DIRECTION('',(0.,0.,1.));
#9803=DIRECTION('',(0.,-1.,0.));
#9804=DIRECTION('',(0.,0.,1.));
#9805=DIRECTION('',(-1.,0.,0.));
#9806=DIRECTION('',(0.,0.,1.));
#9807=DIRECTION('',(0.,0.707106781186548,0.707106781186548));
#9808=DIRECTION('',(1.,0.,0.));
#9809=DIRECTION('',(0.,0.,-1.));
#9810=DIRECTION('',(0.,0.707106781186548,0.707106781186548));
#9811=DIRECTION('',(0.,0.,1.));
#9812=DIRECTION('',(0.,0.707106781186548,0.707106781186548));
#9813=DIRECTION('',(0.,0.,-1.));
#9814=DIRECTION('',(1.,0.,0.));
#9815=DIRECTION('',(0.,0.,-1.));
#9816=DIRECTION('',(0.,0.707106781186548,-0.707106781186547));
#9817=DIRECTION('',(1.,0.,0.));
#9818=DIRECTION('',(0.,0.,-1.));
#9819=DIRECTION('',(0.,0.,-1.));
#9820=DIRECTION('',(0.,0.,1.));
#9821=DIRECTION('',(1.,0.,0.));
#9822=DIRECTION('',(0.,0.,-1.));
#9823=DIRECTION('',(1.,0.,0.));
#9824=DIRECTION('',(0.,0.,-1.));
#9825=DIRECTION('',(0.,0.,1.));
#9826=DIRECTION('',(0.,0.,-1.));
#9827=DIRECTION('',(0.,0.,-1.));
#9828=DIRECTION('',(0.,0.707106781186548,-0.707106781186548));
#9829=DIRECTION('',(0.,0.,1.));
#9830=DIRECTION('',(0.,0.,-1.));
#9831=DIRECTION('',(0.,0.707106781186548,0.707106781186548));
#9832=DIRECTION('',(0.,0.,1.));
#9833=DIRECTION('',(0.,0.,-1.));
#9834=DIRECTION('',(0.,0.,-1.));
#9835=DIRECTION('',(0.,0.,1.));
#9836=DIRECTION('',(0.,0.,-1.));
#9837=DIRECTION('',(0.,0.8,0.6));
#9838=DIRECTION('',(0.,0.,1.));
#9839=DIRECTION('',(0.,0.707106781186548,0.707106781186547));
#9840=DIRECTION('',(0.,0.8,0.6));
#9841=DIRECTION('',(0.,0.,-1.));
#9842=DIRECTION('',(0.,1.,0.));
#9843=DIRECTION('',(0.,0.,1.));
#9844=DIRECTION('',(0.,0.,1.));
#9845=DIRECTION('',(0.,-1.,0.));
#9846=DIRECTION('',(0.,0.707106781186548,0.707106781186548));
#9847=DIRECTION('',(1.,0.,0.));
#9848=DIRECTION('',(0.,0.,-1.));
#9849=DIRECTION('',(0.,0.,-1.));
#9850=DIRECTION('',(0.,0.707106781186548,0.707106781186548));
#9851=DIRECTION('',(0.,0.,1.));
#9852=DIRECTION('',(0.,-1.,0.));
#9853=DIRECTION('',(0.,0.,-1.));
#9854=DIRECTION('',(0.,-1.,0.));
#9855=DIRECTION('',(0.,0.,-1.));
#9856=DIRECTION('',(0.,-1.,0.));
#9857=DIRECTION('',(0.,0.,-1.));
#9858=DIRECTION('',(-1.21430643318377E-15,0.,-1.));
#9859=DIRECTION('',(0.868243142124459,0.,0.496138938356834));
#9860=DIRECTION('',(0.,0.,1.));
#9861=DIRECTION('',(0.868243142124459,0.,0.496138938356834));
#9862=DIRECTION('',(-1.27821729808817E-16,0.,-1.));
#9863=DIRECTION('',(0.868243142124459,0.,0.496138938356834));
#9864=DIRECTION('',(0.,0.,1.));
#9865=DIRECTION('',(0.868243142124459,0.,0.496138938356834));
#9866=DIRECTION('',(0.,-1.,0.));
#9867=DIRECTION('',(0.,0.,-1.));
#9868=DIRECTION('',(0.868243142124459,0.,0.496138938356834));
#9869=DIRECTION('',(0.,0.,1.));
#9870=DIRECTION('',(0.868243142124459,0.,0.496138938356834));
#9871=DIRECTION('',(0.,0.,-1.));
#9872=DIRECTION('',(0.868243142124459,0.,-0.496138938356834));
#9873=DIRECTION('',(0.,0.,1.));
#9874=DIRECTION('',(0.868243142124459,0.,-0.496138938356834));
#9875=DIRECTION('',(0.,0.,-1.));
#9876=DIRECTION('',(0.868243142124459,0.,-0.496138938356834));
#9877=DIRECTION('',(0.,0.,1.));
#9878=DIRECTION('',(0.868243142124459,0.,-0.496138938356834));
#9879=DIRECTION('',(0.,0.,1.));
#9880=DIRECTION('',(0.868243142124459,0.,-0.496138938356834));
#9881=DIRECTION('',(0.,0.,-1.));
#9882=DIRECTION('',(-1.,0.,0.));
#9883=DIRECTION('',(0.,0.,1.));
#9884=DIRECTION('',(0.,0.,1.));
#9885=DIRECTION('',(1.,0.,0.));
#9886=DIRECTION('',(0.919145030018058,0.,-0.393919298579167));
#9887=DIRECTION('',(-1.,0.,0.));
#9888=DIRECTION('',(-2.63677516973332E-16,0.,-1.));
#9889=DIRECTION('',(0.868243142124459,0.,0.496138938356834));
#9890=DIRECTION('',(-2.55643459617635E-16,0.,-1.));
#9891=DIRECTION('',(0.919145030018058,0.,0.393919298579167));
#9892=DIRECTION('',(0.,0.,-1.));
#9893=DIRECTION('',(1.,0.,0.));
#9894=DIRECTION('',(0.,0.,-1.));
#9895=DIRECTION('',(0.919145030018058,0.,0.393919298579167));
#9896=DIRECTION('',(0.,0.,1.));
#9897=DIRECTION('',(-1.,0.,0.));
#9898=DIRECTION('',(0.,0.,-1.));
#9899=DIRECTION('',(0.868243142124459,0.,0.496138938356834));
#9900=DIRECTION('',(0.,0.,1.));
#9901=DIRECTION('',(0.868243142124459,0.,0.496138938356834));
#9902=DIRECTION('',(-1.27821729808817E-16,0.,-1.));
#9903=DIRECTION('',(0.868243142124459,0.,0.496138938356834));
#9904=DIRECTION('',(0.,0.,1.));
#9905=DIRECTION('',(0.,0.,-1.));
#9906=DIRECTION('',(0.868243142124459,0.,-0.496138938356834));
#9907=DIRECTION('',(0.,0.,1.));
#9908=DIRECTION('',(0.868243142124459,0.,-0.496138938356834));
#9909=DIRECTION('',(-1.,0.,0.));
#9910=DIRECTION('',(0.919145030018058,0.,0.393919298579167));
#9911=DIRECTION('',(-1.94289029309403E-16,0.,-1.));
#9912=DIRECTION('',(0.,0.,-1.));
#9913=DIRECTION('',(0.868243142124459,0.,-0.496138938356834));
#9914=DIRECTION('',(0.,0.,1.));
#9915=DIRECTION('',(0.919145030018058,0.,-0.393919298579167));
#9916=DIRECTION('',(0.,0.,-1.));
#9917=DIRECTION('',(0.868243142124459,0.,-0.496138938356834));
#9918=DIRECTION('',(0.,0.,1.));
#9919=DIRECTION('',(0.868243142124459,0.,-0.496138938356834));
#9920=DIRECTION('',(0.,-1.,0.));
#9921=DIRECTION('',(1.,0.,0.));
#9922=DIRECTION('',(0.868243142124459,0.,-0.496138938356834));
#9923=DIRECTION('',(0.,0.,-1.));
#9924=DIRECTION('',(1.,0.,0.));
#9925=DIRECTION('',(0.,0.,-1.));
#9926=DIRECTION('',(0.,-1.,0.));
#9927=DIRECTION('',(1.,0.,0.));
#9928=DIRECTION('',(0.,0.,-1.));
#9929=DIRECTION('',(0.868243142124459,0.,-0.496138938356834));
#9930=DIRECTION('',(5.42101086242752E-17,0.,-1.));
#9931=DIRECTION('',(0.868243142124459,0.,-0.496138938356834));
#9932=DIRECTION('',(0.,-1.,0.));
#9933=DIRECTION('',(1.,0.,0.));
#9934=DIRECTION('',(-1.7347234759768E-16,0.,1.));
#9935=DIRECTION('',(0.868243142124459,0.,-0.496138938356834));
#9936=DIRECTION('',(0.,0.,1.));
#9937=DIRECTION('',(0.868243142124459,0.,-0.496138938356834));
#9938=DIRECTION('',(0.,-1.,0.));
#9939=DIRECTION('',(1.,0.,0.));
#9940=DIRECTION('',(0.,0.,-1.));
#9941=DIRECTION('',(0.868243142124459,0.,0.496138938356834));
#9942=DIRECTION('',(-3.46944695195362E-16,0.,1.));
#9943=DIRECTION('',(0.868243142124459,0.,0.496138938356834));
#9944=DIRECTION('',(0.,-1.,0.));
#9945=DIRECTION('',(1.,0.,0.));
#9946=DIRECTION('',(0.,0.,-1.));
#9947=DIRECTION('',(0.868243142124459,0.,0.496138938356834));
#9948=DIRECTION('',(7.88510670898549E-17,0.,-1.));
#9949=DIRECTION('',(0.868243142124459,0.,0.496138938356834));
#9950=DIRECTION('',(0.,-1.,0.));
#9951=DIRECTION('',(1.,0.,0.));
#9952=DIRECTION('',(-1.,0.,0.));
#9953=DIRECTION('',(0.868243142124459,0.,0.496138938356834));
#9954=DIRECTION('',(0.,0.,-1.));
#9955=DIRECTION('',(0.868243142124459,0.,0.496138938356834));
#9956=DIRECTION('',(0.,0.,-1.));
#9957=DIRECTION('',(0.,-1.,0.));
#9958=DIRECTION('',(1.,0.,0.));
#9959=DIRECTION('',(-1.,0.,0.));
#9960=DIRECTION('',(0.,0.,-1.));
#9961=DIRECTION('',(1.,0.,0.));
#9962=DIRECTION('',(0.,0.,1.));
#9963=DIRECTION('',(-1.,0.,0.));
#9964=DIRECTION('',(0.,0.,1.));
#9965=DIRECTION('',(-1.,0.,0.));
#9966=DIRECTION('',(0.,0.,1.));
#9967=DIRECTION('',(1.,0.,0.));
#9968=DIRECTION('',(0.,0.,-1.));
#9969=DIRECTION('',(0.,0.,-1.));
#9970=DIRECTION('',(-1.,0.,0.));
#9971=DIRECTION('',(-1.,0.,0.));
#9972=DIRECTION('',(0.,-1.,0.));
#9973=DIRECTION('',(0.,1.,0.));
#9974=DIRECTION('',(0.,1.,0.));
#9975=DIRECTION('',(-1.,0.,0.));
#9976=DIRECTION('',(-0.868243142124459,0.,0.496138938356834));
#9977=DIRECTION('',(3.46944695195362E-16,0.,1.));
#9978=DIRECTION('',(-1.,0.,0.));
#9979=DIRECTION('',(0.,0.,1.));
#9980=DIRECTION('',(0.,1.,0.));
#9981=DIRECTION('',(-1.,0.,0.));
#9982=DIRECTION('',(-1.7347234759768E-16,0.,-1.));
#9983=DIRECTION('',(-0.868243142124459,0.,0.496138938356834));
#9984=DIRECTION('',(-3.46944695195362E-16,0.,-1.));
#9985=DIRECTION('',(-0.868243142124459,0.,0.496138938356834));
#9986=DIRECTION('',(0.,1.,0.));
#9987=DIRECTION('',(-1.,0.,0.));
#9988=DIRECTION('',(1.84314369322536E-16,0.,1.));
#9989=DIRECTION('',(-0.868243142124459,0.,0.496138938356834));
#9990=DIRECTION('',(1.7347234759768E-16,0.,1.));
#9991=DIRECTION('',(-0.868243142124459,0.,0.496138938356834));
#9992=DIRECTION('',(0.,1.,0.));
#9993=DIRECTION('',(-1.,0.,0.));
#9994=DIRECTION('',(0.,0.,1.));
#9995=DIRECTION('',(-0.868243142124459,0.,-0.496138938356834));
#9996=DIRECTION('',(8.67361737988404E-17,0.,1.));
#9997=DIRECTION('',(-0.868243142124459,0.,-0.496138938356834));
#9998=DIRECTION('',(0.,1.,0.));
#9999=DIRECTION('',(-1.,0.,0.));
#10000=DIRECTION('',(-3.46944695195362E-16,0.,-1.));
#10001=DIRECTION('',(-0.868243142124459,0.,-0.496138938356834));
#10002=DIRECTION('',(0.,0.,-1.));
#10003=DIRECTION('',(-0.868243142124459,0.,-0.496138938356834));
#10004=DIRECTION('',(0.,0.,-1.));
#10005=DIRECTION('',(-1.,0.,0.));
#10006=DIRECTION('',(1.,0.,0.));
#10007=DIRECTION('',(0.,-1.,0.));
#10008=DIRECTION('',(1.,0.,0.));
#10009=DIRECTION('',(0.,1.,0.));
#10010=DIRECTION('',(0.,1.,0.));
#10011=DIRECTION('',(-1.,0.,0.));
#10012=DIRECTION('',(0.,0.,1.));
#10013=DIRECTION('',(-0.868243142124459,0.,-0.496138938356834));
#10014=DIRECTION('',(0.,0.,1.));
#10015=DIRECTION('',(-0.868243142124459,0.,-0.496138938356834));
#10016=DIRECTION('',(0.,1.,0.));
#10017=DIRECTION('',(-1.,0.,0.));
#10018=DIRECTION('',(1.,0.,0.));
#10019=DIRECTION('',(0.,0.,-1.));
#10020=DIRECTION('',(1.,0.,0.));
#10021=DIRECTION('',(0.,0.,1.));
#10022=DIRECTION('',(-1.,0.,0.));
#10023=DIRECTION('',(0.,0.,1.));
#10024=DIRECTION('',(1.,0.,0.));
#10025=DIRECTION('',(0.,0.,1.));
#10026=DIRECTION('',(-1.,0.,0.));
#10027=DIRECTION('',(0.,0.,-1.));
#10028=DIRECTION('',(1.,0.,1.21734980770302E-16));
#10029=DIRECTION('',(1.21734980770302E-16,0.,-1.));
#10030=DIRECTION('',(1.21734980770302E-16,0.,-1.));
#10031=DIRECTION('',(0.,1.,0.));
#10032=DIRECTION('',(1.21734980770302E-16,0.,-1.));
#10033=DIRECTION('',(0.,1.,0.));
#10034=DIRECTION('',(1.,0.,1.21734980770302E-16));
#10035=DIRECTION('',(1.21734980770302E-16,0.,-1.));
#10036=DIRECTION('',(1.21734980770302E-16,0.,-1.));
#10037=DIRECTION('',(0.,1.,0.));
#10038=DIRECTION('',(1.21734980770302E-16,0.,-1.));
#10039=DIRECTION('',(0.,1.,0.));
#10040=DIRECTION('',(0.,-1.,0.));
#10041=DIRECTION('',(0.,0.,-1.));
#10042=DIRECTION('',(-0.868243142124459,0.,-0.496138938356834));
#10043=DIRECTION('',(0.,1.,0.));
#10044=DIRECTION('',(0.,0.,1.));
#10045=DIRECTION('',(-0.868243142124459,0.,-0.496138938356834));
#10046=DIRECTION('',(0.,0.,-1.));
#10047=DIRECTION('',(0.,1.,0.));
#10048=DIRECTION('',(0.,0.,1.));
#10049=DIRECTION('',(-0.868243142124459,0.,-0.496138938356834));
#10050=DIRECTION('',(0.,0.,-1.));
#10051=DIRECTION('',(-0.868243142124459,0.,-0.496138938356834));
#10052=DIRECTION('',(1.21430643318377E-15,0.,1.));
#10053=DIRECTION('',(0.,0.,-1.));
#10054=DIRECTION('',(-0.868243142124459,0.,-0.496138938356834));
#10055=DIRECTION('',(1.27821729808817E-16,0.,1.));
#10056=DIRECTION('',(-0.868243142124459,0.,-0.496138938356834));
#10057=DIRECTION('',(0.,-1.,0.));
#10058=DIRECTION('',(0.,0.,-1.));
#10059=DIRECTION('',(-0.919145030018058,0.,-0.393919298579167));
#10060=DIRECTION('',(0.,0.,1.));
#10061=DIRECTION('',(1.,0.,0.));
#10062=DIRECTION('',(0.,0.,1.));
#10063=DIRECTION('',(-0.919145030018058,0.,-0.393919298579167));
#10064=DIRECTION('',(2.55643459617635E-16,0.,1.));
#10065=DIRECTION('',(-0.868243142124459,0.,-0.496138938356834));
#10066=DIRECTION('',(0.,0.,-1.));
#10067=DIRECTION('',(-0.868243142124459,0.,0.496138938356834));
#10068=DIRECTION('',(0.,0.,1.));
#10069=DIRECTION('',(-0.868243142124459,0.,0.496138938356834));
#10070=DIRECTION('',(0.,0.,-1.));
#10071=DIRECTION('',(-0.868243142124459,0.,0.496138938356834));
#10072=DIRECTION('',(0.,0.,1.));
#10073=DIRECTION('',(-0.868243142124459,0.,0.496138938356834));
#10074=DIRECTION('',(0.,0.,-1.));
#10075=DIRECTION('',(-0.868243142124459,0.,0.496138938356834));
#10076=DIRECTION('',(0.,0.,1.));
#10077=DIRECTION('',(-0.919145030018058,0.,0.393919298579167));
#10078=DIRECTION('',(0.,0.,-1.));
#10079=DIRECTION('',(-0.868243142124459,0.,0.496138938356834));
#10080=DIRECTION('',(0.,0.,1.));
#10081=DIRECTION('',(-0.868243142124459,0.,0.496138938356834));
#10082=DIRECTION('',(0.,0.,-1.));
#10083=DIRECTION('',(1.,0.,0.));
#10084=DIRECTION('',(-0.919145030018058,0.,0.393919298579167));
#10085=DIRECTION('',(2.63677516973332E-16,0.,1.));
#10086=DIRECTION('',(0.,0.,1.));
#10087=DIRECTION('',(1.,0.,0.));
#10088=DIRECTION('',(0.,0.,1.));
#10089=DIRECTION('',(-0.868243142124459,0.,0.496138938356834));
#10090=DIRECTION('',(0.,0.,-1.));
#10091=DIRECTION('',(1.,0.,0.));
#10092=DIRECTION('',(0.,0.,1.));
#10093=DIRECTION('',(0.,0.,1.));
#10094=DIRECTION('',(1.,0.,0.));
#10095=DIRECTION('',(0.,0.,-1.));
#10096=DIRECTION('',(-0.868243142124459,0.,-0.496138938356834));
#10097=DIRECTION('',(1.27821729808817E-16,0.,1.));
#10098=DIRECTION('',(-0.868243142124459,0.,-0.496138938356834));
#10099=DIRECTION('',(0.,0.,-1.));
#10100=DIRECTION('',(-0.868243142124459,0.,-0.496138938356834));
#10101=DIRECTION('',(-0.919145030018058,0.,-0.393919298579167));
#10102=DIRECTION('',(1.,0.,0.));
#10103=DIRECTION('',(1.94289029309403E-16,0.,1.));
#10104=DIRECTION('',(-0.868243142124459,0.,0.496138938356834));
#10105=DIRECTION('',(0.,0.,1.));
#10106=DIRECTION('',(-0.868243142124459,0.,0.496138938356834));
#10107=DIRECTION('',(0.,0.,-1.));
#10108=DIRECTION('',(0.,-1.,0.));
#10109=DIRECTION('',(0.,0.,-1.));
#10110=DIRECTION('',(0.,-1.,0.));
#10111=DIRECTION('',(0.,1.,0.));
#10112=DIRECTION('',(0.,0.,1.));
#10113=DIRECTION('',(0.,-1.,0.));
#10114=DIRECTION('',(0.,1.,0.));
#10115=DIRECTION('',(0.,0.,1.));
#10116=DIRECTION('',(0.,-1.,0.));
#10117=DIRECTION('',(0.,0.,-1.));
#10118=DIRECTION('',(0.,1.,0.));
#10119=DIRECTION('',(0.,0.,1.));
#10120=DIRECTION('',(0.,-1.,0.));
#10121=DIRECTION('',(0.,1.,0.));
#10122=DIRECTION('',(0.,0.,1.));
#10123=DIRECTION('',(0.,-1.,0.));
#10124=DIRECTION('',(-1.,0.,1.21734980770302E-16));
#10125=DIRECTION('',(1.21734980770302E-16,0.,1.));
#10126=DIRECTION('',(0.,-1.,0.));
#10127=DIRECTION('',(-1.21734980770302E-16,0.,-1.));
#10128=DIRECTION('',(0.,-1.,0.));
#10129=DIRECTION('',(-1.21734980770302E-16,0.,-1.));
#10130=DIRECTION('',(-1.,0.,1.21734980770302E-16));
#10131=DIRECTION('',(1.21734980770302E-16,0.,1.));
#10132=DIRECTION('',(-1.21734980770302E-16,0.,-1.));
#10133=DIRECTION('',(0.,-1.,0.));
#10134=DIRECTION('',(-1.21734980770302E-16,0.,-1.));
#10135=DIRECTION('',(0.,-1.,0.));
#10136=DIRECTION('',(-1.,0.,1.21734980770302E-16));
#10137=DIRECTION('',(1.21734980770302E-16,0.,1.));
#10138=DIRECTION('',(0.,1.,0.));
#10139=DIRECTION('',(-1.21734980770302E-16,0.,-1.));
#10140=DIRECTION('',(-1.21734980770302E-16,0.,-1.));
#10141=DIRECTION('',(-1.,0.,1.21734980770302E-16));
#10142=DIRECTION('',(1.21734980770302E-16,0.,1.));
#10143=DIRECTION('',(-1.21734980770302E-16,0.,-1.));
#10144=DIRECTION('',(0.,-1.,0.));
#10145=DIRECTION('',(-1.21734980770302E-16,0.,-1.));
#10146=DIRECTION('',(0.,-1.,0.));
#10147=DIRECTION('',(-1.,0.,6.08674903851511E-17));
#10148=DIRECTION('',(6.08674903851511E-17,0.,1.));
#10149=DIRECTION('',(0.,-1.,0.));
#10150=DIRECTION('',(-6.08674903851511E-17,0.,-1.));
#10151=DIRECTION('',(0.,-1.,0.));
#10152=DIRECTION('',(-6.08674903851511E-17,0.,-1.));
#10153=DIRECTION('',(-1.,0.,6.08674903851511E-17));
#10154=DIRECTION('',(6.08674903851511E-17,0.,1.));
#10155=DIRECTION('',(0.,-1.,0.));
#10156=DIRECTION('',(-6.08674903851511E-17,0.,-1.));
#10157=DIRECTION('',(0.,-1.,0.));
#10158=DIRECTION('',(-6.08674903851511E-17,0.,-1.));
#10159=DIRECTION('',(0.,1.,0.));
#10160=DIRECTION('',(-1.,0.,0.));
#10161=DIRECTION('',(1.94289029309403E-16,0.,1.));
#10162=DIRECTION('',(-0.919145030018058,0.,-0.393919298579167));
#10163=DIRECTION('',(1.,0.,0.));
#10164=DIRECTION('',(0.,1.,0.));
#10165=DIRECTION('',(0.,0.,1.));
#10166=DIRECTION('',(-0.868243142124459,0.,-0.496138938356834));
#10167=DIRECTION('',(-0.868243142124459,0.,-0.496138938356834));
#10168=DIRECTION('',(0.,0.,1.));
#10169=DIRECTION('',(-0.868243142124459,0.,0.496138938356834));
#10170=DIRECTION('',(-0.868243142124459,0.,0.496138938356834));
#10171=DIRECTION('',(0.,0.,1.));
#10172=DIRECTION('',(-0.868243142124459,0.,0.496138938356834));
#10173=DIRECTION('',(-0.868243142124459,0.,0.496138938356834));
#10174=DIRECTION('',(0.,0.,1.));
#10175=DIRECTION('',(-0.919145030018058,0.,0.393919298579167));
#10176=DIRECTION('',(-0.919145030018058,0.,0.393919298579167));
#10177=DIRECTION('',(2.63677516973332E-16,0.,1.));
#10178=DIRECTION('',(1.,0.,0.));
#10179=DIRECTION('',(-6.08674903851511E-17,0.,-1.));
#10180=DIRECTION('',(-1.,0.,0.));
#10181=DIRECTION('',(0.,0.,1.));
#10182=DIRECTION('',(-0.919145030018058,0.,-0.393919298579167));
#10183=DIRECTION('',(2.55643459617635E-16,0.,1.));
#10184=DIRECTION('',(-0.868243142124459,0.,-0.496138938356834));
#10185=DIRECTION('',(-0.868243142124459,0.,-0.496138938356834));
#10186=DIRECTION('',(1.21430643318377E-15,0.,1.));
#10187=DIRECTION('',(0.,1.,0.));
#10188=DIRECTION('',(-1.,0.,0.));
#10189=DIRECTION('',(-0.868243142124459,0.,-0.496138938356834));
#10190=DIRECTION('',(0.,1.,0.));
#10191=DIRECTION('',(0.,0.,1.));
#10192=DIRECTION('',(-0.868243142124459,0.,-0.496138938356834));
#10193=DIRECTION('',(0.,1.,0.));
#10194=DIRECTION('',(0.,0.,1.));
#10195=DIRECTION('',(0.,1.,0.));
#10196=DIRECTION('',(0.,-1.,0.));
#10197=DIRECTION('',(0.,0.,-1.));
#10198=DIRECTION('',(0.,1.,0.));
#10199=DIRECTION('',(0.,-1.,0.));
#10200=DIRECTION('',(0.,0.,-1.));
#10201=DIRECTION('',(1.,0.,3.04337451925756E-16));
#10202=DIRECTION('',(3.04337451925756E-16,0.,-1.));
#10203=DIRECTION('',(3.04337451925756E-16,0.,-1.));
#10204=DIRECTION('',(0.,1.,0.));
#10205=DIRECTION('',(3.04337451925756E-16,0.,-1.));
#10206=DIRECTION('',(0.,1.,0.));
#10207=DIRECTION('',(1.,0.,3.04337451925756E-16));
#10208=DIRECTION('',(3.04337451925756E-16,0.,-1.));
#10209=DIRECTION('',(0.,1.,0.));
#10210=DIRECTION('',(3.04337451925756E-16,0.,-1.));
#10211=DIRECTION('',(0.,1.,0.));
#10212=DIRECTION('',(3.04337451925756E-16,0.,-1.));
#10213=DIRECTION('',(0.,-1.,0.));
#10214=DIRECTION('',(1.,0.,0.));
#10215=DIRECTION('',(0.868243142124459,0.,0.496138938356834));
#10216=DIRECTION('',(0.,-1.,0.));
#10217=DIRECTION('',(0.,0.,-1.));
#10218=DIRECTION('',(-1.21430643318377E-15,0.,-1.));
#10219=DIRECTION('',(0.868243142124459,0.,0.496138938356834));
#10220=DIRECTION('',(0.868243142124459,0.,0.496138938356834));
#10221=DIRECTION('',(-2.55643459617635E-16,0.,-1.));
#10222=DIRECTION('',(0.919145030018058,0.,0.393919298579167));
#10223=DIRECTION('',(-1.,0.,-1.21734980770302E-16));
#10224=DIRECTION('',(0.919145030018058,0.,0.393919298579167));
#10225=DIRECTION('',(-1.94289029309403E-16,0.,-1.));
#10226=DIRECTION('',(-1.,0.,-1.21734980770302E-16));
#10227=DIRECTION('',(-2.63677516973332E-16,0.,-1.));
#10228=DIRECTION('',(0.919145030018058,0.,-0.393919298579167));
#10229=DIRECTION('',(-1.,0.,-1.21734980770302E-16));
#10230=DIRECTION('',(3.04337451925756E-16,0.,-1.));
#10231=DIRECTION('',(0.919145030018058,0.,-0.393919298579167));
#10232=DIRECTION('',(0.,0.,-1.));
#10233=DIRECTION('',(0.868243142124459,0.,-0.496138938356834));
#10234=DIRECTION('',(0.868243142124459,0.,-0.496138938356834));
#10235=DIRECTION('',(0.,0.,-1.));
#10236=DIRECTION('',(0.868243142124459,0.,-0.496138938356834));
#10237=DIRECTION('',(0.868243142124459,0.,-0.496138938356834));
#10238=DIRECTION('',(0.,0.,-1.));
#10239=DIRECTION('',(0.,-1.,0.));
#10240=DIRECTION('',(0.,0.,-1.));
#10241=DIRECTION('',(0.868243142124459,0.,0.496138938356834));
#10242=DIRECTION('',(0.,-1.,0.));
#10243=DIRECTION('',(1.,0.,0.));
#10244=DIRECTION('',(0.868243142124459,0.,0.496138938356834));
#10245=DIRECTION('',(0.868243142124459,0.,0.496138938356834));
#10246=DIRECTION('',(0.,-1.,0.));
#10247=DIRECTION('',(0.,0.,-1.));
#10248=DIRECTION('',(-1.21734980770302E-16,0.,1.));
#10249=DIRECTION('',(1.,0.,1.21734980770302E-16));
#10250=DIRECTION('',(0.,1.,0.));
#10251=DIRECTION('',(0.,1.,0.));
#10252=DIRECTION('',(-1.,0.,-1.21734980770302E-16));
#10253=DIRECTION('',(-1.21734980770302E-16,0.,1.));
#10254=DIRECTION('',(1.,0.,1.21734980770302E-16));
#10255=DIRECTION('',(0.,-1.,0.));
#10256=DIRECTION('',(-1.,0.,-1.21734980770302E-16));
#10257=DIRECTION('',(0.,-1.,0.));
#10258=DIRECTION('',(-1.21734980770302E-16,0.,1.));
#10259=DIRECTION('',(1.,0.,1.21734980770302E-16));
#10260=DIRECTION('',(0.,-1.,0.));
#10261=DIRECTION('',(-1.,0.,-1.21734980770302E-16));
#10262=DIRECTION('',(0.,-1.,0.));
#10263=DIRECTION('',(1.,0.,0.));
#10264=DIRECTION('',(0.,0.,-1.));
#10265=DIRECTION('',(0.,1.,0.));
#10266=DIRECTION('',(0.,1.,0.));
#10267=DIRECTION('',(0.,0.,-1.));
#10268=DIRECTION('',(1.,0.,0.));
#10269=DIRECTION('',(0.,0.,-1.));
#10270=DIRECTION('',(0.,1.,0.));
#10271=DIRECTION('',(0.,0.,-1.));
#10272=DIRECTION('',(0.,1.,0.));
#10273=DIRECTION('',(1.,0.,5.42101086242752E-17));
#10274=DIRECTION('',(5.42101086242752E-17,0.,-1.));
#10275=DIRECTION('',(0.,1.,0.));
#10276=DIRECTION('',(5.42101086242752E-17,0.,-1.));
#10277=DIRECTION('',(0.,1.,0.));
#10278=DIRECTION('',(1.,0.,0.));
#10279=DIRECTION('',(0.,0.,-1.));
#10280=DIRECTION('',(0.,1.,0.));
#10281=DIRECTION('',(0.,1.,0.));
#10282=DIRECTION('',(0.,0.,-1.));
#10283=DIRECTION('',(-1.,0.,0.));
#10284=DIRECTION('',(0.,0.,1.));
#10285=DIRECTION('',(0.,-1.,0.));
#10286=DIRECTION('',(0.,0.,1.));
#10287=DIRECTION('',(0.,-1.,0.));
#10288=DIRECTION('',(-1.,0.,-1.7347234759768E-16));
#10289=DIRECTION('',(-1.7347234759768E-16,0.,1.));
#10290=DIRECTION('',(-1.7347234759768E-16,0.,1.));
#10291=DIRECTION('',(0.,-1.,0.));
#10292=DIRECTION('',(0.,-1.,0.));
#10293=DIRECTION('',(1.,0.,0.));
#10294=DIRECTION('',(0.,0.,-1.));
#10295=DIRECTION('',(0.,1.,0.));
#10296=DIRECTION('',(0.,1.,0.));
#10297=DIRECTION('',(0.,0.,-1.));
#10298=DIRECTION('',(1.,0.,7.88510670898549E-17));
#10299=DIRECTION('',(7.88510670898549E-17,0.,-1.));
#10300=DIRECTION('',(0.,1.,0.));
#10301=DIRECTION('',(7.88510670898549E-17,0.,-1.));
#10302=DIRECTION('',(0.,1.,0.));
#10303=DIRECTION('',(-1.,0.,-3.46944695195362E-16));
#10304=DIRECTION('',(-3.46944695195362E-16,0.,1.));
#10305=DIRECTION('',(0.,-1.,0.));
#10306=DIRECTION('',(-3.46944695195362E-16,0.,1.));
#10307=DIRECTION('',(0.,-1.,0.));
#10308=DIRECTION('',(1.,0.,0.));
#10309=DIRECTION('',(0.,0.,-1.));
#10310=DIRECTION('',(0.,1.,0.));
#10311=DIRECTION('',(0.,1.,0.));
#10312=DIRECTION('',(0.,0.,-1.));
#10313=DIRECTION('',(1.,0.,0.));
#10314=DIRECTION('',(0.,0.,-1.));
#10315=DIRECTION('',(0.,1.,0.));
#10316=DIRECTION('',(0.,0.,-1.));
#10317=DIRECTION('',(0.,1.,0.));
#10318=DIRECTION('',(1.,0.,0.));
#10319=DIRECTION('',(0.,0.,-1.));
#10320=DIRECTION('',(0.,1.,0.));
#10321=DIRECTION('',(0.,0.,-1.));
#10322=DIRECTION('',(0.,-1.,0.));
#10323=DIRECTION('',(0.,0.,-1.));
#10324=DIRECTION('',(-1.,0.,0.));
#10325=DIRECTION('',(-1.,0.,0.));
#10326=DIRECTION('',(0.,-1.,0.));
#10327=DIRECTION('',(0.,-1.,0.));
#10328=DIRECTION('',(0.,0.,-1.));
#10329=DIRECTION('',(0.868243142124459,0.,-0.496138938356834));
#10330=DIRECTION('',(0.868243142124459,0.,-0.496138938356834));
#10331=DIRECTION('',(0.,-1.,0.));
#10332=DIRECTION('',(0.,0.,-1.));
#10333=DIRECTION('',(0.868243142124459,0.,0.496138938356834));
#10334=DIRECTION('',(0.,0.,1.));
#10335=DIRECTION('',(0.868243142124459,0.,0.496138938356834));
#10336=DIRECTION('',(0.868243142124459,0.,0.496138938356834));
#10337=DIRECTION('',(0.,0.,1.));
#10338=DIRECTION('',(0.868243142124459,0.,0.496138938356834));
#10339=DIRECTION('',(-1.27821729808817E-16,0.,-1.));
#10340=DIRECTION('',(0.868243142124459,0.,0.496138938356834));
#10341=DIRECTION('',(0.,-1.,0.));
#10342=DIRECTION('',(0.,0.,-1.));
#10343=DIRECTION('',(0.,0.,-1.));
#10344=DIRECTION('',(0.868243142124459,0.,-0.496138938356834));
#10345=DIRECTION('',(0.,0.,1.));
#10346=DIRECTION('',(0.868243142124459,0.,-0.496138938356834));
#10347=DIRECTION('',(0.868243142124459,0.,-0.496138938356834));
#10348=DIRECTION('',(0.,0.,1.));
#10349=DIRECTION('',(0.868243142124459,0.,-0.496138938356834));
#10350=DIRECTION('',(0.868243142124459,0.,-0.496138938356834));
#10351=DIRECTION('',(0.,0.,1.));
#10352=DIRECTION('',(0.919145030018058,0.,-0.393919298579167));
#10353=DIRECTION('',(3.04337451925756E-16,0.,-1.));
#10354=DIRECTION('',(0.919145030018058,0.,-0.393919298579167));
#10355=DIRECTION('',(-1.,0.,0.));
#10356=DIRECTION('',(-2.63677516973332E-16,0.,-1.));
#10357=DIRECTION('',(-1.94289029309403E-16,0.,-1.));
#10358=DIRECTION('',(-1.,0.,0.));
#10359=DIRECTION('',(0.919145030018058,0.,0.393919298579167));
#10360=DIRECTION('',(0.919145030018058,0.,0.393919298579167));
#10361=DIRECTION('',(0.,0.,1.));
#10362=DIRECTION('',(1.,0.,0.));
#10363=DIRECTION('',(0.,0.,1.));
#10364=DIRECTION('',(0.919145030018058,0.,0.393919298579167));
#10365=DIRECTION('',(0.,0.,1.));
#10366=DIRECTION('',(0.868243142124459,0.,0.496138938356834));
#10367=DIRECTION('',(0.868243142124459,0.,0.496138938356834));
#10368=DIRECTION('',(0.,0.,1.));
#10369=DIRECTION('',(0.868243142124459,0.,0.496138938356834));
#10370=DIRECTION('',(0.,0.,-1.));
#10371=DIRECTION('',(0.868243142124459,0.,-0.496138938356834));
#10372=DIRECTION('',(0.,0.,1.));
#10373=DIRECTION('',(0.868243142124459,0.,-0.496138938356834));
#10374=DIRECTION('',(0.,0.,-1.));
#10375=DIRECTION('',(0.868243142124459,0.,-0.496138938356834));
#10376=DIRECTION('',(0.868243142124459,0.,-0.496138938356834));
#10377=DIRECTION('',(0.,0.,-1.));
#10378=DIRECTION('',(-1.,0.,0.));
#10379=DIRECTION('',(0.,0.,-1.));
#10380=DIRECTION('',(1.,0.,0.));
#10381=DIRECTION('',(7.88510670898549E-17,0.,-1.));
#10382=DIRECTION('',(-1.,0.,0.));
#10383=DIRECTION('',(0.,0.,-1.));
#10384=DIRECTION('',(0.868243142124459,0.,0.496138938356834));
#10385=DIRECTION('',(0.868243142124459,0.,0.496138938356834));
#10386=DIRECTION('',(-1.27821729808817E-16,0.,-1.));
#10387=DIRECTION('',(0.868243142124459,0.,0.496138938356834));
#10388=DIRECTION('',(0.,0.,1.));
#10389=DIRECTION('',(0.868243142124459,0.,0.496138938356834));
#10390=DIRECTION('',(0.868243142124459,0.,0.496138938356834));
#10391=DIRECTION('',(0.,0.,1.));
#10392=DIRECTION('',(0.,0.,1.));
#10393=DIRECTION('',(-1.,0.,0.));
#10394=DIRECTION('',(0.,0.,1.));
#10395=DIRECTION('',(0.,0.,1.));
#10396=DIRECTION('',(-1.,0.,0.));
#10397=DIRECTION('',(0.,0.,-1.));
#10398=DIRECTION('',(1.,0.,0.));
#10399=DIRECTION('',(3.46944695195362E-16,0.,-1.));
#10400=DIRECTION('',(-1.,0.,0.));
#10401=DIRECTION('',(0.,0.,-1.));
#10402=DIRECTION('',(-1.,0.,0.));
#10403=DIRECTION('',(0.,0.,1.));
#10404=DIRECTION('',(0.868243142124459,0.,-0.496138938356834));
#10405=DIRECTION('',(1.,0.,0.));
#10406=DIRECTION('',(0.868243142124459,0.,-0.496138938356834));
#10407=DIRECTION('',(0.868243142124459,0.,-0.496138938356834));
#10408=DIRECTION('',(0.,0.,1.));
#10409=DIRECTION('',(0.868243142124459,0.,-0.496138938356834));
#10410=DIRECTION('',(0.,-1.,0.));
#10411=DIRECTION('',(0.,0.,-1.));
#10412=DIRECTION('',(0.868243142124459,0.,0.496138938356834));
#10413=DIRECTION('',(0.868243142124459,0.,0.496138938356834));
#10414=DIRECTION('',(0.,-1.,0.));
#10415=DIRECTION('',(0.,0.,-1.));
#10416=DIRECTION('',(0.868243142124459,0.,0.496138938356834));
#10417=DIRECTION('',(0.868243142124459,0.,0.496138938356834));
#10418=DIRECTION('',(0.,-1.,0.));
#10419=DIRECTION('',(0.,0.,-1.));
#10420=DIRECTION('',(-1.,0.,0.));
#10421=DIRECTION('',(0.,0.,-1.));
#10422=DIRECTION('',(1.,0.,0.));
#10423=DIRECTION('',(-3.46944695195362E-16,0.,1.));
#10424=DIRECTION('',(0.,-1.,0.));
#10425=DIRECTION('',(0.,0.,-1.));
#10426=DIRECTION('',(-1.,0.,0.));
#10427=DIRECTION('',(0.,0.,-1.));
#10428=DIRECTION('',(1.,0.,0.));
#10429=DIRECTION('',(0.,0.,-1.));
#10430=DIRECTION('',(0.,-1.,0.));
#10431=DIRECTION('',(0.,0.,-1.));
#10432=DIRECTION('',(-1.,0.,0.));
#10433=DIRECTION('',(0.,0.,-1.));
#10434=DIRECTION('',(1.,0.,0.));
#10435=DIRECTION('',(0.,0.,1.));
#10436=DIRECTION('',(0.,-1.,0.));
#10437=DIRECTION('',(0.,0.,-1.));
#10438=DIRECTION('',(-1.,0.,0.));
#10439=DIRECTION('',(0.,0.,-1.));
#10440=DIRECTION('',(1.,0.,0.));
#10441=DIRECTION('',(0.,0.,1.));
#10442=DIRECTION('',(1.,0.,0.));
#10443=DIRECTION('',(0.,0.,-1.));
#10444=DIRECTION('',(0.,0.,1.));
#10445=DIRECTION('',(0.,1.,0.));
#10446=DIRECTION('',(0.,-1.,0.));
#10447=DIRECTION('',(1.,0.,-3.46944695195362E-16));
#10448=DIRECTION('',(-3.46944695195362E-16,0.,-1.));
#10449=DIRECTION('',(0.,1.,0.));
#10450=DIRECTION('',(3.46944695195362E-16,0.,1.));
#10451=DIRECTION('',(0.,-1.,0.));
#10452=DIRECTION('',(1.,0.,-1.84314369322536E-16));
#10453=DIRECTION('',(-1.84314369322536E-16,0.,-1.));
#10454=DIRECTION('',(1.84314369322536E-16,0.,1.));
#10455=DIRECTION('',(0.,1.,0.));
#10456=DIRECTION('',(0.,1.,0.));
#10457=DIRECTION('',(-1.,0.,3.46944695195362E-16));
#10458=DIRECTION('',(3.46944695195362E-16,0.,1.));
#10459=DIRECTION('',(0.,-1.,0.));
#10460=DIRECTION('',(-3.46944695195362E-16,0.,-1.));
#10461=DIRECTION('',(0.,-1.,0.));
#10462=DIRECTION('',(-1.,0.,1.7347234759768E-16));
#10463=DIRECTION('',(1.7347234759768E-16,0.,1.));
#10464=DIRECTION('',(0.,-1.,0.));
#10465=DIRECTION('',(0.,-1.,0.));
#10466=DIRECTION('',(-1.7347234759768E-16,0.,-1.));
#10467=DIRECTION('',(1.,0.,-1.7347234759768E-16));
#10468=DIRECTION('',(-1.7347234759768E-16,0.,-1.));
#10469=DIRECTION('',(0.,1.,0.));
#10470=DIRECTION('',(1.7347234759768E-16,0.,1.));
#10471=DIRECTION('',(0.,1.,0.));
#10472=DIRECTION('',(-1.,0.,3.46944695195362E-16));
#10473=DIRECTION('',(3.46944695195362E-16,0.,1.));
#10474=DIRECTION('',(0.,-1.,0.));
#10475=DIRECTION('',(0.,-1.,0.));
#10476=DIRECTION('',(-3.46944695195362E-16,0.,-1.));
#10477=DIRECTION('',(-1.,0.,0.));
#10478=DIRECTION('',(0.,0.,1.));
#10479=DIRECTION('',(0.,-1.,0.));
#10480=DIRECTION('',(0.,0.,-1.));
#10481=DIRECTION('',(0.,-1.,0.));
#10482=DIRECTION('',(1.,0.,0.));
#10483=DIRECTION('',(0.,0.,-1.));
#10484=DIRECTION('',(0.,0.,1.));
#10485=DIRECTION('',(0.,1.,0.));
#10486=DIRECTION('',(0.,1.,0.));
#10487=DIRECTION('',(1.,0.,-8.67361737988404E-17));
#10488=DIRECTION('',(-8.67361737988404E-17,0.,-1.));
#10489=DIRECTION('',(0.,1.,0.));
#10490=DIRECTION('',(8.67361737988404E-17,0.,1.));
#10491=DIRECTION('',(0.,1.,0.));
#10492=DIRECTION('',(1.,0.,0.));
#10493=DIRECTION('',(0.,0.,-1.));
#10494=DIRECTION('',(0.,0.,1.));
#10495=DIRECTION('',(0.,1.,0.));
#10496=DIRECTION('',(0.,1.,0.));
#10497=DIRECTION('',(1.,0.,0.));
#10498=DIRECTION('',(0.,0.,-1.));
#10499=DIRECTION('',(0.,0.,1.));
#10500=DIRECTION('',(0.,1.,0.));
#10501=DIRECTION('',(0.,0.,-1.));
#10502=DIRECTION('',(-1.,0.,0.));
#10503=DIRECTION('',(0.,-1.,0.));
#10504=DIRECTION('',(1.,0.,0.));
#10505=DIRECTION('',(0.,-1.,0.));
#10506=DIRECTION('',(0.,1.,0.));
#10507=DIRECTION('',(0.,0.,1.));
#10508=DIRECTION('',(-0.868243142124459,0.,0.496138938356834));
#10509=DIRECTION('',(-0.868243142124459,0.,0.496138938356834));
#10510=DIRECTION('',(0.,1.,0.));
#10511=DIRECTION('',(0.,0.,1.));
#10512=DIRECTION('',(-0.868243142124459,0.,-0.496138938356834));
#10513=DIRECTION('',(-0.868243142124459,0.,-0.496138938356834));
#10514=DIRECTION('',(0.,0.,-1.));
#10515=DIRECTION('',(-0.868243142124459,0.,-0.496138938356834));
#10516=DIRECTION('',(-0.868243142124459,0.,-0.496138938356834));
#10517=DIRECTION('',(0.,0.,-1.));
#10518=DIRECTION('',(-0.919145030018058,0.,-0.393919298579167));
#10519=DIRECTION('',(0.,0.,1.));
#10520=DIRECTION('',(-1.,0.,0.));
#10521=DIRECTION('',(-6.08674903851511E-17,0.,-1.));
#10522=DIRECTION('',(0.,0.,1.));
#10523=DIRECTION('',(1.,0.,0.));
#10524=DIRECTION('',(0.,0.,-1.));
#10525=DIRECTION('',(-1.,0.,0.));
#10526=DIRECTION('',(0.,0.,1.));
#10527=DIRECTION('',(0.,0.,-1.));
#10528=DIRECTION('',(-0.868243142124459,0.,-0.496138938356834));
#10529=DIRECTION('',(-0.868243142124459,0.,-0.496138938356834));
#10530=DIRECTION('',(0.,0.,-1.));
#10531=DIRECTION('',(-0.868243142124459,0.,-0.496138938356834));
#10532=DIRECTION('',(1.27821729808817E-16,0.,1.));
#10533=DIRECTION('',(-0.868243142124459,0.,-0.496138938356834));
#10534=DIRECTION('',(-0.868243142124459,0.,-0.496138938356834));
#10535=DIRECTION('',(0.,0.,1.));
#10536=DIRECTION('',(1.,0.,0.));
#10537=DIRECTION('',(0.,0.,1.));
#10538=DIRECTION('',(-1.,0.,0.));
#10539=DIRECTION('',(1.7347234759768E-16,0.,1.));
#10540=DIRECTION('',(1.,0.,0.));
#10541=DIRECTION('',(0.,0.,1.));
#10542=DIRECTION('',(-0.868243142124459,0.,0.496138938356834));
#10543=DIRECTION('',(-0.868243142124459,0.,0.496138938356834));
#10544=DIRECTION('',(0.,0.,1.));
#10545=DIRECTION('',(-0.868243142124459,0.,0.496138938356834));
#10546=DIRECTION('',(0.,0.,-1.));
#10547=DIRECTION('',(-0.868243142124459,0.,0.496138938356834));
#10548=DIRECTION('',(-0.868243142124459,0.,0.496138938356834));
#10549=DIRECTION('',(-1.,0.,0.));
#10550=DIRECTION('',(-0.868243142124459,0.,0.496138938356834));
#10551=DIRECTION('',(0.,0.,-1.));
#10552=DIRECTION('',(1.,0.,0.));
#10553=DIRECTION('',(3.46944695195362E-16,0.,1.));
#10554=DIRECTION('',(1.,0.,-2.16840434497101E-16));
#10555=DIRECTION('',(3.46944695195362E-16,0.,1.));
#10556=DIRECTION('',(-1.,0.,0.));
#10557=DIRECTION('',(0.,0.,1.));
#10558=DIRECTION('',(1.,0.,0.));
#10559=DIRECTION('',(0.,0.,1.));
#10560=DIRECTION('',(1.,0.,0.));
#10561=DIRECTION('',(-0.919145030018058,0.,0.393919298579167));
#10562=DIRECTION('',(-0.919145030018058,0.,0.393919298579167));
#10563=DIRECTION('',(0.,0.,-1.));
#10564=DIRECTION('',(-0.868243142124459,0.,0.496138938356834));
#10565=DIRECTION('',(-0.868243142124459,0.,0.496138938356834));
#10566=DIRECTION('',(0.,0.,-1.));
#10567=DIRECTION('',(-0.868243142124459,0.,0.496138938356834));
#10568=DIRECTION('',(-0.868243142124459,0.,0.496138938356834));
#10569=DIRECTION('',(0.,0.,-1.));
#10570=DIRECTION('',(-0.868243142124459,0.,0.496138938356834));
#10571=DIRECTION('',(0.,0.,1.));
#10572=DIRECTION('',(-0.868243142124459,0.,-0.496138938356834));
#10573=DIRECTION('',(1.27821729808817E-16,0.,1.));
#10574=DIRECTION('',(-0.868243142124459,0.,-0.496138938356834));
#10575=DIRECTION('',(0.,0.,-1.));
#10576=DIRECTION('',(-0.868243142124459,0.,-0.496138938356834));
#10577=DIRECTION('',(-0.868243142124459,0.,-0.496138938356834));
#10578=DIRECTION('',(0.,0.,-1.));
#10579=DIRECTION('',(0.,0.,-1.));
#10580=DIRECTION('',(-0.868243142124459,0.,0.496138938356834));
#10581=DIRECTION('',(0.,0.,1.));
#10582=DIRECTION('',(-0.868243142124459,0.,0.496138938356834));
#10583=DIRECTION('',(0.,1.,0.));
#10584=DIRECTION('',(0.,0.,1.));
#10585=DIRECTION('',(-0.868243142124459,0.,-0.496138938356834));
#10586=DIRECTION('',(-0.868243142124459,0.,-0.496138938356834));
#10587=DIRECTION('',(0.,1.,0.));
#10588=DIRECTION('',(0.,0.,1.));
#10589=DIRECTION('',(-0.868243142124459,0.,-0.496138938356834));
#10590=DIRECTION('',(-0.868243142124459,0.,-0.496138938356834));
#10591=DIRECTION('',(0.,1.,0.));
#10592=DIRECTION('',(0.,0.,1.));
#10593=DIRECTION('',(1.,0.,0.));
#10594=DIRECTION('',(0.,0.,-1.));
#10595=DIRECTION('',(-1.,0.,0.));
#10596=DIRECTION('',(0.,0.,1.));
#10597=DIRECTION('',(0.,1.,0.));
#10598=DIRECTION('',(0.,0.,1.));
#10599=DIRECTION('',(1.,0.,0.));
#10600=DIRECTION('',(0.,0.,1.));
#10601=DIRECTION('',(-1.,0.,0.));
#10602=DIRECTION('',(0.,0.,-1.));
#10603=DIRECTION('',(0.,1.,0.));
#10604=DIRECTION('',(0.,0.,1.));
#10605=DIRECTION('',(1.,0.,0.));
#10606=DIRECTION('',(-3.46944695195362E-16,0.,-1.));
#10607=DIRECTION('',(-1.,0.,0.));
#10608=DIRECTION('',(8.67361737988404E-17,0.,1.));
#10609=DIRECTION('',(0.,1.,0.));
#10610=DIRECTION('',(0.,0.,1.));
#10611=DIRECTION('',(1.,0.,0.));
#10612=DIRECTION('',(1.84314369322536E-16,0.,1.));
#10613=DIRECTION('',(1.,0.,0.));
#10614=DIRECTION('',(-3.46944695195362E-16,0.,-1.));
#10615=DIRECTION('',(0.,1.,0.));
#10616=DIRECTION('',(0.,0.,1.));
#10617=DIRECTION('',(1.,0.,0.));
#10618=DIRECTION('',(-1.7347234759768E-16,0.,-1.));
#10619=DIRECTION('',(-1.,0.,0.));
#10620=DIRECTION('',(0.,0.,1.));
#10621=DIRECTION('',(0.,0.,1.));
#10622=DIRECTION('',(1.,0.,0.));
#10623=DIRECTION('',(0.,0.,1.));
#10624=DIRECTION('',(1.,0.,0.));
#10625=DIRECTION('',(0.,0.,1.));
#10626=DIRECTION('',(1.,0.,0.));
#10627=DIRECTION('',(0.,0.,1.));
#10628=DIRECTION('',(1.,0.,0.));
#10629=DIRECTION('',(0.,0.,-1.));
#10630=DIRECTION('',(-1.,0.,0.));
#10631=DIRECTION('',(0.,0.,1.));
#10632=DIRECTION('',(1.,0.,0.));
#10633=DIRECTION('',(0.,0.,-1.));
#10634=DIRECTION('',(-1.,0.,0.));
#10635=DIRECTION('',(0.,0.,1.));
#10636=DIRECTION('',(1.,0.,0.));
#10637=DIRECTION('',(0.,-1.,0.));
#10638=DIRECTION('',(1.,0.,0.));
#10639=DIRECTION('',(-1.,0.,0.));
#10640=DIRECTION('',(0.,0.,-1.));
#10641=DIRECTION('',(-1.,0.,0.));
#10642=DIRECTION('',(3.46944695195362E-16,0.,-1.));
#10643=DIRECTION('',(1.,0.,0.));
#10644=DIRECTION('',(0.,0.,-1.));
#10645=DIRECTION('',(1.,0.,0.));
#10646=DIRECTION('',(0.,0.,-1.));
#10647=DIRECTION('',(0.,-1.,0.));
#10648=DIRECTION('',(1.,0.,0.));
#10649=DIRECTION('',(-1.,0.,0.));
#10650=DIRECTION('',(0.,0.,1.));
#10651=DIRECTION('',(1.,0.,0.));
#10652=DIRECTION('',(0.,0.,-1.));
#10653=DIRECTION('',(-1.,0.,0.));
#10654=DIRECTION('',(5.42101086242752E-17,0.,-1.));
#10655=DIRECTION('',(1.,0.,0.));
#10656=DIRECTION('',(-1.7347234759768E-16,0.,1.));
#10657=DIRECTION('',(0.,-1.,0.));
#10658=DIRECTION('',(1.,0.,0.));
#10659=DIRECTION('',(-1.,0.,0.));
#10660=DIRECTION('',(7.88510670898549E-17,0.,-1.));
#10661=DIRECTION('',(1.,0.,0.));
#10662=DIRECTION('',(0.,0.,-1.));
#10663=DIRECTION('',(-1.,0.,0.));
#10664=DIRECTION('',(-3.46944695195362E-16,0.,1.));
#10665=DIRECTION('',(1.,0.,0.));
#10666=DIRECTION('',(0.,0.,-1.));
#10667=DIRECTION('',(0.,0.,1.));
#10668=DIRECTION('',(1.,0.,0.));
#10669=DIRECTION('',(0.,0.,1.));
#10670=DIRECTION('',(1.,0.,0.));
#10671=DIRECTION('',(0.,-1.,0.));
#10672=DIRECTION('',(-1.,0.,0.));
#10673=DIRECTION('',(0.,-1.,0.));
#10674=DIRECTION('',(0.,1.,0.));
#10675=DIRECTION('',(-1.,0.,0.));
#10676=DIRECTION('',(1.,0.,0.));
#10677=DIRECTION('',(0.,0.,1.));
#10678=DIRECTION('',(-1.,0.,0.));
#10679=DIRECTION('',(0.,0.,1.));
#10680=DIRECTION('',(3.46944695195362E-16,0.,1.));
#10681=DIRECTION('',(1.,0.,-2.16840434497101E-16));
#10682=DIRECTION('',(3.46944695195362E-16,0.,1.));
#10683=DIRECTION('',(0.,1.,0.));
#10684=DIRECTION('',(-1.,0.,0.));
#10685=DIRECTION('',(1.,0.,0.));
#10686=DIRECTION('',(1.7347234759768E-16,0.,1.));
#10687=DIRECTION('',(-1.,0.,0.));
#10688=DIRECTION('',(-1.7347234759768E-16,0.,-1.));
#10689=DIRECTION('',(1.,0.,0.));
#10690=DIRECTION('',(-3.46944695195362E-16,0.,-1.));
#10691=DIRECTION('',(1.,0.,0.));
#10692=DIRECTION('',(1.84314369322536E-16,0.,1.));
#10693=DIRECTION('',(0.,1.,0.));
#10694=DIRECTION('',(-1.,0.,0.));
#10695=DIRECTION('',(1.,0.,0.));
#10696=DIRECTION('',(0.,0.,-1.));
#10697=DIRECTION('',(-1.,0.,0.));
#10698=DIRECTION('',(0.,0.,1.));
#10699=DIRECTION('',(1.,0.,0.));
#10700=DIRECTION('',(8.67361737988404E-17,0.,1.));
#10701=DIRECTION('',(-1.,0.,0.));
#10702=DIRECTION('',(-3.46944695195362E-16,0.,-1.));
#10703=DIRECTION('',(-1.,0.,0.));
#10704=DIRECTION('',(0.,0.,1.));
#10705=DIRECTION('',(0.,-1.,0.));
#10706=DIRECTION('',(0.,1.,0.));
#10707=DIRECTION('',(0.,-1.,0.));
#10708=DIRECTION('',(0.,0.,1.));
#10709=DIRECTION('',(1.,0.,0.));
#10710=DIRECTION('',(0.,0.,1.));
#10711=DIRECTION('',(1.,0.,0.));
#10712=DIRECTION('',(0.,0.,1.));
#10713=DIRECTION('',(1.,0.,0.));
#10714=DIRECTION('',(0.,0.,1.));
#10715=DIRECTION('',(1.,0.,0.));
#10716=DIRECTION('',(0.,0.,1.));
#10717=DIRECTION('',(1.,0.,0.));
#10718=DIRECTION('',(0.,0.,1.));
#10719=DIRECTION('',(1.,0.,0.));
#10720=DIRECTION('',(0.,0.,1.));
#10721=DIRECTION('',(1.,0.,0.));
#10722=DIRECTION('',(0.,0.,1.));
#10723=DIRECTION('',(1.,0.,0.));
#10724=DIRECTION('',(0.,0.,1.));
#10725=DIRECTION('',(1.,0.,0.));
#10726=DIRECTION('',(0.,0.,1.));
#10727=DIRECTION('',(1.,0.,0.));
#10728=DIRECTION('',(0.,0.,1.));
#10729=DIRECTION('',(1.,0.,0.));
#10730=DIRECTION('',(0.,0.,1.));
#10731=DIRECTION('',(1.,0.,0.));
#10732=DIRECTION('',(1.,0.,0.));
#10733=DIRECTION('',(0.,0.,-1.));
#10734=DIRECTION('',(0.,1.,0.));
#10735=DIRECTION('',(0.,1.,0.));
#10736=DIRECTION('',(0.,0.,1.));
#10737=DIRECTION('',(1.,0.,0.));
#10738=DIRECTION('',(0.,0.,1.));
#10739=DIRECTION('',(1.,0.,0.));
#10740=DIRECTION('',(0.,0.,1.));
#10741=DIRECTION('',(1.,0.,0.));
#10742=DIRECTION('',(0.,0.,1.));
#10743=DIRECTION('',(1.,0.,0.));
#10744=DIRECTION('',(0.,0.,1.));
#10745=DIRECTION('',(1.,0.,0.));
#10746=DIRECTION('',(0.,0.,1.));
#10747=DIRECTION('',(1.,0.,0.));
#10748=DIRECTION('',(0.,0.,1.));
#10749=DIRECTION('',(1.,0.,0.));
#10750=DIRECTION('',(0.,0.,1.));
#10751=DIRECTION('',(1.,0.,0.));
#10752=DIRECTION('',(0.,0.,-1.));
#10753=DIRECTION('',(-1.,0.,0.));
#10754=DIRECTION('',(0.,0.,-1.));
#10755=DIRECTION('',(-1.,0.,0.));
#10756=DIRECTION('',(0.,0.,-1.));
#10757=DIRECTION('',(-1.,0.,0.));
#10758=DIRECTION('',(0.,0.,-1.));
#10759=DIRECTION('',(-1.,0.,0.));
#10760=DIRECTION('',(0.,0.,-1.));
#10761=DIRECTION('',(-1.,0.,0.));
#10762=DIRECTION('',(0.,0.,-1.));
#10763=DIRECTION('',(-1.,0.,0.));
#10764=DIRECTION('',(0.,0.,-1.));
#10765=DIRECTION('',(-1.,0.,0.));
#10766=DIRECTION('',(0.,0.,-1.));
#10767=DIRECTION('',(-1.,0.,0.));
#10768=DIRECTION('',(0.,0.,-1.));
#10769=DIRECTION('',(-1.,0.,0.));
#10770=DIRECTION('',(0.,0.,-1.));
#10771=DIRECTION('',(-1.,0.,0.));
#10772=DIRECTION('',(0.,0.,-1.));
#10773=DIRECTION('',(-1.,0.,0.));
#10774=DIRECTION('',(0.,0.,-1.));
#10775=DIRECTION('',(-1.,0.,0.));
#10776=DIRECTION('',(0.,-1.,0.));
#10777=DIRECTION('',(0.,0.,-1.));
#10778=DIRECTION('',(0.,-1.,0.));
#10779=DIRECTION('',(0.,0.,-1.));
#10780=DIRECTION('',(0.,1.,0.));
#10781=DIRECTION('',(0.,1.,0.));
#10782=DIRECTION('',(0.,-1.,0.));
#10783=DIRECTION('',(0.,0.,-1.));
#10784=DIRECTION('',(0.,1.,0.));
#10785=DIRECTION('',(0.,1.,0.));
#10786=DIRECTION('',(0.,-1.,0.));
#10787=DIRECTION('',(0.,0.,-1.));
#10788=DIRECTION('',(0.,1.,0.));
#10789=DIRECTION('',(0.,-1.,0.));
#10790=DIRECTION('',(0.,0.,-1.));
#10791=DIRECTION('',(0.,1.,0.));
#10792=DIRECTION('',(0.,1.,0.));
#10793=DIRECTION('',(0.,-1.,0.));
#10794=DIRECTION('',(0.,0.,-1.));
#10795=DIRECTION('',(0.,1.,0.));
#10796=DIRECTION('',(-1.,0.,6.08674903851511E-17));
#10797=DIRECTION('',(6.08674903851511E-17,0.,1.));
#10798=DIRECTION('',(0.,-1.,0.));
#10799=DIRECTION('',(0.,1.,0.));
#10800=DIRECTION('',(0.,0.,1.));
#10801=DIRECTION('',(0.,1.,0.));
#10802=DIRECTION('',(0.,1.,0.));
#10803=DIRECTION('',(1.,0.,3.04337451925756E-16));
#10804=DIRECTION('',(3.04337451925756E-16,0.,-1.));
#10805=DIRECTION('',(0.,1.,0.));
#10806=DIRECTION('',(0.,0.,-1.));
#10807=DIRECTION('',(1.,0.,0.));
#10808=DIRECTION('',(0.,1.,0.));
#10809=DIRECTION('',(0.,1.,0.));
#10810=DIRECTION('',(0.,1.,0.));
#10811=DIRECTION('',(0.,1.,0.));
#10812=DIRECTION('',(0.,1.,0.));
#10813=DIRECTION('',(0.,1.,0.));
#10814=DIRECTION('',(0.,-1.,0.));
#10815=DIRECTION('',(0.,-1.,0.));
#10816=DIRECTION('',(0.,-1.,0.));
#10817=DIRECTION('',(0.,-1.,0.));
#10818=DIRECTION('',(0.,-1.,0.));
#10819=DIRECTION('',(0.,-1.,0.));
#10820=DIRECTION('',(0.,-1.,0.));
#10821=DIRECTION('',(0.,0.,-1.));
#10822=DIRECTION('',(-1.,0.,0.));
#10823=DIRECTION('',(0.,0.,1.));
#10824=DIRECTION('',(1.,0.,0.));
#10825=DIRECTION('',(0.,0.,1.));
#10826=DIRECTION('',(1.,0.,0.));
#10827=DIRECTION('',(0.,0.,-1.));
#10828=DIRECTION('',(-1.,0.,0.));
#10829=DIRECTION('',(0.,0.,1.));
#10830=DIRECTION('',(1.,0.,0.));
#10831=DIRECTION('',(0.,0.,-1.));
#10832=DIRECTION('',(-1.,0.,0.));
#10833=DIRECTION('',(0.,0.,1.));
#10834=DIRECTION('',(1.,0.,0.));
#10835=DIRECTION('',(0.,0.,1.));
#10836=DIRECTION('',(1.,0.,0.));
#10837=DIRECTION('',(0.,0.,-1.));
#10838=DIRECTION('',(-1.,0.,0.));
#10839=DIRECTION('',(0.,0.,1.));
#10840=DIRECTION('',(1.,0.,0.));
#10841=DIRECTION('',(0.,0.,-1.));
#10842=DIRECTION('',(-1.,0.,0.));
#10843=DIRECTION('',(0.,0.,1.));
#10844=DIRECTION('',(1.,0.,0.));
#10845=DIRECTION('',(0.,0.,1.));
#10846=DIRECTION('',(1.,0.,0.));
#10847=DIRECTION('',(0.,0.,-1.));
#10848=DIRECTION('',(-1.,0.,0.));
#10849=DIRECTION('',(0.,0.,1.));
#10850=DIRECTION('',(1.,0.,0.));
#10851=DIRECTION('',(0.,0.,1.));
#10852=DIRECTION('',(1.,0.,0.));
#10853=DIRECTION('',(0.,0.,-1.));
#10854=DIRECTION('',(-1.,0.,0.));
#10855=DIRECTION('',(0.,-1.,0.));
#10856=DIRECTION('',(0.,-1.,0.));
#10857=DIRECTION('',(1.,0.,0.));
#10858=DIRECTION('',(0.,0.,-1.));
#10859=DIRECTION('',(0.,1.,0.));
#10860=DIRECTION('',(1.,0.,0.));
#10861=DIRECTION('',(0.,0.,-1.));
#10862=DIRECTION('',(0.,1.,0.));
#10863=DIRECTION('',(1.,0.,0.));
#10864=DIRECTION('',(0.,0.,-1.));
#10865=DIRECTION('',(0.,-1.,0.));
#10866=DIRECTION('',(0.,1.,0.));
#10867=DIRECTION('',(0.,0.,-1.));
#10868=DIRECTION('',(-1.,0.,0.));
#10869=DIRECTION('',(0.,1.,0.));
#10870=DIRECTION('',(1.,0.,0.));
#10871=DIRECTION('',(0.,0.,-1.));
#10872=DIRECTION('',(0.,-1.,0.));
#10873=DIRECTION('',(0.,0.,1.));
#10874=DIRECTION('',(1.,0.,0.));
#10875=DIRECTION('',(0.,1.,0.));
#10876=DIRECTION('',(1.,0.,3.46944695195362E-16));
#10877=DIRECTION('',(3.46944695195362E-16,0.,-1.));
#10878=DIRECTION('',(1.,0.,5.42101086242752E-17));
#10879=DIRECTION('',(5.42101086242752E-17,0.,-1.));
#10880=DIRECTION('',(0.,-1.,0.));
#10881=DIRECTION('',(5.42101086242752E-17,0.,-1.));
#10882=DIRECTION('',(0.,1.,0.));
#10883=DIRECTION('',(0.,0.,1.));
#10884=DIRECTION('',(1.,0.,0.));
#10885=DIRECTION('',(1.,0.,0.));
#10886=DIRECTION('',(0.,1.,0.));
#10887=DIRECTION('',(1.,0.,0.));
#10888=DIRECTION('',(0.,0.,-1.));
#10889=DIRECTION('',(0.,-1.,0.));
#10890=DIRECTION('',(-1.,0.,0.));
#10891=DIRECTION('',(0.,0.,1.));
#10892=DIRECTION('',(0.,1.,0.));
#10893=DIRECTION('',(-1.,0.,-1.7347234759768E-16));
#10894=DIRECTION('',(-1.7347234759768E-16,0.,1.));
#10895=DIRECTION('',(0.,1.,0.));
#10896=DIRECTION('',(-1.7347234759768E-16,0.,1.));
#10897=DIRECTION('',(1.,0.,0.));
#10898=DIRECTION('',(0.,0.,-1.));
#10899=DIRECTION('',(0.,-1.,0.));
#10900=DIRECTION('',(1.,0.,7.88510670898549E-17));
#10901=DIRECTION('',(7.88510670898549E-17,0.,-1.));
#10902=DIRECTION('',(0.,-1.,0.));
#10903=DIRECTION('',(-1.,0.,-3.46944695195362E-16));
#10904=DIRECTION('',(-3.46944695195362E-16,0.,1.));
#10905=DIRECTION('',(0.,1.,0.));
#10906=DIRECTION('',(0.,1.,0.));
#10907=DIRECTION('',(0.,0.,1.));
#10908=DIRECTION('',(1.,0.,0.));
#10909=DIRECTION('',(0.,1.,0.));
#10910=DIRECTION('',(1.,0.,0.));
#10911=DIRECTION('',(0.,0.,-1.));
#10912=DIRECTION('',(0.,-1.,0.));
#10913=DIRECTION('',(1.,0.,0.));
#10914=DIRECTION('',(0.,0.,-1.));
#10915=DIRECTION('',(0.,-1.,0.));
#10916=DIRECTION('',(0.,0.,1.));
#10917=DIRECTION('',(1.,0.,0.));
#10918=DIRECTION('',(0.,1.,0.));
#10919=DIRECTION('',(0.,1.,0.));
#10920=DIRECTION('',(1.,0.,0.));
#10921=DIRECTION('',(0.,0.,-1.));
#10922=DIRECTION('',(0.,-1.,0.));
#10923=DIRECTION('',(-1.,0.,0.));
#10924=DIRECTION('',(0.,0.,1.));
#10925=DIRECTION('',(0.,1.,0.));
#10926=DIRECTION('',(0.,-1.,0.));
#10927=DIRECTION('',(0.,0.,-1.));
#10928=DIRECTION('',(-1.,0.,0.));
#10929=DIRECTION('',(1.,0.,0.));
#10930=DIRECTION('',(0.,0.,-1.));
#10931=DIRECTION('',(0.,-1.,0.));
#10932=DIRECTION('',(-2.16840434497101E-16,0.,-1.));
#10933=DIRECTION('',(-1.,0.,2.16840434497101E-16));
#10934=DIRECTION('',(0.,-1.,0.));
#10935=DIRECTION('',(0.,-1.,0.));
#10936=DIRECTION('',(1.,0.,-3.46944695195362E-16));
#10937=DIRECTION('',(-3.46944695195362E-16,0.,-1.));
#10938=DIRECTION('',(0.,-1.,0.));
#10939=DIRECTION('',(1.,0.,-3.46944695195362E-16));
#10940=DIRECTION('',(-3.46944695195362E-16,0.,-1.));
#10941=DIRECTION('',(0.,0.,1.));
#10942=DIRECTION('',(1.,0.,0.));
#10943=DIRECTION('',(1.,0.,-1.84314369322536E-16));
#10944=DIRECTION('',(-1.84314369322536E-16,0.,-1.));
#10945=DIRECTION('',(0.,-1.,0.));
#10946=DIRECTION('',(0.,-1.,0.));
#10947=DIRECTION('',(-1.,0.,3.46944695195362E-16));
#10948=DIRECTION('',(3.46944695195362E-16,0.,1.));
#10949=DIRECTION('',(0.,1.,0.));
#10950=DIRECTION('',(0.,-1.,0.));
#10951=DIRECTION('',(-1.,0.,1.7347234759768E-16));
#10952=DIRECTION('',(1.7347234759768E-16,0.,1.));
#10953=DIRECTION('',(0.,1.,0.));
#10954=DIRECTION('',(1.,0.,-1.7347234759768E-16));
#10955=DIRECTION('',(-1.7347234759768E-16,0.,-1.));
#10956=DIRECTION('',(0.,-1.,0.));
#10957=DIRECTION('',(0.,0.,-1.));
#10958=DIRECTION('',(-1.,0.,0.));
#10959=DIRECTION('',(0.,0.,1.));
#10960=DIRECTION('',(1.,0.,0.));
#10961=DIRECTION('',(0.,-1.,0.));
#10962=DIRECTION('',(0.,-1.,0.));
#10963=DIRECTION('',(-1.,0.,3.46944695195362E-16));
#10964=DIRECTION('',(3.46944695195362E-16,0.,1.));
#10965=DIRECTION('',(0.,1.,0.));
#10966=DIRECTION('',(-1.,0.,0.));
#10967=DIRECTION('',(0.,0.,1.));
#10968=DIRECTION('',(0.,1.,0.));
#10969=DIRECTION('',(1.,0.,0.));
#10970=DIRECTION('',(0.,0.,-1.));
#10971=DIRECTION('',(0.,-1.,0.));
#10972=DIRECTION('',(1.,0.,-8.67361737988404E-17));
#10973=DIRECTION('',(-8.67361737988404E-17,0.,-1.));
#10974=DIRECTION('',(0.,-1.,0.));
#10975=DIRECTION('',(1.,0.,0.));
#10976=DIRECTION('',(0.,0.,-1.));
#10977=DIRECTION('',(1.,0.,0.));
#10978=DIRECTION('',(0.,0.,-1.));
#10979=DIRECTION('',(0.,-1.,0.));
#10980=DIRECTION('',(0.,0.,1.));
#10981=DIRECTION('',(1.,0.,0.));
#10982=DIRECTION('',(0.,-1.,0.));
#10983=DIRECTION('',(0.,-1.,0.));
#10984=DIRECTION('',(-1.,0.,0.));
#10985=DIRECTION('',(0.,0.,1.));
#10986=DIRECTION('',(0.,1.,0.));
#10987=DIRECTION('',(1.,0.,0.));
#10988=DIRECTION('',(0.,0.,-1.));
#10989=DIRECTION('',(0.,-1.,0.));
#10990=DIRECTION('',(-0.393919298579167,0.,-0.919145030018058));
#10991=DIRECTION('',(-0.919145030018058,0.,0.393919298579167));
#10992=DIRECTION('',(0.,1.,0.));
#10993=DIRECTION('',(0.,1.,0.));
#10994=DIRECTION('',(0.,0.,1.));
#10995=DIRECTION('',(1.,0.,0.));
#10996=DIRECTION('',(0.,1.,0.));
#10997=DIRECTION('',(-1.,0.,2.63677516973332E-16));
#10998=DIRECTION('',(2.63677516973332E-16,0.,1.));
#10999=DIRECTION('',(0.496138938356834,0.,-0.868243142124459));
#11000=DIRECTION('',(-0.868243142124459,0.,-0.496138938356834));
#11001=DIRECTION('',(0.,1.,0.));
#11002=DIRECTION('',(0.,1.,0.));
#11003=DIRECTION('',(1.,0.,0.));
#11004=DIRECTION('',(0.,0.,-1.));
#11005=DIRECTION('',(0.,1.,0.));
#11006=DIRECTION('',(0.393919298579167,0.,-0.919145030018058));
#11007=DIRECTION('',(-0.919145030018058,0.,-0.393919298579167));
#11008=DIRECTION('',(0.,1.,0.));
#11009=DIRECTION('',(-1.,0.,0.));
#11010=DIRECTION('',(0.,0.,1.));
#11011=DIRECTION('',(0.,1.,0.));
#11012=DIRECTION('',(0.,0.,-1.));
#11013=DIRECTION('',(-1.,0.,0.));
#11014=DIRECTION('',(0.,1.,0.));
#11015=DIRECTION('',(-1.,0.,0.));
#11016=DIRECTION('',(0.,0.,1.));
#11017=DIRECTION('',(0.,1.,0.));
#11018=DIRECTION('',(0.393919298579167,0.,-0.919145030018058));
#11019=DIRECTION('',(-0.919145030018058,0.,-0.393919298579167));
#11020=DIRECTION('',(0.,1.,0.));
#11021=DIRECTION('',(-1.,0.,2.55643459617635E-16));
#11022=DIRECTION('',(2.55643459617635E-16,0.,1.));
#11023=DIRECTION('',(0.,0.,1.));
#11024=DIRECTION('',(1.,0.,0.));
#11025=DIRECTION('',(0.,1.,0.));
#11026=DIRECTION('',(0.,1.,0.));
#11027=DIRECTION('',(-1.,0.,0.));
#11028=DIRECTION('',(0.,0.,1.));
#11029=DIRECTION('',(0.,1.,0.));
#11030=DIRECTION('',(-0.496138938356834,0.,-0.868243142124459));
#11031=DIRECTION('',(-0.868243142124459,0.,0.496138938356834));
#11032=DIRECTION('',(0.,1.,0.));
#11033=DIRECTION('',(1.,0.,0.));
#11034=DIRECTION('',(0.,0.,-1.));
#11035=DIRECTION('',(0.,0.,1.));
#11036=DIRECTION('',(1.,0.,0.));
#11037=DIRECTION('',(0.,1.,0.));
#11038=DIRECTION('',(0.,1.,0.));
#11039=DIRECTION('',(1.,0.,0.));
#11040=DIRECTION('',(0.,0.,-1.));
#11041=DIRECTION('',(0.,1.,0.));
#11042=DIRECTION('',(0.496138938356834,0.,-0.868243142124459));
#11043=DIRECTION('',(-0.868243142124459,0.,-0.496138938356834));
#11044=DIRECTION('',(0.,1.,0.));
#11045=DIRECTION('',(-1.,0.,0.));
#11046=DIRECTION('',(0.,0.,1.));
#11047=DIRECTION('',(0.496138938356834,0.,-0.868243142124459));
#11048=DIRECTION('',(-0.868243142124459,0.,-0.496138938356834));
#11049=DIRECTION('',(0.,1.,0.));
#11050=DIRECTION('',(0.,1.,0.));
#11051=DIRECTION('',(1.,0.,0.));
#11052=DIRECTION('',(0.,0.,-1.));
#11053=DIRECTION('',(0.,1.,0.));
#11054=DIRECTION('',(0.496138938356834,0.,-0.868243142124459));
#11055=DIRECTION('',(-0.868243142124459,0.,-0.496138938356834));
#11056=DIRECTION('',(0.,1.,0.));
#11057=DIRECTION('',(-1.,0.,1.27821729808817E-16));
#11058=DIRECTION('',(1.27821729808817E-16,0.,1.));
#11059=DIRECTION('',(0.496138938356834,0.,-0.868243142124459));
#11060=DIRECTION('',(-0.868243142124459,0.,-0.496138938356834));
#11061=DIRECTION('',(0.,1.,0.));
#11062=DIRECTION('',(0.,1.,0.));
#11063=DIRECTION('',(1.,0.,0.));
#11064=DIRECTION('',(0.,0.,-1.));
#11065=DIRECTION('',(0.,1.,0.));
#11066=DIRECTION('',(0.496138938356834,0.,-0.868243142124459));
#11067=DIRECTION('',(-0.868243142124459,0.,-0.496138938356834));
#11068=DIRECTION('',(0.,1.,0.));
#11069=DIRECTION('',(-1.,0.,1.27821729808817E-16));
#11070=DIRECTION('',(1.27821729808817E-16,0.,1.));
#11071=DIRECTION('',(-0.496138938356834,0.,-0.868243142124459));
#11072=DIRECTION('',(-0.868243142124459,0.,0.496138938356834));
#11073=DIRECTION('',(0.,1.,0.));
#11074=DIRECTION('',(0.,1.,0.));
#11075=DIRECTION('',(1.,0.,0.));
#11076=DIRECTION('',(0.,0.,-1.));
#11077=DIRECTION('',(0.,1.,0.));
#11078=DIRECTION('',(-0.496138938356834,0.,-0.868243142124459));
#11079=DIRECTION('',(-0.868243142124459,0.,0.496138938356834));
#11080=DIRECTION('',(0.,1.,0.));
#11081=DIRECTION('',(-1.,0.,0.));
#11082=DIRECTION('',(0.,0.,1.));
#11083=DIRECTION('',(1.,0.,0.));
#11084=DIRECTION('',(0.,0.,-1.));
#11085=DIRECTION('',(0.,1.,0.));
#11086=DIRECTION('',(0.,1.,0.));
#11087=DIRECTION('',(0.496138938356834,0.,-0.868243142124459));
#11088=DIRECTION('',(-0.868243142124459,0.,-0.496138938356834));
#11089=DIRECTION('',(0.,1.,0.));
#11090=DIRECTION('',(0.496138938356834,0.,-0.868243142124459));
#11091=DIRECTION('',(-0.868243142124459,0.,-0.496138938356834));
#11092=DIRECTION('',(0.,-1.,0.));
#11093=DIRECTION('',(-0.868243142124459,0.,-0.496138938356834));
#11094=DIRECTION('',(-1.,0.,1.21430643318377E-15));
#11095=DIRECTION('',(1.21430643318377E-15,0.,1.));
#11096=DIRECTION('',(0.,-1.,0.));
#11097=DIRECTION('',(1.21430643318377E-15,0.,1.));
#11098=DIRECTION('',(-0.393919298579167,0.,-0.919145030018058));
#11099=DIRECTION('',(-0.919145030018058,0.,0.393919298579167));
#11100=DIRECTION('',(0.,1.,0.));
#11101=DIRECTION('',(0.,1.,0.));
#11102=DIRECTION('',(1.,0.,0.));
#11103=DIRECTION('',(0.,0.,-1.));
#11104=DIRECTION('',(0.,1.,0.));
#11105=DIRECTION('',(-0.496138938356834,0.,-0.868243142124459));
#11106=DIRECTION('',(-0.868243142124459,0.,0.496138938356834));
#11107=DIRECTION('',(0.,1.,0.));
#11108=DIRECTION('',(-1.,0.,0.));
#11109=DIRECTION('',(0.,0.,1.));
#11110=DIRECTION('',(-1.,0.,0.));
#11111=DIRECTION('',(0.,0.,1.));
#11112=DIRECTION('',(0.,1.,0.));
#11113=DIRECTION('',(0.,1.,0.));
#11114=DIRECTION('',(-0.496138938356834,0.,-0.868243142124459));
#11115=DIRECTION('',(-0.868243142124459,0.,0.496138938356834));
#11116=DIRECTION('',(0.,1.,0.));
#11117=DIRECTION('',(1.,0.,0.));
#11118=DIRECTION('',(0.,0.,-1.));
#11119=DIRECTION('',(0.,1.,0.));
#11120=DIRECTION('',(-0.496138938356834,0.,-0.868243142124459));
#11121=DIRECTION('',(-0.868243142124459,0.,0.496138938356834));
#11122=DIRECTION('',(-0.496138938356834,0.,-0.868243142124459));
#11123=DIRECTION('',(-0.868243142124459,0.,0.496138938356834));
#11124=DIRECTION('',(0.,1.,0.));
#11125=DIRECTION('',(0.,1.,0.));
#11126=DIRECTION('',(1.,0.,0.));
#11127=DIRECTION('',(0.,0.,-1.));
#11128=DIRECTION('',(0.,1.,0.));
#11129=DIRECTION('',(-0.496138938356834,0.,-0.868243142124459));
#11130=DIRECTION('',(-0.868243142124459,0.,0.496138938356834));
#11131=DIRECTION('',(0.,1.,0.));
#11132=DIRECTION('',(-1.,0.,0.));
#11133=DIRECTION('',(0.,0.,1.));
#11134=DIRECTION('',(-0.496138938356834,0.,-0.868243142124459));
#11135=DIRECTION('',(-0.868243142124459,0.,0.496138938356834));
#11136=DIRECTION('',(0.,1.,0.));
#11137=DIRECTION('',(0.,1.,0.));
#11138=DIRECTION('',(1.,0.,0.));
#11139=DIRECTION('',(0.,0.,-1.));
#11140=DIRECTION('',(0.,1.,0.));
#11141=DIRECTION('',(-0.496138938356834,0.,-0.868243142124459));
#11142=DIRECTION('',(-0.868243142124459,0.,0.496138938356834));
#11143=DIRECTION('',(0.,1.,0.));
#11144=DIRECTION('',(-1.,0.,0.));
#11145=DIRECTION('',(0.,0.,1.));
#11146=DIRECTION('',(0.496138938356834,0.,-0.868243142124459));
#11147=DIRECTION('',(-0.868243142124459,0.,-0.496138938356834));
#11148=DIRECTION('',(0.,-1.,0.));
#11149=DIRECTION('',(0.,1.,0.));
#11150=DIRECTION('',(-0.868243142124459,0.,-0.496138938356834));
#11151=DIRECTION('',(1.,0.,0.));
#11152=DIRECTION('',(0.,0.,-1.));
#11153=DIRECTION('',(0.,1.,0.));
#11154=DIRECTION('',(0.496138938356834,0.,-0.868243142124459));
#11155=DIRECTION('',(-0.868243142124459,0.,-0.496138938356834));
#11156=DIRECTION('',(0.,-1.,0.));
#11157=DIRECTION('',(-0.868243142124459,0.,-0.496138938356834));
#11158=DIRECTION('',(0.,0.,1.));
#11159=DIRECTION('',(1.,0.,0.));
#11160=DIRECTION('',(0.,1.,0.));
#11161=DIRECTION('',(0.,1.,0.));
#11162=DIRECTION('',(-0.393919298579167,0.,-0.919145030018058));
#11163=DIRECTION('',(-0.919145030018058,0.,0.393919298579167));
#11164=DIRECTION('',(0.,1.,0.));
#11165=DIRECTION('',(-1.,0.,2.63677516973332E-16));
#11166=DIRECTION('',(2.63677516973332E-16,0.,1.));
#11167=DIRECTION('',(0.393919298579167,0.,-0.919145030018058));
#11168=DIRECTION('',(-0.919145030018058,0.,-0.393919298579167));
#11169=DIRECTION('',(0.,1.,0.));
#11170=DIRECTION('',(1.,0.,0.));
#11171=DIRECTION('',(0.,0.,-1.));
#11172=DIRECTION('',(0.,1.,0.));
#11173=DIRECTION('',(0.496138938356834,0.,-0.868243142124459));
#11174=DIRECTION('',(-0.868243142124459,0.,-0.496138938356834));
#11175=DIRECTION('',(0.,1.,0.));
#11176=DIRECTION('',(-1.,0.,2.55643459617635E-16));
#11177=DIRECTION('',(2.55643459617635E-16,0.,1.));
#11178=DIRECTION('',(0.,1.,0.));
#11179=DIRECTION('',(0.393919298579167,0.,-0.919145030018058));
#11180=DIRECTION('',(-0.919145030018058,0.,-0.393919298579167));
#11181=DIRECTION('',(1.,0.,0.));
#11182=DIRECTION('',(0.,0.,-1.));
#11183=DIRECTION('',(0.,1.,0.));
#11184=DIRECTION('',(0.,1.,0.));
#11185=DIRECTION('',(-0.496138938356834,0.,-0.868243142124459));
#11186=DIRECTION('',(-0.868243142124459,0.,0.496138938356834));
#11187=DIRECTION('',(0.,1.,0.));
#11188=DIRECTION('',(-1.,0.,0.));
#11189=DIRECTION('',(0.,0.,1.));
#11190=DIRECTION('',(0.,1.,0.));
#11191=DIRECTION('',(0.,0.,1.));
#11192=DIRECTION('',(1.,0.,0.));
#11193=DIRECTION('',(-1.,0.,0.));
#11194=DIRECTION('',(0.,0.,1.));
#11195=DIRECTION('',(0.,1.,0.));
#11196=DIRECTION('',(0.,1.,0.));
#11197=DIRECTION('',(0.496138938356834,0.,-0.868243142124459));
#11198=DIRECTION('',(-0.868243142124459,0.,-0.496138938356834));
#11199=DIRECTION('',(0.,1.,0.));
#11200=DIRECTION('',(1.,0.,0.));
#11201=DIRECTION('',(0.,0.,-1.));
#11202=DIRECTION('',(0.,1.,0.));
#11203=DIRECTION('',(0.,0.,1.));
#11204=DIRECTION('',(1.,0.,0.));
#11205=DIRECTION('',(-1.,0.,1.27821729808817E-16));
#11206=DIRECTION('',(1.27821729808817E-16,0.,1.));
#11207=DIRECTION('',(0.,1.,0.));
#11208=DIRECTION('',(0.,1.,0.));
#11209=DIRECTION('',(0.496138938356834,0.,-0.868243142124459));
#11210=DIRECTION('',(-0.868243142124459,0.,-0.496138938356834));
#11211=DIRECTION('',(0.,1.,0.));
#11212=DIRECTION('',(1.,0.,0.));
#11213=DIRECTION('',(0.,0.,-1.));
#11214=DIRECTION('',(0.,1.,0.));
#11215=DIRECTION('',(0.496138938356834,0.,-0.868243142124459));
#11216=DIRECTION('',(-0.868243142124459,0.,-0.496138938356834));
#11217=DIRECTION('',(-1.,0.,1.27821729808817E-16));
#11218=DIRECTION('',(1.27821729808817E-16,0.,1.));
#11219=DIRECTION('',(0.,1.,0.));
#11220=DIRECTION('',(0.,1.,0.));
#11221=DIRECTION('',(0.496138938356834,0.,-0.868243142124459));
#11222=DIRECTION('',(-0.868243142124459,0.,-0.496138938356834));
#11223=DIRECTION('',(0.,1.,0.));
#11224=DIRECTION('',(1.,0.,0.));
#11225=DIRECTION('',(0.,0.,-1.));
#11226=DIRECTION('',(0.,1.,0.));
#11227=DIRECTION('',(0.496138938356834,0.,-0.868243142124459));
#11228=DIRECTION('',(-0.868243142124459,0.,-0.496138938356834));
#11229=DIRECTION('',(-0.496138938356834,0.,-0.868243142124459));
#11230=DIRECTION('',(-0.868243142124459,0.,0.496138938356834));
#11231=DIRECTION('',(0.,1.,0.));
#11232=DIRECTION('',(0.,1.,0.));
#11233=DIRECTION('',(1.,0.,0.));
#11234=DIRECTION('',(0.,0.,-1.));
#11235=DIRECTION('',(0.,1.,0.));
#11236=DIRECTION('',(-0.496138938356834,0.,-0.868243142124459));
#11237=DIRECTION('',(-0.868243142124459,0.,0.496138938356834));
#11238=DIRECTION('',(0.,1.,0.));
#11239=DIRECTION('',(-1.,0.,0.));
#11240=DIRECTION('',(0.,0.,1.));
#11241=DIRECTION('',(0.496138938356834,0.,-0.868243142124459));
#11242=DIRECTION('',(-0.868243142124459,0.,-0.496138938356834));
#11243=DIRECTION('',(0.,1.,0.));
#11244=DIRECTION('',(0.868243142124459,0.,0.496138938356834));
#11245=DIRECTION('',(0.,1.,0.));
#11246=DIRECTION('',(0.496138938356834,0.,-0.868243142124459));
#11247=DIRECTION('',(-0.868243142124459,0.,-0.496138938356834));
#11248=DIRECTION('',(0.,1.,0.));
#11249=DIRECTION('',(0.,1.,0.));
#11250=DIRECTION('',(1.,0.,0.));
#11251=DIRECTION('',(0.,0.,-1.));
#11252=DIRECTION('',(-1.,0.,1.21430643318377E-15));
#11253=DIRECTION('',(1.21430643318377E-15,0.,1.));
#11254=DIRECTION('',(0.,1.,0.));
#11255=DIRECTION('',(-1.21430643318377E-15,0.,-1.));
#11256=DIRECTION('',(0.,0.,1.));
#11257=DIRECTION('',(1.,0.,0.));
#11258=DIRECTION('',(0.,1.,0.));
#11259=DIRECTION('',(0.,1.,0.));
#11260=DIRECTION('',(-1.,0.,1.94289029309403E-16));
#11261=DIRECTION('',(1.94289029309403E-16,0.,1.));
#11262=DIRECTION('',(0.,1.,0.));
#11263=DIRECTION('',(0.393919298579167,0.,-0.919145030018058));
#11264=DIRECTION('',(-0.919145030018058,0.,-0.393919298579167));
#11265=DIRECTION('',(-0.496138938356834,0.,-0.868243142124459));
#11266=DIRECTION('',(-0.868243142124459,0.,0.496138938356834));
#11267=DIRECTION('',(0.,1.,0.));
#11268=DIRECTION('',(0.,1.,0.));
#11269=DIRECTION('',(1.,0.,0.));
#11270=DIRECTION('',(0.,0.,-1.));
#11271=DIRECTION('',(0.,1.,0.));
#11272=DIRECTION('',(-0.393919298579167,0.,-0.919145030018058));
#11273=DIRECTION('',(-0.919145030018058,0.,0.393919298579167));
#11274=DIRECTION('',(0.,1.,0.));
#11275=DIRECTION('',(-1.,0.,0.));
#11276=DIRECTION('',(0.,0.,1.));
#11277=DIRECTION('',(-0.496138938356834,0.,-0.868243142124459));
#11278=DIRECTION('',(-0.868243142124459,0.,0.496138938356834));
#11279=DIRECTION('',(0.,1.,0.));
#11280=DIRECTION('',(0.,1.,0.));
#11281=DIRECTION('',(1.,0.,0.));
#11282=DIRECTION('',(0.,0.,-1.));
#11283=DIRECTION('',(0.,1.,0.));
#11284=DIRECTION('',(-0.496138938356834,0.,-0.868243142124459));
#11285=DIRECTION('',(-0.868243142124459,0.,0.496138938356834));
#11286=DIRECTION('',(0.,1.,0.));
#11287=DIRECTION('',(-1.,0.,0.));
#11288=DIRECTION('',(0.,0.,1.));
#11289=DIRECTION('',(-1.,0.,0.));
#11290=DIRECTION('',(0.,0.,1.));
#11291=DIRECTION('',(0.,1.,0.));
#11292=DIRECTION('',(0.,1.,0.));
#11293=DIRECTION('',(-0.496138938356834,0.,-0.868243142124459));
#11294=DIRECTION('',(-0.868243142124459,0.,0.496138938356834));
#11295=DIRECTION('',(0.,1.,0.));
#11296=DIRECTION('',(1.,0.,0.));
#11297=DIRECTION('',(0.,0.,-1.));
#11298=DIRECTION('',(0.,1.,0.));
#11299=DIRECTION('',(-0.496138938356834,0.,-0.868243142124459));
#11300=DIRECTION('',(-0.868243142124459,0.,0.496138938356834));
#11301=DIRECTION('',(-1.,0.,0.));
#11302=DIRECTION('',(0.,0.,1.));
#11303=DIRECTION('',(0.,1.,0.));
#11304=DIRECTION('',(0.,1.,0.));
#11305=DIRECTION('',(-0.496138938356834,0.,-0.868243142124459));
#11306=DIRECTION('',(-0.868243142124459,0.,0.496138938356834));
#11307=DIRECTION('',(0.,1.,0.));
#11308=DIRECTION('',(1.,0.,0.));
#11309=DIRECTION('',(0.,0.,-1.));
#11310=DIRECTION('',(0.,1.,0.));
#11311=DIRECTION('',(-0.496138938356834,0.,-0.868243142124459));
#11312=DIRECTION('',(-0.868243142124459,0.,0.496138938356834));
#11313=DIRECTION('',(0.496138938356834,0.,-0.868243142124459));
#11314=DIRECTION('',(-0.868243142124459,0.,-0.496138938356834));
#11315=DIRECTION('',(0.868243142124459,0.,0.496138938356834));
#11316=DIRECTION('',(0.,1.,0.));
#11317=DIRECTION('',(0.,1.,0.));
#11318=DIRECTION('',(1.,0.,0.));
#11319=DIRECTION('',(0.,0.,-1.));
#11320=DIRECTION('',(0.,1.,0.));
#11321=DIRECTION('',(0.496138938356834,0.,-0.868243142124459));
#11322=DIRECTION('',(-0.868243142124459,0.,-0.496138938356834));
#11323=DIRECTION('',(0.,1.,0.));
#11324=DIRECTION('',(0.868243142124459,0.,0.496138938356834));
#11325=DIRECTION('',(0.393919298579167,0.,-0.919145030018058));
#11326=DIRECTION('',(-0.919145030018058,0.,-0.393919298579167));
#11327=DIRECTION('',(0.,1.,0.));
#11328=DIRECTION('',(0.,1.,0.));
#11329=DIRECTION('',(-1.,0.,1.94289029309403E-16));
#11330=DIRECTION('',(1.94289029309403E-16,0.,1.));
#11331=DIRECTION('',(0.,1.,0.));
#11332=DIRECTION('',(0.,0.,1.));
#11333=DIRECTION('',(1.,0.,0.));
#11334=DIRECTION('',(0.,-1.,0.));
#11335=DIRECTION('',(1.,0.,0.));
#11336=DIRECTION('',(0.,-1.,0.));
#11337=DIRECTION('',(0.,0.,-1.));
#11338=DIRECTION('',(0.,-1.,0.));
#11339=DIRECTION('',(0.,0.,-1.));
#11340=DIRECTION('',(0.,-1.,0.));
#11341=DIRECTION('',(0.,0.,-1.));
#11342=DIRECTION('',(0.,-1.,0.));
#11343=DIRECTION('',(0.,0.,-1.));
#11344=DIRECTION('',(0.,-1.,0.));
#11345=DIRECTION('',(1.,0.,0.));
#11346=DIRECTION('',(0.,1.,0.));
#11347=DIRECTION('',(-1.,0.,0.));
#11348=DIRECTION('',(0.,1.,0.));
#11349=DIRECTION('',(0.,0.,1.));
#11350=DIRECTION('',(0.,1.,0.));
#11351=DIRECTION('',(0.,0.,1.));
#11352=DIRECTION('',(0.,1.,0.));
#11353=DIRECTION('',(0.,0.,1.));
#11354=DIRECTION('',(0.,1.,0.));
#11355=DIRECTION('',(0.,0.,1.));
#11356=DIRECTION('',(0.,1.,0.));
#11357=DIRECTION('',(-1.,0.,0.));
#11358=DIRECTION('',(1.,0.,0.));
#11359=DIRECTION('',(0.,0.,-1.));
#11360=DIRECTION('',(1.,0.,0.));
#11361=DIRECTION('',(0.,0.,-1.));
#11362=DIRECTION('',(1.,0.,0.));
#11363=DIRECTION('',(0.,0.,-1.));
#11364=DIRECTION('',(1.,0.,0.));
#11365=DIRECTION('',(0.,0.,-1.));
#11366=DIRECTION('',(1.,0.,0.));
#11367=DIRECTION('',(0.,0.,-1.));
#11368=DIRECTION('',(-1.,0.,0.));
#11369=DIRECTION('',(0.,0.,1.));
#11370=DIRECTION('',(1.,0.,0.));
#11371=DIRECTION('',(0.,0.,-1.));
#11372=DIRECTION('',(-1.,0.,0.));
#11373=DIRECTION('',(0.,0.,1.));
#11374=DIRECTION('',(0.,0.,-1.));
#11375=DIRECTION('',(-1.,0.,0.));
#11376=DIRECTION('',(-1.,0.,0.));
#11377=DIRECTION('',(1.,0.,0.));
#11378=DIRECTION('',(0.,0.6,-0.8));
#11379=DIRECTION('',(0.,0.8,0.6));
#11380=DIRECTION('',(-1.,0.,0.));
#11381=DIRECTION('',(0.,1.,0.));
#11382=DIRECTION('',(0.,0.,1.));
#11383=DIRECTION('',(1.,0.,0.));
#11384=DIRECTION('',(1.,0.,0.));
#11385=DIRECTION('',(0.,0.707106781186548,-0.707106781186548));
#11386=DIRECTION('',(0.,0.707106781186548,0.707106781186548));
#11387=DIRECTION('',(-1.,0.,0.));
#11388=DIRECTION('',(0.,1.,0.));
#11389=DIRECTION('',(0.,0.,1.));
#11390=DIRECTION('',(1.,0.,0.));
#11391=DIRECTION('',(0.,-0.707106781186547,-0.707106781186548));
#11392=DIRECTION('',(0.,0.707106781186548,-0.707106781186547));
#11393=DIRECTION('',(1.,0.,0.));
#11394=DIRECTION('',(0.,0.707106781186548,-0.707106781186548));
#11395=DIRECTION('',(0.,0.707106781186548,0.707106781186548));
#11396=DIRECTION('',(1.,0.,0.));
#11397=DIRECTION('',(0.,-0.707106781186548,-0.707106781186548));
#11398=DIRECTION('',(0.,0.707106781186548,-0.707106781186548));
#11399=DIRECTION('',(1.,0.,0.));
#11400=DIRECTION('',(1.,0.,0.));
#11401=DIRECTION('',(0.,1.,0.));
#11402=DIRECTION('',(0.,0.,1.));
#11403=DIRECTION('',(0.,0.707106781186548,-0.707106781186548));
#11404=DIRECTION('',(0.,0.707106781186548,0.707106781186548));
#11405=DIRECTION('',(-1.,0.,0.));
#11406=DIRECTION('',(1.,0.,0.));
#11407=DIRECTION('',(0.,1.,0.));
#11408=DIRECTION('',(0.,0.,1.));
#11409=DIRECTION('',(0.,1.,0.));
#11410=DIRECTION('',(0.,0.,1.));
#11411=DIRECTION('',(0.,0.6,-0.8));
#11412=DIRECTION('',(0.,0.8,0.6));
#11413=DIRECTION('',(-1.,0.,0.));
#11414=DIRECTION('',(1.,0.,0.));
#11415=DIRECTION('',(0.,1.,0.));
#11416=DIRECTION('',(0.,0.,1.));
#11417=DIRECTION('',(1.,0.,0.));
#11418=DIRECTION('',(0.,0.707106781186547,-0.707106781186548));
#11419=DIRECTION('',(0.,0.707106781186548,0.707106781186547));
#11420=DIRECTION('',(-1.,0.,0.));
#11421=DIRECTION('',(0.,1.,0.));
#11422=DIRECTION('',(0.,0.,1.));
#11423=DIRECTION('',(0.,0.707106781186548,-0.707106781186548));
#11424=DIRECTION('',(0.,0.707106781186548,0.707106781186548));
#11425=DIRECTION('',(-1.,0.,0.));
#11426=DIRECTION('',(1.,0.,0.));
#11427=DIRECTION('',(0.,1.,0.));
#11428=DIRECTION('',(0.,0.,1.));
#11429=DIRECTION('',(1.,0.,0.));
#11430=DIRECTION('',(0.,0.707106781186548,-0.707106781186548));
#11431=DIRECTION('',(0.,0.707106781186548,0.707106781186548));
#11432=DIRECTION('',(1.,0.,0.));
#11433=DIRECTION('',(0.,0.,-1.));
#11434=DIRECTION('',(-1.,0.,0.));
#11435=DIRECTION('',(1.,0.,0.));
#11436=DIRECTION('',(1.,0.,0.));
#11437=DIRECTION('',(0.,-0.6,-0.8));
#11438=DIRECTION('',(0.,0.8,-0.6));
#11439=DIRECTION('',(1.,0.,0.));
#11440=DIRECTION('',(0.,1.,0.));
#11441=DIRECTION('',(0.,0.,1.));
#11442=DIRECTION('',(1.,0.,0.));
#11443=DIRECTION('',(1.,0.,0.));
#11444=DIRECTION('',(0.,-0.707106781186547,-0.707106781186548));
#11445=DIRECTION('',(0.,0.707106781186548,-0.707106781186547));
#11446=DIRECTION('',(-1.,0.,0.));
#11447=DIRECTION('',(0.,0.707106781186548,-0.707106781186548));
#11448=DIRECTION('',(0.,0.707106781186548,0.707106781186548));
#11449=DIRECTION('',(-1.,0.,0.));
#11450=DIRECTION('',(1.,0.,0.));
#11451=DIRECTION('',(0.,1.,0.));
#11452=DIRECTION('',(0.,0.,1.));
#11453=DIRECTION('',(0.,-0.707106781186548,-0.707106781186548));
#11454=DIRECTION('',(0.,0.707106781186548,-0.707106781186548));
#11455=DIRECTION('',(1.,0.,0.));
#11456=DIRECTION('',(0.,-0.707106781186547,-0.707106781186548));
#11457=DIRECTION('',(0.,0.707106781186548,-0.707106781186547));
#11458=DIRECTION('',(-1.,0.,0.));
#11459=DIRECTION('',(1.,0.,0.));
#11460=DIRECTION('',(0.,0.707106781186548,-0.707106781186548));
#11461=DIRECTION('',(0.,0.707106781186548,0.707106781186548));
#11462=DIRECTION('',(-1.,0.,0.));
#11463=DIRECTION('',(1.,0.,0.));
#11464=DIRECTION('',(0.,1.,0.));
#11465=DIRECTION('',(0.,0.,1.));
#11466=DIRECTION('',(0.,-0.707106781186548,-0.707106781186548));
#11467=DIRECTION('',(0.,0.707106781186548,-0.707106781186548));
#11468=DIRECTION('',(1.,0.,0.));
#11469=DIRECTION('',(1.,0.,0.));
#11470=DIRECTION('',(0.,1.,0.));
#11471=DIRECTION('',(0.,0.,1.));
#11472=DIRECTION('',(0.,-0.707106781186547,-0.707106781186548));
#11473=DIRECTION('',(0.,0.707106781186548,-0.707106781186547));
#11474=DIRECTION('',(1.,0.,0.));
#11475=DIRECTION('',(1.,0.,0.));
#11476=DIRECTION('',(0.,1.,0.));
#11477=DIRECTION('',(0.,0.,1.));
#11478=DIRECTION('',(0.,-0.6,-0.8));
#11479=DIRECTION('',(0.,0.8,-0.6));
#11480=DIRECTION('',(1.,0.,0.));
#11481=DIRECTION('',(1.,0.,0.));
#11482=DIRECTION('',(0.,1.,0.));
#11483=DIRECTION('',(0.,0.,1.));
#11484=DIRECTION('',(0.,-0.707106781186547,-0.707106781186548));
#11485=DIRECTION('',(0.,0.707106781186548,-0.707106781186547));
#11486=DIRECTION('',(-1.,0.,0.));
#11487=DIRECTION('',(1.,0.,0.));
#11488=DIRECTION('',(0.,1.,0.));
#11489=DIRECTION('',(0.,0.,1.));
#11490=DIRECTION('',(0.,-0.707106781186547,-0.707106781186548));
#11491=DIRECTION('',(0.,0.707106781186548,-0.707106781186547));
#11492=DIRECTION('',(1.,0.,0.));
#11493=DIRECTION('',(1.,0.,0.));
#11494=DIRECTION('',(0.,1.,0.));
#11495=DIRECTION('',(0.,0.,1.));
#11496=DIRECTION('',(0.,0.707106781186548,-0.707106781186548));
#11497=DIRECTION('',(0.,0.707106781186548,0.707106781186548));
#11498=DIRECTION('',(1.,0.,0.));
#11499=DIRECTION('',(-1.,0.,0.));
#11500=DIRECTION('',(0.,1.,0.));
#11501=DIRECTION('',(0.,0.,1.));
#11502=DIRECTION('',(0.,0.,-1.));
#11503=DIRECTION('',(-1.,0.,0.));
#11504=DIRECTION('',(0.,1.,0.));
#11505=DIRECTION('',(0.,0.,1.));
#11506=DIRECTION('',(0.,0.,-1.));
#11507=DIRECTION('',(-1.,0.,0.));
#11508=DIRECTION('',(0.,0.707106781186548,-0.707106781186548));
#11509=DIRECTION('',(0.,0.707106781186548,0.707106781186548));
#11510=DIRECTION('',(0.,-0.707106781186548,-0.707106781186548));
#11511=DIRECTION('',(-1.,0.,0.));
#11512=DIRECTION('',(0.,-0.707106781186548,-0.707106781186548));
#11513=DIRECTION('',(0.,0.707106781186548,-0.707106781186548));
#11514=DIRECTION('',(0.,-0.707106781186548,0.707106781186548));
#11515=DIRECTION('',(-1.,0.,0.));
#11516=DIRECTION('',(0.,-1.,0.));
#11517=DIRECTION('',(0.,-1.,0.));
#11518=DIRECTION('',(0.,0.,-1.));
#11519=DIRECTION('',(0.,0.,-1.));
#11520=DIRECTION('',(1.,0.,0.));
#11521=DIRECTION('',(0.,-0.707106781186548,-0.707106781186548));
#11522=DIRECTION('',(0.,0.707106781186548,-0.707106781186548));
#11523=DIRECTION('',(0.,0.707106781186548,-0.707106781186548));
#11524=DIRECTION('',(1.,0.,0.));
#11525=DIRECTION('',(0.,0.707106781186548,-0.707106781186548));
#11526=DIRECTION('',(0.,0.707106781186548,0.707106781186548));
#11527=DIRECTION('',(0.,0.707106781186548,0.707106781186548));
#11528=DIRECTION('',(1.,0.,0.));
#11529=DIRECTION('',(0.,-1.,0.));
#11530=DIRECTION('',(0.,0.,-1.));
#11531=DIRECTION('',(0.,0.,-1.));
#11532=DIRECTION('',(1.,0.,0.));
#11533=DIRECTION('',(0.,1.,0.));
#11534=DIRECTION('',(-0.514495755427526,0.857492925712545,0.));
#11535=DIRECTION('',(-0.857492925712544,-0.514495755427526,0.));
#11536=DIRECTION('',(0.,0.,-1.));
#11537=DIRECTION('',(0.,0.,-1.));
#11538=DIRECTION('',(-1.,0.,0.));
#11539=DIRECTION('',(0.,0.,1.));
#11540=DIRECTION('',(0.,0.,-1.));
#11541=DIRECTION('',(0.514495755427526,0.857492925712545,0.));
#11542=DIRECTION('',(-0.857492925712545,0.514495755427526,0.));
#11543=DIRECTION('',(-1.,0.,0.));
#11544=DIRECTION('',(0.,0.,1.));
#11545=DIRECTION('',(0.,0.,-1.));
#11546=DIRECTION('',(0.,0.,-1.));
#11547=DIRECTION('',(0.514495755427526,0.857492925712545,0.));
#11548=DIRECTION('',(-0.857492925712544,0.514495755427526,0.));
#11549=DIRECTION('',(0.,0.,-1.));
#11550=DIRECTION('',(-0.514495755427526,0.857492925712544,0.));
#11551=DIRECTION('',(-0.857492925712545,-0.514495755427526,0.));
#11552=DIRECTION('',(0.,1.,0.));
#11553=DIRECTION('',(0.,0.,1.));
#11554=DIRECTION('',(0.,0.,-1.));
#11555=DIRECTION('',(0.,0.,-1.));
#11556=DIRECTION('',(-0.514495755427526,0.857492925712545,0.));
#11557=DIRECTION('',(-0.857492925712545,-0.514495755427526,0.));
#11558=DIRECTION('',(0.,0.,-1.));
#11559=DIRECTION('',(0.514495755427526,0.857492925712545,0.));
#11560=DIRECTION('',(-0.857492925712544,0.514495755427526,0.));
#11561=DIRECTION('',(0.514495755427526,0.857492925712545,0.));
#11562=DIRECTION('',(-0.857492925712545,0.514495755427526,0.));
#11563=DIRECTION('',(0.,0.,-1.));
#11564=DIRECTION('',(0.,0.,-1.));
#11565=DIRECTION('',(0.,1.,0.));
#11566=DIRECTION('',(0.,0.,1.));
#11567=DIRECTION('',(0.,0.,-1.));
#11568=DIRECTION('',(-0.514495755427526,0.857492925712545,0.));
#11569=DIRECTION('',(-0.857492925712544,-0.514495755427526,0.));
#11570=DIRECTION('',(1.,0.,0.));
#11571=DIRECTION('',(0.,0.,-1.));
#11572=DIRECTION('',(1.,0.,0.));
#11573=DIRECTION('',(0.,0.,-1.));
#11574=DIRECTION('',(1.,0.,0.));
#11575=DIRECTION('',(0.,1.,0.));
#11576=DIRECTION('',(1.,0.,0.));
#11577=DIRECTION('',(0.,0.,-1.));
#11578=DIRECTION('',(1.,0.,0.));
#11579=DIRECTION('',(0.,0.,-1.));
#11580=DIRECTION('',(1.,0.,0.));
#11581=DIRECTION('',(0.,1.,0.));
#11582=DIRECTION('',(-1.,0.,0.));
#11583=DIRECTION('',(0.,0.,1.));
#11584=DIRECTION('',(-1.,0.,0.));
#11585=DIRECTION('',(0.,0.,1.));
#11586=DIRECTION('',(-1.,0.,0.));
#11587=DIRECTION('',(0.,-1.,0.));
#11588=DIRECTION('',(-1.,0.,0.));
#11589=DIRECTION('',(0.,0.,1.));
#11590=DIRECTION('',(-1.,0.,0.));
#11591=DIRECTION('',(0.,0.,1.));
#11592=DIRECTION('',(-1.,0.,0.));
#11593=DIRECTION('',(0.,-1.,0.));
#11594=CARTESIAN_POINT('',(0.,0.,0.));
#11595=CARTESIAN_POINT('',(-0.0533152469869974,0.00158116951584817,-0.11));
#11596=CARTESIAN_POINT('',(-0.0533152469869974,0.0145811695158482,-0.065));
#11597=CARTESIAN_POINT('',(-0.0533152469869974,0.0137103408224612,-0.062129171306613));
#11598=CARTESIAN_POINT('',(-0.0533152469869974,0.0115811695158482,-0.065));
#11599=CARTESIAN_POINT('',(-0.0533152469869974,0.0315811695158481,-0.08));
#11600=CARTESIAN_POINT('',(-0.0533152469869974,0.00408116951584815,-0.0525));
#11601=CARTESIAN_POINT('',(-0.0533152469869974,0.00408116951584816,-0.11));
#11602=CARTESIAN_POINT('',(-0.0533152469869974,0.00408116951584815,-0.0575));
#11603=CARTESIAN_POINT('',(-0.0533152469869974,0.0290811695158481,-0.0825));
#11604=CARTESIAN_POINT('',(-0.0533152469869974,0.00158116951584817,-0.11));
#11605=CARTESIAN_POINT('',(-0.0533152469869974,-0.0114188304841518,-0.065));
#11606=CARTESIAN_POINT('',(-0.0533152469869974,-0.00841883048415183,-0.065));
#11607=CARTESIAN_POINT('',(-0.0533152469869974,-0.0105480017907649,-0.062129171306613));
#11608=CARTESIAN_POINT('',(-0.0533152469869974,-0.0259188304841518,-0.0825));
#11609=CARTESIAN_POINT('',(-0.0533152469869974,-0.000918830484151853,-0.0575));
#11610=CARTESIAN_POINT('',(-0.0533152469869974,-0.000918830484151842,-0.11));
#11611=CARTESIAN_POINT('',(-0.0533152469869974,-0.000918830484151842,-0.0525));
#11612=CARTESIAN_POINT('',(-0.0533152469869974,-0.0284188304841518,-0.08));
#11613=CARTESIAN_POINT('',(-0.0623738185584545,-0.00591883048415184,-0.0625));
#11614=CARTESIAN_POINT('',(-0.0511738185584545,-0.0114188304841518,-0.068));
#11615=CARTESIAN_POINT('',(-0.0533152469869974,-0.0114188304841519,-0.068));
#11616=CARTESIAN_POINT('',(-0.0561738185584545,-0.0114188304841518,-0.068));
#11617=CARTESIAN_POINT('',(-0.0533152469869974,-0.0259188304841518,-0.0825));
#11618=CARTESIAN_POINT('',(-0.0533152469869974,-0.0184188304841518,-0.075));
#11619=CARTESIAN_POINT('',(-0.0623738185584545,-0.0184188304841518,-0.075));
#11620=CARTESIAN_POINT('',(-0.0561738185584545,-0.0184188304841518,-0.075));
#11621=CARTESIAN_POINT('',(-0.0561738185584545,-0.0181688304841518,-0.07475));
#11622=CARTESIAN_POINT('',(-0.0623738185584545,0.0190811695158482,-0.0725));
#11623=CARTESIAN_POINT('',(-0.0511738185584545,0.0115811695158482,-0.065));
#11624=CARTESIAN_POINT('',(-0.0561738185584545,0.0115811695158482,-0.065));
#11625=CARTESIAN_POINT('',(-0.0623738185584545,0.00408116951584815,-0.0575));
#11626=CARTESIAN_POINT('',(-0.0561738185584545,0.00408116951584816,-0.0575));
#11627=CARTESIAN_POINT('',(-0.0561738185584545,0.0368311695158481,-0.09025));
#11628=CARTESIAN_POINT('',(0.0409676098700884,0.00158116951584817,-0.11));
#11629=CARTESIAN_POINT('',(0.0409676098700884,-0.0114188304841518,-0.065));
#11630=CARTESIAN_POINT('',(0.0409676098700884,-0.0105480017907649,-0.062129171306613));
#11631=CARTESIAN_POINT('',(0.0409676098700884,-0.00841883048415183,-0.065));
#11632=CARTESIAN_POINT('',(0.0409676098700884,-0.0284188304841518,-0.08));
#11633=CARTESIAN_POINT('',(0.0409676098700884,-0.00091883048415185,-0.0525));
#11634=CARTESIAN_POINT('',(0.0409676098700884,-0.000918830484151842,-0.11));
#11635=CARTESIAN_POINT('',(0.0409676098700884,-0.000918830484151853,-0.0575));
#11636=CARTESIAN_POINT('',(0.0409676098700884,-0.0259188304841518,-0.0825));
#11637=CARTESIAN_POINT('',(0.0409676098700884,0.00158116951584817,-0.11));
#11638=CARTESIAN_POINT('',(0.0409676098700884,0.0145811695158482,-0.065));
#11639=CARTESIAN_POINT('',(0.0409676098700884,0.0115811695158482,-0.065));
#11640=CARTESIAN_POINT('',(0.0409676098700884,0.0137103408224612,-0.062129171306613));
#11641=CARTESIAN_POINT('',(0.0409676098700884,0.0290811695158481,-0.0825));
#11642=CARTESIAN_POINT('',(0.0409676098700884,0.00408116951584815,-0.0575));
#11643=CARTESIAN_POINT('',(0.0409676098700884,0.00408116951584816,-0.11));
#11644=CARTESIAN_POINT('',(0.0409676098700884,0.00408116951584815,-0.0525));
#11645=CARTESIAN_POINT('',(0.0409676098700884,0.0315811695158481,-0.08));
#11646=CARTESIAN_POINT('',(-0.0623738185584545,0.0190811695158482,-0.0725));
#11647=CARTESIAN_POINT('',(0.0388261814415455,0.0145811695158482,-0.068));
#11648=CARTESIAN_POINT('',(0.0409676098700884,0.0145811695158482,-0.068));
#11649=CARTESIAN_POINT('',(0.0438261814415455,0.0145811695158482,-0.068));
#11650=CARTESIAN_POINT('',(0.0409676098700884,0.0290811695158481,-0.0825));
#11651=CARTESIAN_POINT('',(0.0409676098700884,0.0215811695158481,-0.075));
#11652=CARTESIAN_POINT('',(-0.0623738185584545,0.0215811695158481,-0.075));
#11653=CARTESIAN_POINT('',(0.0438261814415455,0.0215811695158481,-0.075));
#11654=CARTESIAN_POINT('',(0.0438261814415455,0.0190811695158482,-0.0725));
#11655=CARTESIAN_POINT('',(-0.0623738185584545,-0.00591883048415184,-0.0625));
#11656=CARTESIAN_POINT('',(0.0388261814415455,-0.00841883048415183,-0.065));
#11657=CARTESIAN_POINT('',(0.0438261814415455,-0.00841883048415183,-0.065));
#11658=CARTESIAN_POINT('',(-0.0623738185584545,-0.000918830484151842,-0.0575));
#11659=CARTESIAN_POINT('',(0.0438261814415455,-0.000918830484151842,-0.0575));
#11660=CARTESIAN_POINT('',(0.0438261814415455,-0.00591883048415184,-0.0625));
#11661=CARTESIAN_POINT('',(-0.0561738185584545,0.00158116951584817,-0.107));
#11662=CARTESIAN_POINT('',(0.0265996314585209,-0.0214188304841519,-0.107));
#11663=CARTESIAN_POINT('',(0.0295996314585209,-0.0214188304841519,-0.107));
#11664=CARTESIAN_POINT('',(0.0265996314585209,0.0245811695158481,-0.107));
#11665=CARTESIAN_POINT('',(0.0295996314585209,0.0245811695158481,-0.107));
#11666=CARTESIAN_POINT('',(-0.0434003685414791,0.0245811695158481,-0.107));
#11667=CARTESIAN_POINT('',(-0.0404003685414791,0.0245811695158481,-0.107));
#11668=CARTESIAN_POINT('',(-0.0434003685414791,-0.0214188304841518,-0.107));
#11669=CARTESIAN_POINT('',(-0.0404003685414791,-0.0214188304841518,-0.107));
#11670=CARTESIAN_POINT('',(0.0388261814415455,0.00158116951584817,-0.107));
#11671=CARTESIAN_POINT('',(0.0388261814415455,-0.000918830484151842,-0.107));
#11672=CARTESIAN_POINT('',(0.0388261814415455,0.00408116951584816,-0.107));
#11673=CARTESIAN_POINT('',(-0.0561738185584545,0.00408116951584816,-0.107));
#11674=CARTESIAN_POINT('',(0.0409676098700884,0.00408116951584816,-0.107));
#11675=CARTESIAN_POINT('',(0.0409676098700884,0.00158116951584817,-0.107));
#11676=CARTESIAN_POINT('',(0.0409676098700884,0.0260811695158482,-0.107));
#11677=CARTESIAN_POINT('',(0.0334676098700884,0.0260811695158482,-0.107));
#11678=CARTESIAN_POINT('',(0.0334676098700884,0.0335811695158481,-0.107));
#11679=CARTESIAN_POINT('',(-0.0018531043441831,0.0335811695158481,-0.107));
#11680=CARTESIAN_POINT('',(-0.0458152469869974,0.0335811695158481,-0.107));
#11681=CARTESIAN_POINT('',(-0.0458152469869974,0.0260811695158482,-0.107));
#11682=CARTESIAN_POINT('',(-0.0533152469869974,0.0260811695158482,-0.107));
#11683=CARTESIAN_POINT('',(-0.0533152469869974,0.00158116951584817,-0.107));
#11684=CARTESIAN_POINT('',(-0.0533152469869974,0.00408116951584816,-0.107));
#11685=CARTESIAN_POINT('',(-0.0561738185584545,0.00408116951584816,-0.107));
#11686=CARTESIAN_POINT('',(-0.0511738185584545,0.00408116951584816,-0.107));
#11687=CARTESIAN_POINT('',(-0.0511738185584545,0.00158116951584817,-0.107));
#11688=CARTESIAN_POINT('',(-0.0511738185584545,-0.000918830484151842,-0.107));
#11689=CARTESIAN_POINT('',(-0.0561738185584545,-0.000918830484151842,-0.107));
#11690=CARTESIAN_POINT('',(-0.0533152469869974,-0.000918830484151842,-0.107));
#11691=CARTESIAN_POINT('',(-0.0533152469869974,0.00158116951584817,-0.107));
#11692=CARTESIAN_POINT('',(-0.0533152469869974,-0.0229188304841518,-0.107));
#11693=CARTESIAN_POINT('',(-0.0458152469869974,-0.0229188304841518,-0.107));
#11694=CARTESIAN_POINT('',(-0.0458152469869974,-0.0304188304841518,-0.107));
#11695=CARTESIAN_POINT('',(-0.040494532772726,-0.0304188304841518,-0.107));
#11696=CARTESIAN_POINT('',(-0.0311738185584545,-0.0304188304841518,-0.107));
#11697=CARTESIAN_POINT('',(-0.0311738185584545,-0.0264188304841518,-0.107));
#11698=CARTESIAN_POINT('',(-0.0311738185584545,-0.0264188304841518,-0.107));
#11699=CARTESIAN_POINT('',(-0.040494532772726,-0.0264188304841518,-0.107));
#11700=CARTESIAN_POINT('',(-0.0011738185584545,-0.0264188304841518,-0.107));
#11701=CARTESIAN_POINT('',(-0.0011738185584545,-0.0264188304841518,-0.107));
#11702=CARTESIAN_POINT('',(-0.0011738185584545,-0.0304188304841518,-0.107));
#11703=CARTESIAN_POINT('',(-0.040494532772726,-0.0304188304841518,-0.107));
#11704=CARTESIAN_POINT('',(0.0334676098700884,-0.0304188304841518,-0.107));
#11705=CARTESIAN_POINT('',(0.0334676098700884,-0.0229188304841518,-0.107));
#11706=CARTESIAN_POINT('',(0.0409676098700884,-0.0229188304841518,-0.107));
#11707=CARTESIAN_POINT('',(0.0409676098700884,0.00158116951584817,-0.107));
#11708=CARTESIAN_POINT('',(0.0409676098700884,-0.000918830484151842,-0.107));
#11709=CARTESIAN_POINT('',(-0.0561738185584545,-0.000918830484151842,-0.107));
#11710=CARTESIAN_POINT('',(-0.0441896700245493,0.0215547504056902,-0.107));
#11711=CARTESIAN_POINT('',(-0.0109003685414791,0.00158116951584817,-0.107));
#11712=CARTESIAN_POINT('',(-0.0384003685414791,0.0180811695158482,-0.107));
#11713=CARTESIAN_POINT('',(-0.0441896700245493,-0.0183924113739939,-0.107));
#11714=CARTESIAN_POINT('',(-0.0384003685414792,-0.0149188304841518,-0.107));
#11715=CARTESIAN_POINT('',(-0.0384003685414791,0.00158116951584817,-0.107));
#11716=CARTESIAN_POINT('',(-0.0428661406127845,-0.0205982937269351,-0.107));
#11717=CARTESIAN_POINT('',(0.0215996314585209,0.0180811695158482,-0.107));
#11718=CARTESIAN_POINT('',(-0.0059003685414791,0.00158116951584817,-0.107));
#11719=CARTESIAN_POINT('',(0.0215996314585209,0.00158116951584817,-0.107));
#11720=CARTESIAN_POINT('',(0.0215996314585209,-0.0149188304841518,-0.107));
#11721=CARTESIAN_POINT('',(-0.0428661406127845,0.0237606327586314,-0.107));
#11722=CARTESIAN_POINT('',(-0.0441896700245493,0.0215547504056902,-0.107));
#11723=CARTESIAN_POINT('',(0.0190996314585209,-0.0164188304841518,-0.107));
#11724=CARTESIAN_POINT('',(-0.0084003685414791,8.11695158481694E-5,-0.107));
#11725=CARTESIAN_POINT('',(-0.0561738185584545,-0.0164188304841518,-0.107));
#11726=CARTESIAN_POINT('',(-0.0359003685414791,-0.0164188304841518,-0.107));
#11727=CARTESIAN_POINT('',(-0.0428661406127846,-0.0205982937269351,-0.107));
#11728=CARTESIAN_POINT('',(-0.0441896700245493,-0.0183924113739939,-0.107));
#11729=CARTESIAN_POINT('',(0.0190996314585209,0.0195811695158481,-0.107));
#11730=CARTESIAN_POINT('',(-0.0084003685414791,0.00308116951584817,-0.107));
#11731=CARTESIAN_POINT('',(-0.0428661406127846,0.0237606327586314,-0.107));
#11732=CARTESIAN_POINT('',(-0.0359003685414791,0.0195811695158481,-0.107));
#11733=CARTESIAN_POINT('',(-0.0561738185584545,0.0195811695158481,-0.107));
#11734=CARTESIAN_POINT('',(-0.00617381855845452,0.00158116951584817,-0.11));
#11735=CARTESIAN_POINT('',(0.0438261814415455,0.0170811695158481,-0.11));
#11736=CARTESIAN_POINT('',(0.0438261814415455,0.0265811695158482,-0.11));
#11737=CARTESIAN_POINT('',(0.0438261814415455,-0.0234188304841518,-0.11));
#11738=CARTESIAN_POINT('',(0.0338261814415454,-0.0234188304841518,-0.11));
#11739=CARTESIAN_POINT('',(0.0338261814415454,-0.0334188304841519,-0.11));
#11740=CARTESIAN_POINT('',(-0.00377055757171417,-0.0334188304841519,-0.11));
#11741=CARTESIAN_POINT('',(-0.0461738185584545,-0.0334188304841519,-0.11));
#11742=CARTESIAN_POINT('',(-0.0461738185584545,-0.0234188304841518,-0.11));
#11743=CARTESIAN_POINT('',(-0.0561752848993897,-0.0234188304841518,-0.11));
#11744=CARTESIAN_POINT('',(-0.0561738185584545,0.0170811695158481,-0.11));
#11745=CARTESIAN_POINT('',(-0.0561738185584545,0.0265811695158482,-0.11));
#11746=CARTESIAN_POINT('',(-0.0461738185584545,0.0265811695158482,-0.11));
#11747=CARTESIAN_POINT('',(-0.0461738185584545,0.0365811695158482,-0.11));
#11748=CARTESIAN_POINT('',(-0.00617381855845452,0.0365811695158482,-0.11));
#11749=CARTESIAN_POINT('',(0.0338261814415455,0.0365811695158482,-0.11));
#11750=CARTESIAN_POINT('',(0.0338261814415455,0.0265811695158482,-0.11));
#11751=CARTESIAN_POINT('',(0.0265996314585209,0.0245811695158481,-0.11));
#11752=CARTESIAN_POINT('',(0.0250996314585209,0.0245811695158481,-0.11));
#11753=CARTESIAN_POINT('',(-0.0434003685414791,0.0245811695158481,-0.11));
#11754=CARTESIAN_POINT('',(-0.0449003685414791,0.0245811695158481,-0.11));
#11755=CARTESIAN_POINT('',(-0.0434003685414791,-0.0214188304841518,-0.11));
#11756=CARTESIAN_POINT('',(-0.0449003685414791,-0.0214188304841518,-0.11));
#11757=CARTESIAN_POINT('',(0.0265996314585209,-0.0214188304841519,-0.11));
#11758=CARTESIAN_POINT('',(0.0250996314585209,-0.0214188304841519,-0.11));
#11759=CARTESIAN_POINT('',(-0.0384003685414791,0.00158116951584817,-0.11));
#11760=CARTESIAN_POINT('',(-0.0384003685414792,-0.0149188304841518,-0.11));
#11761=CARTESIAN_POINT('',(-0.0384003685414791,0.0180811695158482,-0.11));
#11762=CARTESIAN_POINT('',(-0.0246503685414791,-0.00666883048415183,-0.11));
#11763=CARTESIAN_POINT('',(-0.0109003685414791,0.00158116951584817,-0.11));
#11764=CARTESIAN_POINT('',(-0.0246503685414791,0.00983116951584816,-0.11));
#11765=CARTESIAN_POINT('',(0.0078496314585209,-0.00666883048415182,-0.11));
#11766=CARTESIAN_POINT('',(-0.0059003685414791,0.00158116951584817,-0.11));
#11767=CARTESIAN_POINT('',(0.0215996314585209,-0.0149188304841518,-0.11));
#11768=CARTESIAN_POINT('',(0.0215996314585209,0.00158116951584817,-0.11));
#11769=CARTESIAN_POINT('',(0.0215996314585209,0.0180811695158482,-0.11));
#11770=CARTESIAN_POINT('',(0.0078496314585209,0.00983116951584816,-0.11));
#11771=CARTESIAN_POINT('',(-0.0221503685414791,-0.00816883048415182,-0.11));
#11772=CARTESIAN_POINT('',(-0.0359003685414791,-0.0164188304841518,-0.11));
#11773=CARTESIAN_POINT('',(-0.0084003685414791,8.11695158481684E-5,-0.11));
#11774=CARTESIAN_POINT('',(-0.0084003685414791,-0.0164188304841518,-0.11));
#11775=CARTESIAN_POINT('',(0.0190996314585209,-0.0164188304841518,-0.11));
#11776=CARTESIAN_POINT('',(0.00534963145852087,-0.00816883048415181,-0.11));
#11777=CARTESIAN_POINT('',(-0.0084003685414791,0.0195811695158481,-0.11));
#11778=CARTESIAN_POINT('',(-0.0359003685414791,0.0195811695158481,-0.11));
#11779=CARTESIAN_POINT('',(0.0190996314585209,0.0195811695158481,-0.11));
#11780=CARTESIAN_POINT('',(-0.0221503685414791,0.0113311695158482,-0.11));
#11781=CARTESIAN_POINT('',(-0.0084003685414791,0.00308116951584816,-0.11));
#11782=CARTESIAN_POINT('',(0.00534963145852087,0.0113311695158481,-0.11));
#11783=CARTESIAN_POINT('',(-0.0623738185584545,-0.00591883048415183,-0.0225));
#11784=CARTESIAN_POINT('',(0.0409676098700884,-0.0459188304841518,-0.0625));
#11785=CARTESIAN_POINT('',(0.0409676098700884,-0.00091883048415184,-0.0175));
#11786=CARTESIAN_POINT('',(0.0409676098700884,-0.0184188304841518,-0.035));
#11787=CARTESIAN_POINT('',(0.0388261814415455,-0.000918830484151843,-0.0175));
#11788=CARTESIAN_POINT('',(0.0438261814415455,-0.000918830484151843,-0.0175));
#11789=CARTESIAN_POINT('',(0.0438261814415455,-0.00591883048415183,-0.0225));
#11790=CARTESIAN_POINT('',(0.0438261814415455,-0.0184188304841518,-0.035));
#11791=CARTESIAN_POINT('',(-0.0623738185584545,-0.0184188304841518,-0.035));
#11792=CARTESIAN_POINT('',(0.0409676098700884,0.00158116951584817,-0.11));
#11793=CARTESIAN_POINT('',(0.0409676098700884,-0.0114188304841518,-0.065));
#11794=CARTESIAN_POINT('',(0.0409676098700884,-0.0114188304841518,-0.068));
#11795=CARTESIAN_POINT('',(0.0409676098700884,-0.0142896591775388,-0.065870828693387));
#11796=CARTESIAN_POINT('',(0.0409676098700884,-0.0259188304841518,-0.0825));
#11797=CARTESIAN_POINT('',(0.0409676098700884,-0.0184188304841518,-0.075));
#11798=CARTESIAN_POINT('',(0.0409676098700884,-0.0184188304841518,-0.11));
#11799=CARTESIAN_POINT('',(0.0409676098700884,-0.0184188304841518,-0.09));
#11800=CARTESIAN_POINT('',(0.0409676098700884,-0.0184188304841518,-0.09));
#11801=CARTESIAN_POINT('',(0.0409676098700884,-0.000918830484151839,-0.0725));
#11802=CARTESIAN_POINT('',(0.0409676098700884,-0.000918830484151842,-0.11));
#11803=CARTESIAN_POINT('',(0.0409676098700884,-0.000918830484151841,-0.0775));
#11804=CARTESIAN_POINT('',(0.0409676098700884,-0.0159188304841518,-0.0925));
#11805=CARTESIAN_POINT('',(0.0409676098700884,-0.0184188304841518,-0.095));
#11806=CARTESIAN_POINT('',(0.0409676098700884,-0.0184188304841518,-0.11));
#11807=CARTESIAN_POINT('',(0.0409676098700884,-0.0184188304841518,-0.105));
#11808=CARTESIAN_POINT('',(0.0409676098700884,-0.00801883048415184,-0.0972));
#11809=CARTESIAN_POINT('',(0.0409676098700884,-0.000918830484151837,-0.091875));
#11810=CARTESIAN_POINT('',(0.0409676098700884,-0.000918830484151842,-0.11));
#11811=CARTESIAN_POINT('',(0.0409676098700884,-0.000918830484151842,-0.096875));
#11812=CARTESIAN_POINT('',(0.0409676098700884,-0.00561883048415183,-0.1004));
#11813=CARTESIAN_POINT('',(0.0409676098700884,-0.0117521638174852,-0.105));
#11814=CARTESIAN_POINT('',(0.0409676098700884,0.00158116951584817,-0.105));
#11815=CARTESIAN_POINT('',(0.0409676098700884,-0.000918830484151842,-0.105));
#11816=CARTESIAN_POINT('',(0.0409676098700884,-0.000918830484151842,-0.11));
#11817=CARTESIAN_POINT('',(0.0409676098700884,-0.0229188304841518,-0.11));
#11818=CARTESIAN_POINT('',(0.0409676098700884,-0.0229188304841518,-0.01));
#11819=CARTESIAN_POINT('',(0.0409676098700884,0.00158116951584817,-0.01));
#11820=CARTESIAN_POINT('',(0.0409676098700884,0.0260811695158482,-0.01));
#11821=CARTESIAN_POINT('',(0.0409676098700884,0.0260811695158482,-0.11));
#11822=CARTESIAN_POINT('',(0.0409676098700884,0.00408116951584816,-0.11));
#11823=CARTESIAN_POINT('',(0.0409676098700884,0.00408116951584816,-0.105));
#11824=CARTESIAN_POINT('',(0.0409676098700884,0.00158116951584817,-0.105));
#11825=CARTESIAN_POINT('',(0.0409676098700884,0.0149145028491815,-0.105));
#11826=CARTESIAN_POINT('',(0.0409676098700884,0.00878116951584816,-0.1004));
#11827=CARTESIAN_POINT('',(0.0409676098700884,0.00408116951584816,-0.096875));
#11828=CARTESIAN_POINT('',(0.0409676098700884,0.00408116951584816,-0.11));
#11829=CARTESIAN_POINT('',(0.0409676098700884,0.00408116951584816,-0.091875));
#11830=CARTESIAN_POINT('',(0.0409676098700884,0.0111811695158482,-0.0972));
#11831=CARTESIAN_POINT('',(0.0409676098700884,0.0215811695158481,-0.105));
#11832=CARTESIAN_POINT('',(0.0409676098700884,0.0215811695158481,-0.11));
#11833=CARTESIAN_POINT('',(0.0409676098700884,0.0215811695158481,-0.095));
#11834=CARTESIAN_POINT('',(0.0409676098700884,0.0190811695158481,-0.0925));
#11835=CARTESIAN_POINT('',(0.0409676098700884,0.00408116951584816,-0.0775));
#11836=CARTESIAN_POINT('',(0.0409676098700884,0.00408116951584816,-0.11));
#11837=CARTESIAN_POINT('',(0.0409676098700884,0.00408116951584816,-0.0725));
#11838=CARTESIAN_POINT('',(0.0409676098700884,0.0215811695158481,-0.09));
#11839=CARTESIAN_POINT('',(0.0409676098700884,0.0215811695158481,-0.09));
#11840=CARTESIAN_POINT('',(0.0409676098700884,0.0215811695158481,-0.11));
#11841=CARTESIAN_POINT('',(0.0409676098700884,0.0145811695158482,-0.065));
#11842=CARTESIAN_POINT('',(0.0409676098700884,0.0174519982092351,-0.065870828693387));
#11843=CARTESIAN_POINT('',(0.0409676098700884,0.0315811695158481,-0.08));
#11844=CARTESIAN_POINT('',(0.0409676098700884,0.0215811695158481,-0.07));
#11845=CARTESIAN_POINT('',(0.0409676098700884,0.0215811695158481,-0.11));
#11846=CARTESIAN_POINT('',(0.0409676098700884,0.0215811695158481,-0.055));
#11847=CARTESIAN_POINT('',(0.0409676098700884,0.0390811695158481,-0.0725));
#11848=CARTESIAN_POINT('',(0.0409676098700884,0.00408116951584816,-0.0375));
#11849=CARTESIAN_POINT('',(0.0409676098700884,0.00408116951584816,-0.11));
#11850=CARTESIAN_POINT('',(0.0409676098700884,0.00408116951584816,-0.0325));
#11851=CARTESIAN_POINT('',(0.0409676098700884,0.0415811695158482,-0.07));
#11852=CARTESIAN_POINT('',(0.0409676098700884,0.0215811695158481,-0.05));
#11853=CARTESIAN_POINT('',(0.0409676098700884,0.0215811695158481,-0.11));
#11854=CARTESIAN_POINT('',(0.0409676098700884,0.0215811695158481,-0.035));
#11855=CARTESIAN_POINT('',(0.0409676098700884,0.0490811695158482,-0.0625));
#11856=CARTESIAN_POINT('',(0.0409676098700884,0.00408116951584816,-0.0175));
#11857=CARTESIAN_POINT('',(0.0409676098700884,0.0490811695158482,-0.0625));
#11858=CARTESIAN_POINT('',(0.0409676098700884,0.00158116951584817,-0.015));
#11859=CARTESIAN_POINT('',(0.0409676098700884,-0.0459188304841518,-0.0625));
#11860=CARTESIAN_POINT('',(0.0409676098700884,-0.0184188304841518,-0.11));
#11861=CARTESIAN_POINT('',(0.0409676098700884,-0.0184188304841518,-0.05));
#11862=CARTESIAN_POINT('',(0.0409676098700884,-0.0384188304841519,-0.07));
#11863=CARTESIAN_POINT('',(0.0409676098700884,-0.000918830484151832,-0.0325));
#11864=CARTESIAN_POINT('',(0.0409676098700884,-0.000918830484151842,-0.11));
#11865=CARTESIAN_POINT('',(0.0409676098700884,-0.000918830484151844,-0.0375));
#11866=CARTESIAN_POINT('',(0.0409676098700884,-0.0359188304841518,-0.0725));
#11867=CARTESIAN_POINT('',(0.0409676098700884,-0.0184188304841518,-0.055));
#11868=CARTESIAN_POINT('',(0.0409676098700884,-0.0184188304841518,-0.11));
#11869=CARTESIAN_POINT('',(0.0409676098700884,-0.0184188304841518,-0.07));
#11870=CARTESIAN_POINT('',(0.0409676098700884,-0.0284188304841518,-0.08));
#11871=CARTESIAN_POINT('',(-0.0623738185584545,0.00824783618251484,-0.1));
#11872=CARTESIAN_POINT('',(0.0438261814415455,0.00824783618251484,-0.1));
#11873=CARTESIAN_POINT('',(0.0438261814415455,0.00408116951584816,-0.096875));
#11874=CARTESIAN_POINT('',(0.0438261814415455,0.0149145028491815,-0.105));
#11875=CARTESIAN_POINT('',(-0.0623738185584545,0.00408116951584816,-0.096875));
#11876=CARTESIAN_POINT('',(-0.0623738185584545,0.0149145028491815,-0.105));
#11877=CARTESIAN_POINT('',(-0.0623738185584545,0.00158116951584817,-0.105));
#11878=CARTESIAN_POINT('',(-0.0623738185584545,0.00408116951584816,-0.105));
#11879=CARTESIAN_POINT('',(0.0438261814415455,0.00408116951584816,-0.105));
#11880=CARTESIAN_POINT('',(0.0438261814415455,0.00158116951584817,-0.105));
#11881=CARTESIAN_POINT('',(-0.0623738185584545,0.0190811695158481,-0.0525));
#11882=CARTESIAN_POINT('',(0.0438261814415455,0.0190811695158481,-0.0525));
#11883=CARTESIAN_POINT('',(0.0438261814415455,0.00408116951584816,-0.0375));
#11884=CARTESIAN_POINT('',(0.0438261814415455,0.0215811695158481,-0.055));
#11885=CARTESIAN_POINT('',(-0.0623738185584545,0.00408116951584815,-0.0375));
#11886=CARTESIAN_POINT('',(-0.0623738185584545,0.0215811695158481,-0.055));
#11887=CARTESIAN_POINT('',(-0.0623738185584545,0.0115811695158482,-0.04));
#11888=CARTESIAN_POINT('',(-0.0623738185584545,0.00408116951584816,-0.0325));
#11889=CARTESIAN_POINT('',(0.0438261814415455,0.00408116951584816,-0.0325));
#11890=CARTESIAN_POINT('',(0.0438261814415455,0.0115811695158482,-0.04));
#11891=CARTESIAN_POINT('',(0.0438261814415455,0.0215811695158481,-0.05));
#11892=CARTESIAN_POINT('',(-0.0623738185584545,0.0215811695158481,-0.05));
#11893=CARTESIAN_POINT('',(-0.0623738185584545,0.0115811695158482,-0.0975));
#11894=CARTESIAN_POINT('',(-0.0623738185584545,0.00408116951584816,-0.091875));
#11895=CARTESIAN_POINT('',(0.0438261814415455,0.00408116951584816,-0.091875));
#11896=CARTESIAN_POINT('',(0.0438261814415455,0.0115811695158482,-0.0975));
#11897=CARTESIAN_POINT('',(0.0438261814415455,0.0215811695158481,-0.105));
#11898=CARTESIAN_POINT('',(-0.0623738185584545,0.0215811695158481,-0.105));
#11899=CARTESIAN_POINT('',(-0.0623738185584545,0.0190811695158482,-0.0925));
#11900=CARTESIAN_POINT('',(0.0438261814415455,0.0190811695158482,-0.0925));
#11901=CARTESIAN_POINT('',(0.0438261814415455,0.00408116951584816,-0.0775));
#11902=CARTESIAN_POINT('',(0.0438261814415455,0.0215811695158481,-0.095));
#11903=CARTESIAN_POINT('',(-0.0623738185584545,0.00408116951584816,-0.0775));
#11904=CARTESIAN_POINT('',(-0.0623738185584545,0.0215811695158481,-0.095));
#11905=CARTESIAN_POINT('',(-0.0623738185584545,0.0115811695158482,-0.08));
#11906=CARTESIAN_POINT('',(-0.0623738185584545,0.00408116951584816,-0.0725));
#11907=CARTESIAN_POINT('',(0.0438261814415455,0.00408116951584816,-0.0725));
#11908=CARTESIAN_POINT('',(0.0438261814415455,0.0115811695158482,-0.08));
#11909=CARTESIAN_POINT('',(0.0438261814415455,0.0215811695158481,-0.09));
#11910=CARTESIAN_POINT('',(-0.0623738185584545,0.0215811695158481,-0.09));
#11911=CARTESIAN_POINT('',(-0.0623738185584545,0.0190811695158482,-0.0725));
#11912=CARTESIAN_POINT('',(0.0388261814415455,0.0115811695158482,-0.065));
#11913=CARTESIAN_POINT('',(0.0438261814415455,0.0115811695158482,-0.065));
#11914=CARTESIAN_POINT('',(0.0438261814415455,0.0190811695158482,-0.0725));
#11915=CARTESIAN_POINT('',(0.0438261814415455,0.00408116951584815,-0.0575));
#11916=CARTESIAN_POINT('',(-0.0623738185584545,0.00408116951584815,-0.0575));
#11917=CARTESIAN_POINT('',(-0.0623738185584545,0.0115811695158482,-0.06));
#11918=CARTESIAN_POINT('',(0.0438261814415455,0.0115811695158482,-0.06));
#11919=CARTESIAN_POINT('',(0.0438261814415455,0.00408116951584815,-0.0525));
#11920=CARTESIAN_POINT('',(0.0438261814415455,0.0137103408224612,-0.062129171306613));
#11921=CARTESIAN_POINT('',(0.0388261814415455,0.0137103408224612,-0.062129171306613));
#11922=CARTESIAN_POINT('',(-0.0623738185584545,0.00408116951584815,-0.0525));
#11923=CARTESIAN_POINT('',(-0.0623738185584545,0.00908116951584817,-0.0225));
#11924=CARTESIAN_POINT('',(-0.0533152469869974,0.0490811695158482,-0.0625));
#11925=CARTESIAN_POINT('',(-0.0533152469869974,0.00408116951584816,-0.0175));
#11926=CARTESIAN_POINT('',(-0.0533152469869974,0.0215811695158481,-0.035));
#11927=CARTESIAN_POINT('',(-0.0511738185584545,0.00408116951584816,-0.0175));
#11928=CARTESIAN_POINT('',(-0.0561738185584545,0.00408116951584816,-0.0175));
#11929=CARTESIAN_POINT('',(-0.0561738185584545,0.0568311695158482,-0.07025));
#11930=CARTESIAN_POINT('',(-0.0561738185584545,0.0215811695158481,-0.035));
#11931=CARTESIAN_POINT('',(-0.0623738185584545,0.0215811695158481,-0.035));
#11932=CARTESIAN_POINT('',(-0.0533152469869974,0.00158116951584817,-0.11));
#11933=CARTESIAN_POINT('',(-0.0533152469869974,0.0145811695158482,-0.065));
#11934=CARTESIAN_POINT('',(-0.0533152469869974,0.0145811695158482,-0.068));
#11935=CARTESIAN_POINT('',(-0.0533152469869974,0.0174519982092351,-0.065870828693387));
#11936=CARTESIAN_POINT('',(-0.0533152469869974,0.0290811695158481,-0.0825));
#11937=CARTESIAN_POINT('',(-0.0533152469869974,0.0215811695158481,-0.075));
#11938=CARTESIAN_POINT('',(-0.0533152469869974,0.0215811695158481,-0.11));
#11939=CARTESIAN_POINT('',(-0.0533152469869974,0.0215811695158481,-0.09));
#11940=CARTESIAN_POINT('',(-0.0533152469869974,0.0215811695158481,-0.09));
#11941=CARTESIAN_POINT('',(-0.0533152469869974,0.00408116951584815,-0.0725));
#11942=CARTESIAN_POINT('',(-0.0533152469869974,0.00408116951584816,-0.11));
#11943=CARTESIAN_POINT('',(-0.0533152469869974,0.00408116951584816,-0.0775));
#11944=CARTESIAN_POINT('',(-0.0533152469869974,0.0190811695158481,-0.0925));
#11945=CARTESIAN_POINT('',(-0.0533152469869974,0.0215811695158481,-0.095));
#11946=CARTESIAN_POINT('',(-0.0533152469869974,0.0215811695158481,-0.11));
#11947=CARTESIAN_POINT('',(-0.0533152469869974,0.0215811695158481,-0.105));
#11948=CARTESIAN_POINT('',(-0.0533152469869974,0.0111811695158482,-0.0972));
#11949=CARTESIAN_POINT('',(-0.0533152469869974,0.00408116951584816,-0.091875));
#11950=CARTESIAN_POINT('',(-0.0533152469869974,0.00408116951584816,-0.11));
#11951=CARTESIAN_POINT('',(-0.0533152469869974,0.00408116951584816,-0.096875));
#11952=CARTESIAN_POINT('',(-0.0533152469869974,0.00878116951584816,-0.1004));
#11953=CARTESIAN_POINT('',(-0.0533152469869974,0.0149145028491815,-0.105));
#11954=CARTESIAN_POINT('',(-0.0533152469869974,0.00158116951584817,-0.105));
#11955=CARTESIAN_POINT('',(-0.0533152469869974,0.00408116951584816,-0.105));
#11956=CARTESIAN_POINT('',(-0.0533152469869974,0.00408116951584816,-0.11));
#11957=CARTESIAN_POINT('',(-0.0533152469869974,0.0260811695158482,-0.11));
#11958=CARTESIAN_POINT('',(-0.0533152469869974,0.0260811695158482,-0.01));
#11959=CARTESIAN_POINT('',(-0.0533152469869974,0.00158116951584817,-0.01));
#11960=CARTESIAN_POINT('',(-0.0533152469869974,-0.0229188304841518,-0.01));
#11961=CARTESIAN_POINT('',(-0.0533152469869974,-0.0229188304841518,-0.11));
#11962=CARTESIAN_POINT('',(-0.0533152469869974,-0.000918830484151842,-0.11));
#11963=CARTESIAN_POINT('',(-0.0533152469869974,-0.000918830484151842,-0.105));
#11964=CARTESIAN_POINT('',(-0.0533152469869974,0.00158116951584817,-0.105));
#11965=CARTESIAN_POINT('',(-0.0533152469869974,-0.0117521638174852,-0.105));
#11966=CARTESIAN_POINT('',(-0.0533152469869974,-0.00561883048415183,-0.1004));
#11967=CARTESIAN_POINT('',(-0.0533152469869974,-0.000918830484151842,-0.096875));
#11968=CARTESIAN_POINT('',(-0.0533152469869974,-0.000918830484151842,-0.11));
#11969=CARTESIAN_POINT('',(-0.0533152469869974,-0.000918830484151843,-0.091875));
#11970=CARTESIAN_POINT('',(-0.0533152469869974,-0.00801883048415184,-0.0972));
#11971=CARTESIAN_POINT('',(-0.0533152469869974,-0.0184188304841518,-0.105));
#11972=CARTESIAN_POINT('',(-0.0533152469869974,-0.0184188304841518,-0.11));
#11973=CARTESIAN_POINT('',(-0.0533152469869974,-0.0184188304841518,-0.095));
#11974=CARTESIAN_POINT('',(-0.0533152469869974,-0.0159188304841518,-0.0925));
#11975=CARTESIAN_POINT('',(-0.0533152469869974,-0.000918830484151841,-0.0775));
#11976=CARTESIAN_POINT('',(-0.0533152469869974,-0.000918830484151842,-0.11));
#11977=CARTESIAN_POINT('',(-0.0533152469869974,-0.000918830484151842,-0.0725));
#11978=CARTESIAN_POINT('',(-0.0533152469869974,-0.0184188304841518,-0.09));
#11979=CARTESIAN_POINT('',(-0.0533152469869974,-0.0184188304841518,-0.09));
#11980=CARTESIAN_POINT('',(-0.0533152469869974,-0.0184188304841518,-0.11));
#11981=CARTESIAN_POINT('',(-0.0533152469869974,-0.0114188304841518,-0.065));
#11982=CARTESIAN_POINT('',(-0.0533152469869974,-0.0142896591775388,-0.065870828693387));
#11983=CARTESIAN_POINT('',(-0.0533152469869974,-0.0284188304841518,-0.08));
#11984=CARTESIAN_POINT('',(-0.0533152469869974,-0.0184188304841518,-0.07));
#11985=CARTESIAN_POINT('',(-0.0533152469869974,-0.0184188304841518,-0.11));
#11986=CARTESIAN_POINT('',(-0.0533152469869974,-0.0184188304841518,-0.055));
#11987=CARTESIAN_POINT('',(-0.0533152469869974,-0.0359188304841518,-0.0725));
#11988=CARTESIAN_POINT('',(-0.0533152469869974,-0.000918830484151844,-0.0375));
#11989=CARTESIAN_POINT('',(-0.0533152469869974,-0.000918830484151842,-0.11));
#11990=CARTESIAN_POINT('',(-0.0533152469869974,-0.000918830484151842,-0.0325));
#11991=CARTESIAN_POINT('',(-0.0533152469869974,-0.0384188304841519,-0.07));
#11992=CARTESIAN_POINT('',(-0.0533152469869974,-0.0184188304841518,-0.05));
#11993=CARTESIAN_POINT('',(-0.0533152469869974,-0.0184188304841518,-0.11));
#11994=CARTESIAN_POINT('',(-0.0533152469869974,-0.0184188304841518,-0.035));
#11995=CARTESIAN_POINT('',(-0.0533152469869974,-0.0459188304841518,-0.0625));
#11996=CARTESIAN_POINT('',(-0.0533152469869974,-0.000918830484151841,-0.0175));
#11997=CARTESIAN_POINT('',(-0.0533152469869974,-0.0459188304841518,-0.0625));
#11998=CARTESIAN_POINT('',(-0.0533152469869974,0.00158116951584818,-0.015));
#11999=CARTESIAN_POINT('',(-0.0533152469869974,0.0490811695158482,-0.0625));
#12000=CARTESIAN_POINT('',(-0.0533152469869974,0.0215811695158481,-0.11));
#12001=CARTESIAN_POINT('',(-0.0533152469869974,0.0215811695158481,-0.05));
#12002=CARTESIAN_POINT('',(-0.0533152469869974,0.0415811695158482,-0.07));
#12003=CARTESIAN_POINT('',(-0.0533152469869974,0.00408116951584817,-0.0325));
#12004=CARTESIAN_POINT('',(-0.0533152469869974,0.00408116951584816,-0.11));
#12005=CARTESIAN_POINT('',(-0.0533152469869974,0.00408116951584816,-0.0375));
#12006=CARTESIAN_POINT('',(-0.0533152469869974,0.0390811695158481,-0.0725));
#12007=CARTESIAN_POINT('',(-0.0533152469869974,0.0215811695158481,-0.055));
#12008=CARTESIAN_POINT('',(-0.0533152469869974,0.0215811695158481,-0.11));
#12009=CARTESIAN_POINT('',(-0.0533152469869974,0.0215811695158481,-0.07));
#12010=CARTESIAN_POINT('',(-0.0533152469869974,0.0315811695158481,-0.08));
#12011=CARTESIAN_POINT('',(-0.0623738185584545,-0.0050854971508185,-0.1));
#12012=CARTESIAN_POINT('',(-0.0561738185584545,0.00430116951584818,-0.09296));
#12013=CARTESIAN_POINT('',(-0.0561738185584545,-0.000918830484151842,-0.096875));
#12014=CARTESIAN_POINT('',(-0.0561738185584545,-0.0117521638174852,-0.105));
#12015=CARTESIAN_POINT('',(-0.0623738185584545,-0.000918830484151842,-0.096875));
#12016=CARTESIAN_POINT('',(-0.0623738185584545,-0.0117521638174852,-0.105));
#12017=CARTESIAN_POINT('',(-0.0623738185584545,0.00158116951584817,-0.105));
#12018=CARTESIAN_POINT('',(-0.0623738185584545,-0.000918830484151842,-0.105));
#12019=CARTESIAN_POINT('',(-0.0561738185584545,-0.000918830484151842,-0.105));
#12020=CARTESIAN_POINT('',(-0.0561738185584545,0.0170811695158481,-0.105));
#12021=CARTESIAN_POINT('',(-0.0623738185584545,-0.00591883048415183,-0.0425));
#12022=CARTESIAN_POINT('',(-0.0561738185584545,-0.0281688304841518,-0.06475));
#12023=CARTESIAN_POINT('',(-0.0561738185584545,-0.000918830484151842,-0.0375));
#12024=CARTESIAN_POINT('',(-0.0561738185584545,-0.0184188304841518,-0.055));
#12025=CARTESIAN_POINT('',(-0.0623738185584545,-0.000918830484151842,-0.0375));
#12026=CARTESIAN_POINT('',(-0.0623738185584545,-0.0184188304841518,-0.055));
#12027=CARTESIAN_POINT('',(-0.0623738185584545,-0.00841883048415184,-0.06));
#12028=CARTESIAN_POINT('',(-0.0561738185584545,-0.0206688304841518,-0.07225));
#12029=CARTESIAN_POINT('',(-0.0561738185584545,-0.000918830484151842,-0.0525));
#12030=CARTESIAN_POINT('',(-0.0561738185584545,-0.0105480017907649,-0.062129171306613));
#12031=CARTESIAN_POINT('',(-0.0511738185584545,-0.0105480017907649,-0.062129171306613));
#12032=CARTESIAN_POINT('',(-0.0623738185584545,-0.000918830484151842,-0.0525));
#12033=CARTESIAN_POINT('',(-0.0623738185584545,-0.00841883048415184,-0.04));
#12034=CARTESIAN_POINT('',(-0.0623738185584545,-0.000918830484151842,-0.0325));
#12035=CARTESIAN_POINT('',(-0.0561738185584545,-0.000918830484151842,-0.0325));
#12036=CARTESIAN_POINT('',(-0.0561738185584545,-0.0306688304841518,-0.06225));
#12037=CARTESIAN_POINT('',(-0.0561738185584545,-0.0184188304841518,-0.05));
#12038=CARTESIAN_POINT('',(-0.0623738185584545,-0.0184188304841518,-0.05));
#12039=CARTESIAN_POINT('',(-0.0623738185584545,-0.0159188304841518,-0.0925));
#12040=CARTESIAN_POINT('',(-0.0561738185584545,-0.00816883048415181,-0.08475));
#12041=CARTESIAN_POINT('',(-0.0561738185584545,-0.000918830484151842,-0.0775));
#12042=CARTESIAN_POINT('',(-0.0561738185584545,-0.0184188304841518,-0.095));
#12043=CARTESIAN_POINT('',(-0.0623738185584545,-0.000918830484151843,-0.0775));
#12044=CARTESIAN_POINT('',(-0.0623738185584545,-0.0184188304841518,-0.095));
#12045=CARTESIAN_POINT('',(-0.0623738185584545,-0.00841883048415184,-0.0975));
#12046=CARTESIAN_POINT('',(-0.0623738185584545,-0.000918830484151843,-0.091875));
#12047=CARTESIAN_POINT('',(-0.0561738185584545,-0.000918830484151842,-0.091875));
#12048=CARTESIAN_POINT('',(-0.0561738185584545,0.00190116951584816,-0.08976));
#12049=CARTESIAN_POINT('',(-0.0561738185584545,-0.0184188304841518,-0.105));
#12050=CARTESIAN_POINT('',(-0.0623738185584545,-0.0184188304841518,-0.105));
#12051=CARTESIAN_POINT('',(-0.0623738185584545,-0.00591883048415184,-0.0625));
#12052=CARTESIAN_POINT('',(-0.0511738185584545,-0.00841883048415183,-0.065));
#12053=CARTESIAN_POINT('',(-0.0561738185584545,-0.00841883048415183,-0.065));
#12054=CARTESIAN_POINT('',(-0.0561738185584545,-0.0181688304841518,-0.07475));
#12055=CARTESIAN_POINT('',(-0.0561738185584545,-0.000918830484151842,-0.0575));
#12056=CARTESIAN_POINT('',(-0.0623738185584545,-0.000918830484151842,-0.0575));
#12057=CARTESIAN_POINT('',(-0.0623738185584545,-0.00841883048415183,-0.08));
#12058=CARTESIAN_POINT('',(-0.0623738185584545,-0.000918830484151842,-0.0725));
#12059=CARTESIAN_POINT('',(-0.0561738185584545,-0.000918830484151842,-0.0725));
#12060=CARTESIAN_POINT('',(-0.0561738185584545,-0.0106688304841518,-0.08225));
#12061=CARTESIAN_POINT('',(-0.0561738185584545,-0.0184188304841518,-0.09));
#12062=CARTESIAN_POINT('',(-0.0623738185584545,-0.0184188304841518,-0.09));
#12063=CARTESIAN_POINT('',(-0.0561738185584545,0.0170811695158481,-0.11));
#12064=CARTESIAN_POINT('',(-0.0561738185584545,0.0393311695158481,-0.08775));
#12065=CARTESIAN_POINT('',(-0.0561738185584545,0.0137103408224612,-0.062129171306613));
#12066=CARTESIAN_POINT('',(-0.0561738185584545,0.00408116951584816,-0.0525));
#12067=CARTESIAN_POINT('',(-0.0561738185584545,0.0145811695158482,-0.065));
#12068=CARTESIAN_POINT('',(-0.0561738185584545,0.0174519982092351,-0.065870828693387));
#12069=CARTESIAN_POINT('',(-0.0561738185584545,0.0393311695158481,-0.08775));
#12070=CARTESIAN_POINT('',(-0.0561738185584545,0.0215811695158481,-0.07));
#12071=CARTESIAN_POINT('',(-0.0561738185584545,0.0215811695158481,-0.11));
#12072=CARTESIAN_POINT('',(-0.0561738185584545,0.0215811695158481,-0.055));
#12073=CARTESIAN_POINT('',(-0.0561738185584545,0.0468311695158482,-0.08025));
#12074=CARTESIAN_POINT('',(-0.0561738185584545,0.00408116951584816,-0.0375));
#12075=CARTESIAN_POINT('',(-0.0561738185584545,0.00408116951584816,-0.05));
#12076=CARTESIAN_POINT('',(-0.0561738185584545,0.0368311695158481,-0.09025));
#12077=CARTESIAN_POINT('',(-0.0561738185584545,0.0215811695158481,-0.075));
#12078=CARTESIAN_POINT('',(-0.0561738185584545,0.0145811695158482,-0.068));
#12079=CARTESIAN_POINT('',(-0.0561738185584545,0.0145811695158482,-0.065));
#12080=CARTESIAN_POINT('',(-0.0561738185584545,0.00408116951584816,-0.05));
#12081=CARTESIAN_POINT('',(-0.0561738185584545,0.00408116951584816,-0.0725));
#12082=CARTESIAN_POINT('',(-0.0561738185584545,0.0293311695158481,-0.09775));
#12083=CARTESIAN_POINT('',(-0.0561738185584545,0.0215811695158481,-0.09));
#12084=CARTESIAN_POINT('',(-0.0561738185584545,0.0215811695158481,-0.11));
#12085=CARTESIAN_POINT('',(-0.0561738185584545,-0.0114188304841518,-0.065));
#12086=CARTESIAN_POINT('',(-0.0561738185584545,-0.0114188304841518,-0.06295));
#12087=CARTESIAN_POINT('',(-0.0561738185584545,-0.0114188304841518,-0.065));
#12088=CARTESIAN_POINT('',(-0.0561738185584545,-0.0184188304841518,-0.11));
#12089=CARTESIAN_POINT('',(-0.0561738185584545,-0.000918830484151842,-0.05));
#12090=CARTESIAN_POINT('',(-0.0561738185584545,0.0145811695158482,-0.065));
#12091=CARTESIAN_POINT('',(-0.0561738185584545,0.0145811695158482,-0.06295));
#12092=CARTESIAN_POINT('',(-0.0561738185584545,-0.0114188304841518,-0.065));
#12093=CARTESIAN_POINT('',(-0.0561738185584545,-0.0142896591775388,-0.065870828693387));
#12094=CARTESIAN_POINT('',(-0.0561738185584545,-0.000918830484151842,-0.05));
#12095=CARTESIAN_POINT('',(-0.0561738185584545,-0.0184188304841518,-0.11));
#12096=CARTESIAN_POINT('',(-0.0561738185584545,-0.0184188304841518,-0.07));
#12097=CARTESIAN_POINT('',(-0.0561738185584545,-0.0206688304841518,-0.07225));
#12098=CARTESIAN_POINT('',(-0.0561738185584545,-0.000918830484151842,-0.05));
#12099=CARTESIAN_POINT('',(-0.0561738185584545,-0.000918830484151841,-0.0175));
#12100=CARTESIAN_POINT('',(-0.0561738185584545,-0.0381688304841519,-0.05475));
#12101=CARTESIAN_POINT('',(-0.0561738185584545,-0.0184188304841518,-0.035));
#12102=CARTESIAN_POINT('',(-0.0561738185584545,-0.0184188304841518,-0.11));
#12103=CARTESIAN_POINT('',(-0.0561738185584545,-0.000918830484151842,-0.05));
#12104=CARTESIAN_POINT('',(-0.0561738185584545,0.00408116951584816,-0.05));
#12105=CARTESIAN_POINT('',(-0.0561738185584545,0.00408116951584816,-0.0325));
#12106=CARTESIAN_POINT('',(-0.0561738185584545,0.0493311695158482,-0.07775));
#12107=CARTESIAN_POINT('',(-0.0561738185584545,0.0215811695158481,-0.05));
#12108=CARTESIAN_POINT('',(-0.0561738185584545,0.0215811695158481,-0.11));
#12109=CARTESIAN_POINT('',(-0.0561738185584545,-0.000918830484151842,-0.05));
#12110=CARTESIAN_POINT('',(-0.0561738185584545,-0.0184188304841518,-0.11));
#12111=CARTESIAN_POINT('',(-0.0561738185584545,0.0268311695158482,-0.10025));
#12112=CARTESIAN_POINT('',(-0.0561738185584545,0.0215811695158481,-0.095));
#12113=CARTESIAN_POINT('',(-0.0561738185584545,0.00408116951584816,-0.0775));
#12114=CARTESIAN_POINT('',(-0.0561738185584545,0.00408116951584816,-0.05));
#12115=CARTESIAN_POINT('',(-0.0561738185584545,0.00408116951584816,-0.091875));
#12116=CARTESIAN_POINT('',(-0.0561738185584545,0.0211011695158481,-0.10464));
#12117=CARTESIAN_POINT('',(-0.0561738185584545,0.0215811695158481,-0.105));
#12118=CARTESIAN_POINT('',(-0.0561738185584545,0.0215811695158481,-0.11));
#12119=CARTESIAN_POINT('',(-0.0561738185584545,0.0187011695158481,-0.10784));
#12120=CARTESIAN_POINT('',(-0.0561738185584545,0.0149145028491815,-0.105));
#12121=CARTESIAN_POINT('',(-0.0561738185584545,0.00408116951584816,-0.096875));
#12122=CARTESIAN_POINT('',(-0.0561738185584545,0.00408116951584816,-0.05));
#12123=CARTESIAN_POINT('',(-0.0561738185584545,0.00408116951584816,-0.105));
#12124=CARTESIAN_POINT('',(-0.0561738185584545,0.0170811695158481,-0.105));
#12125=CARTESIAN_POINT('',(-0.0561738185584545,-0.0234188304841518,-0.11));
#12126=CARTESIAN_POINT('',(-0.0561738185584545,-0.0234188304841518,0.015));
#12127=CARTESIAN_POINT('',(-0.0561738185584545,0.0170811695158481,0.015));
#12128=CARTESIAN_POINT('',(-0.0561738185584545,0.0265811695158482,0.015));
#12129=CARTESIAN_POINT('',(-0.0561738185584545,0.0265811695158482,-0.11));
#12130=CARTESIAN_POINT('',(0.0438261814415455,0.0170811695158481,-0.11));
#12131=CARTESIAN_POINT('',(0.0438261814415455,-0.00841883048415184,-0.06));
#12132=CARTESIAN_POINT('',(0.0438261814415455,-0.0105480017907649,-0.062129171306613));
#12133=CARTESIAN_POINT('',(0.0438261814415455,-0.000918830484151844,-0.0525));
#12134=CARTESIAN_POINT('',(0.0438261814415455,-0.0114188304841518,-0.065));
#12135=CARTESIAN_POINT('',(0.0438261814415455,-0.0142896591775388,-0.065870828693387));
#12136=CARTESIAN_POINT('',(0.0438261814415455,-0.00841883048415184,-0.06));
#12137=CARTESIAN_POINT('',(0.0438261814415455,-0.0184188304841518,-0.07));
#12138=CARTESIAN_POINT('',(0.0438261814415455,-0.0184188304841518,-0.0625));
#12139=CARTESIAN_POINT('',(0.0438261814415455,-0.0184188304841518,-0.055));
#12140=CARTESIAN_POINT('',(0.0438261814415455,-0.00591883048415183,-0.0425));
#12141=CARTESIAN_POINT('',(0.0438261814415455,-0.000918830484151842,-0.0375));
#12142=CARTESIAN_POINT('',(0.0438261814415455,-0.000918830484151842,-0.05));
#12143=CARTESIAN_POINT('',(0.0438261814415455,-0.0114188304841518,-0.065));
#12144=CARTESIAN_POINT('',(0.0438261814415455,-0.0114188304841518,-0.06705));
#12145=CARTESIAN_POINT('',(0.0438261814415455,0.0115811695158482,-0.06));
#12146=CARTESIAN_POINT('',(0.0438261814415455,0.0174519982092351,-0.065870828693387));
#12147=CARTESIAN_POINT('',(0.0438261814415455,0.0215811695158481,-0.07));
#12148=CARTESIAN_POINT('',(0.0438261814415455,0.0145811695158482,-0.065));
#12149=CARTESIAN_POINT('',(0.0438261814415455,0.00408116951584816,-0.05));
#12150=CARTESIAN_POINT('',(0.0438261814415455,0.0215811695158481,-0.0625));
#12151=CARTESIAN_POINT('',(0.0438261814415455,0.0145811695158482,-0.065));
#12152=CARTESIAN_POINT('',(0.0438261814415455,0.0145811695158482,-0.06705));
#12153=CARTESIAN_POINT('',(0.0438261814415455,0.0145811695158482,-0.065));
#12154=CARTESIAN_POINT('',(0.0438261814415455,0.0215811695158481,-0.0825));
#12155=CARTESIAN_POINT('',(0.0438261814415455,0.00408116951584816,-0.05));
#12156=CARTESIAN_POINT('',(0.0438261814415455,0.00408116951584816,-0.05));
#12157=CARTESIAN_POINT('',(0.0438261814415455,0.00408116951584816,-0.0175));
#12158=CARTESIAN_POINT('',(0.0438261814415455,0.00908116951584817,-0.0225));
#12159=CARTESIAN_POINT('',(0.0438261814415455,0.0215811695158481,-0.035));
#12160=CARTESIAN_POINT('',(0.0438261814415455,0.0215811695158481,-0.0425));
#12161=CARTESIAN_POINT('',(0.0438261814415455,-0.000918830484151842,-0.05));
#12162=CARTESIAN_POINT('',(0.0438261814415455,-0.000918830484151842,-0.0325));
#12163=CARTESIAN_POINT('',(0.0438261814415455,-0.00841883048415184,-0.04));
#12164=CARTESIAN_POINT('',(0.0438261814415455,-0.0184188304841518,-0.05));
#12165=CARTESIAN_POINT('',(0.0438261814415455,-0.0184188304841518,-0.0425));
#12166=CARTESIAN_POINT('',(0.0438261814415455,0.00408116951584816,-0.05));
#12167=CARTESIAN_POINT('',(0.0438261814415455,0.00408116951584816,-0.05));
#12168=CARTESIAN_POINT('',(0.0438261814415455,0.0215811695158481,-0.1));
#12169=CARTESIAN_POINT('',(0.0438261814415455,-0.000918830484151842,-0.05));
#12170=CARTESIAN_POINT('',(0.0438261814415455,-0.000918830484151842,-0.0775));
#12171=CARTESIAN_POINT('',(0.0438261814415455,-0.000918830484151842,-0.091875));
#12172=CARTESIAN_POINT('',(0.0438261814415455,-0.00841883048415184,-0.0975));
#12173=CARTESIAN_POINT('',(0.0438261814415455,-0.0184188304841518,-0.105));
#12174=CARTESIAN_POINT('',(0.0438261814415455,-0.0184188304841518,-0.1));
#12175=CARTESIAN_POINT('',(0.0438261814415455,-0.0184188304841518,-0.095));
#12176=CARTESIAN_POINT('',(0.0438261814415455,-0.0159188304841518,-0.0925));
#12177=CARTESIAN_POINT('',(0.0438261814415455,-0.0050854971508185,-0.1));
#12178=CARTESIAN_POINT('',(0.0438261814415455,-0.0117521638174852,-0.105));
#12179=CARTESIAN_POINT('',(0.0438261814415455,-0.000918830484151842,-0.096875));
#12180=CARTESIAN_POINT('',(0.0438261814415455,-0.000918830484151842,-0.05));
#12181=CARTESIAN_POINT('',(0.0438261814415455,-0.000918830484151842,-0.105));
#12182=CARTESIAN_POINT('',(0.0438261814415455,0.00158116951584817,-0.105));
#12183=CARTESIAN_POINT('',(0.0438261814415455,-0.0234188304841518,-0.11));
#12184=CARTESIAN_POINT('',(0.0438261814415455,-0.0234188304841518,0.015));
#12185=CARTESIAN_POINT('',(0.0438261814415455,0.0265811695158482,-0.11));
#12186=CARTESIAN_POINT('',(0.0438261814415455,0.0265811695158482,0.015));
#12187=CARTESIAN_POINT('',(0.0438261814415455,0.0170811695158481,0.015));
#12188=CARTESIAN_POINT('',(0.0438261814415455,-0.00591883048415184,-0.0625));
#12189=CARTESIAN_POINT('',(0.0438261814415455,-0.0184188304841518,-0.075));
#12190=CARTESIAN_POINT('',(0.0438261814415455,-0.0114188304841518,-0.068));
#12191=CARTESIAN_POINT('',(0.0438261814415455,-0.0114188304841518,-0.065));
#12192=CARTESIAN_POINT('',(0.0438261814415455,-0.000918830484151842,-0.05));
#12193=CARTESIAN_POINT('',(0.0438261814415455,-0.000918830484151842,-0.0725));
#12194=CARTESIAN_POINT('',(0.0438261814415455,-0.00841883048415183,-0.08));
#12195=CARTESIAN_POINT('',(0.0438261814415455,-0.0184188304841518,-0.09));
#12196=CARTESIAN_POINT('',(0.0438261814415455,-0.0184188304841518,-0.0825));
#12197=CARTESIAN_POINT('',(-0.00617381855845452,-0.0334188304841519,-0.11));
#12198=CARTESIAN_POINT('',(-0.0161738185584545,-0.0334188304841519,-0.05));
#12199=CARTESIAN_POINT('',(-0.0161738185584545,-0.0334188304841519,-0.061));
#12200=CARTESIAN_POINT('',(-0.0161738185584545,-0.0334188304841519,-0.05));
#12201=CARTESIAN_POINT('',(-0.0186816105497823,-0.0334188304841519,-0.0621473097093302));
#12202=CARTESIAN_POINT('',(-0.00867381855845451,-0.0334188304841519,-0.0598790765684934));
#12203=CARTESIAN_POINT('',(-0.00867381855845457,-0.0334188304841519,-0.11));
#12204=CARTESIAN_POINT('',(-0.00867381855845452,-0.0334188304841519,-0.0714285714285714));
#12205=CARTESIAN_POINT('',(-0.0234045877892237,-0.0334188304841519,-0.0798461538461539));
#12206=CARTESIAN_POINT('',(-0.0411738185584545,-0.0334188304841519,-0.09));
#12207=CARTESIAN_POINT('',(-0.0411738185584545,-0.0334188304841519,-0.11));
#12208=CARTESIAN_POINT('',(-0.0411738185584545,-0.0334188304841519,-0.075));
#12209=CARTESIAN_POINT('',(-0.0298661262507622,-0.0334188304841519,-0.0685384615384615));
#12210=CARTESIAN_POINT('',(-0.00867381855845452,-0.0334188304841519,-0.11));
#12211=CARTESIAN_POINT('',(-0.00867381855845451,-0.0334188304841519,-0.0164285714285714));
#12212=CARTESIAN_POINT('',(-0.00867381855845451,-0.0334188304841519,-0.0314285714285714));
#12213=CARTESIAN_POINT('',(-0.040635357019993,-0.0334188304841519,-0.0496923076923077));
#12214=CARTESIAN_POINT('',(-0.0411738185584545,-0.0334188304841519,-0.05));
#12215=CARTESIAN_POINT('',(-0.0411738185584545,-0.0334188304841519,-0.11));
#12216=CARTESIAN_POINT('',(-0.0411738185584545,-0.0334188304841519,-0.035));
#12217=CARTESIAN_POINT('',(-0.0470968954815314,-0.0334188304841519,-0.0383846153846154));
#12218=CARTESIAN_POINT('',(-0.0161738185584545,-0.0334188304841519,-0.05));
#12219=CARTESIAN_POINT('',(-0.0283577254103772,-0.0334188304841519,-0.0476765182010987));
#12220=CARTESIAN_POINT('',(-0.0235824431322056,-0.0334188304841519,-0.0599477854707149));
#12221=CARTESIAN_POINT('',(-0.0320199724046083,-0.0334188304841519,-0.0647692307692308));
#12222=CARTESIAN_POINT('',(-0.0411738185584545,-0.0334188304841519,-0.07));
#12223=CARTESIAN_POINT('',(-0.0411738185584545,-0.0334188304841519,-0.11));
#12224=CARTESIAN_POINT('',(-0.0411738185584545,-0.0334188304841519,-0.055));
#12225=CARTESIAN_POINT('',(-0.0384815108661469,-0.0334188304841519,-0.0534615384615385));
#12226=CARTESIAN_POINT('',(-0.00367381855845452,-0.0334188304841519,-0.11));
#12227=CARTESIAN_POINT('',(-0.00367381855845452,-0.0334188304841519,-0.0364285714285714));
#12228=CARTESIAN_POINT('',(-0.00367381855845452,-0.0334188304841519,-0.0514285714285714));
#12229=CARTESIAN_POINT('',(0.0261338737492378,-0.0334188304841519,-0.0534615384615385));
#12230=CARTESIAN_POINT('',(0.0288261814415455,-0.0334188304841519,-0.055));
#12231=CARTESIAN_POINT('',(0.0288261814415455,-0.0334188304841519,-0.11));
#12232=CARTESIAN_POINT('',(0.0288261814415455,-0.0334188304841519,-0.07));
#12233=CARTESIAN_POINT('',(0.0196723352876994,-0.0334188304841519,-0.0647692307692308));
#12234=CARTESIAN_POINT('',(-0.00367381855845452,-0.0334188304841519,-0.11));
#12235=CARTESIAN_POINT('',(-0.00367381855845452,-0.0334188304841519,0.00357142857142856));
#12236=CARTESIAN_POINT('',(-0.00367381855845452,-0.0334188304841519,-0.0114285714285714));
#12237=CARTESIAN_POINT('',(0.043364642980007,-0.0334188304841519,-0.0233076923076923));
#12238=CARTESIAN_POINT('',(0.0288261814415455,-0.0334188304841519,-0.015));
#12239=CARTESIAN_POINT('',(0.0288261814415455,-0.0334188304841519,-0.11));
#12240=CARTESIAN_POINT('',(0.0288261814415455,-0.0334188304841519,-0.03));
#12241=CARTESIAN_POINT('',(0.0369031045184686,-0.0334188304841519,-0.0346153846153846));
#12242=CARTESIAN_POINT('',(0.0288261814415455,-0.0334188304841519,-0.11));
#12243=CARTESIAN_POINT('',(0.0288261814415455,-0.0334188304841519,-0.01));
#12244=CARTESIAN_POINT('',(0.0288261814415455,-0.0334188304841519,0.01));
#12245=CARTESIAN_POINT('',(0.0455184891338532,-0.0334188304841519,-0.0195384615384615));
#12246=CARTESIAN_POINT('',(-0.00367381855845452,-0.0334188304841519,0.00857142857142856));
#12247=CARTESIAN_POINT('',(-0.00367381855845452,-0.0334188304841519,-0.11));
#12248=CARTESIAN_POINT('',(-0.00367381855845452,-0.0334188304841519,0.01));
#12249=CARTESIAN_POINT('',(-0.00617381855845452,-0.0334188304841519,0.01));
#12250=CARTESIAN_POINT('',(-0.0461738185584545,-0.0334188304841519,-0.11));
#12251=CARTESIAN_POINT('',(-0.0461738185584545,-0.0334188304841519,0.015));
#12252=CARTESIAN_POINT('',(0.0338261814415455,-0.0334188304841519,-0.11));
#12253=CARTESIAN_POINT('',(0.0338261814415455,-0.0334188304841519,0.015));
#12254=CARTESIAN_POINT('',(-0.00617381855845452,-0.0334188304841519,0.015));
#12255=CARTESIAN_POINT('',(-0.000742784075695907,-0.0334188304841519,-0.0973275862068966));
#12256=CARTESIAN_POINT('',(-0.00367381855845453,-0.0334188304841519,-0.0960714285714286));
#12257=CARTESIAN_POINT('',(0.0171595147748788,-0.0334188304841519,-0.105));
#12258=CARTESIAN_POINT('',(-0.00617381855845452,-0.0334188304841519,-0.105));
#12259=CARTESIAN_POINT('',(-0.00367381855845452,-0.0334188304841519,-0.105));
#12260=CARTESIAN_POINT('',(-0.00367381855845452,-0.0334188304841519,-0.11));
#12261=CARTESIAN_POINT('',(-0.0212507416353776,-0.0334188304841519,-0.0836153846153846));
#12262=CARTESIAN_POINT('',(-0.0411738185584545,-0.0334188304841519,-0.095));
#12263=CARTESIAN_POINT('',(-0.00867381855845452,-0.0334188304841519,-0.0764285714285714));
#12264=CARTESIAN_POINT('',(-0.00867381855845453,-0.0334188304841519,-0.11));
#12265=CARTESIAN_POINT('',(-0.00867381855845452,-0.0334188304841519,-0.0910714285714286));
#12266=CARTESIAN_POINT('',(-0.0134151978687993,-0.0334188304841519,-0.0931034482758621));
#12267=CARTESIAN_POINT('',(-0.0297089276106503,-0.0334188304841519,-0.100086475308084));
#12268=CARTESIAN_POINT('',(-0.0297089276106503,-0.0334188304841519,-0.11));
#12269=CARTESIAN_POINT('',(-0.0297089276106503,-0.0334188304841519,-0.1));
#12270=CARTESIAN_POINT('',(-0.00617381855845452,-0.0334188304841519,-0.1));
#12271=CARTESIAN_POINT('',(-0.0387089276106502,-0.0334188304841519,-0.1));
#12272=CARTESIAN_POINT('',(-0.0387089276106502,-0.0334188304841519,-0.11));
#12273=CARTESIAN_POINT('',(-0.0387089276106502,-0.0334188304841519,-0.103943618165227));
#12274=CARTESIAN_POINT('',(-0.0134151978687993,-0.0334188304841519,-0.0931034482758621));
#12275=CARTESIAN_POINT('',(-0.0411738185584545,-0.0334188304841519,-0.105));
#12276=CARTESIAN_POINT('',(-0.0411738185584545,-0.0334188304841519,-0.11));
#12277=CARTESIAN_POINT('',(-0.00617381855845452,-0.0334188304841519,0.01));
#12278=CARTESIAN_POINT('',(-0.0086738185584545,-0.0334188304841519,0.01));
#12279=CARTESIAN_POINT('',(-0.0411738185584545,-0.0334188304841519,0.01));
#12280=CARTESIAN_POINT('',(-0.0086738185584545,-0.0334188304841519,-0.11));
#12281=CARTESIAN_POINT('',(-0.0086738185584545,-0.0334188304841519,0.00857142857142858));
#12282=CARTESIAN_POINT('',(-0.0578661262507622,-0.0334188304841519,-0.0195384615384615));
#12283=CARTESIAN_POINT('',(-0.0411738185584545,-0.0334188304841519,-0.01));
#12284=CARTESIAN_POINT('',(-0.0411738185584545,-0.0334188304841519,-0.11));
#12285=CARTESIAN_POINT('',(-0.055712280096916,-0.0334188304841519,-0.0233076923076923));
#12286=CARTESIAN_POINT('',(-0.0411738185584545,-0.0334188304841519,-0.015));
#12287=CARTESIAN_POINT('',(-0.0086738185584545,-0.0334188304841519,0.00357142857142859));
#12288=CARTESIAN_POINT('',(-0.00867381855845452,-0.0334188304841519,-0.11));
#12289=CARTESIAN_POINT('',(-0.00867381855845451,-0.0334188304841519,-0.0114285714285714));
#12290=CARTESIAN_POINT('',(-0.0492507416353776,-0.0334188304841519,-0.0346153846153846));
#12291=CARTESIAN_POINT('',(-0.0411738185584545,-0.0334188304841519,-0.03));
#12292=CARTESIAN_POINT('',(-0.0411738185584545,-0.0334188304841519,-0.11));
#12293=CARTESIAN_POINT('',(-0.00367381855845452,-0.0334188304841519,-0.11));
#12294=CARTESIAN_POINT('',(-0.00367381855845452,-0.0334188304841519,-0.0564285714285714));
#12295=CARTESIAN_POINT('',(-0.00367381855845452,-0.0334188304841519,-0.0714285714285714));
#12296=CARTESIAN_POINT('',(0.0175184891338532,-0.0334188304841519,-0.0685384615384616));
#12297=CARTESIAN_POINT('',(0.0288261814415455,-0.0334188304841519,-0.075));
#12298=CARTESIAN_POINT('',(0.0288261814415455,-0.0334188304841519,-0.11));
#12299=CARTESIAN_POINT('',(0.0288261814415455,-0.0334188304841519,-0.09));
#12300=CARTESIAN_POINT('',(0.0110569506723147,-0.0334188304841519,-0.0798461538461539));
#12301=CARTESIAN_POINT('',(-0.00617381855845452,-0.0334188304841519,-0.105));
#12302=CARTESIAN_POINT('',(-0.00867381855845452,-0.0334188304841519,-0.105));
#12303=CARTESIAN_POINT('',(-0.0295071518917879,-0.0334188304841519,-0.105));
#12304=CARTESIAN_POINT('',(-0.0116048530412131,-0.0334188304841519,-0.0973275862068965));
#12305=CARTESIAN_POINT('',(-0.00867381855845452,-0.0334188304841519,-0.0960714285714286));
#12306=CARTESIAN_POINT('',(-0.00867381855845452,-0.0334188304841519,-0.11));
#12307=CARTESIAN_POINT('',(-0.00367381855845452,-0.0334188304841519,-0.11));
#12308=CARTESIAN_POINT('',(-0.00367381855845452,-0.0334188304841519,-0.0764285714285714));
#12309=CARTESIAN_POINT('',(-0.00367381855845452,-0.0334188304841519,-0.0910714285714286));
#12310=CARTESIAN_POINT('',(0.00890310451846855,-0.0334188304841519,-0.0836153846153847));
#12311=CARTESIAN_POINT('',(0.0288261814415455,-0.0334188304841519,-0.095));
#12312=CARTESIAN_POINT('',(0.0288261814415455,-0.0334188304841519,-0.11));
#12313=CARTESIAN_POINT('',(0.0288261814415455,-0.0334188304841519,-0.105));
#12314=CARTESIAN_POINT('',(0.0010675607518903,-0.0334188304841519,-0.0931034482758621));
#12315=CARTESIAN_POINT('',(-0.00367381855845452,-0.0334188304841519,-0.11));
#12316=CARTESIAN_POINT('',(-0.00367381855845452,-0.0334188304841519,-0.0164285714285714));
#12317=CARTESIAN_POINT('',(-0.00367381855845452,-0.0334188304841519,-0.0314285714285715));
#12318=CARTESIAN_POINT('',(0.0347492583646224,-0.0334188304841519,-0.0383846153846154));
#12319=CARTESIAN_POINT('',(0.0288261814415455,-0.0334188304841519,-0.035));
#12320=CARTESIAN_POINT('',(0.0288261814415455,-0.0334188304841519,-0.11));
#12321=CARTESIAN_POINT('',(0.0288261814415455,-0.0334188304841519,-0.05));
#12322=CARTESIAN_POINT('',(0.028287719903084,-0.0334188304841519,-0.0496923076923077));
#12323=CARTESIAN_POINT('',(-0.00617381855845452,0.0295811695158481,-0.046));
#12324=CARTESIAN_POINT('',(0.0179492583646224,0.0295811695158481,-0.00378461538461538));
#12325=CARTESIAN_POINT('',(0.0198261814415455,0.0295811695158481,-0.00485714285714286));
#12326=CARTESIAN_POINT('',(0.0218261814415455,0.0295811695158481,-0.006));
#12327=CARTESIAN_POINT('',(0.0198261814415455,0.0295811695158481,0.003));
#12328=CARTESIAN_POINT('',(0.0198261814415455,0.0295811695158481,-0.009));
#12329=CARTESIAN_POINT('',(0.0308261814415455,0.0295811695158481,-0.009));
#12330=CARTESIAN_POINT('',(0.0218261814415455,0.0295811695158481,-0.009));
#12331=CARTESIAN_POINT('',(0.0218261814415455,0.0295811695158481,0.003));
#12332=CARTESIAN_POINT('',(-0.00617381855845452,0.0295811695158481,-0.046));
#12333=CARTESIAN_POINT('',(-0.00314566516317427,0.0295811695158481,-0.008));
#12334=CARTESIAN_POINT('',(-0.00314566516317427,0.0295811695158481,0.00826962663126843));
#12335=CARTESIAN_POINT('',(-0.00314566516317428,0.0295811695158481,0.00326962663126842));
#12336=CARTESIAN_POINT('',(0.0157954122107762,0.0295811695158481,-0.00755384615384615));
#12337=CARTESIAN_POINT('',(-0.00114566516317427,0.0295811695158481,0.00212676948841128));
#12338=CARTESIAN_POINT('',(-0.00114566516317427,0.0295811695158481,0.003));
#12339=CARTESIAN_POINT('',(-0.00114566516317427,0.0295811695158481,0.00712676948841128));
#12340=CARTESIAN_POINT('',(0.0179492583646224,0.0295811695158481,-0.00378461538461538));
#12341=CARTESIAN_POINT('',(-0.00617381855845452,0.0295811695158481,-0.046));
#12342=CARTESIAN_POINT('',(0.00685433483682573,0.0295811695158481,0.003));
#12343=CARTESIAN_POINT('',(0.00685433483682572,0.0295811695158481,-0.00244465908301729));
#12344=CARTESIAN_POINT('',(0.00685433483682572,0.0295811695158481,0.00255534091698272));
#12345=CARTESIAN_POINT('',(0.0157954122107762,0.0295811695158481,-0.00755384615384615));
#12346=CARTESIAN_POINT('',(0.00885433483682573,0.0295811695158481,-0.00358751622587443));
#12347=CARTESIAN_POINT('',(0.00885433483682573,0.0295811695158481,-0.008));
#12348=CARTESIAN_POINT('',(0.00885433483682573,0.0295811695158481,0.00141248377412557));
#12349=CARTESIAN_POINT('',(0.0179492583646224,0.0295811695158481,-0.00378461538461538));
#12350=CARTESIAN_POINT('',(-0.00617381855845452,0.0295811695158481,-0.046));
#12351=CARTESIAN_POINT('',(-0.0226219318120381,0.0295811695158481,0.014));
#12352=CARTESIAN_POINT('',(-0.0226219318120381,0.0295811695158481,0.000601078140809422));
#12353=CARTESIAN_POINT('',(-0.0226219318120381,0.0295811695158481,-0.00439892185919058));
#12354=CARTESIAN_POINT('',(-0.0281430493276853,0.0295811695158481,-0.00755384615384615));
#12355=CARTESIAN_POINT('',(-0.0206219318120381,0.0295811695158481,-0.00325606471633343));
#12356=CARTESIAN_POINT('',(-0.0206219318120381,0.0295811695158481,0.003));
#12357=CARTESIAN_POINT('',(-0.0206219318120381,0.0295811695158481,0.00174393528366656));
#12358=CARTESIAN_POINT('',(-0.0302968954815315,0.0295811695158481,-0.00378461538461538));
#12359=CARTESIAN_POINT('',(-0.00617381855845452,0.0295811695158481,-0.046));
#12360=CARTESIAN_POINT('',(-0.012621931812038,0.0295811695158481,0.003));
#12361=CARTESIAN_POINT('',(-0.012621931812038,0.0295811695158481,0.00631536385509513));
#12362=CARTESIAN_POINT('',(-0.012621931812038,0.0295811695158481,0.00131536385509513));
#12363=CARTESIAN_POINT('',(-0.0281430493276853,0.0295811695158481,-0.00755384615384615));
#12364=CARTESIAN_POINT('',(-0.010621931812038,0.0295811695158481,0.00245822099795228));
#12365=CARTESIAN_POINT('',(-0.010621931812038,0.0295811695158481,0.004));
#12366=CARTESIAN_POINT('',(-0.010621931812038,0.0295811695158481,0.00745822099795228));
#12367=CARTESIAN_POINT('',(-0.0302968954815315,0.0295811695158481,-0.00378461538461538));
#12368=CARTESIAN_POINT('',(-0.00617381855845452,0.0295811695158481,-0.046));
#12369=CARTESIAN_POINT('',(-0.0351738185584545,0.0295811695158481,-0.009));
#12370=CARTESIAN_POINT('',(-0.0306738185584545,0.0295811695158481,-0.009));
#12371=CARTESIAN_POINT('',(-0.0321738185584545,0.0295811695158481,-0.009));
#12372=CARTESIAN_POINT('',(-0.0281430493276853,0.0295811695158481,-0.00755384615384615));
#12373=CARTESIAN_POINT('',(-0.0301738185584545,0.0295811695158481,-0.00871428571428571));
#12374=CARTESIAN_POINT('',(-0.0301738185584545,0.0295811695158481,-0.008));
#12375=CARTESIAN_POINT('',(-0.0301738185584545,0.0295811695158481,-0.00371428571428571));
#12376=CARTESIAN_POINT('',(-0.0302968954815315,0.0295811695158481,-0.00378461538461538));
#12377=CARTESIAN_POINT('',(-0.0321738185584545,0.0295811695158481,-0.00485714285714286));
#12378=CARTESIAN_POINT('',(-0.0321738185584545,0.0295811695158481,0.003));
#12379=CARTESIAN_POINT('',(-0.00617381855845452,0.0295811695158481,-0.046));
#12380=CARTESIAN_POINT('',(-0.00617381855845452,0.0295811695158481,0.01));
#12381=CARTESIAN_POINT('',(-0.0301738185584545,0.0295811695158481,0.01));
#12382=CARTESIAN_POINT('',(-0.0321738185584545,0.0295811695158481,0.01));
#12383=CARTESIAN_POINT('',(-0.0301738185584545,0.0295811695158481,-0.008));
#12384=CARTESIAN_POINT('',(-0.0301738185584545,0.0295811695158481,0.015));
#12385=CARTESIAN_POINT('',(-0.0018531043441831,0.0295811695158481,0.015));
#12386=CARTESIAN_POINT('',(-0.0421738185584545,0.0295811695158481,0.015));
#12387=CARTESIAN_POINT('',(-0.0421738185584545,0.0295811695158481,-0.11));
#12388=CARTESIAN_POINT('',(-0.0421738185584545,0.0295811695158481,-0.009));
#12389=CARTESIAN_POINT('',(-0.0351738185584545,0.0295811695158481,-0.009));
#12390=CARTESIAN_POINT('',(-0.0411738185584545,0.0295811695158481,-0.009));
#12391=CARTESIAN_POINT('',(-0.0411738185584545,0.0295811695158481,-0.046));
#12392=CARTESIAN_POINT('',(-0.0411738185584545,0.0295811695158481,0.01));
#12393=CARTESIAN_POINT('',(-0.00617381855845452,0.0295811695158481,0.01));
#12394=CARTESIAN_POINT('',(-0.0401738185584545,0.0295811695158481,0.01));
#12395=CARTESIAN_POINT('',(-0.0401738185584545,0.0295811695158481,0.003));
#12396=CARTESIAN_POINT('',(-0.0401738185584545,0.0295811695158481,0.013));
#12397=CARTESIAN_POINT('',(-0.0361738185584545,0.0295811695158481,0.013));
#12398=CARTESIAN_POINT('',(-0.0321738185584545,0.0295811695158481,0.013));
#12399=CARTESIAN_POINT('',(-0.0321738185584545,0.0295811695158481,0.003));
#12400=CARTESIAN_POINT('',(-0.0351738185584545,0.0295811695158481,-0.009));
#12401=CARTESIAN_POINT('',(-0.0351738185584545,0.0335811695158481,-0.009));
#12402=CARTESIAN_POINT('',(-0.0411738185584545,0.0335811695158481,-0.009));
#12403=CARTESIAN_POINT('',(-0.0421738185584545,0.0335811695158481,-0.009));
#12404=CARTESIAN_POINT('',(-0.0411738185584545,0.0295811695158481,-0.009));
#12405=CARTESIAN_POINT('',(-0.0421738185584545,0.0295811695158481,-0.009));
#12406=CARTESIAN_POINT('',(-0.00617381855845452,-0.0264188304841518,-0.0455000351342718));
#12407=CARTESIAN_POINT('',(0.017733888884001,-0.0264188304841518,-0.00366154710997458));
#12408=CARTESIAN_POINT('',(0.021854105877314,-0.0264188304841518,-0.00601595682043914));
#12409=CARTESIAN_POINT('',(0.019854105877314,-0.0264188304841518,-0.004873099677582));
#12410=CARTESIAN_POINT('',(0.021854105877314,-0.0264188304841518,0.00299992973145643));
#12411=CARTESIAN_POINT('',(0.021854105877314,-0.0264188304841518,-0.00900007026854356));
#12412=CARTESIAN_POINT('',(0.030854105877314,-0.0264188304841518,-0.00900007026854356));
#12413=CARTESIAN_POINT('',(0.019854105877314,-0.0264188304841518,-0.00900007026854356));
#12414=CARTESIAN_POINT('',(0.019854105877314,-0.0264188304841518,-0.00800007026854356));
#12415=CARTESIAN_POINT('',(-0.00617381855845452,-0.0264188304841518,-0.0455000351342718));
#12416=CARTESIAN_POINT('',(0.00888225927259422,-0.0264188304841518,0.00299992973145644));
#12417=CARTESIAN_POINT('',(0.00888225927259422,-0.0264188304841518,0.00139652695368644));
#12418=CARTESIAN_POINT('',(0.00888225927259421,-0.0264188304841518,-0.00360347304631357));
#12419=CARTESIAN_POINT('',(0.0155800427301549,-0.0264188304841518,-0.00743077787920537));
#12420=CARTESIAN_POINT('',(0.00688225927259421,-0.0264188304841518,-0.00246061590345642));
#12421=CARTESIAN_POINT('',(0.00688225927259421,-0.0264188304841518,0.00299992973145644));
#12422=CARTESIAN_POINT('',(0.00688225927259421,-0.0264188304841518,0.00253938409654358));
#12423=CARTESIAN_POINT('',(0.017733888884001,-0.0264188304841518,-0.00366154710997458));
#12424=CARTESIAN_POINT('',(-0.00617381855845452,-0.0264188304841518,-0.0455000351342718));
#12425=CARTESIAN_POINT('',(-0.00111774072740578,-0.0264188304841518,0.00299992973145644));
#12426=CARTESIAN_POINT('',(-0.00111774072740579,-0.0264188304841518,0.00211081266797214));
#12427=CARTESIAN_POINT('',(-0.00111774072740578,-0.0264188304841518,0.00711081266797215));
#12428=CARTESIAN_POINT('',(0.0155800427301549,-0.0264188304841518,-0.00743077787920537));
#12429=CARTESIAN_POINT('',(-0.00311774072740579,-0.0264188304841518,0.00325366981082928));
#12430=CARTESIAN_POINT('',(-0.00311774072740579,-0.0264188304841518,0.00299992973145644));
#12431=CARTESIAN_POINT('',(-0.00311774072740578,-0.0264188304841518,0.00825366981082929));
#12432=CARTESIAN_POINT('',(0.017733888884001,-0.0264188304841518,-0.00366154710997458));
#12433=CARTESIAN_POINT('',(-0.00617381855845452,-0.0264188304841518,-0.0455000351342718));
#12434=CARTESIAN_POINT('',(-0.0105940073762695,-0.0264188304841518,0.0139999297314564));
#12435=CARTESIAN_POINT('',(-0.0105940073762695,-0.0264188304841518,0.00247417781839142));
#12436=CARTESIAN_POINT('',(-0.0105940073762695,-0.0264188304841518,0.00747417781839141));
#12437=CARTESIAN_POINT('',(-0.0279276798470639,-0.0264188304841518,-0.00743077787920536));
#12438=CARTESIAN_POINT('',(-0.0125940073762695,-0.0264188304841518,0.00133132067553427));
#12439=CARTESIAN_POINT('',(-0.0125940073762695,-0.0264188304841518,0.00299992973145644));
#12440=CARTESIAN_POINT('',(-0.0125940073762695,-0.0264188304841518,0.00633132067553427));
#12441=CARTESIAN_POINT('',(-0.0300815260009101,-0.0264188304841518,-0.00366154710997459));
#12442=CARTESIAN_POINT('',(-0.00617381855845452,-0.0264188304841518,-0.0455000351342718));
#12443=CARTESIAN_POINT('',(-0.0205940073762696,-0.0264188304841518,0.00299992973145645));
#12444=CARTESIAN_POINT('',(-0.0205940073762696,-0.0264188304841518,0.00175989210410569));
#12445=CARTESIAN_POINT('',(-0.0205940073762696,-0.0264188304841518,-0.0032401078958943));
#12446=CARTESIAN_POINT('',(-0.0279276798470639,-0.0264188304841518,-0.00743077787920536));
#12447=CARTESIAN_POINT('',(-0.0225940073762695,-0.0264188304841518,-0.00438296503875144));
#12448=CARTESIAN_POINT('',(-0.0225940073762695,-0.0264188304841518,0.00299992973145645));
#12449=CARTESIAN_POINT('',(-0.0225940073762695,-0.0264188304841518,0.000617034961248557));
#12450=CARTESIAN_POINT('',(-0.0300815260009101,-0.0264188304841518,-0.00366154710997459));
#12451=CARTESIAN_POINT('',(-0.037145894122686,-0.0264188304841518,-0.00900007026854355));
#12452=CARTESIAN_POINT('',(-0.037145894122686,-0.0264188304841518,-0.00900007026854355));
#12453=CARTESIAN_POINT('',(-0.0321458941226861,-0.0264188304841518,-0.00900007026854355));
#12454=CARTESIAN_POINT('',(-0.0306739415284057,-0.0264188304841518,-0.00900007026854355));
#12455=CARTESIAN_POINT('',(-0.0306739415284057,-0.0264188304841518,-0.00900007026854355));
#12456=CARTESIAN_POINT('',(-0.0306739415284057,-0.0304188304841518,-0.00900007026854356));
#12457=CARTESIAN_POINT('',(-0.037145894122686,-0.0304188304841518,-0.00900007026854355));
#12458=CARTESIAN_POINT('',(-0.0321458941226861,-0.0304188304841518,-0.00900007026854355));
#12459=CARTESIAN_POINT('',(-0.0321458941226861,-0.0264188304841518,-0.00900007026854355));
#12460=CARTESIAN_POINT('',(-0.00617381855845452,-0.0264188304841518,-0.0455000351342718));
#12461=CARTESIAN_POINT('',(-0.0301458941226861,-0.0264188304841518,0.0139999297314564));
#12462=CARTESIAN_POINT('',(-0.0301458941226861,-0.0264188304841518,-0.00869832889384658));
#12463=CARTESIAN_POINT('',(-0.0301458941226861,-0.0264188304841518,-0.00369832889384659));
#12464=CARTESIAN_POINT('',(-0.0279276798470639,-0.0264188304841518,-0.00743077787920536));
#12465=CARTESIAN_POINT('',(-0.0321458941226861,-0.0264188304841518,0.00299992973145645));
#12466=CARTESIAN_POINT('',(-0.0321458941226861,-0.0264188304841518,-0.00484118603670372));
#12467=CARTESIAN_POINT('',(-0.0300815260009101,-0.0264188304841518,-0.00366154710997459));
#12468=CARTESIAN_POINT('',(-0.00617381855845452,-0.0264188304841518,-0.0455000351342718));
#12469=CARTESIAN_POINT('',(-0.00617381855845452,-0.0264188304841518,0.01));
#12470=CARTESIAN_POINT('',(-0.0411738185584545,-0.0264188304841518,0.01));
#12471=CARTESIAN_POINT('',(-0.0401458941226861,-0.0264188304841518,0.01));
#12472=CARTESIAN_POINT('',(-0.0411738185584545,-0.0264188304841518,-0.0455000351342718));
#12473=CARTESIAN_POINT('',(-0.0411738185584545,-0.0264188304841518,-0.00900007026854355));
#12474=CARTESIAN_POINT('',(-0.037145894122686,-0.0264188304841518,-0.00900007026854355));
#12475=CARTESIAN_POINT('',(-0.042145894122686,-0.0264188304841518,-0.00900007026854355));
#12476=CARTESIAN_POINT('',(-0.042145894122686,-0.0264188304841518,-0.00800007026854356));
#12477=CARTESIAN_POINT('',(-0.042145894122686,-0.0264188304841518,0.014999991216432));
#12478=CARTESIAN_POINT('',(-0.040494532772726,-0.0264188304841518,0.015));
#12479=CARTESIAN_POINT('',(-0.0301458941226861,-0.0264188304841518,0.0149999912164321));
#12480=CARTESIAN_POINT('',(-0.0301458941226861,-0.0264188304841518,0.0139999297314564));
#12481=CARTESIAN_POINT('',(-0.0301458941226861,-0.0264188304841518,0.01));
#12482=CARTESIAN_POINT('',(-0.00617381855845452,-0.0264188304841518,0.01));
#12483=CARTESIAN_POINT('',(-0.0321458941226861,-0.0264188304841518,0.01));
#12484=CARTESIAN_POINT('',(-0.0321458941226861,-0.0264188304841518,0.00299992973145645));
#12485=CARTESIAN_POINT('',(-0.0321458941226861,-0.0264188304841518,0.0129999297314564));
#12486=CARTESIAN_POINT('',(-0.036145894122686,-0.0264188304841518,0.0129999297314564));
#12487=CARTESIAN_POINT('',(-0.0401458941226861,-0.0264188304841518,0.0129999297314564));
#12488=CARTESIAN_POINT('',(-0.0401458941226861,-0.0264188304841518,0.00299992973145645));
#12489=CARTESIAN_POINT('',(-0.0311738185584545,0.0295811695158481,-0.0785));
#12490=CARTESIAN_POINT('',(-0.0311738185584545,0.0295811695158481,-0.0785));
#12491=CARTESIAN_POINT('',(-0.0311738185584545,0.0295811695158481,-0.0642857142857143));
#12492=CARTESIAN_POINT('',(-0.0311738185584545,0.0295811695158481,-0.0692857142857143));
#12493=CARTESIAN_POINT('',(-0.0311738185584545,0.0295811695158481,-0.0642857142857143));
#12494=CARTESIAN_POINT('',(-0.0311738185584545,0.0335811695158481,-0.0642857142857143));
#12495=CARTESIAN_POINT('',(-0.0311738185584545,0.0335811695158481,-0.0785));
#12496=CARTESIAN_POINT('',(-0.0311738185584545,0.0335811695158481,-0.0692857142857143));
#12497=CARTESIAN_POINT('',(-0.0311738185584545,0.0295811695158481,-0.0692857142857143));
#12498=CARTESIAN_POINT('',(-0.0311738185584545,0.0295811695158481,-0.0785));
#12499=CARTESIAN_POINT('',(-0.0311738185584545,0.0295811695158481,-0.0785));
#12500=CARTESIAN_POINT('',(-0.0311738185584545,0.0295811695158481,-0.0842857142857143));
#12501=CARTESIAN_POINT('',(-0.0311738185584545,0.0295811695158481,-0.0892857142857143));
#12502=CARTESIAN_POINT('',(-0.0311738185584545,0.0295811695158481,-0.0842857142857143));
#12503=CARTESIAN_POINT('',(-0.0311738185584545,0.0335811695158481,-0.0842857142857143));
#12504=CARTESIAN_POINT('',(-0.0311738185584545,0.0335811695158481,-0.0785));
#12505=CARTESIAN_POINT('',(-0.0311738185584545,0.0335811695158481,-0.0892857142857143));
#12506=CARTESIAN_POINT('',(-0.0311738185584545,0.0295811695158481,-0.0892857142857143));
#12507=CARTESIAN_POINT('',(-0.00617381855845452,0.0365811695158482,-0.11));
#12508=CARTESIAN_POINT('',(-0.0249238185584545,0.0365811695158482,-0.0607142857142857));
#12509=CARTESIAN_POINT('',(-0.0235824431322056,0.0365811695158482,-0.0599477854707149));
#12510=CARTESIAN_POINT('',(-0.0411738185584545,0.0365811695158482,-0.07));
#12511=CARTESIAN_POINT('',(-0.0161738185584545,0.0365811695158482,-0.05));
#12512=CARTESIAN_POINT('',(-0.0283577254103772,0.0365811695158482,-0.0476765182010987));
#12513=CARTESIAN_POINT('',(-0.0367988185584545,0.0365811695158482,-0.0525));
#12514=CARTESIAN_POINT('',(-0.0411738185584545,0.0365811695158482,-0.055));
#12515=CARTESIAN_POINT('',(-0.0411738185584545,0.0365811695158482,-0.0625));
#12516=CARTESIAN_POINT('',(-0.0161738185584545,0.0365811695158482,-0.05));
#12517=CARTESIAN_POINT('',(-0.00867381855845451,0.0365811695158482,-0.0598790765684934));
#12518=CARTESIAN_POINT('',(-0.0186816105497823,0.0365811695158482,-0.0621473097093301));
#12519=CARTESIAN_POINT('',(-0.0367988185584545,0.0365811695158482,-0.0725));
#12520=CARTESIAN_POINT('',(-0.0411738185584545,0.0365811695158482,-0.075));
#12521=CARTESIAN_POINT('',(-0.0411738185584545,0.0365811695158482,-0.0825));
#12522=CARTESIAN_POINT('',(-0.0411738185584545,0.0365811695158482,-0.09));
#12523=CARTESIAN_POINT('',(-0.0249238185584545,0.0365811695158482,-0.0807142857142857));
#12524=CARTESIAN_POINT('',(-0.00867381855845452,0.0365811695158482,-0.0714285714285714));
#12525=CARTESIAN_POINT('',(-0.00867381855845452,0.0365811695158482,-0.0707142857142857));
#12526=CARTESIAN_POINT('',(-0.0411738185584545,0.0365811695158482,-0.0425));
#12527=CARTESIAN_POINT('',(-0.0411738185584545,0.0365811695158482,-0.035));
#12528=CARTESIAN_POINT('',(-0.0411738185584545,0.0365811695158482,-0.05));
#12529=CARTESIAN_POINT('',(-0.0249238185584545,0.0365811695158482,-0.0407142857142857));
#12530=CARTESIAN_POINT('',(-0.00867381855845451,0.0365811695158482,-0.0314285714285714));
#12531=CARTESIAN_POINT('',(-0.00867381855845451,0.0365811695158482,-0.0232142857142857));
#12532=CARTESIAN_POINT('',(-0.00867381855845451,0.0365811695158482,-0.0164285714285714));
#12533=CARTESIAN_POINT('',(-0.0205488185584545,0.0365811695158482,-0.0232142857142857));
#12534=CARTESIAN_POINT('',(-0.0161738185584545,0.0365811695158482,-0.05));
#12535=CARTESIAN_POINT('',(-0.0161738185584545,0.0365811695158482,-0.061));
#12536=CARTESIAN_POINT('',(-0.0249238185584546,0.0365811695158482,-0.0980357142857143));
#12537=CARTESIAN_POINT('',(-0.0387089276106502,0.0365811695158482,-0.103943618165227));
#12538=CARTESIAN_POINT('',(-0.0411738185584545,0.0365811695158482,-0.105));
#12539=CARTESIAN_POINT('',(-0.0387089276106502,0.0365811695158482,-0.11));
#12540=CARTESIAN_POINT('',(-0.0387089276106502,0.0365811695158482,-0.105));
#12541=CARTESIAN_POINT('',(-0.00617381855845452,0.0365811695158482,-0.105));
#12542=CARTESIAN_POINT('',(-0.0297089276106503,0.0365811695158482,-0.105));
#12543=CARTESIAN_POINT('',(-0.0297089276106503,0.0365811695158482,-0.11));
#12544=CARTESIAN_POINT('',(-0.0297089276106503,0.0365811695158482,-0.100086475308084));
#12545=CARTESIAN_POINT('',(-0.0249238185584546,0.0365811695158482,-0.0980357142857143));
#12546=CARTESIAN_POINT('',(-0.00867381855845452,0.0365811695158482,-0.0910714285714286));
#12547=CARTESIAN_POINT('',(-0.00867381855845452,0.0365811695158482,-0.0832142857142857));
#12548=CARTESIAN_POINT('',(-0.00867381855845452,0.0365811695158482,-0.0764285714285714));
#12549=CARTESIAN_POINT('',(-0.0205488185584545,0.0365811695158482,-0.0832142857142857));
#12550=CARTESIAN_POINT('',(-0.0411738185584545,0.0365811695158482,-0.095));
#12551=CARTESIAN_POINT('',(-0.0411738185584545,0.0365811695158482,-0.1));
#12552=CARTESIAN_POINT('',(0.0244511814415455,0.0365811695158482,-0.0525));
#12553=CARTESIAN_POINT('',(0.0288261814415455,0.0365811695158482,-0.055));
#12554=CARTESIAN_POINT('',(-0.00367381855845452,0.0365811695158482,-0.0364285714285714));
#12555=CARTESIAN_POINT('',(-0.00367381855845452,0.0365811695158482,-0.0507142857142857));
#12556=CARTESIAN_POINT('',(-0.00367381855845452,0.0365811695158482,-0.0514285714285714));
#12557=CARTESIAN_POINT('',(0.0125761814415455,0.0365811695158482,-0.0607142857142857));
#12558=CARTESIAN_POINT('',(0.0288261814415455,0.0365811695158482,-0.07));
#12559=CARTESIAN_POINT('',(0.0288261814415455,0.0365811695158482,-0.0625));
#12560=CARTESIAN_POINT('',(0.0244511814415455,0.0365811695158482,-0.0125));
#12561=CARTESIAN_POINT('',(0.0288261814415455,0.0365811695158482,-0.015));
#12562=CARTESIAN_POINT('',(-0.00367381855845452,0.0365811695158482,0.00357142857142856));
#12563=CARTESIAN_POINT('',(-0.00367381855845452,0.0365811695158482,-0.0107142857142857));
#12564=CARTESIAN_POINT('',(-0.00367381855845452,0.0365811695158482,-0.0114285714285714));
#12565=CARTESIAN_POINT('',(0.0125761814415455,0.0365811695158482,-0.0207142857142857));
#12566=CARTESIAN_POINT('',(0.0288261814415455,0.0365811695158482,-0.03));
#12567=CARTESIAN_POINT('',(0.0288261814415455,0.0365811695158482,-0.0225));
#12568=CARTESIAN_POINT('',(0.0244511814415455,0.0365811695158482,-0.0925));
#12569=CARTESIAN_POINT('',(0.0288261814415455,0.0365811695158482,-0.095));
#12570=CARTESIAN_POINT('',(-0.00367381855845452,0.0365811695158482,-0.0764285714285714));
#12571=CARTESIAN_POINT('',(-0.00367381855845452,0.0365811695158482,-0.0905357142857143));
#12572=CARTESIAN_POINT('',(-0.00367381855845452,0.0365811695158482,-0.0910714285714286));
#12573=CARTESIAN_POINT('',(0.0125761814415455,0.0365811695158482,-0.0980357142857143));
#12574=CARTESIAN_POINT('',(0.0288261814415455,0.0365811695158482,-0.105));
#12575=CARTESIAN_POINT('',(0.0288261814415455,0.0365811695158482,-0.1));
#12576=CARTESIAN_POINT('',(0.0244511814415455,0.0365811695158482,-0.0725));
#12577=CARTESIAN_POINT('',(0.0288261814415455,0.0365811695158482,-0.075));
#12578=CARTESIAN_POINT('',(-0.00367381855845452,0.0365811695158482,-0.0564285714285714));
#12579=CARTESIAN_POINT('',(-0.00367381855845452,0.0365811695158482,-0.0707142857142857));
#12580=CARTESIAN_POINT('',(-0.00367381855845452,0.0365811695158482,-0.0714285714285714));
#12581=CARTESIAN_POINT('',(0.0125761814415455,0.0365811695158482,-0.0807142857142857));
#12582=CARTESIAN_POINT('',(0.0288261814415455,0.0365811695158482,-0.09));
#12583=CARTESIAN_POINT('',(0.0288261814415455,0.0365811695158482,-0.0825));
#12584=CARTESIAN_POINT('',(0.00674284810821213,0.0365811695158482,-0.105));
#12585=CARTESIAN_POINT('',(-0.00367381855845452,0.0365811695158482,-0.105));
#12586=CARTESIAN_POINT('',(0.0171595147748788,0.0365811695158482,-0.105));
#12587=CARTESIAN_POINT('',(0.00674284810821213,0.0365811695158482,-0.100535714285714));
#12588=CARTESIAN_POINT('',(-0.00367381855845453,0.0365811695158482,-0.0960714285714286));
#12589=CARTESIAN_POINT('',(-0.00367381855845452,0.0365811695158482,-0.103355260342359));
#12590=CARTESIAN_POINT('',(-0.0461738185584545,0.0365811695158482,-0.11));
#12591=CARTESIAN_POINT('',(-0.0461738185584545,0.0365811695158482,0.015));
#12592=CARTESIAN_POINT('',(-0.00617381855845452,0.0365811695158482,0.015));
#12593=CARTESIAN_POINT('',(0.0338261814415455,0.0365811695158482,0.015));
#12594=CARTESIAN_POINT('',(0.0338261814415455,0.0365811695158482,-0.11));
#12595=CARTESIAN_POINT('',(0.0125761814415455,0.0365811695158482,-0.000714285714285716));
#12596=CARTESIAN_POINT('',(0.0288261814415455,0.0365811695158482,-0.01));
#12597=CARTESIAN_POINT('',(-0.00367381855845452,0.0365811695158482,0.00857142857142856));
#12598=CARTESIAN_POINT('',(0.0288261814415455,0.0365811695158482,-3.46944695195361E-18));
#12599=CARTESIAN_POINT('',(0.0288261814415455,0.0365811695158482,0.01));
#12600=CARTESIAN_POINT('',(0.0125761814415455,0.0365811695158482,0.01));
#12601=CARTESIAN_POINT('',(-0.00367381855845452,0.0365811695158482,0.01));
#12602=CARTESIAN_POINT('',(-0.00367381855845452,0.0365811695158482,0.00928571428571428));
#12603=CARTESIAN_POINT('',(-0.0086738185584545,0.0365811695158482,0.00928571428571428));
#12604=CARTESIAN_POINT('',(-0.0086738185584545,0.0365811695158482,0.00857142857142858));
#12605=CARTESIAN_POINT('',(-0.0086738185584545,0.0365811695158482,0.01));
#12606=CARTESIAN_POINT('',(-0.0249238185584545,0.0365811695158482,0.01));
#12607=CARTESIAN_POINT('',(-0.0411738185584545,0.0365811695158482,0.01));
#12608=CARTESIAN_POINT('',(-0.0411738185584545,0.0365811695158482,0.));
#12609=CARTESIAN_POINT('',(-0.0411738185584545,0.0365811695158482,-0.01));
#12610=CARTESIAN_POINT('',(-0.0249238185584545,0.0365811695158482,-0.000714285714285712));
#12611=CARTESIAN_POINT('',(-0.00867381855845451,0.0365811695158482,-0.00321428571428571));
#12612=CARTESIAN_POINT('',(-0.00867381855845451,0.0365811695158482,-0.0114285714285714));
#12613=CARTESIAN_POINT('',(-0.00867381855845451,0.0365811695158482,0.00357142857142858));
#12614=CARTESIAN_POINT('',(-0.0205488185584545,0.0365811695158482,-0.00321428571428571));
#12615=CARTESIAN_POINT('',(-0.0411738185584545,0.0365811695158482,-0.015));
#12616=CARTESIAN_POINT('',(-0.0411738185584545,0.0365811695158482,-0.0225));
#12617=CARTESIAN_POINT('',(-0.0411738185584545,0.0365811695158482,-0.03));
#12618=CARTESIAN_POINT('',(-0.0249238185584545,0.0365811695158482,-0.0207142857142857));
#12619=CARTESIAN_POINT('',(-0.0190904852251212,0.0365811695158482,-0.100535714285714));
#12620=CARTESIAN_POINT('',(-0.00867381855845452,0.0365811695158482,-0.0960714285714286));
#12621=CARTESIAN_POINT('',(-0.0295071518917879,0.0365811695158482,-0.105));
#12622=CARTESIAN_POINT('',(-0.0190904852251212,0.0365811695158482,-0.105));
#12623=CARTESIAN_POINT('',(-0.00867381855845452,0.0365811695158482,-0.105));
#12624=CARTESIAN_POINT('',(-0.00867381855845452,0.0365811695158482,-0.100535714285714));
#12625=CARTESIAN_POINT('',(0.0244511814415455,0.0365811695158482,-0.0325));
#12626=CARTESIAN_POINT('',(0.0288261814415455,0.0365811695158482,-0.035));
#12627=CARTESIAN_POINT('',(-0.00367381855845452,0.0365811695158482,-0.0164285714285714));
#12628=CARTESIAN_POINT('',(-0.00367381855845452,0.0365811695158482,-0.0307142857142857));
#12629=CARTESIAN_POINT('',(-0.00367381855845452,0.0365811695158482,-0.0314285714285715));
#12630=CARTESIAN_POINT('',(0.0125761814415455,0.0365811695158482,-0.0407142857142857));
#12631=CARTESIAN_POINT('',(0.0288261814415455,0.0365811695158482,-0.05));
#12632=CARTESIAN_POINT('',(0.0288261814415455,0.0365811695158482,-0.0425));
#12633=CARTESIAN_POINT('',(-0.0161738185584545,-0.0264188304841518,-0.05));
#12634=CARTESIAN_POINT('',(-0.0311563221261928,-0.0264188304841518,-0.0492757163244219));
#12635=CARTESIAN_POINT('',(-0.0311563221261928,-0.0304188304841518,-0.0492757163244219));
#12636=CARTESIAN_POINT('',(-0.0311563221261928,-0.0264188304841518,-0.0492757163244219));
#12637=CARTESIAN_POINT('',(-0.0161738185584545,-0.0304188304841518,-0.05));
#12638=CARTESIAN_POINT('',(-0.0296515334477735,-0.0304188304841518,-0.0434158370796109));
#12639=CARTESIAN_POINT('',(-0.0296515334477736,-0.0264188304841518,-0.0434158370796109));
#12640=CARTESIAN_POINT('',(-0.0296515334477736,-0.0264188304841518,-0.0434158370796109));
#12641=CARTESIAN_POINT('',(-0.0161738185584545,-0.0264188304841518,-0.05));
#12642=CARTESIAN_POINT('',(-0.0161738185584545,-0.0264188304841518,-0.05));
#12643=CARTESIAN_POINT('',(-0.0161738185584545,-0.0304188304841518,-0.05));
#12644=CARTESIAN_POINT('',(-0.0150037959768278,-0.0304188304841518,-0.0350457013819276));
#12645=CARTESIAN_POINT('',(-0.00367381855845452,-0.0304188304841518,-0.0417084380241114));
#12646=CARTESIAN_POINT('',(-0.00367381855845452,-0.0264188304841518,-0.0417084380241114));
#12647=CARTESIAN_POINT('',(-0.00367381855845452,-0.0264188304841518,-0.0417084380241114));
#12648=CARTESIAN_POINT('',(-0.0161738185584545,-0.0264188304841518,-0.05));
#12649=CARTESIAN_POINT('',(-0.0150037959768278,-0.0264188304841518,-0.0350457013819276));
#12650=CARTESIAN_POINT('',(-0.0150037959768278,-0.0264188304841518,-0.0350457013819276));
#12651=CARTESIAN_POINT('',(-0.0011738185584545,-0.0264188304841518,-0.0785));
#12652=CARTESIAN_POINT('',(-0.0011738185584545,-0.0264188304841518,-0.0778571428571429));
#12653=CARTESIAN_POINT('',(-0.0011738185584545,-0.0264188304841518,-0.0778571428571429));
#12654=CARTESIAN_POINT('',(-0.0011738185584545,-0.0304188304841518,-0.0778571428571429));
#12655=CARTESIAN_POINT('',(-0.0011738185584545,-0.0264188304841518,-0.0785));
#12656=CARTESIAN_POINT('',(-0.0011738185584545,-0.0264188304841518,-0.0728571428571429));
#12657=CARTESIAN_POINT('',(-0.0011738185584545,-0.0264188304841518,-0.0728571428571429));
#12658=CARTESIAN_POINT('',(-0.0011738185584545,-0.0304188304841518,-0.0728571428571429));
#12659=CARTESIAN_POINT('',(-0.0011738185584545,-0.0304188304841518,-0.0785));
#12660=CARTESIAN_POINT('',(-0.0011738185584545,-0.0264188304841518,-0.0785));
#12661=CARTESIAN_POINT('',(-0.0011738185584545,-0.0264188304841518,-0.0785));
#12662=CARTESIAN_POINT('',(-0.0011738185584545,-0.0264188304841518,-0.0528571428571429));
#12663=CARTESIAN_POINT('',(-0.0011738185584545,-0.0264188304841518,-0.0578571428571429));
#12664=CARTESIAN_POINT('',(-0.0011738185584545,-0.0264188304841518,-0.0528571428571429));
#12665=CARTESIAN_POINT('',(-0.0011738185584545,-0.0304188304841518,-0.0528571428571429));
#12666=CARTESIAN_POINT('',(-0.0011738185584545,-0.0304188304841518,-0.0785));
#12667=CARTESIAN_POINT('',(-0.0011738185584545,-0.0304188304841518,-0.0578571428571429));
#12668=CARTESIAN_POINT('',(-0.0011738185584545,-0.0264188304841518,-0.0578571428571429));
#12669=CARTESIAN_POINT('',(-0.0011738185584545,-0.0264188304841518,-0.0785));
#12670=CARTESIAN_POINT('',(-0.00117381855845451,-0.0264188304841518,-0.105));
#12671=CARTESIAN_POINT('',(-0.0011738185584545,-0.0304188304841518,-0.105));
#12672=CARTESIAN_POINT('',(-0.00117381855845451,-0.0264188304841518,-0.105));
#12673=CARTESIAN_POINT('',(-0.0011738185584545,-0.0304188304841518,-0.0785));
#12674=CARTESIAN_POINT('',(-0.0011738185584545,-0.0264188304841518,-0.0785));
#12675=CARTESIAN_POINT('',(-0.0011738185584545,-0.0264188304841518,-0.0785));
#12676=CARTESIAN_POINT('',(-0.0011738185584545,-0.0264188304841518,-0.0785));
#12677=CARTESIAN_POINT('',(-0.00117381855845451,-0.0264188304841518,-0.0921428571428572));
#12678=CARTESIAN_POINT('',(-0.00117381855845451,-0.0264188304841518,-0.0971428571428572));
#12679=CARTESIAN_POINT('',(-0.00117381855845451,-0.0264188304841518,-0.0921428571428572));
#12680=CARTESIAN_POINT('',(-0.0011738185584545,-0.0304188304841518,-0.0921428571428572));
#12681=CARTESIAN_POINT('',(-0.0011738185584545,-0.0304188304841518,-0.0785));
#12682=CARTESIAN_POINT('',(-0.00117381855845451,-0.0304188304841518,-0.0971428571428572));
#12683=CARTESIAN_POINT('',(-0.00117381855845451,-0.0264188304841518,-0.0971428571428572));
#12684=CARTESIAN_POINT('',(-0.0311738185584545,-0.0264188304841518,-0.0785));
#12685=CARTESIAN_POINT('',(-0.0311738185584545,-0.0264188304841518,-0.0642857142857143));
#12686=CARTESIAN_POINT('',(-0.0311738185584545,-0.0264188304841518,-0.0642857142857143));
#12687=CARTESIAN_POINT('',(-0.0311738185584545,-0.0304188304841518,-0.0642857142857143));
#12688=CARTESIAN_POINT('',(-0.0311738185584545,-0.0264188304841518,-0.0785));
#12689=CARTESIAN_POINT('',(-0.0311738185584545,-0.0264188304841518,-0.0692857142857143));
#12690=CARTESIAN_POINT('',(-0.0311738185584545,-0.0264188304841518,-0.0692857142857143));
#12691=CARTESIAN_POINT('',(-0.0311738185584545,-0.0304188304841518,-0.0692857142857143));
#12692=CARTESIAN_POINT('',(-0.0311738185584545,-0.0304188304841518,-0.0785));
#12693=CARTESIAN_POINT('',(-0.0311738185584545,-0.0264188304841518,-0.0785));
#12694=CARTESIAN_POINT('',(-0.0311738185584545,-0.0264188304841518,-0.0842857142857143));
#12695=CARTESIAN_POINT('',(-0.0311738185584545,-0.0264188304841518,-0.0842857142857143));
#12696=CARTESIAN_POINT('',(-0.0311738185584545,-0.0304188304841518,-0.0842857142857143));
#12697=CARTESIAN_POINT('',(-0.0311738185584545,-0.0264188304841518,-0.0785));
#12698=CARTESIAN_POINT('',(-0.0311738185584545,-0.0264188304841518,-0.0892857142857143));
#12699=CARTESIAN_POINT('',(-0.0311738185584545,-0.0264188304841518,-0.0892857142857143));
#12700=CARTESIAN_POINT('',(-0.0311738185584545,-0.0304188304841518,-0.0892857142857143));
#12701=CARTESIAN_POINT('',(-0.0311738185584545,-0.0304188304841518,-0.0785));
#12702=CARTESIAN_POINT('',(-0.00617381855845452,-0.0264188304841518,-0.0535));
#12703=CARTESIAN_POINT('',(-0.00867381855845451,-0.0264188304841518,-0.0535));
#12704=CARTESIAN_POINT('',(-0.00867381855845452,-0.0264188304841518,-0.105));
#12705=CARTESIAN_POINT('',(-0.00867381855845452,-0.0264188304841518,-0.0960714285714286));
#12706=CARTESIAN_POINT('',(0.00885204351051098,-0.0264188304841518,-0.0885603448275862));
#12707=CARTESIAN_POINT('',(-0.0295071518917879,-0.0264188304841518,-0.105));
#12708=CARTESIAN_POINT('',(-0.00617381855845452,-0.0264188304841518,-0.105));
#12709=CARTESIAN_POINT('',(-0.0161738185584545,-0.0264188304841518,-0.05));
#12710=CARTESIAN_POINT('',(-0.0266711552909461,-0.0264188304841518,-0.046712763847138));
#12711=CARTESIAN_POINT('',(-0.00867381855845452,-0.0264188304841518,-0.0580467384697156));
#12712=CARTESIAN_POINT('',(-0.0141430493276853,-0.0264188304841518,-0.0395538461538461));
#12713=CARTESIAN_POINT('',(-0.0162968954815314,-0.0264188304841518,-0.0357846153846154));
#12714=CARTESIAN_POINT('',(-0.00367381855845452,-0.0264188304841518,-0.0535));
#12715=CARTESIAN_POINT('',(-0.00367381855845452,-0.0264188304841518,-0.0514285714285714));
#12716=CARTESIAN_POINT('',(-0.00466612625076221,-0.0264188304841518,-0.0508615384615385));
#12717=CARTESIAN_POINT('',(-0.00681997240460837,-0.0264188304841518,-0.0546307692307692));
#12718=CARTESIAN_POINT('',(-0.00367381855845452,-0.0264188304841518,-0.0564285714285714));
#12719=CARTESIAN_POINT('',(-0.00367381855845452,-0.0264188304841518,-0.0535));
#12720=CARTESIAN_POINT('',(-0.00367381855845452,-0.0264188304841518,-0.0714285714285714));
#12721=CARTESIAN_POINT('',(-0.0132815108661468,-0.0264188304841518,-0.0659384615384616));
#12722=CARTESIAN_POINT('',(-0.015435357019993,-0.0264188304841518,-0.0697076923076923));
#12723=CARTESIAN_POINT('',(-0.00367381855845452,-0.0264188304841518,-0.0764285714285714));
#12724=CARTESIAN_POINT('',(-0.00367381855845452,-0.0264188304841518,-0.0535));
#12725=CARTESIAN_POINT('',(-0.00367381855845452,-0.0264188304841518,-0.0910714285714286));
#12726=CARTESIAN_POINT('',(-0.0193893357998338,-0.0264188304841518,-0.0843362068965518));
#12727=CARTESIAN_POINT('',(-0.0211996806274201,-0.0264188304841518,-0.0885603448275862));
#12728=CARTESIAN_POINT('',(-0.00367381855845453,-0.0264188304841518,-0.0960714285714286));
#12729=CARTESIAN_POINT('',(-0.00367381855845451,-0.0264188304841518,-0.0535));
#12730=CARTESIAN_POINT('',(-0.00367381855845452,-0.0264188304841518,-0.105));
#12731=CARTESIAN_POINT('',(-0.00617381855845452,-0.0264188304841518,-0.105));
#12732=CARTESIAN_POINT('',(-0.0311738185584545,-0.0264188304841518,-0.0785));
#12733=CARTESIAN_POINT('',(-0.0311738185584545,-0.0264188304841518,-0.1));
#12734=CARTESIAN_POINT('',(-0.00617381855845452,-0.0264188304841518,-0.1));
#12735=CARTESIAN_POINT('',(-0.0297089276106503,-0.0264188304841518,-0.1));
#12736=CARTESIAN_POINT('',(-0.0297089276106503,-0.0264188304841518,-0.0535));
#12737=CARTESIAN_POINT('',(-0.0297089276106503,-0.0264188304841518,-0.100086475308084));
#12738=CARTESIAN_POINT('',(0.00704169868292477,-0.0264188304841518,-0.0843362068965518));
#12739=CARTESIAN_POINT('',(-0.00867381855845452,-0.0264188304841518,-0.0910714285714286));
#12740=CARTESIAN_POINT('',(-0.00867381855845451,-0.0264188304841518,-0.0535));
#12741=CARTESIAN_POINT('',(-0.00867381855845452,-0.0264188304841518,-0.0764285714285714));
#12742=CARTESIAN_POINT('',(0.00308771990308394,-0.0264188304841518,-0.0697076923076923));
#12743=CARTESIAN_POINT('',(0.000933873749237793,-0.0264188304841518,-0.0659384615384616));
#12744=CARTESIAN_POINT('',(-0.00867381855845452,-0.0264188304841518,-0.0714285714285714));
#12745=CARTESIAN_POINT('',(-0.0086738185584545,-0.0264188304841518,-0.0535));
#12746=CARTESIAN_POINT('',(-0.00617381855845452,-0.0264188304841518,-0.0535));
#12747=CARTESIAN_POINT('',(-0.00768151086614683,-0.0264188304841518,-0.0508615384615385));
#12748=CARTESIAN_POINT('',(-0.0222363150333551,-0.0264188304841518,-0.0591785694142289));
#12749=CARTESIAN_POINT('',(-0.0161738185584545,-0.0264188304841518,-0.05));
#12750=CARTESIAN_POINT('',(-0.0166553642177403,-0.0264188304841518,-0.0609894546624491));
#12751=CARTESIAN_POINT('',(-0.00552766471230069,-0.0264188304841518,-0.0546307692307692));
#12752=CARTESIAN_POINT('',(-0.0161738185584545,0.0295811695158481,-0.05));
#12753=CARTESIAN_POINT('',(-0.0311563221261928,0.0295811695158481,-0.0492757163244219));
#12754=CARTESIAN_POINT('',(-0.0311563221261928,0.0295811695158481,-0.0492757163244219));
#12755=CARTESIAN_POINT('',(-0.0311563221261928,0.0335811695158481,-0.0492757163244219));
#12756=CARTESIAN_POINT('',(-0.0161738185584545,0.0295811695158481,-0.05));
#12757=CARTESIAN_POINT('',(-0.0296515334477736,0.0295811695158481,-0.0434158370796109));
#12758=CARTESIAN_POINT('',(-0.0296515334477736,0.0295811695158481,-0.0434158370796109));
#12759=CARTESIAN_POINT('',(-0.0296515334477736,0.0335811695158481,-0.0434158370796109));
#12760=CARTESIAN_POINT('',(-0.0161738185584545,0.0335811695158481,-0.05));
#12761=CARTESIAN_POINT('',(-0.00117381855845449,0.0295811695158481,-0.0785));
#12762=CARTESIAN_POINT('',(-0.00117381855845449,0.0295811695158481,-0.0785));
#12763=CARTESIAN_POINT('',(-0.00117381855845449,0.0295811695158481,-0.0728571428571429));
#12764=CARTESIAN_POINT('',(-0.00117381855845449,0.0295811695158481,-0.0778571428571429));
#12765=CARTESIAN_POINT('',(-0.00117381855845449,0.0295811695158481,-0.0778571428571429));
#12766=CARTESIAN_POINT('',(-0.0011738185584545,0.0335811695158481,-0.0778571428571429));
#12767=CARTESIAN_POINT('',(-0.00117381855845449,0.0335811695158481,-0.0785));
#12768=CARTESIAN_POINT('',(-0.0011738185584545,0.0335811695158481,-0.0728571428571429));
#12769=CARTESIAN_POINT('',(-0.00117381855845449,0.0295811695158481,-0.0728571428571429));
#12770=CARTESIAN_POINT('',(-0.00117381855845449,0.0295811695158481,-0.0785));
#12771=CARTESIAN_POINT('',(-0.0011738185584545,0.0295811695158481,-0.0528571428571429));
#12772=CARTESIAN_POINT('',(-0.0011738185584545,0.0295811695158481,-0.0528571428571429));
#12773=CARTESIAN_POINT('',(-0.0011738185584545,0.0335811695158481,-0.0528571428571429));
#12774=CARTESIAN_POINT('',(-0.00117381855845449,0.0295811695158481,-0.0785));
#12775=CARTESIAN_POINT('',(-0.0011738185584545,0.0295811695158481,-0.0578571428571429));
#12776=CARTESIAN_POINT('',(-0.0011738185584545,0.0295811695158481,-0.0578571428571429));
#12777=CARTESIAN_POINT('',(-0.0011738185584545,0.0335811695158481,-0.0578571428571429));
#12778=CARTESIAN_POINT('',(-0.00117381855845449,0.0335811695158481,-0.0785));
#12779=CARTESIAN_POINT('',(-0.00617381855845452,0.0295811695158481,-0.0535));
#12780=CARTESIAN_POINT('',(-0.0141430493276853,0.0295811695158481,-0.0395538461538461));
#12781=CARTESIAN_POINT('',(-0.0266711552909461,0.0295811695158481,-0.046712763847138));
#12782=CARTESIAN_POINT('',(-0.0161738185584545,0.0295811695158481,-0.05));
#12783=CARTESIAN_POINT('',(-0.00867381855845452,0.0295811695158481,-0.0580467384697156));
#12784=CARTESIAN_POINT('',(-0.0086738185584545,0.0295811695158481,-0.0535));
#12785=CARTESIAN_POINT('',(-0.00867381855845452,0.0295811695158481,-0.0714285714285714));
#12786=CARTESIAN_POINT('',(0.000933873749237793,0.0295811695158481,-0.0659384615384616));
#12787=CARTESIAN_POINT('',(0.00308771990308394,0.0295811695158481,-0.0697076923076923));
#12788=CARTESIAN_POINT('',(-0.00867381855845452,0.0295811695158481,-0.0764285714285714));
#12789=CARTESIAN_POINT('',(-0.00867381855845451,0.0295811695158481,-0.0535));
#12790=CARTESIAN_POINT('',(-0.00867381855845452,0.0295811695158481,-0.0910714285714286));
#12791=CARTESIAN_POINT('',(0.00704169868292477,0.0295811695158481,-0.0843362068965518));
#12792=CARTESIAN_POINT('',(-0.0225071518917879,0.0295811695158481,-0.097));
#12793=CARTESIAN_POINT('',(-0.000873818558454496,0.0295811695158481,-0.097));
#12794=CARTESIAN_POINT('',(-0.0108404852251212,0.0295811695158481,-0.097));
#12795=CARTESIAN_POINT('',(0.00885204351051098,0.0295811695158481,-0.0885603448275862));
#12796=CARTESIAN_POINT('',(-0.00867381855845452,0.0295811695158481,-0.0960714285714286));
#12797=CARTESIAN_POINT('',(-0.00867381855845451,0.0295811695158481,-0.0535));
#12798=CARTESIAN_POINT('',(-0.00867381855845452,0.0295811695158481,-0.097));
#12799=CARTESIAN_POINT('',(-0.000873818558454496,0.0295811695158481,-0.097));
#12800=CARTESIAN_POINT('',(-0.00367381855845452,0.0295811695158481,-0.097));
#12801=CARTESIAN_POINT('',(-0.00367381855845451,0.0295811695158481,-0.0535));
#12802=CARTESIAN_POINT('',(-0.00367381855845453,0.0295811695158481,-0.0960714285714286));
#12803=CARTESIAN_POINT('',(-0.0211996806274201,0.0295811695158481,-0.0885603448275862));
#12804=CARTESIAN_POINT('',(-0.00150715189178784,0.0295811695158481,-0.097));
#12805=CARTESIAN_POINT('',(-0.000873818558454496,0.0295811695158481,-0.097));
#12806=CARTESIAN_POINT('',(-0.00117381855845449,0.0295811695158481,-0.097));
#12807=CARTESIAN_POINT('',(-0.00117381855845449,0.0295811695158481,-0.0785));
#12808=CARTESIAN_POINT('',(-0.00117381855845449,0.0295811695158481,-0.0921428571428572));
#12809=CARTESIAN_POINT('',(-0.0193893357998338,0.0295811695158481,-0.0843362068965518));
#12810=CARTESIAN_POINT('',(-0.00367381855845452,0.0295811695158481,-0.0910714285714286));
#12811=CARTESIAN_POINT('',(-0.00367381855845452,0.0295811695158481,-0.0535));
#12812=CARTESIAN_POINT('',(-0.00367381855845452,0.0295811695158481,-0.0764285714285714));
#12813=CARTESIAN_POINT('',(-0.015435357019993,0.0295811695158481,-0.0697076923076923));
#12814=CARTESIAN_POINT('',(-0.0132815108661468,0.0295811695158481,-0.0659384615384616));
#12815=CARTESIAN_POINT('',(-0.00367381855845452,0.0295811695158481,-0.0714285714285714));
#12816=CARTESIAN_POINT('',(-0.00367381855845452,0.0295811695158481,-0.0535));
#12817=CARTESIAN_POINT('',(-0.00367381855845452,0.0295811695158481,-0.0564285714285714));
#12818=CARTESIAN_POINT('',(-0.00681997240460837,0.0295811695158481,-0.0546307692307692));
#12819=CARTESIAN_POINT('',(-0.00466612625076221,0.0295811695158481,-0.0508615384615385));
#12820=CARTESIAN_POINT('',(-0.00367381855845452,0.0295811695158481,-0.0514285714285714));
#12821=CARTESIAN_POINT('',(-0.00367381855845452,0.0295811695158481,-0.0535));
#12822=CARTESIAN_POINT('',(-0.00367381855845452,0.0295811695158481,-0.0417084380241114));
#12823=CARTESIAN_POINT('',(-0.0161738185584545,0.0295811695158481,-0.05));
#12824=CARTESIAN_POINT('',(-0.0150037959768278,0.0295811695158481,-0.0350457013819276));
#12825=CARTESIAN_POINT('',(-0.0162968954815314,0.0295811695158481,-0.0357846153846154));
#12826=CARTESIAN_POINT('',(-0.00617381855845452,0.0295811695158481,-0.0535));
#12827=CARTESIAN_POINT('',(-0.00768151086614683,0.0295811695158481,-0.0508615384615385));
#12828=CARTESIAN_POINT('',(-0.0222363150333551,0.0295811695158481,-0.0591785694142289));
#12829=CARTESIAN_POINT('',(-0.00552766471230069,0.0295811695158481,-0.0546307692307692));
#12830=CARTESIAN_POINT('',(-0.0166553642177403,0.0295811695158481,-0.0609894546624491));
#12831=CARTESIAN_POINT('',(-0.0161738185584545,0.0295811695158481,-0.05));
#12832=CARTESIAN_POINT('',(-0.000873818558454496,0.0315811695158481,-0.097));
#12833=CARTESIAN_POINT('',(-0.0108404852251212,0.0315811695158481,-0.097));
#12834=CARTESIAN_POINT('',(-0.0108404852251212,0.0335811695158481,-0.097));
#12835=CARTESIAN_POINT('',(-0.0225071518917879,0.0315811695158481,-0.097));
#12836=CARTESIAN_POINT('',(-0.0225071518917879,0.0335811695158481,-0.097));
#12837=CARTESIAN_POINT('',(-0.000873818558454496,0.0335811695158481,-0.097));
#12838=CARTESIAN_POINT('',(-0.000873818558454496,0.0315811695158481,-0.097));
#12839=CARTESIAN_POINT('',(-0.00867381855845452,0.0315811695158481,-0.097));
#12840=CARTESIAN_POINT('',(-0.00867381855845452,0.0335811695158481,-0.097));
#12841=CARTESIAN_POINT('',(-0.000873818558454496,0.0335811695158481,-0.097));
#12842=CARTESIAN_POINT('',(-0.00367381855845452,0.0335811695158481,-0.097));
#12843=CARTESIAN_POINT('',(-0.00367381855845452,0.0315811695158481,-0.097));
#12844=CARTESIAN_POINT('',(-0.000873818558454496,0.0315811695158481,-0.097));
#12845=CARTESIAN_POINT('',(-0.00150715189178784,0.0315811695158481,-0.097));
#12846=CARTESIAN_POINT('',(-0.00150715189178786,0.0335811695158481,-0.097));
#12847=CARTESIAN_POINT('',(-0.000873818558454496,0.0335811695158481,-0.097));
#12848=CARTESIAN_POINT('',(-0.00117381855845449,0.0335811695158481,-0.097));
#12849=CARTESIAN_POINT('',(-0.00117381855845449,0.0295811695158481,-0.097));
#12850=CARTESIAN_POINT('',(0.0218261814415455,0.0295811695158481,0.003));
#12851=CARTESIAN_POINT('',(0.0218261814415455,0.0295811695158481,-0.006));
#12852=CARTESIAN_POINT('',(0.0218261814415455,0.0335811695158481,-0.006));
#12853=CARTESIAN_POINT('',(0.0218261814415455,0.0295811695158481,-0.009));
#12854=CARTESIAN_POINT('',(0.0218261814415455,0.0335811695158481,-0.009));
#12855=CARTESIAN_POINT('',(0.0218261814415455,0.0335811695158481,0.003));
#12856=CARTESIAN_POINT('',(0.0198261814415455,0.0295811695158481,0.003));
#12857=CARTESIAN_POINT('',(0.0198261814415455,0.0295811695158481,-0.00485714285714286));
#12858=CARTESIAN_POINT('',(0.0198261814415455,0.0335811695158481,-0.00485714285714286));
#12859=CARTESIAN_POINT('',(0.0198261814415455,0.0335811695158481,0.003));
#12860=CARTESIAN_POINT('',(0.0198261814415455,0.0335811695158481,-0.009));
#12861=CARTESIAN_POINT('',(0.0198261814415455,0.0295811695158481,-0.009));
#12862=CARTESIAN_POINT('',(-0.00114566516317427,0.0295811695158481,0.003));
#12863=CARTESIAN_POINT('',(-0.00114566516317427,0.0295811695158481,0.00212676948841128));
#12864=CARTESIAN_POINT('',(-0.00114566516317428,0.0335811695158481,0.00212676948841127));
#12865=CARTESIAN_POINT('',(-0.00114566516317427,0.0335811695158481,0.003));
#12866=CARTESIAN_POINT('',(-0.00114566516317427,0.0335811695158481,0.00712676948841131));
#12867=CARTESIAN_POINT('',(-0.00114566516317427,0.0295811695158481,0.00712676948841128));
#12868=CARTESIAN_POINT('',(-0.00314566516317427,0.0295811695158481,-0.008));
#12869=CARTESIAN_POINT('',(-0.00314566516317427,0.0295811695158481,0.00326962663126842));
#12870=CARTESIAN_POINT('',(-0.00314566516317427,0.0335811695158481,0.00326962663126842));
#12871=CARTESIAN_POINT('',(-0.00314566516317427,0.0295811695158481,0.00826962663126843));
#12872=CARTESIAN_POINT('',(-0.00314566516317427,0.0335811695158481,0.00826962663126843));
#12873=CARTESIAN_POINT('',(-0.00314566516317427,0.0335811695158481,-0.008));
#12874=CARTESIAN_POINT('',(0.00885433483682573,0.0295811695158481,-0.008));
#12875=CARTESIAN_POINT('',(0.00885433483682573,0.0295811695158481,-0.00358751622587443));
#12876=CARTESIAN_POINT('',(0.00885433483682572,0.0335811695158481,-0.00358751622587445));
#12877=CARTESIAN_POINT('',(0.00885433483682573,0.0335811695158481,-0.008));
#12878=CARTESIAN_POINT('',(0.00885433483682573,0.0335811695158481,0.00141248377412559));
#12879=CARTESIAN_POINT('',(0.00885433483682573,0.0295811695158481,0.00141248377412557));
#12880=CARTESIAN_POINT('',(0.00685433483682573,0.0295811695158481,0.003));
#12881=CARTESIAN_POINT('',(0.00685433483682573,0.0335811695158481,0.003));
#12882=CARTESIAN_POINT('',(0.00685433483682573,0.0335811695158481,-0.0024446590830173));
#12883=CARTESIAN_POINT('',(0.00685433483682573,0.0335811695158481,0.00255534091698272));
#12884=CARTESIAN_POINT('',(0.00685433483682573,0.0295811695158481,-0.0024446590830173));
#12885=CARTESIAN_POINT('',(0.00685433483682573,0.0295811695158481,0.00255534091698272));
#12886=CARTESIAN_POINT('',(-0.0226219318120381,0.0295811695158481,0.014));
#12887=CARTESIAN_POINT('',(-0.0226219318120381,0.0295811695158481,-0.00439892185919058));
#12888=CARTESIAN_POINT('',(-0.0226219318120381,0.0335811695158481,-0.00439892185919058));
#12889=CARTESIAN_POINT('',(-0.0226219318120381,0.0295811695158481,0.000601078140809423));
#12890=CARTESIAN_POINT('',(-0.0226219318120381,0.0335811695158481,0.000601078140809423));
#12891=CARTESIAN_POINT('',(-0.0226219318120381,0.0335811695158481,0.014));
#12892=CARTESIAN_POINT('',(-0.010621931812038,0.0295811695158481,0.004));
#12893=CARTESIAN_POINT('',(-0.010621931812038,0.0295811695158481,0.00245822099795228));
#12894=CARTESIAN_POINT('',(-0.010621931812038,0.0335811695158481,0.00245822099795227));
#12895=CARTESIAN_POINT('',(-0.010621931812038,0.0335811695158481,0.004));
#12896=CARTESIAN_POINT('',(-0.010621931812038,0.0335811695158481,0.00745822099795228));
#12897=CARTESIAN_POINT('',(-0.010621931812038,0.0295811695158481,0.00745822099795228));
#12898=CARTESIAN_POINT('',(-0.0206219318120381,0.0295811695158481,0.003));
#12899=CARTESIAN_POINT('',(-0.0206219318120381,0.0295811695158481,-0.00325606471633343));
#12900=CARTESIAN_POINT('',(-0.0206219318120381,0.0335811695158481,-0.00325606471633345));
#12901=CARTESIAN_POINT('',(-0.0206219318120381,0.0335811695158481,0.003));
#12902=CARTESIAN_POINT('',(-0.0206219318120381,0.0335811695158481,0.00174393528366656));
#12903=CARTESIAN_POINT('',(-0.0206219318120381,0.0295811695158481,0.00174393528366656));
#12904=CARTESIAN_POINT('',(-0.012621931812038,0.0295811695158481,0.003));
#12905=CARTESIAN_POINT('',(-0.012621931812038,0.0295811695158481,0.00131536385509513));
#12906=CARTESIAN_POINT('',(-0.012621931812038,0.0335811695158481,0.00131536385509513));
#12907=CARTESIAN_POINT('',(-0.012621931812038,0.0295811695158481,0.00631536385509513));
#12908=CARTESIAN_POINT('',(-0.012621931812038,0.0335811695158481,0.00631536385509513));
#12909=CARTESIAN_POINT('',(-0.012621931812038,0.0335811695158481,0.003));
#12910=CARTESIAN_POINT('',(-0.0301738185584545,0.0295811695158481,-0.008));
#12911=CARTESIAN_POINT('',(-0.0301738185584545,0.0295811695158481,-0.00871428571428571));
#12912=CARTESIAN_POINT('',(-0.0301738185584545,0.0335811695158481,-0.00871428571428572));
#12913=CARTESIAN_POINT('',(-0.0301738185584545,0.0335811695158481,-0.008));
#12914=CARTESIAN_POINT('',(-0.0301738185584545,0.0335811695158481,-0.00371428571428571));
#12915=CARTESIAN_POINT('',(-0.0301738185584545,0.0295811695158481,-0.00371428571428571));
#12916=CARTESIAN_POINT('',(-0.0321738185584545,0.0295811695158481,0.003));
#12917=CARTESIAN_POINT('',(-0.0321738185584545,0.0295811695158481,-0.00485714285714286));
#12918=CARTESIAN_POINT('',(-0.0321738185584545,0.0335811695158481,-0.00485714285714286));
#12919=CARTESIAN_POINT('',(-0.0321738185584545,0.0335811695158481,0.003));
#12920=CARTESIAN_POINT('',(-0.0321738185584545,0.0335811695158481,-0.009));
#12921=CARTESIAN_POINT('',(-0.0321738185584545,0.0295811695158481,-0.009));
#12922=CARTESIAN_POINT('',(-0.0351738185584545,0.0295811695158481,-0.009));
#12923=CARTESIAN_POINT('',(-0.0351738185584545,0.0335811695158481,-0.009));
#12924=CARTESIAN_POINT('',(-0.0306738185584545,0.0335811695158481,-0.009));
#12925=CARTESIAN_POINT('',(-0.0306738185584545,0.0295811695158481,-0.009));
#12926=CARTESIAN_POINT('',(-0.0018531043441831,0.0335811695158481,-0.11));
#12927=CARTESIAN_POINT('',(0.0466217967723039,0.0335811695158481,-0.0251689230461477));
#12928=CARTESIAN_POINT('',(0.0487756429261501,0.0335811695158481,-0.0213996922769169));
#12929=CARTESIAN_POINT('',(-0.0018531043441831,0.0335811695158481,-0.11));
#12930=CARTESIAN_POINT('',(-0.0287628186123115,0.0335811695158481,-0.0629080000307754));
#12931=CARTESIAN_POINT('',(-0.0411738185584545,0.0335811695158481,-0.07));
#12932=CARTESIAN_POINT('',(-0.0411738185584545,0.0335811695158481,-0.11));
#12933=CARTESIAN_POINT('',(-0.0411738185584545,0.0335811695158481,-0.055));
#12934=CARTESIAN_POINT('',(-0.0352243570738499,0.0335811695158481,-0.0516003077230831));
#12935=CARTESIAN_POINT('',(-0.037378203227696,0.0335811695158481,-0.0478310769538523));
#12936=CARTESIAN_POINT('',(-0.0411738185584545,0.0335811695158481,-0.05));
#12937=CARTESIAN_POINT('',(-0.0411738185584545,0.0335811695158481,-0.11));
#12938=CARTESIAN_POINT('',(-0.0411738185584545,0.0335811695158481,-0.035));
#12939=CARTESIAN_POINT('',(-0.0438397416892345,0.0335811695158481,-0.03652338464616));
#12940=CARTESIAN_POINT('',(-0.00867381855845451,0.0335811695158481,-0.0164285714285714));
#12941=CARTESIAN_POINT('',(-0.00867381855845452,0.0335811695158481,-0.11));
#12942=CARTESIAN_POINT('',(-0.00867381855845451,0.0335811695158481,-0.0314285714285714));
#12943=CARTESIAN_POINT('',(-0.037378203227696,0.0335811695158481,-0.0478310769538523));
#12944=CARTESIAN_POINT('',(-0.0150037959768278,0.0335811695158481,-0.0350457013819276));
#12945=CARTESIAN_POINT('',(-0.0161738185584545,0.0335811695158481,-0.05));
#12946=CARTESIAN_POINT('',(-0.00367381855845452,0.0335811695158481,-0.0417084380241114));
#12947=CARTESIAN_POINT('',(-0.00367381855845452,0.0335811695158481,-0.11));
#12948=CARTESIAN_POINT('',(-0.00367381855845452,0.0335811695158481,-0.0364285714285714));
#12949=CARTESIAN_POINT('',(0.0293910275415347,0.0335811695158481,-0.0553227691999939));
#12950=CARTESIAN_POINT('',(0.0288261814415455,0.0335811695158481,-0.055));
#12951=CARTESIAN_POINT('',(0.0288261814415455,0.0335811695158481,-0.11));
#12952=CARTESIAN_POINT('',(0.0288261814415455,0.0335811695158481,-0.07));
#12953=CARTESIAN_POINT('',(0.0229294890799963,0.0335811695158481,-0.0666304615076862));
#12954=CARTESIAN_POINT('',(0.0207756429261501,0.0335811695158481,-0.0703996922769169));
#12955=CARTESIAN_POINT('',(0.0288261814415455,0.0335811695158481,-0.075));
#12956=CARTESIAN_POINT('',(0.0288261814415455,0.0335811695158481,-0.11));
#12957=CARTESIAN_POINT('',(0.0288261814415455,0.0335811695158481,-0.09));
#12958=CARTESIAN_POINT('',(0.0143141044646116,0.0335811695158481,-0.0817073845846092));
#12959=CARTESIAN_POINT('',(0.0121602583107655,0.0335811695158481,-0.08547661535384));
#12960=CARTESIAN_POINT('',(0.0288261814415455,0.0335811695158481,-0.095));
#12961=CARTESIAN_POINT('',(0.0288261814415455,0.0335811695158481,-0.11));
#12962=CARTESIAN_POINT('',(0.0288261814415455,0.0335811695158481,-0.105));
#12963=CARTESIAN_POINT('',(0.00471781931222306,0.0335811695158481,-0.094667844801719));
#12964=CARTESIAN_POINT('',(-0.00117381855845449,0.0335811695158481,-0.0921428571428572));
#12965=CARTESIAN_POINT('',(-0.00117381855845449,0.0335811695158481,-0.0785));
#12966=CARTESIAN_POINT('',(0.00290747448463685,0.0335811695158481,-0.0988919827327535));
#12967=CARTESIAN_POINT('',(0.0171595147748788,0.0335811695158481,-0.105));
#12968=CARTESIAN_POINT('',(-0.0018531043441831,0.0335811695158481,-0.105));
#12969=CARTESIAN_POINT('',(-0.00367381855845452,0.0335811695158481,-0.105));
#12970=CARTESIAN_POINT('',(-0.00367381855845452,0.0335811695158481,-0.11));
#12971=CARTESIAN_POINT('',(-0.00867381855845452,0.0335811695158481,-0.11));
#12972=CARTESIAN_POINT('',(-0.00867381855845452,0.0335811695158481,-0.105));
#12973=CARTESIAN_POINT('',(-0.0018531043441831,0.0335811695158481,-0.105));
#12974=CARTESIAN_POINT('',(-0.0295071518917879,0.0335811695158481,-0.105));
#12975=CARTESIAN_POINT('',(-0.00795459448088037,0.0335811695158481,-0.0957631896810397));
#12976=CARTESIAN_POINT('',(-0.00976493930846658,0.0335811695158481,-0.0915390517500052));
#12977=CARTESIAN_POINT('',(-0.0297089276106503,0.0335811695158481,-0.100086475308084));
#12978=CARTESIAN_POINT('',(-0.0297089276106503,0.0335811695158481,-0.10425));
#12979=CARTESIAN_POINT('',(-0.0297089276106503,0.0335811695158481,-0.105));
#12980=CARTESIAN_POINT('',(-0.0342089276106503,0.0335811695158481,-0.105));
#12981=CARTESIAN_POINT('',(-0.0387089276106502,0.0335811695158481,-0.105));
#12982=CARTESIAN_POINT('',(-0.0387089276106502,0.0335811695158481,-0.10425));
#12983=CARTESIAN_POINT('',(-0.0387089276106502,0.0335811695158481,-0.103943618165227));
#12984=CARTESIAN_POINT('',(-0.00976493930846658,0.0335811695158481,-0.0915390517500052));
#12985=CARTESIAN_POINT('',(-0.0411738185584545,0.0335811695158481,-0.105));
#12986=CARTESIAN_POINT('',(-0.0411738185584545,0.0335811695158481,-0.11));
#12987=CARTESIAN_POINT('',(-0.0411738185584545,0.0335811695158481,-0.095));
#12988=CARTESIAN_POINT('',(-0.0179935878430807,0.0335811695158481,-0.0817541538769293));
#12989=CARTESIAN_POINT('',(-0.0201474339969268,0.0335811695158481,-0.0779849231076985));
#12990=CARTESIAN_POINT('',(-0.0411738185584545,0.0335811695158481,-0.09));
#12991=CARTESIAN_POINT('',(-0.0411738185584545,0.0335811695158481,-0.11));
#12992=CARTESIAN_POINT('',(-0.0411738185584545,0.0335811695158481,-0.075));
#12993=CARTESIAN_POINT('',(-0.0266089724584653,0.0335811695158481,-0.0666772308000062));
#12994=CARTESIAN_POINT('',(-0.00367381855845452,0.0335811695158481,-0.11));
#12995=CARTESIAN_POINT('',(-0.00367381855845452,0.0335811695158481,-0.0164285714285714));
#12996=CARTESIAN_POINT('',(-0.00367381855845452,0.0335811695158481,-0.0314285714285715));
#12997=CARTESIAN_POINT('',(0.0380064121569193,0.0335811695158481,-0.0402458461230708));
#12998=CARTESIAN_POINT('',(0.0288261814415455,0.0335811695158481,-0.035));
#12999=CARTESIAN_POINT('',(0.0288261814415455,0.0335811695158481,-0.11));
#13000=CARTESIAN_POINT('',(0.0288261814415455,0.0335811695158481,-0.05));
#13001=CARTESIAN_POINT('',(0.0315448736953809,0.0335811695158481,-0.0515535384307631));
#13002=CARTESIAN_POINT('',(-0.00367381855845452,0.0335811695158481,-0.11));
#13003=CARTESIAN_POINT('',(-0.00367381855845452,0.0335811695158481,0.00357142857142856));
#13004=CARTESIAN_POINT('',(-0.00367381855845452,0.0335811695158481,-0.0114285714285714));
#13005=CARTESIAN_POINT('',(0.0466217967723039,0.0335811695158481,-0.0251689230461477));
#13006=CARTESIAN_POINT('',(0.0487756429261501,0.0335811695158481,-0.0213996922769169));
#13007=CARTESIAN_POINT('',(-0.00367381855845452,0.0335811695158481,0.00857142857142856));
#13008=CARTESIAN_POINT('',(-0.00367381855845452,0.0335811695158481,-0.11));
#13009=CARTESIAN_POINT('',(-0.00367381855845452,0.0335811695158481,0.01));
#13010=CARTESIAN_POINT('',(-0.0018531043441831,0.0335811695158481,0.01));
#13011=CARTESIAN_POINT('',(-0.00314566516317427,0.0335811695158481,0.01));
#13012=CARTESIAN_POINT('',(-0.00314566516317427,0.0335811695158481,-0.008));
#13013=CARTESIAN_POINT('',(-0.00314566516317428,0.0335811695158481,0.015));
#13014=CARTESIAN_POINT('',(-0.0018531043441831,0.0335811695158481,0.015));
#13015=CARTESIAN_POINT('',(-0.010621931812038,0.0335811695158481,0.015));
#13016=CARTESIAN_POINT('',(-0.010621931812038,0.0335811695158481,0.004));
#13017=CARTESIAN_POINT('',(-0.010621931812038,0.0335811695158481,0.01));
#13018=CARTESIAN_POINT('',(-0.0018531043441831,0.0335811695158481,0.01));
#13019=CARTESIAN_POINT('',(-0.0086738185584545,0.0335811695158481,0.01));
#13020=CARTESIAN_POINT('',(-0.0086738185584545,0.0335811695158481,-0.11));
#13021=CARTESIAN_POINT('',(-0.0086738185584545,0.0335811695158481,0.00857142857142858));
#13022=CARTESIAN_POINT('',(-0.0546089724584653,0.0335811695158481,-0.0176772308000062));
#13023=CARTESIAN_POINT('',(-0.0524551263046191,0.0335811695158481,-0.0214464615692369));
#13024=CARTESIAN_POINT('',(-0.00867381855845451,0.0335811695158481,0.00357142857142857));
#13025=CARTESIAN_POINT('',(-0.00867381855845452,0.0335811695158481,-0.11));
#13026=CARTESIAN_POINT('',(-0.00867381855845451,0.0335811695158481,-0.0114285714285714));
#13027=CARTESIAN_POINT('',(-0.0459935878430807,0.0335811695158481,-0.0327541538769292));
#13028=CARTESIAN_POINT('',(-0.0411738185584545,0.0335811695158481,-0.03));
#13029=CARTESIAN_POINT('',(-0.0411738185584545,0.0335811695158481,-0.11));
#13030=CARTESIAN_POINT('',(-0.0411738185584545,0.0335811695158481,-0.015));
#13031=CARTESIAN_POINT('',(-0.0524551263046191,0.0335811695158481,-0.0214464615692369));
#13032=CARTESIAN_POINT('',(-0.0546089724584653,0.0335811695158481,-0.0176772308000062));
#13033=CARTESIAN_POINT('',(-0.0411738185584545,0.0335811695158481,-0.01));
#13034=CARTESIAN_POINT('',(-0.0411738185584545,0.0335811695158481,-0.11));
#13035=CARTESIAN_POINT('',(-0.0421738185584545,0.0335811695158481,-0.11));
#13036=CARTESIAN_POINT('',(-0.0421738185584545,0.0335811695158481,-0.01));
#13037=CARTESIAN_POINT('',(-0.0018531043441831,0.0335811695158481,-0.01));
#13038=CARTESIAN_POINT('',(-0.0458152469869974,0.0335811695158481,-0.01));
#13039=CARTESIAN_POINT('',(-0.0458152469869974,0.0335811695158481,-0.11));
#13040=CARTESIAN_POINT('',(0.0334676098700884,0.0335811695158481,-0.11));
#13041=CARTESIAN_POINT('',(0.0334676098700884,0.0335811695158481,-0.01));
#13042=CARTESIAN_POINT('',(-0.0018531043441831,0.0335811695158481,-0.01));
#13043=CARTESIAN_POINT('',(0.0318261814415455,0.0335811695158481,-0.01));
#13044=CARTESIAN_POINT('',(0.0318261814415455,0.0335811695158481,-0.11));
#13045=CARTESIAN_POINT('',(0.0318261814415455,0.0335811695158481,-0.009));
#13046=CARTESIAN_POINT('',(0.0308261814415455,0.0335811695158481,-0.009));
#13047=CARTESIAN_POINT('',(0.0298261814415455,0.0335811695158481,-0.009));
#13048=CARTESIAN_POINT('',(0.0298261814415455,0.0335811695158481,0.003));
#13049=CARTESIAN_POINT('',(0.0298261814415455,0.0335811695158481,0.013));
#13050=CARTESIAN_POINT('',(0.0258261814415455,0.0335811695158481,0.013));
#13051=CARTESIAN_POINT('',(0.0218261814415455,0.0335811695158481,0.013));
#13052=CARTESIAN_POINT('',(0.0218261814415455,0.0335811695158481,0.003));
#13053=CARTESIAN_POINT('',(0.0218261814415455,0.0335811695158481,0.01));
#13054=CARTESIAN_POINT('',(-0.0018531043441831,0.0335811695158481,0.01));
#13055=CARTESIAN_POINT('',(0.0288261814415455,0.0335811695158481,0.01));
#13056=CARTESIAN_POINT('',(0.0288261814415455,0.0335811695158481,-0.11));
#13057=CARTESIAN_POINT('',(0.0288261814415455,0.0335811695158481,-0.01));
#13058=CARTESIAN_POINT('',(0.0487756429261501,0.0335811695158481,-0.0213996922769169));
#13059=CARTESIAN_POINT('',(0.0308261814415455,0.0335811695158481,-0.009));
#13060=CARTESIAN_POINT('',(0.0487756429261501,0.0335811695158481,-0.0213996922769169));
#13061=CARTESIAN_POINT('',(0.0466217967723039,0.0335811695158481,-0.0251689230461477));
#13062=CARTESIAN_POINT('',(0.0288261814415455,0.0335811695158481,-0.015));
#13063=CARTESIAN_POINT('',(0.0288261814415455,0.0335811695158481,-0.11));
#13064=CARTESIAN_POINT('',(0.0288261814415455,0.0335811695158481,-0.03));
#13065=CARTESIAN_POINT('',(0.0401602583107655,0.0335811695158481,-0.03647661535384));
#13066=CARTESIAN_POINT('',(-0.0018531043441831,0.0335811695158481,-0.11));
#13067=CARTESIAN_POINT('',(-0.0524551263046191,0.0335811695158481,-0.0214464615692369));
#13068=CARTESIAN_POINT('',(-0.0546089724584653,0.0335811695158481,-0.0176772308000062));
#13069=CARTESIAN_POINT('',(-0.0018531043441831,0.0335811695158481,-0.11));
#13070=CARTESIAN_POINT('',(-0.0524551263046191,0.0335811695158481,-0.0214464615692369));
#13071=CARTESIAN_POINT('',(-0.0546089724584653,0.0335811695158481,-0.0176772308000062));
#13072=CARTESIAN_POINT('',(-0.0018531043441831,0.0335811695158481,-0.11));
#13073=CARTESIAN_POINT('',(-0.0018531043441831,0.0335811695158481,0.01));
#13074=CARTESIAN_POINT('',(-0.012621931812038,0.0335811695158481,0.01));
#13075=CARTESIAN_POINT('',(-0.0206219318120381,0.0335811695158481,0.01));
#13076=CARTESIAN_POINT('',(-0.012621931812038,0.0335811695158481,0.003));
#13077=CARTESIAN_POINT('',(-0.012621931812038,0.0335811695158481,0.013));
#13078=CARTESIAN_POINT('',(-0.0166219318120381,0.0335811695158481,0.013));
#13079=CARTESIAN_POINT('',(-0.0206219318120381,0.0335811695158481,0.013));
#13080=CARTESIAN_POINT('',(-0.0206219318120381,0.0335811695158481,0.003));
#13081=CARTESIAN_POINT('',(-0.0018531043441831,0.0335811695158481,-0.11));
#13082=CARTESIAN_POINT('',(-0.0018531043441831,0.0335811695158481,0.01));
#13083=CARTESIAN_POINT('',(-0.0226219318120381,0.0335811695158481,0.01));
#13084=CARTESIAN_POINT('',(-0.0301738185584545,0.0335811695158481,0.01));
#13085=CARTESIAN_POINT('',(-0.0226219318120381,0.0335811695158481,0.014));
#13086=CARTESIAN_POINT('',(-0.0226219318120381,0.0335811695158481,0.015));
#13087=CARTESIAN_POINT('',(-0.0018531043441831,0.0335811695158481,0.015));
#13088=CARTESIAN_POINT('',(-0.0301738185584545,0.0335811695158481,0.015));
#13089=CARTESIAN_POINT('',(-0.0301738185584545,0.0335811695158481,-0.008));
#13090=CARTESIAN_POINT('',(-0.0018531043441831,0.0335811695158481,-0.11));
#13091=CARTESIAN_POINT('',(-0.0018531043441831,0.0335811695158481,0.01));
#13092=CARTESIAN_POINT('',(-0.0321738185584545,0.0335811695158481,0.01));
#13093=CARTESIAN_POINT('',(-0.0401738185584545,0.0335811695158481,0.01));
#13094=CARTESIAN_POINT('',(-0.0321738185584545,0.0335811695158481,0.003));
#13095=CARTESIAN_POINT('',(-0.0321738185584545,0.0335811695158481,0.013));
#13096=CARTESIAN_POINT('',(-0.0361738185584545,0.0335811695158481,0.013));
#13097=CARTESIAN_POINT('',(-0.0401738185584545,0.0335811695158481,0.013));
#13098=CARTESIAN_POINT('',(-0.0401738185584545,0.0335811695158481,0.003));
#13099=CARTESIAN_POINT('',(-0.0018531043441831,0.0335811695158481,-0.11));
#13100=CARTESIAN_POINT('',(-0.0018531043441831,0.0335811695158481,0.01));
#13101=CARTESIAN_POINT('',(0.0198261814415455,0.0335811695158481,0.01));
#13102=CARTESIAN_POINT('',(0.00885433483682573,0.0335811695158481,0.01));
#13103=CARTESIAN_POINT('',(0.0198261814415455,0.0335811695158481,0.003));
#13104=CARTESIAN_POINT('',(0.0198261814415455,0.0335811695158481,0.015));
#13105=CARTESIAN_POINT('',(-0.0018531043441831,0.0335811695158481,0.015));
#13106=CARTESIAN_POINT('',(0.00885433483682573,0.0335811695158481,0.015));
#13107=CARTESIAN_POINT('',(0.00885433483682573,0.0335811695158481,-0.008));
#13108=CARTESIAN_POINT('',(0.019854105877314,-0.0264188304841518,-0.00800007026854356));
#13109=CARTESIAN_POINT('',(0.019854105877314,-0.0304188304841518,-0.00800007026854356));
#13110=CARTESIAN_POINT('',(0.019854105877314,-0.0304188304841518,-0.00900007026854356));
#13111=CARTESIAN_POINT('',(0.019854105877314,-0.0304188304841518,-0.00487309967758199));
#13112=CARTESIAN_POINT('',(0.019854105877314,-0.0264188304841518,-0.004873099677582));
#13113=CARTESIAN_POINT('',(0.019854105877314,-0.0264188304841518,-0.00900007026854356));
#13114=CARTESIAN_POINT('',(0.021854105877314,-0.0264188304841518,0.00299992973145643));
#13115=CARTESIAN_POINT('',(0.021854105877314,-0.0264188304841518,-0.00601595682043915));
#13116=CARTESIAN_POINT('',(0.021854105877314,-0.0304188304841518,-0.00601595682043915));
#13117=CARTESIAN_POINT('',(0.021854105877314,-0.0304188304841518,0.00299992973145643));
#13118=CARTESIAN_POINT('',(0.021854105877314,-0.0304188304841518,-0.00900007026854356));
#13119=CARTESIAN_POINT('',(0.021854105877314,-0.0264188304841518,-0.00900007026854356));
#13120=CARTESIAN_POINT('',(-0.00111774072740578,-0.0264188304841518,0.00299992973145644));
#13121=CARTESIAN_POINT('',(-0.00111774072740578,-0.0304188304841518,0.00299992973145644));
#13122=CARTESIAN_POINT('',(-0.00111774072740578,-0.0304188304841518,0.00211081266797214));
#13123=CARTESIAN_POINT('',(-0.00111774072740578,-0.0304188304841518,0.00711081266797214));
#13124=CARTESIAN_POINT('',(-0.00111774072740578,-0.0264188304841518,0.00211081266797214));
#13125=CARTESIAN_POINT('',(-0.00111774072740578,-0.0264188304841518,0.00711081266797214));
#13126=CARTESIAN_POINT('',(0.00688225927259421,-0.0264188304841518,0.00299992973145644));
#13127=CARTESIAN_POINT('',(0.00688225927259421,-0.0264188304841518,-0.00246061590345642));
#13128=CARTESIAN_POINT('',(0.00688225927259421,-0.0304188304841518,-0.00246061590345642));
#13129=CARTESIAN_POINT('',(0.00688225927259421,-0.0304188304841518,0.00299992973145644));
#13130=CARTESIAN_POINT('',(0.00688225927259421,-0.0304188304841518,0.0025393840965436));
#13131=CARTESIAN_POINT('',(0.00688225927259421,-0.0264188304841518,0.00253938409654358));
#13132=CARTESIAN_POINT('',(0.00888225927259422,-0.0264188304841518,0.00299992973145644));
#13133=CARTESIAN_POINT('',(0.00888225927259421,-0.0264188304841518,-0.00360347304631357));
#13134=CARTESIAN_POINT('',(0.00888225927259421,-0.0304188304841518,-0.00360347304631357));
#13135=CARTESIAN_POINT('',(0.00888225927259422,-0.0264188304841518,0.00139652695368643));
#13136=CARTESIAN_POINT('',(0.00888225927259422,-0.0304188304841518,0.00139652695368643));
#13137=CARTESIAN_POINT('',(0.00888225927259422,-0.0304188304841518,0.00299992973145644));
#13138=CARTESIAN_POINT('',(-0.00311774072740579,-0.0264188304841518,0.00299992973145644));
#13139=CARTESIAN_POINT('',(-0.00311774072740579,-0.0264188304841518,0.00325366981082928));
#13140=CARTESIAN_POINT('',(-0.00311774072740579,-0.0304188304841518,0.00325366981082929));
#13141=CARTESIAN_POINT('',(-0.00311774072740579,-0.0304188304841518,0.00299992973145644));
#13142=CARTESIAN_POINT('',(-0.00311774072740578,-0.0304188304841518,0.0082536698108293));
#13143=CARTESIAN_POINT('',(-0.00311774072740578,-0.0264188304841518,0.00825366981082929));
#13144=CARTESIAN_POINT('',(-0.0205940073762696,-0.0264188304841518,0.00299992973145645));
#13145=CARTESIAN_POINT('',(-0.0205940073762696,-0.0264188304841518,-0.0032401078958943));
#13146=CARTESIAN_POINT('',(-0.0205940073762696,-0.0304188304841518,-0.0032401078958943));
#13147=CARTESIAN_POINT('',(-0.0205940073762696,-0.0264188304841518,0.0017598921041057));
#13148=CARTESIAN_POINT('',(-0.0205940073762696,-0.0304188304841518,0.0017598921041057));
#13149=CARTESIAN_POINT('',(-0.0205940073762696,-0.0304188304841518,0.00299992973145645));
#13150=CARTESIAN_POINT('',(-0.0225940073762695,-0.0264188304841518,0.00299992973145645));
#13151=CARTESIAN_POINT('',(-0.0225940073762695,-0.0264188304841518,-0.00438296503875144));
#13152=CARTESIAN_POINT('',(-0.0225940073762695,-0.0304188304841518,-0.00438296503875144));
#13153=CARTESIAN_POINT('',(-0.0225940073762695,-0.0304188304841518,0.00299992973145645));
#13154=CARTESIAN_POINT('',(-0.0225940073762695,-0.0304188304841518,0.000617034961248549));
#13155=CARTESIAN_POINT('',(-0.0225940073762695,-0.0264188304841518,0.000617034961248557));
#13156=CARTESIAN_POINT('',(-0.0105940073762695,-0.0264188304841518,0.0139999297314564));
#13157=CARTESIAN_POINT('',(-0.0105940073762695,-0.0304188304841518,0.0139999297314564));
#13158=CARTESIAN_POINT('',(-0.0105940073762695,-0.0304188304841518,0.00247417781839143));
#13159=CARTESIAN_POINT('',(-0.0105940073762695,-0.0304188304841518,0.00747417781839142));
#13160=CARTESIAN_POINT('',(-0.0105940073762695,-0.0264188304841518,0.00247417781839143));
#13161=CARTESIAN_POINT('',(-0.0105940073762695,-0.0264188304841518,0.00747417781839142));
#13162=CARTESIAN_POINT('',(-0.0125940073762695,-0.0264188304841518,0.00299992973145644));
#13163=CARTESIAN_POINT('',(-0.0125940073762695,-0.0264188304841518,0.00133132067553427));
#13164=CARTESIAN_POINT('',(-0.0125940073762695,-0.0304188304841518,0.00133132067553427));
#13165=CARTESIAN_POINT('',(-0.0125940073762695,-0.0304188304841518,0.00299992973145644));
#13166=CARTESIAN_POINT('',(-0.0125940073762695,-0.0304188304841518,0.00633132067553426));
#13167=CARTESIAN_POINT('',(-0.0125940073762695,-0.0264188304841518,0.00633132067553427));
#13168=CARTESIAN_POINT('',(-0.0301458941226861,-0.0264188304841518,0.0139999297314564));
#13169=CARTESIAN_POINT('',(-0.0301458941226861,-0.0304188304841518,0.0139999297314564));
#13170=CARTESIAN_POINT('',(-0.0301458941226861,-0.0304188304841518,-0.00869832889384658));
#13171=CARTESIAN_POINT('',(-0.0301458941226861,-0.0304188304841518,-0.00369832889384658));
#13172=CARTESIAN_POINT('',(-0.0301458941226861,-0.0264188304841518,-0.00869832889384658));
#13173=CARTESIAN_POINT('',(-0.0301458941226861,-0.0264188304841518,-0.00369832889384658));
#13174=CARTESIAN_POINT('',(-0.0321458941226861,-0.0264188304841518,0.00299992973145645));
#13175=CARTESIAN_POINT('',(-0.0321458941226861,-0.0304188304841518,0.00299992973145645));
#13176=CARTESIAN_POINT('',(-0.0321458941226861,-0.0304188304841518,-0.00484118603670372));
#13177=CARTESIAN_POINT('',(-0.0321458941226861,-0.0264188304841518,-0.00484118603670372));
#13178=CARTESIAN_POINT('',(-0.037145894122686,-0.0264188304841518,-0.00900007026854355));
#13179=CARTESIAN_POINT('',(-0.0411738185584545,-0.0264188304841518,-0.00900007026854355));
#13180=CARTESIAN_POINT('',(-0.0411738185584545,-0.0304188304841518,-0.00900007026854356));
#13181=CARTESIAN_POINT('',(-0.037145894122686,-0.0304188304841518,-0.00900007026854355));
#13182=CARTESIAN_POINT('',(-0.042145894122686,-0.0304188304841518,-0.00900007026854355));
#13183=CARTESIAN_POINT('',(-0.042145894122686,-0.0264188304841518,-0.00900007026854355));
#13184=CARTESIAN_POINT('',(-0.040494532772726,-0.0304188304841518,-0.11));
#13185=CARTESIAN_POINT('',(0.0174921045723254,-0.0304188304841518,-0.00852338464616));
#13186=CARTESIAN_POINT('',(0.0196459507261716,-0.0304188304841518,-0.00475415387692921));
#13187=CARTESIAN_POINT('',(-0.040494532772726,-0.0304188304841518,-0.11));
#13188=CARTESIAN_POINT('',(-0.0578925108122899,-0.0304188304841518,-0.0795535384307631));
#13189=CARTESIAN_POINT('',(-0.0411738185584545,-0.0304188304841518,-0.07));
#13190=CARTESIAN_POINT('',(-0.0557386646584438,-0.0304188304841518,-0.0833227691999939));
#13191=CARTESIAN_POINT('',(-0.0411738185584545,-0.0304188304841518,-0.075));
#13192=CARTESIAN_POINT('',(-0.0411738185584545,-0.0304188304841518,-0.11));
#13193=CARTESIAN_POINT('',(-0.0411738185584545,-0.0304188304841518,-0.09));
#13194=CARTESIAN_POINT('',(-0.0492771261969053,-0.0304188304841518,-0.0946304615076862));
#13195=CARTESIAN_POINT('',(-0.0471232800430591,-0.0304188304841518,-0.0983996922769169));
#13196=CARTESIAN_POINT('',(-0.0411738185584545,-0.0304188304841518,-0.095));
#13197=CARTESIAN_POINT('',(-0.0411738185584545,-0.0304188304841518,-0.11));
#13198=CARTESIAN_POINT('',(-0.0411738185584545,-0.0304188304841518,-0.105));
#13199=CARTESIAN_POINT('',(-0.042410284015339,-0.0304188304841518,-0.105529913767236));
#13200=CARTESIAN_POINT('',(-0.0387089276106502,-0.0304188304841518,-0.103943618165227));
#13201=CARTESIAN_POINT('',(-0.0387089276106502,-0.0304188304841518,-0.11));
#13202=CARTESIAN_POINT('',(-0.0387089276106502,-0.0304188304841518,-0.1));
#13203=CARTESIAN_POINT('',(-0.040494532772726,-0.0304188304841518,-0.1));
#13204=CARTESIAN_POINT('',(-0.0311738185584545,-0.0304188304841518,-0.1));
#13205=CARTESIAN_POINT('',(-0.0311738185584545,-0.0304188304841518,-0.0785));
#13206=CARTESIAN_POINT('',(-0.0458152469869974,-0.0304188304841518,-0.11));
#13207=CARTESIAN_POINT('',(-0.0458152469869974,-0.0304188304841518,-0.01));
#13208=CARTESIAN_POINT('',(-0.040494532772726,-0.0304188304841518,-0.01));
#13209=CARTESIAN_POINT('',(-0.0421738185584545,-0.0304188304841518,-0.01));
#13210=CARTESIAN_POINT('',(-0.0421738185584545,-0.0304188304841518,-0.11));
#13211=CARTESIAN_POINT('',(-0.0421738185584545,-0.0304188304841518,0.015));
#13212=CARTESIAN_POINT('',(-0.040494532772726,-0.0304188304841518,0.015));
#13213=CARTESIAN_POINT('',(-0.042145894122686,-0.0304188304841518,0.015));
#13214=CARTESIAN_POINT('',(-0.042145894122686,-0.0304188304841518,-0.00800007026854356));
#13215=CARTESIAN_POINT('',(-0.0411738185584545,-0.0304188304841518,-0.11));
#13216=CARTESIAN_POINT('',(-0.0411738185584545,-0.0304188304841518,-0.01));
#13217=CARTESIAN_POINT('',(-0.0837386646584438,-0.0304188304841518,-0.0343227691999938));
#13218=CARTESIAN_POINT('',(-0.0815848185045976,-0.0304188304841518,-0.0380919999692246));
#13219=CARTESIAN_POINT('',(-0.0411738185584545,-0.0304188304841518,-0.015));
#13220=CARTESIAN_POINT('',(-0.0411738185584545,-0.0304188304841518,-0.11));
#13221=CARTESIAN_POINT('',(-0.0411738185584545,-0.0304188304841518,-0.03));
#13222=CARTESIAN_POINT('',(-0.0751232800430591,-0.0304188304841518,-0.0493996922769169));
#13223=CARTESIAN_POINT('',(-0.00867381855845451,-0.0304188304841518,-0.0114285714285714));
#13224=CARTESIAN_POINT('',(-0.00867381855845452,-0.0304188304841518,-0.11));
#13225=CARTESIAN_POINT('',(-0.00867381855845451,-0.0304188304841518,0.00357142857142858));
#13226=CARTESIAN_POINT('',(-0.0815848185045976,-0.0304188304841518,-0.0380919999692246));
#13227=CARTESIAN_POINT('',(-0.0837386646584438,-0.0304188304841518,-0.0343227691999938));
#13228=CARTESIAN_POINT('',(-0.0086738185584545,-0.0304188304841518,0.00857142857142858));
#13229=CARTESIAN_POINT('',(-0.00867381855845451,-0.0304188304841518,-0.11));
#13230=CARTESIAN_POINT('',(-0.0086738185584545,-0.0304188304841518,0.01));
#13231=CARTESIAN_POINT('',(-0.040494532772726,-0.0304188304841518,0.01));
#13232=CARTESIAN_POINT('',(-0.0105940073762695,-0.0304188304841518,0.01));
#13233=CARTESIAN_POINT('',(-0.0105940073762695,-0.0304188304841518,0.0139999297314564));
#13234=CARTESIAN_POINT('',(-0.0105940073762695,-0.0304188304841518,0.015));
#13235=CARTESIAN_POINT('',(-0.040494532772726,-0.0304188304841518,0.015));
#13236=CARTESIAN_POINT('',(-0.00311774072740578,-0.0304188304841518,0.015));
#13237=CARTESIAN_POINT('',(-0.00311774072740579,-0.0304188304841518,0.00299992973145644));
#13238=CARTESIAN_POINT('',(-0.00311774072740578,-0.0304188304841518,0.01));
#13239=CARTESIAN_POINT('',(-0.040494532772726,-0.0304188304841518,0.01));
#13240=CARTESIAN_POINT('',(-0.00367381855845452,-0.0304188304841518,0.01));
#13241=CARTESIAN_POINT('',(-0.00367381855845452,-0.0304188304841518,-0.11));
#13242=CARTESIAN_POINT('',(-0.00367381855845452,-0.0304188304841518,0.00857142857142856));
#13243=CARTESIAN_POINT('',(0.0196459507261716,-0.0304188304841518,-0.00475415387692921));
#13244=CARTESIAN_POINT('',(0.0174921045723254,-0.0304188304841518,-0.00852338464616));
#13245=CARTESIAN_POINT('',(-0.00367381855845452,-0.0304188304841518,0.00357142857142856));
#13246=CARTESIAN_POINT('',(-0.00367381855845452,-0.0304188304841518,-0.11));
#13247=CARTESIAN_POINT('',(-0.00367381855845452,-0.0304188304841518,-0.0114285714285714));
#13248=CARTESIAN_POINT('',(0.011030566110787,-0.0304188304841518,-0.0198310769538523));
#13249=CARTESIAN_POINT('',(0.0288261814415455,-0.0304188304841518,-0.03));
#13250=CARTESIAN_POINT('',(0.0288261814415455,-0.0304188304841518,-0.11));
#13251=CARTESIAN_POINT('',(0.0288261814415455,-0.0304188304841518,-0.015));
#13252=CARTESIAN_POINT('',(0.0174921045723254,-0.0304188304841518,-0.00852338464616));
#13253=CARTESIAN_POINT('',(0.0196459507261716,-0.0304188304841518,-0.00475415387692921));
#13254=CARTESIAN_POINT('',(0.030854105877314,-0.0304188304841518,-0.00900007026854356));
#13255=CARTESIAN_POINT('',(0.0196459507261716,-0.0304188304841518,-0.00475415387692921));
#13256=CARTESIAN_POINT('',(0.0288261814415455,-0.0304188304841518,-0.01));
#13257=CARTESIAN_POINT('',(0.0288261814415455,-0.0304188304841518,-0.11));
#13258=CARTESIAN_POINT('',(0.0288261814415455,-0.0304188304841518,0.01));
#13259=CARTESIAN_POINT('',(-0.040494532772726,-0.0304188304841518,0.01));
#13260=CARTESIAN_POINT('',(0.021854105877314,-0.0304188304841518,0.01));
#13261=CARTESIAN_POINT('',(0.021854105877314,-0.0304188304841518,0.00299992973145643));
#13262=CARTESIAN_POINT('',(0.021854105877314,-0.0304188304841518,0.0129999297314564));
#13263=CARTESIAN_POINT('',(0.025854105877314,-0.0304188304841518,0.0129999297314564));
#13264=CARTESIAN_POINT('',(0.029854105877314,-0.0304188304841518,0.0129999297314564));
#13265=CARTESIAN_POINT('',(0.029854105877314,-0.0304188304841518,0.00299992973145643));
#13266=CARTESIAN_POINT('',(0.029854105877314,-0.0304188304841518,-0.00900007026854356));
#13267=CARTESIAN_POINT('',(0.030854105877314,-0.0304188304841518,-0.00900007026854356));
#13268=CARTESIAN_POINT('',(0.0318261814415455,-0.0304188304841518,-0.00900007026854356));
#13269=CARTESIAN_POINT('',(0.0318261814415455,-0.0304188304841518,-0.11));
#13270=CARTESIAN_POINT('',(0.0318261814415455,-0.0304188304841518,-0.01));
#13271=CARTESIAN_POINT('',(-0.040494532772726,-0.0304188304841518,-0.01));
#13272=CARTESIAN_POINT('',(0.0334676098700884,-0.0304188304841518,-0.01));
#13273=CARTESIAN_POINT('',(0.0334676098700884,-0.0304188304841518,-0.11));
#13274=CARTESIAN_POINT('',(-0.040494532772726,-0.0304188304841518,-0.105));
#13275=CARTESIAN_POINT('',(0.0171595147748788,-0.0304188304841518,-0.105));
#13276=CARTESIAN_POINT('',(-0.0297378702222356,-0.0304188304841518,-0.0849011207155224));
#13277=CARTESIAN_POINT('',(-0.0279275253946494,-0.0304188304841518,-0.0806769827844879));
#13278=CARTESIAN_POINT('',(0.0288261814415455,-0.0304188304841518,-0.105));
#13279=CARTESIAN_POINT('',(0.0288261814415455,-0.0304188304841518,-0.11));
#13280=CARTESIAN_POINT('',(0.0288261814415455,-0.0304188304841518,-0.095));
#13281=CARTESIAN_POINT('',(-0.016969433889213,-0.0304188304841518,-0.0688310769538523));
#13282=CARTESIAN_POINT('',(-0.0148155877353668,-0.0304188304841518,-0.0650618461846216));
#13283=CARTESIAN_POINT('',(0.0288261814415455,-0.0304188304841518,-0.09));
#13284=CARTESIAN_POINT('',(0.0288261814415455,-0.0304188304841518,-0.11));
#13285=CARTESIAN_POINT('',(0.0288261814415455,-0.0304188304841518,-0.075));
#13286=CARTESIAN_POINT('',(-0.00835404927382835,-0.0304188304841518,-0.0537541538769292));
#13287=CARTESIAN_POINT('',(-0.00620020311998222,-0.0304188304841518,-0.0499849231076985));
#13288=CARTESIAN_POINT('',(0.0288261814415455,-0.0304188304841518,-0.07));
#13289=CARTESIAN_POINT('',(0.0288261814415455,-0.0304188304841518,-0.11));
#13290=CARTESIAN_POINT('',(0.0288261814415455,-0.0304188304841518,-0.055));
#13291=CARTESIAN_POINT('',(0.000261335341556229,-0.0304188304841518,-0.0386772308000061));
#13292=CARTESIAN_POINT('',(-0.00367381855845452,-0.0304188304841518,-0.0364285714285714));
#13293=CARTESIAN_POINT('',(-0.00367381855845452,-0.0304188304841518,-0.11));
#13294=CARTESIAN_POINT('',(-0.0665078954276745,-0.0304188304841518,-0.06447661535384));
#13295=CARTESIAN_POINT('',(-0.00867381855845451,-0.0304188304841518,-0.0314285714285714));
#13296=CARTESIAN_POINT('',(-0.00867381855845453,-0.0304188304841518,-0.11));
#13297=CARTESIAN_POINT('',(-0.00867381855845451,-0.0304188304841518,-0.0164285714285714));
#13298=CARTESIAN_POINT('',(-0.072969433889213,-0.0304188304841518,-0.0531689230461477));
#13299=CARTESIAN_POINT('',(-0.0411738185584545,-0.0304188304841518,-0.035));
#13300=CARTESIAN_POINT('',(-0.0411738185584545,-0.0304188304841518,-0.11));
#13301=CARTESIAN_POINT('',(-0.0411738185584545,-0.0304188304841518,-0.05));
#13302=CARTESIAN_POINT('',(-0.0665078954276745,-0.0304188304841518,-0.06447661535384));
#13303=CARTESIAN_POINT('',(-0.0643540492738284,-0.0304188304841518,-0.0682458461230708));
#13304=CARTESIAN_POINT('',(-0.0411738185584545,-0.0304188304841518,-0.055));
#13305=CARTESIAN_POINT('',(-0.0411738185584545,-0.0304188304841518,-0.11));
#13306=CARTESIAN_POINT('',(0.0288261814415455,-0.0304188304841518,-0.11));
#13307=CARTESIAN_POINT('',(0.0288261814415455,-0.0304188304841518,-0.035));
#13308=CARTESIAN_POINT('',(0.0288261814415455,-0.0304188304841518,-0.05));
#13309=CARTESIAN_POINT('',(0.00887671995694085,-0.0304188304841518,-0.0236003077230831));
#13310=CARTESIAN_POINT('',(-0.00367381855845452,-0.0304188304841518,-0.0164285714285714));
#13311=CARTESIAN_POINT('',(-0.00367381855845452,-0.0304188304841518,-0.11));
#13312=CARTESIAN_POINT('',(-0.00367381855845452,-0.0304188304841518,-0.0314285714285715));
#13313=CARTESIAN_POINT('',(0.0024151814954024,-0.0304188304841518,-0.0349080000307754));
#13314=CARTESIAN_POINT('',(-0.040494532772726,-0.0304188304841518,-0.11));
#13315=CARTESIAN_POINT('',(-0.0815848185045976,-0.0304188304841518,-0.0380919999692246));
#13316=CARTESIAN_POINT('',(-0.0837386646584438,-0.0304188304841518,-0.0343227691999938));
#13317=CARTESIAN_POINT('',(-0.040494532772726,-0.0304188304841518,-0.11));
#13318=CARTESIAN_POINT('',(-0.0815848185045976,-0.0304188304841518,-0.0380919999692246));
#13319=CARTESIAN_POINT('',(-0.0837386646584438,-0.0304188304841518,-0.0343227691999938));
#13320=CARTESIAN_POINT('',(-0.040494532772726,-0.0304188304841518,-0.11));
#13321=CARTESIAN_POINT('',(-0.040494532772726,-0.0304188304841518,0.01));
#13322=CARTESIAN_POINT('',(-0.0401458941226861,-0.0304188304841518,0.01));
#13323=CARTESIAN_POINT('',(-0.0321458941226861,-0.0304188304841518,0.01));
#13324=CARTESIAN_POINT('',(-0.0401458941226861,-0.0304188304841518,0.00299992973145645));
#13325=CARTESIAN_POINT('',(-0.0401458941226861,-0.0304188304841518,0.0129999297314564));
#13326=CARTESIAN_POINT('',(-0.036145894122686,-0.0304188304841518,0.0129999297314564));
#13327=CARTESIAN_POINT('',(-0.0321458941226861,-0.0304188304841518,0.0129999297314564));
#13328=CARTESIAN_POINT('',(-0.0321458941226861,-0.0304188304841518,0.00299992973145645));
#13329=CARTESIAN_POINT('',(-0.040494532772726,-0.0304188304841518,-0.11));
#13330=CARTESIAN_POINT('',(-0.040494532772726,-0.0304188304841518,0.01));
#13331=CARTESIAN_POINT('',(-0.0301458941226861,-0.0304188304841518,0.01));
#13332=CARTESIAN_POINT('',(-0.0225940073762695,-0.0304188304841518,0.01));
#13333=CARTESIAN_POINT('',(-0.0301458941226861,-0.0304188304841518,0.0139999297314564));
#13334=CARTESIAN_POINT('',(-0.0301458941226861,-0.0304188304841518,0.015));
#13335=CARTESIAN_POINT('',(-0.040494532772726,-0.0304188304841518,0.015));
#13336=CARTESIAN_POINT('',(-0.0225940073762695,-0.0304188304841518,0.015));
#13337=CARTESIAN_POINT('',(-0.0225940073762695,-0.0304188304841518,0.00299992973145645));
#13338=CARTESIAN_POINT('',(-0.040494532772726,-0.0304188304841518,-0.11));
#13339=CARTESIAN_POINT('',(-0.040494532772726,-0.0304188304841518,0.01));
#13340=CARTESIAN_POINT('',(-0.0205940073762696,-0.0304188304841518,0.01));
#13341=CARTESIAN_POINT('',(-0.0125940073762695,-0.0304188304841518,0.01));
#13342=CARTESIAN_POINT('',(-0.0205940073762696,-0.0304188304841518,0.00299992973145645));
#13343=CARTESIAN_POINT('',(-0.0205940073762696,-0.0304188304841518,0.0129999297314564));
#13344=CARTESIAN_POINT('',(-0.0165940073762696,-0.0304188304841518,0.0129999297314564));
#13345=CARTESIAN_POINT('',(-0.0125940073762695,-0.0304188304841518,0.0129999297314564));
#13346=CARTESIAN_POINT('',(-0.0125940073762695,-0.0304188304841518,0.00299992973145644));
#13347=CARTESIAN_POINT('',(-0.040494532772726,-0.0304188304841518,-0.11));
#13348=CARTESIAN_POINT('',(-0.040494532772726,-0.0304188304841518,0.01));
#13349=CARTESIAN_POINT('',(-0.00111774072740578,-0.0304188304841518,0.01));
#13350=CARTESIAN_POINT('',(0.00688225927259422,-0.0304188304841518,0.01));
#13351=CARTESIAN_POINT('',(-0.00111774072740578,-0.0304188304841518,0.00299992973145644));
#13352=CARTESIAN_POINT('',(-0.00111774072740578,-0.0304188304841518,0.0129999297314564));
#13353=CARTESIAN_POINT('',(0.00288225927259422,-0.0304188304841518,0.0129999297314564));
#13354=CARTESIAN_POINT('',(0.00688225927259421,-0.0304188304841518,0.0129999297314564));
#13355=CARTESIAN_POINT('',(0.00688225927259421,-0.0304188304841518,0.00299992973145644));
#13356=CARTESIAN_POINT('',(-0.040494532772726,-0.0304188304841518,-0.11));
#13357=CARTESIAN_POINT('',(-0.040494532772726,-0.0304188304841518,0.01));
#13358=CARTESIAN_POINT('',(0.00888225927259422,-0.0304188304841518,0.01));
#13359=CARTESIAN_POINT('',(0.019854105877314,-0.0304188304841518,0.01));
#13360=CARTESIAN_POINT('',(0.00888225927259422,-0.0304188304841518,0.00299992973145644));
#13361=CARTESIAN_POINT('',(0.00888225927259422,-0.0304188304841518,0.015));
#13362=CARTESIAN_POINT('',(-0.040494532772726,-0.0304188304841518,0.015));
#13363=CARTESIAN_POINT('',(0.019854105877314,-0.0304188304841518,0.015));
#13364=CARTESIAN_POINT('',(0.019854105877314,-0.0304188304841518,-0.00800007026854356));
#13365=CARTESIAN_POINT('',(-0.0461738185584545,-0.0234188304841518,-0.11));
#13366=CARTESIAN_POINT('',(-0.0461738185584545,-0.0234188304841518,0.015));
#13367=CARTESIAN_POINT('',(0.0338261814415454,-0.0234188304841518,-0.11));
#13368=CARTESIAN_POINT('',(0.0338261814415454,-0.0234188304841518,0.015));
#13369=CARTESIAN_POINT('',(-0.0434003685414791,-0.0214188304841518,-0.105));
#13370=CARTESIAN_POINT('',(-0.0434003685414791,-0.0214188304841518,-0.105));
#13371=CARTESIAN_POINT('',(-0.0419003685414791,-0.0214188304841518,-0.105));
#13372=CARTESIAN_POINT('',(0.0265996314585209,-0.0214188304841519,-0.105));
#13373=CARTESIAN_POINT('',(0.0265996314585209,-0.0214188304841519,-0.105));
#13374=CARTESIAN_POINT('',(0.0280996314585209,-0.0214188304841519,-0.105));
#13375=CARTESIAN_POINT('',(-0.00617381855845452,0.0295811695158481,-0.046));
#13376=CARTESIAN_POINT('',(-0.00617381855845452,0.0295811695158481,0.01));
#13377=CARTESIAN_POINT('',(0.0218261814415455,0.0295811695158481,0.01));
#13378=CARTESIAN_POINT('',(0.0198261814415455,0.0295811695158481,0.01));
#13379=CARTESIAN_POINT('',(0.0218261814415455,0.0295811695158481,0.003));
#13380=CARTESIAN_POINT('',(0.0218261814415455,0.0295811695158481,0.013));
#13381=CARTESIAN_POINT('',(0.0258261814415455,0.0295811695158481,0.013));
#13382=CARTESIAN_POINT('',(0.0298261814415455,0.0295811695158481,0.013));
#13383=CARTESIAN_POINT('',(0.0298261814415455,0.0295811695158481,0.003));
#13384=CARTESIAN_POINT('',(0.0298261814415455,0.0295811695158481,-0.009));
#13385=CARTESIAN_POINT('',(0.0308261814415455,0.0295811695158481,-0.009));
#13386=CARTESIAN_POINT('',(0.0318261814415455,0.0295811695158481,-0.009));
#13387=CARTESIAN_POINT('',(0.0318261814415455,0.0295811695158481,-0.11));
#13388=CARTESIAN_POINT('',(0.0318261814415455,0.0295811695158481,0.015));
#13389=CARTESIAN_POINT('',(-0.0018531043441831,0.0295811695158481,0.015));
#13390=CARTESIAN_POINT('',(0.0198261814415455,0.0295811695158481,0.015));
#13391=CARTESIAN_POINT('',(0.0198261814415455,0.0295811695158481,0.003));
#13392=CARTESIAN_POINT('',(-0.00617381855845452,0.0295811695158481,-0.046));
#13393=CARTESIAN_POINT('',(-0.00617381855845452,0.0295811695158481,0.01));
#13394=CARTESIAN_POINT('',(0.00885433483682573,0.0295811695158481,0.01));
#13395=CARTESIAN_POINT('',(0.00685433483682572,0.0295811695158481,0.01));
#13396=CARTESIAN_POINT('',(0.00885433483682573,0.0295811695158481,-0.008));
#13397=CARTESIAN_POINT('',(0.00885433483682573,0.0295811695158481,0.015));
#13398=CARTESIAN_POINT('',(-0.0018531043441831,0.0295811695158481,0.015));
#13399=CARTESIAN_POINT('',(-0.00314566516317428,0.0295811695158481,0.015));
#13400=CARTESIAN_POINT('',(-0.00314566516317427,0.0295811695158481,-0.008));
#13401=CARTESIAN_POINT('',(-0.00314566516317427,0.0295811695158481,0.01));
#13402=CARTESIAN_POINT('',(-0.00617381855845452,0.0295811695158481,0.01));
#13403=CARTESIAN_POINT('',(-0.00114566516317427,0.0295811695158481,0.01));
#13404=CARTESIAN_POINT('',(-0.00114566516317427,0.0295811695158481,0.003));
#13405=CARTESIAN_POINT('',(-0.00114566516317427,0.0295811695158481,0.013));
#13406=CARTESIAN_POINT('',(0.00285433483682573,0.0295811695158481,0.013));
#13407=CARTESIAN_POINT('',(0.00685433483682572,0.0295811695158481,0.013));
#13408=CARTESIAN_POINT('',(0.00685433483682573,0.0295811695158481,0.003));
#13409=CARTESIAN_POINT('',(-0.00617381855845452,0.0295811695158481,-0.046));
#13410=CARTESIAN_POINT('',(-0.00617381855845452,0.0295811695158481,0.01));
#13411=CARTESIAN_POINT('',(-0.010621931812038,0.0295811695158481,0.01));
#13412=CARTESIAN_POINT('',(-0.012621931812038,0.0295811695158481,0.01));
#13413=CARTESIAN_POINT('',(-0.010621931812038,0.0295811695158481,0.004));
#13414=CARTESIAN_POINT('',(-0.010621931812038,0.0295811695158481,0.015));
#13415=CARTESIAN_POINT('',(-0.0018531043441831,0.0295811695158481,0.015));
#13416=CARTESIAN_POINT('',(-0.0226219318120381,0.0295811695158481,0.015));
#13417=CARTESIAN_POINT('',(-0.0226219318120381,0.0295811695158481,0.014));
#13418=CARTESIAN_POINT('',(-0.0226219318120381,0.0295811695158481,0.01));
#13419=CARTESIAN_POINT('',(-0.00617381855845452,0.0295811695158481,0.01));
#13420=CARTESIAN_POINT('',(-0.0206219318120381,0.0295811695158481,0.01));
#13421=CARTESIAN_POINT('',(-0.0206219318120381,0.0295811695158481,0.003));
#13422=CARTESIAN_POINT('',(-0.0206219318120381,0.0295811695158481,0.013));
#13423=CARTESIAN_POINT('',(-0.0166219318120381,0.0295811695158481,0.013));
#13424=CARTESIAN_POINT('',(-0.012621931812038,0.0295811695158481,0.013));
#13425=CARTESIAN_POINT('',(-0.012621931812038,0.0295811695158481,0.003));
#13426=CARTESIAN_POINT('',(0.0308261814415455,0.0295811695158481,-0.009));
#13427=CARTESIAN_POINT('',(0.030854105877314,-0.0264188304841518,-0.00900007026854356));
#13428=CARTESIAN_POINT('',(0.029854105877314,-0.0264188304841518,-0.00900007026854356));
#13429=CARTESIAN_POINT('',(0.029854105877314,-0.0264188304841518,-0.00900007026854356));
#13430=CARTESIAN_POINT('',(0.030854105877314,-0.0264188304841518,-0.00900007026854356));
#13431=CARTESIAN_POINT('',(0.0318261814415455,-0.0264188304841518,-0.00900007026854356));
#13432=CARTESIAN_POINT('',(0.0318261814415455,-0.0264188304841518,-0.00900007026854356));
#13433=CARTESIAN_POINT('',(-0.00617381855845452,-0.0264188304841518,-0.0455000351342718));
#13434=CARTESIAN_POINT('',(-0.00617381855845452,-0.0264188304841518,0.01));
#13435=CARTESIAN_POINT('',(0.019854105877314,-0.0264188304841518,0.01));
#13436=CARTESIAN_POINT('',(0.021854105877314,-0.0264188304841518,0.01));
#13437=CARTESIAN_POINT('',(0.019854105877314,-0.0264188304841518,-0.00800007026854356));
#13438=CARTESIAN_POINT('',(0.019854105877314,-0.0264188304841518,0.014999991216432));
#13439=CARTESIAN_POINT('',(-0.040494532772726,-0.0264188304841518,0.015));
#13440=CARTESIAN_POINT('',(0.0318261814415455,-0.0264188304841518,0.015));
#13441=CARTESIAN_POINT('',(0.0318261814415455,-0.0264188304841518,-0.11));
#13442=CARTESIAN_POINT('',(0.029854105877314,-0.0264188304841518,0.00299992973145643));
#13443=CARTESIAN_POINT('',(0.029854105877314,-0.0264188304841518,0.0129999297314564));
#13444=CARTESIAN_POINT('',(0.025854105877314,-0.0264188304841518,0.0129999297314564));
#13445=CARTESIAN_POINT('',(0.021854105877314,-0.0264188304841518,0.0129999297314564));
#13446=CARTESIAN_POINT('',(0.021854105877314,-0.0264188304841518,0.00299992973145643));
#13447=CARTESIAN_POINT('',(-0.00617381855845452,-0.0264188304841518,-0.0455000351342718));
#13448=CARTESIAN_POINT('',(-0.00617381855845452,-0.0264188304841518,0.01));
#13449=CARTESIAN_POINT('',(-0.00311774072740578,-0.0264188304841518,0.01));
#13450=CARTESIAN_POINT('',(-0.00111774072740578,-0.0264188304841518,0.01));
#13451=CARTESIAN_POINT('',(-0.00311774072740579,-0.0264188304841518,0.00299992973145644));
#13452=CARTESIAN_POINT('',(-0.00311774072740578,-0.0264188304841518,0.014999991216432));
#13453=CARTESIAN_POINT('',(-0.040494532772726,-0.0264188304841518,0.015));
#13454=CARTESIAN_POINT('',(0.00888225927259422,-0.0264188304841518,0.014999991216432));
#13455=CARTESIAN_POINT('',(0.00888225927259422,-0.0264188304841518,0.00299992973145644));
#13456=CARTESIAN_POINT('',(0.00888225927259422,-0.0264188304841518,0.01));
#13457=CARTESIAN_POINT('',(-0.00617381855845452,-0.0264188304841518,0.01));
#13458=CARTESIAN_POINT('',(0.00688225927259421,-0.0264188304841518,0.01));
#13459=CARTESIAN_POINT('',(0.00688225927259421,-0.0264188304841518,0.00299992973145644));
#13460=CARTESIAN_POINT('',(0.00688225927259422,-0.0264188304841518,0.0129999297314564));
#13461=CARTESIAN_POINT('',(0.00288225927259422,-0.0264188304841518,0.0129999297314564));
#13462=CARTESIAN_POINT('',(-0.00111774072740578,-0.0264188304841518,0.0129999297314564));
#13463=CARTESIAN_POINT('',(-0.00111774072740578,-0.0264188304841518,0.00299992973145644));
#13464=CARTESIAN_POINT('',(-0.00617381855845452,-0.0264188304841518,-0.0455000351342718));
#13465=CARTESIAN_POINT('',(-0.00617381855845452,-0.0264188304841518,0.01));
#13466=CARTESIAN_POINT('',(-0.0225940073762695,-0.0264188304841518,0.01));
#13467=CARTESIAN_POINT('',(-0.0205940073762696,-0.0264188304841518,0.01));
#13468=CARTESIAN_POINT('',(-0.0225940073762695,-0.0264188304841518,0.00299992973145645));
#13469=CARTESIAN_POINT('',(-0.0225940073762695,-0.0264188304841518,0.0149999912164321));
#13470=CARTESIAN_POINT('',(-0.040494532772726,-0.0264188304841518,0.015));
#13471=CARTESIAN_POINT('',(-0.0105940073762695,-0.0264188304841518,0.014999991216432));
#13472=CARTESIAN_POINT('',(-0.0105940073762695,-0.0264188304841518,0.0139999297314564));
#13473=CARTESIAN_POINT('',(-0.0105940073762695,-0.0264188304841518,0.01));
#13474=CARTESIAN_POINT('',(-0.00617381855845452,-0.0264188304841518,0.01));
#13475=CARTESIAN_POINT('',(-0.0125940073762695,-0.0264188304841518,0.01));
#13476=CARTESIAN_POINT('',(-0.0125940073762695,-0.0264188304841518,0.00299992973145644));
#13477=CARTESIAN_POINT('',(-0.0125940073762695,-0.0264188304841518,0.0129999297314564));
#13478=CARTESIAN_POINT('',(-0.0165940073762696,-0.0264188304841518,0.0129999297314564));
#13479=CARTESIAN_POINT('',(-0.0205940073762696,-0.0264188304841518,0.0129999297314564));
#13480=CARTESIAN_POINT('',(-0.0205940073762696,-0.0264188304841518,0.00299992973145645));
#13481=CARTESIAN_POINT('',(0.0318261814415455,-0.0159188304841518,-0.01));
#13482=CARTESIAN_POINT('',(0.0318261814415455,-0.0159188304841518,0.015));
#13483=CARTESIAN_POINT('',(0.0318261814415455,0.0295811695158481,-0.009));
#13484=CARTESIAN_POINT('',(0.0318261814415455,-0.0159188304841518,-0.01));
#13485=CARTESIAN_POINT('',(-0.0458152469869974,-0.0229188304841518,-0.11));
#13486=CARTESIAN_POINT('',(-0.0458152469869974,-0.0229188304841518,-0.01));
#13487=CARTESIAN_POINT('',(0.0334676098700884,-0.0229188304841518,-0.11));
#13488=CARTESIAN_POINT('',(0.0334676098700884,-0.0229188304841518,-0.01));
#13489=CARTESIAN_POINT('',(0.0334676098700884,0.0260811695158482,-0.11));
#13490=CARTESIAN_POINT('',(0.0334676098700884,0.0260811695158482,-0.01));
#13491=CARTESIAN_POINT('',(-0.0458152469869974,0.0260811695158482,-0.11));
#13492=CARTESIAN_POINT('',(-0.0458152469869974,0.0260811695158482,-0.01));
#13493=CARTESIAN_POINT('',(-0.0461738185584545,0.0265811695158482,-0.11));
#13494=CARTESIAN_POINT('',(-0.0461738185584545,0.0265811695158482,0.015));
#13495=CARTESIAN_POINT('',(0.0338261814415455,0.0265811695158482,-0.11));
#13496=CARTESIAN_POINT('',(0.0338261814415455,0.0265811695158482,0.015));
#13497=CARTESIAN_POINT('',(-0.0421738185584545,0.0190811695158481,-0.01));
#13498=CARTESIAN_POINT('',(-0.0421738185584545,0.0190811695158481,0.015));
#13499=CARTESIAN_POINT('',(-0.0421738185584545,0.0190811695158481,-0.01));
#13500=CARTESIAN_POINT('',(-0.00617381855845452,0.00158116951584817,-0.01));
#13501=CARTESIAN_POINT('',(-0.0511738185584545,0.0265811695158482,-0.01));
#13502=CARTESIAN_POINT('',(-0.0491738185584545,0.0265811695158482,-0.01));
#13503=CARTESIAN_POINT('',(-0.0511738185584545,-0.0234188304841518,-0.01));
#13504=CARTESIAN_POINT('',(-0.0491738185584545,-0.0234188304841518,-0.01));
#13505=CARTESIAN_POINT('',(-0.0511738185584545,0.00158116951584816,-0.01));
#13506=CARTESIAN_POINT('',(-0.0491738185584545,0.00158116951584816,-0.01));
#13507=CARTESIAN_POINT('',(-0.00617381855845452,0.00158116951584817,-0.01));
#13508=CARTESIAN_POINT('',(0.0388261814415455,-0.0234188304841518,-0.01));
#13509=CARTESIAN_POINT('',(0.0408261814415455,-0.0234188304841518,-0.01));
#13510=CARTESIAN_POINT('',(0.0388261814415455,0.00158116951584814,-0.01));
#13511=CARTESIAN_POINT('',(0.0408261814415455,0.00158116951584814,-0.01));
#13512=CARTESIAN_POINT('',(0.0388261814415455,0.0265811695158482,-0.01));
#13513=CARTESIAN_POINT('',(0.0408261814415455,0.0265811695158482,-0.01));
#13514=CARTESIAN_POINT('',(0.0388261814415455,0.0265811695158482,0.));
#13515=CARTESIAN_POINT('',(0.0388261814415455,0.0265811695158482,0.015));
#13516=CARTESIAN_POINT('',(0.0368261814415455,0.0265811695158482,0.015));
#13517=CARTESIAN_POINT('',(0.0388261814415455,0.00158116951584814,0.));
#13518=CARTESIAN_POINT('',(0.0388261814415455,0.00158116951584814,0.015));
#13519=CARTESIAN_POINT('',(0.0368261814415455,0.00158116951584814,0.015));
#13520=CARTESIAN_POINT('',(0.0388261814415455,-0.0234188304841518,0.));
#13521=CARTESIAN_POINT('',(0.0388261814415455,-0.0234188304841518,0.015));
#13522=CARTESIAN_POINT('',(0.0368261814415455,-0.0234188304841518,0.015));
#13523=CARTESIAN_POINT('',(-0.0511738185584545,0.00158116951584816,0.));
#13524=CARTESIAN_POINT('',(-0.0511738185584545,0.00158116951584816,0.015));
#13525=CARTESIAN_POINT('',(-0.0531738185584545,0.00158116951584816,0.015));
#13526=CARTESIAN_POINT('',(-0.0511738185584545,-0.0234188304841518,0.));
#13527=CARTESIAN_POINT('',(-0.0511738185584545,-0.0234188304841518,0.015));
#13528=CARTESIAN_POINT('',(-0.0531738185584545,-0.0234188304841518,0.015));
#13529=CARTESIAN_POINT('',(-0.0511738185584545,0.0265811695158482,0.));
#13530=CARTESIAN_POINT('',(-0.0511738185584545,0.0265811695158482,0.015));
#13531=CARTESIAN_POINT('',(-0.0531738185584545,0.0265811695158482,0.015));
#13532=CARTESIAN_POINT('',(-0.0161738185584545,0.0678811695158482,-0.05));
#13533=CARTESIAN_POINT('',(-0.0161738185584545,0.0315811695158481,-0.05));
#13534=CARTESIAN_POINT('',(-0.0266711552909461,0.0315811695158482,-0.046712763847138));
#13535=CARTESIAN_POINT('',(-0.0222363150333551,0.0315811695158481,-0.0591785694142289));
#13536=CARTESIAN_POINT('',(-0.0222363150333551,-0.0495188304841518,-0.0591785694142289));
#13537=CARTESIAN_POINT('',(-0.0166553642177403,-0.0495188304841518,-0.0609894546624491));
#13538=CARTESIAN_POINT('',(-0.0166553642177403,0.0315811695158482,-0.0609894546624491));
#13539=CARTESIAN_POINT('',(-0.0161738185584545,0.0315811695158481,-0.05));
#13540=CARTESIAN_POINT('',(-0.00867381855845451,0.0315811695158481,-0.0580467384697155));
#13541=CARTESIAN_POINT('',(-0.00867381855845452,-0.0495188304841518,-0.0580467384697156));
#13542=CARTESIAN_POINT('',(-0.0266711552909461,-0.0495188304841518,-0.046712763847138));
#13543=CARTESIAN_POINT('',(-0.0161738185584545,0.0678811695158482,-0.05));
#13544=CARTESIAN_POINT('',(-0.0222363150333551,-0.0495188304841518,-0.0591785694142289));
#13545=CARTESIAN_POINT('',(-0.0222363150333551,-0.0284188304841518,-0.0591785694142289));
#13546=CARTESIAN_POINT('',(-0.0161738185584545,-0.0284188304841518,-0.05));
#13547=CARTESIAN_POINT('',(-0.0266711552909461,-0.0284188304841518,-0.046712763847138));
#13548=CARTESIAN_POINT('',(-0.0266711552909461,-0.0495188304841518,-0.046712763847138));
#13549=CARTESIAN_POINT('',(-0.00867381855845452,-0.0495188304841518,-0.0580467384697156));
#13550=CARTESIAN_POINT('',(-0.00867381855845452,-0.0284188304841518,-0.0580467384697156));
#13551=CARTESIAN_POINT('',(-0.0161738185584545,-0.0284188304841518,-0.05));
#13552=CARTESIAN_POINT('',(-0.0166553642177403,-0.0284188304841518,-0.060989454662449));
#13553=CARTESIAN_POINT('',(-0.0166553642177403,-0.0495188304841518,-0.0609894546624491));
#13554=CARTESIAN_POINT('',(-0.0311738185584545,-0.0264188304841518,-0.0785));
#13555=CARTESIAN_POINT('',(-0.0311738185584545,-0.0264188304841518,-0.1));
#13556=CARTESIAN_POINT('',(-0.0161738185584545,0.0295811695158481,-0.05));
#13557=CARTESIAN_POINT('',(-0.00367381855845452,0.0295811695158481,-0.0417084380241114));
#13558=CARTESIAN_POINT('',(-0.0150037959768278,0.0295811695158481,-0.0350457013819276));
#13559=CARTESIAN_POINT('',(-0.00117381855845449,0.0295811695158481,-0.0785));
#13560=CARTESIAN_POINT('',(-0.00117381855845449,0.0295811695158481,-0.0921428571428572));
#13561=CARTESIAN_POINT('',(-0.00617381855845452,0.00158116951584817,0.015));
#13562=CARTESIAN_POINT('',(-0.0301738185584545,0.0295811695158481,0.015));
#13563=CARTESIAN_POINT('',(-0.0226219318120381,0.0295811695158481,0.015));
#13564=CARTESIAN_POINT('',(-0.010621931812038,0.0295811695158481,0.015));
#13565=CARTESIAN_POINT('',(-0.00314566516317428,0.0295811695158481,0.015));
#13566=CARTESIAN_POINT('',(0.00885433483682573,0.0295811695158481,0.015));
#13567=CARTESIAN_POINT('',(0.0198261814415455,0.0295811695158481,0.015));
#13568=CARTESIAN_POINT('',(0.019854105877314,-0.0264188304841518,0.014999991216432));
#13569=CARTESIAN_POINT('',(0.00888225927259422,-0.0264188304841518,0.014999991216432));
#13570=CARTESIAN_POINT('',(-0.00311774072740578,-0.0264188304841518,0.014999991216432));
#13571=CARTESIAN_POINT('',(-0.0105940073762695,-0.0264188304841518,0.014999991216432));
#13572=CARTESIAN_POINT('',(-0.0225940073762695,-0.0264188304841518,0.0149999912164321));
#13573=CARTESIAN_POINT('',(-0.0301458941226861,-0.0264188304841518,0.0149999912164321));
#13574=CARTESIAN_POINT('',(-0.042145894122686,-0.0264188304841518,0.014999991216432));
#13575=CARTESIAN_POINT('',(-0.0434003685414791,-0.0214188304841518,-0.105));
#13576=CARTESIAN_POINT('',(-0.0434003685414791,-0.0214188304841518,-0.105));
#13577=CARTESIAN_POINT('',(-0.0434003685414791,-0.0184188304841518,-0.105));
#13578=CARTESIAN_POINT('',(-0.00617381855845451,0.00158116951584817,-0.105));
#13579=CARTESIAN_POINT('',(-0.0434003685414791,0.0245811695158481,-0.105));
#13580=CARTESIAN_POINT('',(-0.0434003685414791,0.0245811695158481,-0.105));
#13581=CARTESIAN_POINT('',(-0.0419003685414791,0.0245811695158481,-0.105));
#13582=CARTESIAN_POINT('',(-0.0434003685414791,0.0245811695158481,-0.105));
#13583=CARTESIAN_POINT('',(-0.0434003685414791,0.0245811695158481,-0.105));
#13584=CARTESIAN_POINT('',(-0.0434003685414791,0.0215811695158481,-0.105));
#13585=CARTESIAN_POINT('',(-0.00617381855845451,0.00158116951584817,-0.105));
#13586=CARTESIAN_POINT('',(0.0265996314585209,0.0245811695158481,-0.105));
#13587=CARTESIAN_POINT('',(0.0265996314585209,0.0245811695158481,-0.105));
#13588=CARTESIAN_POINT('',(0.0280996314585209,0.0245811695158481,-0.105));
#13589=CARTESIAN_POINT('',(0.0265996314585209,0.0245811695158481,-0.105));
#13590=CARTESIAN_POINT('',(0.0265996314585209,0.0245811695158481,-0.105));
#13591=CARTESIAN_POINT('',(0.0265996314585209,0.0215811695158481,-0.105));
#13592=CARTESIAN_POINT('',(-0.00617381855845451,0.00158116951584817,-0.105));
#13593=CARTESIAN_POINT('',(0.0265996314585209,-0.0214188304841519,-0.105));
#13594=CARTESIAN_POINT('',(0.0265996314585209,-0.0214188304841519,-0.105));
#13595=CARTESIAN_POINT('',(0.0265996314585209,-0.0184188304841518,-0.105));
#13596=CARTESIAN_POINT('',(-0.00617381855845451,0.00158116951584817,-0.105));
#13597=CARTESIAN_POINT('',(-0.0342089276106503,0.0585811695158482,-0.105));
#13598=CARTESIAN_POINT('',(-0.0387089276106502,0.0585811695158482,-0.105));
#13599=CARTESIAN_POINT('',(-0.0297089276106503,0.0585811695158482,-0.105));
#13600=CARTESIAN_POINT('',(-0.0297089276106503,0.0585811695158482,-0.10425));
#13601=CARTESIAN_POINT('',(-0.0297089276106503,-0.0495188304841518,-0.100086475308084));
#13602=CARTESIAN_POINT('',(-0.0387089276106502,0.0585811695158482,-0.10425));
#13603=CARTESIAN_POINT('',(-0.0387089276106502,-0.0495188304841518,-0.103943618165227));
#13604=CARTESIAN_POINT('',(0.0218261814415455,0.0295811695158481,0.003));
#13605=CARTESIAN_POINT('',(0.0218261814415455,0.0295811695158481,0.01));
#13606=CARTESIAN_POINT('',(0.0218261814415455,0.0295811695158481,0.013));
#13607=CARTESIAN_POINT('',(0.0258261814415455,0.0295811695158481,0.013));
#13608=CARTESIAN_POINT('',(0.0298261814415455,0.0295811695158481,0.013));
#13609=CARTESIAN_POINT('',(0.0198261814415455,0.0295811695158481,0.003));
#13610=CARTESIAN_POINT('',(0.0198261814415455,0.0295811695158481,0.01));
#13611=CARTESIAN_POINT('',(0.0308261814415455,0.0295811695158481,-0.009));
#13612=CARTESIAN_POINT('',(0.0298261814415455,0.0295811695158481,-0.009));
#13613=CARTESIAN_POINT('',(0.0298261814415455,0.0295811695158481,0.003));
#13614=CARTESIAN_POINT('',(-0.00114566516317427,0.0295811695158481,0.003));
#13615=CARTESIAN_POINT('',(-0.00114566516317427,0.0295811695158481,0.01));
#13616=CARTESIAN_POINT('',(-0.00114566516317427,0.0335811695158481,0.01));
#13617=CARTESIAN_POINT('',(-0.00114566516317427,0.0335811695158481,0.003));
#13618=CARTESIAN_POINT('',(-0.00114566516317427,0.0335811695158481,0.013));
#13619=CARTESIAN_POINT('',(-0.00114566516317427,0.0295811695158481,0.013));
#13620=CARTESIAN_POINT('',(0.00285433483682573,0.0295811695158481,0.013));
#13621=CARTESIAN_POINT('',(0.00285433483682573,0.0335811695158481,0.013));
#13622=CARTESIAN_POINT('',(0.00685433483682572,0.0335811695158481,0.013));
#13623=CARTESIAN_POINT('',(0.00685433483682572,0.0295811695158481,0.013));
#13624=CARTESIAN_POINT('',(-0.00314566516317427,0.0295811695158481,-0.008));
#13625=CARTESIAN_POINT('',(-0.00314566516317427,0.0295811695158481,0.01));
#13626=CARTESIAN_POINT('',(0.00885433483682573,0.0295811695158481,-0.008));
#13627=CARTESIAN_POINT('',(0.00885433483682573,0.0295811695158481,0.01));
#13628=CARTESIAN_POINT('',(0.00685433483682573,0.0295811695158481,0.003));
#13629=CARTESIAN_POINT('',(0.00685433483682572,0.0295811695158481,0.01));
#13630=CARTESIAN_POINT('',(0.00685433483682573,0.0335811695158481,0.01));
#13631=CARTESIAN_POINT('',(0.00685433483682573,0.0335811695158481,0.003));
#13632=CARTESIAN_POINT('',(-0.0226219318120381,0.0295811695158481,0.014));
#13633=CARTESIAN_POINT('',(-0.0226219318120381,0.0295811695158481,0.01));
#13634=CARTESIAN_POINT('',(-0.010621931812038,0.0295811695158481,0.004));
#13635=CARTESIAN_POINT('',(-0.010621931812038,0.0295811695158481,0.01));
#13636=CARTESIAN_POINT('',(-0.0206219318120381,0.0295811695158481,0.003));
#13637=CARTESIAN_POINT('',(-0.0206219318120381,0.0295811695158481,0.01));
#13638=CARTESIAN_POINT('',(-0.0206219318120381,0.0295811695158481,0.013));
#13639=CARTESIAN_POINT('',(-0.0166219318120381,0.0295811695158481,0.013));
#13640=CARTESIAN_POINT('',(-0.012621931812038,0.0295811695158481,0.013));
#13641=CARTESIAN_POINT('',(-0.012621931812038,0.0295811695158481,0.003));
#13642=CARTESIAN_POINT('',(-0.012621931812038,0.0295811695158481,0.01));
#13643=CARTESIAN_POINT('',(-0.0301738185584545,0.0295811695158481,-0.008));
#13644=CARTESIAN_POINT('',(-0.0301738185584545,0.0295811695158481,0.01));
#13645=CARTESIAN_POINT('',(-0.0361738185584545,0.0295811695158481,0.013));
#13646=CARTESIAN_POINT('',(-0.0321738185584545,0.0295811695158481,0.013));
#13647=CARTESIAN_POINT('',(-0.0401738185584545,0.0295811695158481,0.013));
#13648=CARTESIAN_POINT('',(-0.0321738185584545,0.0295811695158481,0.003));
#13649=CARTESIAN_POINT('',(-0.0321738185584545,0.0295811695158481,0.01));
#13650=CARTESIAN_POINT('',(-0.0401738185584545,0.0295811695158481,0.003));
#13651=CARTESIAN_POINT('',(-0.0401738185584545,0.0295811695158481,0.01));
#13652=CARTESIAN_POINT('',(-0.0018531043441831,0.0335811695158481,-0.11));
#13653=CARTESIAN_POINT('',(-0.0018531043441831,0.0335811695158481,0.01));
#13654=CARTESIAN_POINT('',(0.019854105877314,-0.0264188304841518,-0.00800007026854356));
#13655=CARTESIAN_POINT('',(0.019854105877314,-0.0264188304841518,0.01));
#13656=CARTESIAN_POINT('',(0.025854105877314,-0.0264188304841518,0.0129999297314564));
#13657=CARTESIAN_POINT('',(0.021854105877314,-0.0264188304841518,0.0129999297314564));
#13658=CARTESIAN_POINT('',(0.029854105877314,-0.0264188304841518,0.0129999297314564));
#13659=CARTESIAN_POINT('',(0.021854105877314,-0.0264188304841518,0.00299992973145643));
#13660=CARTESIAN_POINT('',(0.021854105877314,-0.0264188304841518,0.01));
#13661=CARTESIAN_POINT('',(0.029854105877314,-0.0264188304841518,0.00299992973145643));
#13662=CARTESIAN_POINT('',(0.030854105877314,-0.0264188304841518,-0.00900007026854356));
#13663=CARTESIAN_POINT('',(-0.00111774072740578,-0.0264188304841518,0.00299992973145644));
#13664=CARTESIAN_POINT('',(-0.00111774072740578,-0.0264188304841518,0.01));
#13665=CARTESIAN_POINT('',(-0.00111774072740578,-0.0264188304841518,0.0129999297314564));
#13666=CARTESIAN_POINT('',(0.00688225927259421,-0.0264188304841518,0.00299992973145644));
#13667=CARTESIAN_POINT('',(0.00688225927259422,-0.0264188304841518,0.01));
#13668=CARTESIAN_POINT('',(0.00688225927259422,-0.0264188304841518,0.0129999297314564));
#13669=CARTESIAN_POINT('',(0.00888225927259422,-0.0264188304841518,0.00299992973145644));
#13670=CARTESIAN_POINT('',(0.00888225927259422,-0.0264188304841518,0.01));
#13671=CARTESIAN_POINT('',(-0.00311774072740579,-0.0264188304841518,0.00299992973145644));
#13672=CARTESIAN_POINT('',(-0.00311774072740578,-0.0264188304841518,0.01));
#13673=CARTESIAN_POINT('',(0.00288225927259422,-0.0264188304841518,0.0129999297314564));
#13674=CARTESIAN_POINT('',(-0.0165940073762696,-0.0264188304841518,0.0129999297314564));
#13675=CARTESIAN_POINT('',(-0.0205940073762696,-0.0264188304841518,0.0129999297314564));
#13676=CARTESIAN_POINT('',(-0.0125940073762695,-0.0264188304841518,0.0129999297314564));
#13677=CARTESIAN_POINT('',(-0.0205940073762696,-0.0264188304841518,0.00299992973145645));
#13678=CARTESIAN_POINT('',(-0.0205940073762696,-0.0264188304841518,0.01));
#13679=CARTESIAN_POINT('',(-0.0225940073762695,-0.0264188304841518,0.00299992973145645));
#13680=CARTESIAN_POINT('',(-0.0225940073762695,-0.0264188304841518,0.01));
#13681=CARTESIAN_POINT('',(-0.0105940073762695,-0.0264188304841518,0.0139999297314564));
#13682=CARTESIAN_POINT('',(-0.0105940073762695,-0.0264188304841518,0.01));
#13683=CARTESIAN_POINT('',(-0.0125940073762695,-0.0264188304841518,0.00299992973145644));
#13684=CARTESIAN_POINT('',(-0.0125940073762695,-0.0264188304841518,0.01));
#13685=CARTESIAN_POINT('',(-0.042145894122686,-0.0264188304841518,-0.00800007026854356));
#13686=CARTESIAN_POINT('',(-0.0301458941226861,-0.0264188304841518,0.0139999297314564));
#13687=CARTESIAN_POINT('',(-0.0301458941226861,-0.0264188304841518,0.01));
#13688=CARTESIAN_POINT('',(-0.036145894122686,-0.0264188304841518,0.0129999297314564));
#13689=CARTESIAN_POINT('',(-0.0401458941226861,-0.0264188304841518,0.0129999297314564));
#13690=CARTESIAN_POINT('',(-0.0321458941226861,-0.0264188304841518,0.0129999297314564));
#13691=CARTESIAN_POINT('',(-0.0401458941226861,-0.0264188304841518,0.00299992973145645));
#13692=CARTESIAN_POINT('',(-0.0401458941226861,-0.0264188304841518,0.01));
#13693=CARTESIAN_POINT('',(-0.0321458941226861,-0.0264188304841518,0.00299992973145645));
#13694=CARTESIAN_POINT('',(-0.0321458941226861,-0.0264188304841518,0.01));
#13695=CARTESIAN_POINT('',(0.00674284810821213,-0.0495188304841518,-0.100535714285714));
#13696=CARTESIAN_POINT('',(-0.00367381855845453,-0.0495188304841518,-0.0960714285714286));
#13697=CARTESIAN_POINT('',(0.0171595147748788,-0.0495188304841518,-0.105));
#13698=CARTESIAN_POINT('',(0.00674284810821213,-0.0495188304841518,-0.105));
#13699=CARTESIAN_POINT('',(-0.00367381855845452,-0.0495188304841518,-0.105));
#13700=CARTESIAN_POINT('',(-0.00367381855845452,-0.0495188304841518,-0.103355260342359));
#13701=CARTESIAN_POINT('',(-0.0205488185584545,-0.0495188304841518,-0.0832142857142857));
#13702=CARTESIAN_POINT('',(-0.0411738185584545,-0.0495188304841518,-0.095));
#13703=CARTESIAN_POINT('',(-0.00867381855845452,-0.0495188304841518,-0.0764285714285714));
#13704=CARTESIAN_POINT('',(-0.0411738185584545,-0.0495188304841518,-0.1));
#13705=CARTESIAN_POINT('',(-0.0411738185584545,-0.0495188304841518,-0.105));
#13706=CARTESIAN_POINT('',(-0.0249238185584546,-0.0495188304841518,-0.0980357142857143));
#13707=CARTESIAN_POINT('',(-0.0387089276106502,-0.0495188304841518,-0.103943618165227));
#13708=CARTESIAN_POINT('',(-0.0387089276106502,-0.0495188304841518,-0.11));
#13709=CARTESIAN_POINT('',(-0.0387089276106502,-0.0495188304841518,-0.1));
#13710=CARTESIAN_POINT('',(-0.00617381855845452,-0.0495188304841518,-0.1));
#13711=CARTESIAN_POINT('',(-0.0297089276106503,-0.0495188304841518,-0.1));
#13712=CARTESIAN_POINT('',(-0.0297089276106503,-0.0495188304841518,-0.11));
#13713=CARTESIAN_POINT('',(-0.0297089276106503,-0.0495188304841518,-0.100086475308084));
#13714=CARTESIAN_POINT('',(-0.0249238185584546,-0.0495188304841518,-0.0980357142857143));
#13715=CARTESIAN_POINT('',(-0.00867381855845452,-0.0495188304841518,-0.0910714285714286));
#13716=CARTESIAN_POINT('',(-0.00867381855845452,-0.0495188304841518,-0.0832142857142857));
#13717=CARTESIAN_POINT('',(0.0125761814415455,-0.0495188304841518,0.01));
#13718=CARTESIAN_POINT('',(-0.00367381855845452,-0.0495188304841518,0.01));
#13719=CARTESIAN_POINT('',(0.0288261814415455,-0.0495188304841518,0.01));
#13720=CARTESIAN_POINT('',(-0.00367381855845452,-0.0495188304841518,0.00928571428571428));
#13721=CARTESIAN_POINT('',(-0.00367381855845452,-0.0495188304841518,0.00857142857142856));
#13722=CARTESIAN_POINT('',(0.0125761814415455,-0.0495188304841518,-0.000714285714285716));
#13723=CARTESIAN_POINT('',(0.0288261814415455,-0.0495188304841518,-0.01));
#13724=CARTESIAN_POINT('',(0.0288261814415455,-0.0495188304841518,-3.46944695195361E-18));
#13725=CARTESIAN_POINT('',(-0.0249238185584545,-0.0495188304841518,0.01));
#13726=CARTESIAN_POINT('',(-0.0411738185584545,-0.0495188304841518,0.01));
#13727=CARTESIAN_POINT('',(-0.0086738185584545,-0.0495188304841518,0.01));
#13728=CARTESIAN_POINT('',(-0.0411738185584545,-0.0495188304841518,0.));
#13729=CARTESIAN_POINT('',(-0.0411738185584545,-0.0495188304841518,-0.01));
#13730=CARTESIAN_POINT('',(-0.0249238185584545,-0.0495188304841518,-0.000714285714285712));
#13731=CARTESIAN_POINT('',(-0.0086738185584545,-0.0495188304841518,0.00857142857142858));
#13732=CARTESIAN_POINT('',(-0.0086738185584545,-0.0495188304841518,0.00928571428571428));
#13733=CARTESIAN_POINT('',(-0.0205488185584545,-0.0495188304841518,-0.0232142857142857));
#13734=CARTESIAN_POINT('',(-0.0411738185584545,-0.0495188304841518,-0.035));
#13735=CARTESIAN_POINT('',(-0.00867381855845451,-0.0495188304841518,-0.0164285714285714));
#13736=CARTESIAN_POINT('',(-0.0411738185584545,-0.0495188304841518,-0.0425));
#13737=CARTESIAN_POINT('',(-0.0411738185584545,-0.0495188304841518,-0.05));
#13738=CARTESIAN_POINT('',(-0.0249238185584545,-0.0495188304841518,-0.0407142857142857));
#13739=CARTESIAN_POINT('',(-0.00867381855845451,-0.0495188304841518,-0.0314285714285714));
#13740=CARTESIAN_POINT('',(-0.00867381855845451,-0.0495188304841518,-0.0232142857142857));
#13741=CARTESIAN_POINT('',(-0.0205488185584545,-0.0495188304841518,-0.00321428571428571));
#13742=CARTESIAN_POINT('',(-0.0411738185584545,-0.0495188304841518,-0.015));
#13743=CARTESIAN_POINT('',(-0.00867381855845451,-0.0495188304841518,0.00357142857142858));
#13744=CARTESIAN_POINT('',(-0.0411738185584545,-0.0495188304841518,-0.0225));
#13745=CARTESIAN_POINT('',(-0.0411738185584545,-0.0495188304841518,-0.03));
#13746=CARTESIAN_POINT('',(-0.0249238185584545,-0.0495188304841518,-0.0207142857142857));
#13747=CARTESIAN_POINT('',(-0.00867381855845451,-0.0495188304841518,-0.0114285714285714));
#13748=CARTESIAN_POINT('',(-0.00867381855845451,-0.0495188304841518,-0.00321428571428571));
#13749=CARTESIAN_POINT('',(0.0125761814415455,-0.0495188304841518,-0.0807142857142857));
#13750=CARTESIAN_POINT('',(0.0288261814415455,-0.0495188304841518,-0.09));
#13751=CARTESIAN_POINT('',(-0.00367381855845452,-0.0495188304841518,-0.0714285714285714));
#13752=CARTESIAN_POINT('',(0.0288261814415455,-0.0495188304841518,-0.0825));
#13753=CARTESIAN_POINT('',(0.0288261814415455,-0.0495188304841518,-0.075));
#13754=CARTESIAN_POINT('',(0.0244511814415455,-0.0495188304841518,-0.0725));
#13755=CARTESIAN_POINT('',(-0.00367381855845452,-0.0495188304841518,-0.0564285714285714));
#13756=CARTESIAN_POINT('',(-0.00367381855845452,-0.0495188304841518,-0.0707142857142857));
#13757=CARTESIAN_POINT('',(-0.0411738185584545,-0.0495188304841518,-0.0825));
#13758=CARTESIAN_POINT('',(-0.0411738185584545,-0.0495188304841518,-0.09));
#13759=CARTESIAN_POINT('',(-0.0411738185584545,-0.0495188304841518,-0.075));
#13760=CARTESIAN_POINT('',(-0.0249238185584545,-0.0495188304841518,-0.0807142857142857));
#13761=CARTESIAN_POINT('',(-0.00867381855845452,-0.0495188304841518,-0.0714285714285714));
#13762=CARTESIAN_POINT('',(-0.0367988185584545,-0.0495188304841518,-0.0725));
#13763=CARTESIAN_POINT('',(-0.0186816105497823,-0.0284188304841518,-0.0621473097093302));
#13764=CARTESIAN_POINT('',(-0.0186816105497823,-0.0284188304841518,-0.0621473097093302));
#13765=CARTESIAN_POINT('',(-0.0367988185584545,-0.0284188304841518,-0.0725));
#13766=CARTESIAN_POINT('',(-0.00867381855845452,-0.0495188304841518,-0.0707142857142857));
#13767=CARTESIAN_POINT('',(-0.00867381855845451,-0.0284188304841518,-0.0598790765684934));
#13768=CARTESIAN_POINT('',(-0.00867381855845451,-0.0284188304841518,-0.0598790765684934));
#13769=CARTESIAN_POINT('',(-0.00867381855845452,-0.0284188304841518,-0.0707142857142857));
#13770=CARTESIAN_POINT('',(0.0125761814415455,-0.0495188304841518,-0.0980357142857143));
#13771=CARTESIAN_POINT('',(0.0288261814415455,-0.0495188304841518,-0.105));
#13772=CARTESIAN_POINT('',(-0.00367381855845452,-0.0495188304841518,-0.0910714285714286));
#13773=CARTESIAN_POINT('',(0.0288261814415455,-0.0495188304841518,-0.1));
#13774=CARTESIAN_POINT('',(0.0288261814415455,-0.0495188304841518,-0.095));
#13775=CARTESIAN_POINT('',(0.0244511814415455,-0.0495188304841518,-0.0925));
#13776=CARTESIAN_POINT('',(-0.00367381855845452,-0.0495188304841518,-0.0764285714285714));
#13777=CARTESIAN_POINT('',(-0.00367381855845452,-0.0495188304841518,-0.0905357142857143));
#13778=CARTESIAN_POINT('',(-0.00367381855845452,-0.0495188304841518,-0.0307142857142857));
#13779=CARTESIAN_POINT('',(-0.00367381855845452,-0.0495188304841518,-0.0314285714285715));
#13780=CARTESIAN_POINT('',(-0.00367381855845452,-0.0495188304841518,-0.0164285714285714));
#13781=CARTESIAN_POINT('',(0.0125761814415455,-0.0495188304841518,-0.0407142857142857));
#13782=CARTESIAN_POINT('',(0.0288261814415455,-0.0495188304841518,-0.05));
#13783=CARTESIAN_POINT('',(0.0288261814415455,-0.0495188304841518,-0.0425));
#13784=CARTESIAN_POINT('',(0.0288261814415455,-0.0495188304841518,-0.035));
#13785=CARTESIAN_POINT('',(0.0244511814415455,-0.0495188304841518,-0.0325));
#13786=CARTESIAN_POINT('',(0.0125761814415455,-0.0495188304841518,-0.0207142857142857));
#13787=CARTESIAN_POINT('',(0.0288261814415455,-0.0495188304841518,-0.03));
#13788=CARTESIAN_POINT('',(-0.00367381855845452,-0.0495188304841518,-0.0114285714285714));
#13789=CARTESIAN_POINT('',(0.0288261814415455,-0.0495188304841518,-0.0225));
#13790=CARTESIAN_POINT('',(0.0288261814415455,-0.0495188304841518,-0.015));
#13791=CARTESIAN_POINT('',(0.0244511814415455,-0.0495188304841518,-0.0125));
#13792=CARTESIAN_POINT('',(-0.00367381855845452,-0.0495188304841518,0.00357142857142856));
#13793=CARTESIAN_POINT('',(-0.00367381855845452,-0.0495188304841518,-0.0107142857142857));
#13794=CARTESIAN_POINT('',(0.0125761814415455,-0.0495188304841518,-0.0607142857142857));
#13795=CARTESIAN_POINT('',(0.0288261814415455,-0.0495188304841518,-0.07));
#13796=CARTESIAN_POINT('',(-0.00367381855845452,-0.0495188304841518,-0.0514285714285714));
#13797=CARTESIAN_POINT('',(0.0288261814415455,-0.0495188304841518,-0.0625));
#13798=CARTESIAN_POINT('',(0.0288261814415455,-0.0495188304841518,-0.055));
#13799=CARTESIAN_POINT('',(0.0244511814415455,-0.0495188304841518,-0.0525));
#13800=CARTESIAN_POINT('',(-0.00367381855845452,-0.0495188304841518,-0.0364285714285714));
#13801=CARTESIAN_POINT('',(-0.00367381855845452,-0.0495188304841518,-0.0507142857142857));
#13802=CARTESIAN_POINT('',(-0.0367988185584545,-0.0495188304841518,-0.0525));
#13803=CARTESIAN_POINT('',(-0.0283577254103772,-0.0284188304841518,-0.0476765182010987));
#13804=CARTESIAN_POINT('',(-0.0283577254103772,-0.0284188304841518,-0.0476765182010987));
#13805=CARTESIAN_POINT('',(-0.0411738185584545,-0.0495188304841518,-0.055));
#13806=CARTESIAN_POINT('',(-0.0367988185584545,-0.0284188304841518,-0.0525));
#13807=CARTESIAN_POINT('',(-0.0411738185584545,-0.0495188304841518,-0.0625));
#13808=CARTESIAN_POINT('',(-0.0411738185584545,-0.0495188304841518,-0.07));
#13809=CARTESIAN_POINT('',(-0.0249238185584545,-0.0495188304841518,-0.0607142857142857));
#13810=CARTESIAN_POINT('',(-0.0235824431322056,-0.0284188304841518,-0.0599477854707149));
#13811=CARTESIAN_POINT('',(-0.0235824431322056,-0.0284188304841518,-0.0599477854707149));
#13812=CARTESIAN_POINT('',(-0.0249238185584545,-0.0284188304841518,-0.0607142857142857));
#13813=CARTESIAN_POINT('',(0.00674284810821213,-0.0495188304841518,-0.105));
#13814=CARTESIAN_POINT('',(0.0171595147748788,-0.0495188304841518,-0.105));
#13815=CARTESIAN_POINT('',(-0.00367381855845452,-0.0495188304841518,-0.105));
#13816=CARTESIAN_POINT('',(0.00674284810821213,-0.0495188304841518,-0.100535714285714));
#13817=CARTESIAN_POINT('',(-0.00367381855845453,-0.0495188304841518,-0.0960714285714286));
#13818=CARTESIAN_POINT('',(-0.00367381855845452,-0.0495188304841518,-0.103355260342359));
#13819=CARTESIAN_POINT('',(-0.0249238185584546,-0.0495188304841518,-0.0980357142857143));
#13820=CARTESIAN_POINT('',(-0.0411738185584545,-0.0495188304841518,-0.105));
#13821=CARTESIAN_POINT('',(-0.0411738185584545,-0.0495188304841518,-0.1));
#13822=CARTESIAN_POINT('',(-0.0411738185584545,-0.0495188304841518,-0.095));
#13823=CARTESIAN_POINT('',(-0.0205488185584545,-0.0495188304841518,-0.0832142857142857));
#13824=CARTESIAN_POINT('',(-0.00867381855845452,-0.0495188304841518,-0.0764285714285714));
#13825=CARTESIAN_POINT('',(-0.00867381855845452,-0.0495188304841518,-0.0832142857142857));
#13826=CARTESIAN_POINT('',(-0.00867381855845452,-0.0495188304841518,-0.0910714285714286));
#13827=CARTESIAN_POINT('',(-0.0249238185584546,-0.0495188304841518,-0.0980357142857143));
#13828=CARTESIAN_POINT('',(0.0288261814415455,-0.0495188304841518,-3.46944695195361E-18));
#13829=CARTESIAN_POINT('',(0.0288261814415455,-0.0495188304841518,0.01));
#13830=CARTESIAN_POINT('',(0.0288261814415455,-0.0495188304841518,-0.01));
#13831=CARTESIAN_POINT('',(0.0125761814415455,-0.0495188304841518,-0.000714285714285716));
#13832=CARTESIAN_POINT('',(-0.00367381855845452,-0.0495188304841518,0.00857142857142856));
#13833=CARTESIAN_POINT('',(-0.00367381855845452,-0.0495188304841518,0.00928571428571428));
#13834=CARTESIAN_POINT('',(-0.00367381855845452,-0.0495188304841518,0.01));
#13835=CARTESIAN_POINT('',(0.0125761814415455,-0.0495188304841518,0.01));
#13836=CARTESIAN_POINT('',(-0.0086738185584545,-0.0495188304841518,0.00928571428571428));
#13837=CARTESIAN_POINT('',(-0.0086738185584545,-0.0495188304841518,0.01));
#13838=CARTESIAN_POINT('',(-0.0086738185584545,-0.0495188304841518,0.00857142857142858));
#13839=CARTESIAN_POINT('',(-0.0249238185584545,-0.0495188304841518,-0.000714285714285712));
#13840=CARTESIAN_POINT('',(-0.0411738185584545,-0.0495188304841518,-0.01));
#13841=CARTESIAN_POINT('',(-0.0411738185584545,-0.0495188304841518,0.));
#13842=CARTESIAN_POINT('',(-0.0411738185584545,-0.0495188304841518,0.01));
#13843=CARTESIAN_POINT('',(-0.0249238185584545,-0.0495188304841518,0.01));
#13844=CARTESIAN_POINT('',(-0.00867381855845451,-0.0495188304841518,-0.0232142857142857));
#13845=CARTESIAN_POINT('',(-0.00867381855845451,-0.0495188304841518,-0.0164285714285714));
#13846=CARTESIAN_POINT('',(-0.00867381855845451,-0.0495188304841518,-0.0314285714285714));
#13847=CARTESIAN_POINT('',(-0.0249238185584545,-0.0495188304841518,-0.0407142857142857));
#13848=CARTESIAN_POINT('',(-0.0411738185584545,-0.0495188304841518,-0.05));
#13849=CARTESIAN_POINT('',(-0.0411738185584545,-0.0495188304841518,-0.0425));
#13850=CARTESIAN_POINT('',(-0.0411738185584545,-0.0495188304841518,-0.035));
#13851=CARTESIAN_POINT('',(-0.0205488185584545,-0.0495188304841518,-0.0232142857142857));
#13852=CARTESIAN_POINT('',(-0.00867381855845451,-0.0495188304841518,-0.00321428571428571));
#13853=CARTESIAN_POINT('',(-0.00867381855845451,-0.0495188304841518,0.00357142857142858));
#13854=CARTESIAN_POINT('',(-0.00867381855845451,-0.0495188304841518,-0.0114285714285714));
#13855=CARTESIAN_POINT('',(-0.0249238185584545,-0.0495188304841518,-0.0207142857142857));
#13856=CARTESIAN_POINT('',(-0.0411738185584545,-0.0495188304841518,-0.03));
#13857=CARTESIAN_POINT('',(-0.0411738185584545,-0.0495188304841518,-0.0225));
#13858=CARTESIAN_POINT('',(-0.0411738185584545,-0.0495188304841518,-0.015));
#13859=CARTESIAN_POINT('',(-0.0205488185584545,-0.0495188304841518,-0.00321428571428571));
#13860=CARTESIAN_POINT('',(0.0244511814415455,-0.0495188304841518,-0.0725));
#13861=CARTESIAN_POINT('',(-0.00367381855845452,-0.0495188304841518,-0.0564285714285714));
#13862=CARTESIAN_POINT('',(0.0288261814415455,-0.0495188304841518,-0.075));
#13863=CARTESIAN_POINT('',(0.0288261814415455,-0.0495188304841518,-0.0825));
#13864=CARTESIAN_POINT('',(0.0288261814415455,-0.0495188304841518,-0.09));
#13865=CARTESIAN_POINT('',(0.0125761814415455,-0.0495188304841518,-0.0807142857142857));
#13866=CARTESIAN_POINT('',(-0.00367381855845452,-0.0495188304841518,-0.0714285714285714));
#13867=CARTESIAN_POINT('',(-0.00367381855845452,-0.0495188304841518,-0.0707142857142857));
#13868=CARTESIAN_POINT('',(-0.0367988185584545,-0.0495188304841518,-0.0725));
#13869=CARTESIAN_POINT('',(-0.0186816105497823,0.0315811695158481,-0.0621473097093301));
#13870=CARTESIAN_POINT('',(-0.0186816105497823,0.0315811695158481,-0.0621473097093301));
#13871=CARTESIAN_POINT('',(-0.0367988185584545,0.0315811695158482,-0.0725));
#13872=CARTESIAN_POINT('',(-0.0411738185584545,-0.0495188304841518,-0.075));
#13873=CARTESIAN_POINT('',(-0.0249238185584545,-0.0495188304841518,-0.0807142857142857));
#13874=CARTESIAN_POINT('',(-0.00867381855845452,-0.0495188304841518,-0.0714285714285714));
#13875=CARTESIAN_POINT('',(-0.0411738185584545,-0.0495188304841518,-0.09));
#13876=CARTESIAN_POINT('',(-0.0411738185584545,-0.0495188304841518,-0.0825));
#13877=CARTESIAN_POINT('',(-0.00867381855845452,-0.0495188304841518,-0.0707142857142857));
#13878=CARTESIAN_POINT('',(-0.00867381855845451,0.0315811695158481,-0.0598790765684934));
#13879=CARTESIAN_POINT('',(-0.00867381855845451,0.0315811695158481,-0.0598790765684934));
#13880=CARTESIAN_POINT('',(-0.00867381855845452,0.0315811695158482,-0.0707142857142857));
#13881=CARTESIAN_POINT('',(-0.0190904852251212,-0.0495188304841518,-0.105));
#13882=CARTESIAN_POINT('',(-0.00867381855845452,-0.0495188304841518,-0.105));
#13883=CARTESIAN_POINT('',(-0.0295071518917879,-0.0495188304841518,-0.105));
#13884=CARTESIAN_POINT('',(-0.00867381855845452,-0.0495188304841518,-0.100535714285714));
#13885=CARTESIAN_POINT('',(-0.00867381855845452,-0.0495188304841518,-0.0960714285714286));
#13886=CARTESIAN_POINT('',(-0.0190904852251212,-0.0495188304841518,-0.100535714285714));
#13887=CARTESIAN_POINT('',(0.0244511814415455,-0.0495188304841518,-0.0925));
#13888=CARTESIAN_POINT('',(-0.00367381855845452,-0.0495188304841518,-0.0764285714285714));
#13889=CARTESIAN_POINT('',(0.0288261814415455,-0.0495188304841518,-0.095));
#13890=CARTESIAN_POINT('',(0.0288261814415455,-0.0495188304841518,-0.1));
#13891=CARTESIAN_POINT('',(0.0288261814415455,-0.0495188304841518,-0.105));
#13892=CARTESIAN_POINT('',(0.0125761814415455,-0.0495188304841518,-0.0980357142857143));
#13893=CARTESIAN_POINT('',(-0.00367381855845452,-0.0495188304841518,-0.0910714285714286));
#13894=CARTESIAN_POINT('',(-0.00367381855845452,-0.0495188304841518,-0.0905357142857143));
#13895=CARTESIAN_POINT('',(0.0244511814415455,-0.0495188304841518,-0.0325));
#13896=CARTESIAN_POINT('',(-0.00367381855845452,-0.0495188304841518,-0.0164285714285714));
#13897=CARTESIAN_POINT('',(0.0288261814415455,-0.0495188304841518,-0.035));
#13898=CARTESIAN_POINT('',(0.0288261814415455,-0.0495188304841518,-0.0425));
#13899=CARTESIAN_POINT('',(0.0288261814415455,-0.0495188304841518,-0.05));
#13900=CARTESIAN_POINT('',(0.0125761814415455,-0.0495188304841518,-0.0407142857142857));
#13901=CARTESIAN_POINT('',(-0.00367381855845452,-0.0495188304841518,-0.0314285714285715));
#13902=CARTESIAN_POINT('',(-0.00367381855845452,-0.0495188304841518,-0.0307142857142857));
#13903=CARTESIAN_POINT('',(-0.00367381855845452,-0.0495188304841518,-0.0107142857142857));
#13904=CARTESIAN_POINT('',(-0.00367381855845452,-0.0495188304841518,-0.0114285714285714));
#13905=CARTESIAN_POINT('',(-0.00367381855845452,-0.0495188304841518,0.00357142857142856));
#13906=CARTESIAN_POINT('',(0.0244511814415455,-0.0495188304841518,-0.0125));
#13907=CARTESIAN_POINT('',(0.0288261814415455,-0.0495188304841518,-0.015));
#13908=CARTESIAN_POINT('',(0.0288261814415455,-0.0495188304841518,-0.0225));
#13909=CARTESIAN_POINT('',(0.0288261814415455,-0.0495188304841518,-0.03));
#13910=CARTESIAN_POINT('',(0.0125761814415455,-0.0495188304841518,-0.0207142857142857));
#13911=CARTESIAN_POINT('',(-0.00367381855845452,-0.0495188304841518,-0.0507142857142857));
#13912=CARTESIAN_POINT('',(-0.00367381855845452,-0.0495188304841518,-0.0514285714285714));
#13913=CARTESIAN_POINT('',(-0.00367381855845452,-0.0495188304841518,-0.0364285714285714));
#13914=CARTESIAN_POINT('',(0.0244511814415455,-0.0495188304841518,-0.0525));
#13915=CARTESIAN_POINT('',(0.0288261814415455,-0.0495188304841518,-0.055));
#13916=CARTESIAN_POINT('',(0.0288261814415455,-0.0495188304841518,-0.0625));
#13917=CARTESIAN_POINT('',(0.0288261814415455,-0.0495188304841518,-0.07));
#13918=CARTESIAN_POINT('',(0.0125761814415455,-0.0495188304841518,-0.0607142857142857));
#13919=CARTESIAN_POINT('',(-0.0249238185584545,-0.0495188304841518,-0.0607142857142857));
#13920=CARTESIAN_POINT('',(-0.0249238185584545,0.0315811695158482,-0.0607142857142857));
#13921=CARTESIAN_POINT('',(-0.0235824431322056,0.0315811695158481,-0.0599477854707149));
#13922=CARTESIAN_POINT('',(-0.0235824431322056,0.0315811695158481,-0.0599477854707149));
#13923=CARTESIAN_POINT('',(-0.0411738185584545,-0.0495188304841518,-0.07));
#13924=CARTESIAN_POINT('',(-0.0411738185584545,-0.0495188304841518,-0.0625));
#13925=CARTESIAN_POINT('',(-0.0411738185584545,-0.0495188304841518,-0.055));
#13926=CARTESIAN_POINT('',(-0.0367988185584545,-0.0495188304841518,-0.0525));
#13927=CARTESIAN_POINT('',(-0.0283577254103772,0.0315811695158481,-0.0476765182010987));
#13928=CARTESIAN_POINT('',(-0.0283577254103772,0.0315811695158481,-0.0476765182010987));
#13929=CARTESIAN_POINT('',(-0.0367988185584545,0.0315811695158482,-0.0525));
#13930=CARTESIAN_POINT('',(-0.0190904852251212,-0.0495188304841518,-0.100535714285714));
#13931=CARTESIAN_POINT('',(-0.0295071518917879,-0.0495188304841518,-0.105));
#13932=CARTESIAN_POINT('',(-0.00867381855845452,-0.0495188304841518,-0.0960714285714286));
#13933=CARTESIAN_POINT('',(-0.00867381855845452,-0.0495188304841518,-0.100535714285714));
#13934=CARTESIAN_POINT('',(-0.00867381855845452,-0.0495188304841518,-0.105));
#13935=CARTESIAN_POINT('',(-0.0190904852251212,-0.0495188304841518,-0.105));
#13936=CARTESIAN_POINT('',(-0.0161738185584545,-0.0284188304841518,-0.05));
#13937=CARTESIAN_POINT('',(-0.0161738185584545,-0.0284188304841518,-0.05));
#13938=CARTESIAN_POINT('',(-0.0161738185584545,-0.0284188304841518,-0.05));
#13939=CARTESIAN_POINT('',(-0.0161738185584545,-0.0284188304841518,-0.05));
#13940=CARTESIAN_POINT('',(-0.0161738185584545,-0.0284188304841518,-0.05));
#13941=CARTESIAN_POINT('',(-0.0161738185584545,-0.0284188304841518,-0.05));
#13942=CARTESIAN_POINT('',(-0.00617381855845452,0.0315811695158481,-0.0475));
#13943=CARTESIAN_POINT('',(-0.0161738185584545,0.0315811695158481,-0.05));
#13944=CARTESIAN_POINT('',(-0.0161738185584545,0.0315811695158481,-0.05));
#13945=CARTESIAN_POINT('',(-0.0161738185584545,0.0315811695158481,-0.05));
#13946=CARTESIAN_POINT('',(-0.0161738185584545,0.0315811695158481,-0.05));
#13947=CARTESIAN_POINT('',(-0.00617381855845452,0.0315811695158481,-0.0475));
#13948=CARTESIAN_POINT('',(-0.107973818558454,0.0145811695158482,-0.065));
#13949=CARTESIAN_POINT('',(0.0388261814415455,0.0145811695158482,-0.065));
#13950=CARTESIAN_POINT('',(0.0388261814415455,0.0145811695158482,-0.06705));
#13951=CARTESIAN_POINT('',(-0.107973818558454,-0.0114188304841518,-0.065));
#13952=CARTESIAN_POINT('',(0.0388261814415455,-0.0114188304841518,-0.065));
#13953=CARTESIAN_POINT('',(0.0388261814415455,-0.0114188304841518,-0.06705));
#13954=CARTESIAN_POINT('',(-0.107973818558454,0.0145811695158482,-0.065));
#13955=CARTESIAN_POINT('',(-0.0511738185584545,0.0145811695158482,-0.065));
#13956=CARTESIAN_POINT('',(-0.0511738185584545,0.0145811695158482,-0.06295));
#13957=CARTESIAN_POINT('',(-0.107973818558454,-0.0114188304841518,-0.065));
#13958=CARTESIAN_POINT('',(-0.0511738185584545,-0.0114188304841518,-0.065));
#13959=CARTESIAN_POINT('',(-0.0511738185584545,-0.0114188304841518,-0.06295));
#13960=CARTESIAN_POINT('',(-0.0623738185584545,0.00158116951584817,-0.105));
#13961=CARTESIAN_POINT('',(-0.0623738185584545,-0.000918830484151842,-0.105));
#13962=CARTESIAN_POINT('',(-0.0623738185584545,-0.0117521638174852,-0.105));
#13963=CARTESIAN_POINT('',(-0.0623738185584545,-0.0050854971508185,-0.1));
#13964=CARTESIAN_POINT('',(-0.0623738185584545,-0.000918830484151842,-0.096875));
#13965=CARTESIAN_POINT('',(-0.0623738185584545,-0.0184188304841518,-0.0625));
#13966=CARTESIAN_POINT('',(-0.0623738185584545,-0.0184188304841518,-0.055));
#13967=CARTESIAN_POINT('',(-0.0623738185584545,-0.0184188304841518,-0.07));
#13968=CARTESIAN_POINT('',(-0.0623738185584545,-0.00591883048415183,-0.0425));
#13969=CARTESIAN_POINT('',(-0.0623738185584545,-0.000918830484151842,-0.0375));
#13970=CARTESIAN_POINT('',(-0.0623738185584545,0.0215811695158481,-0.0625));
#13971=CARTESIAN_POINT('',(-0.0623738185584545,0.0215811695158481,-0.07));
#13972=CARTESIAN_POINT('',(-0.0623738185584545,0.0115811695158482,-0.06));
#13973=CARTESIAN_POINT('',(0.0388261814415455,0.0174519982092351,-0.065870828693387));
#13974=CARTESIAN_POINT('',(-0.0623738185584545,-0.00841883048415184,-0.06));
#13975=CARTESIAN_POINT('',(0.0388261814415455,-0.0142896591775388,-0.065870828693387));
#13976=CARTESIAN_POINT('',(-0.0623738185584545,0.00908116951584817,-0.0225));
#13977=CARTESIAN_POINT('',(0.0388261814415455,0.00408116951584816,-0.0175));
#13978=CARTESIAN_POINT('',(-0.0623738185584545,0.0215811695158481,-0.035));
#13979=CARTESIAN_POINT('',(-0.0623738185584545,0.0215811695158481,-0.0425));
#13980=CARTESIAN_POINT('',(-0.0623738185584545,-0.00841883048415184,-0.04));
#13981=CARTESIAN_POINT('',(-0.0623738185584545,-0.000918830484151842,-0.0325));
#13982=CARTESIAN_POINT('',(-0.0623738185584545,-0.0184188304841518,-0.05));
#13983=CARTESIAN_POINT('',(-0.0623738185584545,-0.0184188304841518,-0.0425));
#13984=CARTESIAN_POINT('',(-0.0623738185584545,0.0215811695158481,-0.1));
#13985=CARTESIAN_POINT('',(-0.0623738185584545,-0.00841883048415184,-0.0975));
#13986=CARTESIAN_POINT('',(-0.0623738185584545,-0.000918830484151843,-0.091875));
#13987=CARTESIAN_POINT('',(-0.0623738185584545,-0.0184188304841518,-0.105));
#13988=CARTESIAN_POINT('',(-0.0623738185584545,-0.0184188304841518,-0.1));
#13989=CARTESIAN_POINT('',(-0.0623738185584545,-0.0184188304841518,-0.095));
#13990=CARTESIAN_POINT('',(-0.0623738185584545,-0.0159188304841518,-0.0925));
#13991=CARTESIAN_POINT('',(-0.0623738185584545,-0.000918830484151843,-0.0775));
#13992=CARTESIAN_POINT('',(-0.0623738185584545,0.0215811695158481,-0.0825));
#13993=CARTESIAN_POINT('',(-0.0623738185584545,-0.00841883048415183,-0.08));
#13994=CARTESIAN_POINT('',(-0.0623738185584545,-0.000918830484151842,-0.0725));
#13995=CARTESIAN_POINT('',(-0.0623738185584545,-0.0184188304841518,-0.09));
#13996=CARTESIAN_POINT('',(-0.0623738185584545,-0.0184188304841518,-0.0825));
#13997=CARTESIAN_POINT('',(-0.0623738185584545,-0.0184188304841518,-0.075));
#13998=CARTESIAN_POINT('',(-0.0623738185584545,-0.00591883048415184,-0.0625));
#13999=CARTESIAN_POINT('',(0.0388261814415455,-0.0114188304841518,-0.068));
#14000=CARTESIAN_POINT('',(-0.0623738185584545,0.00158116951584817,-0.105));
#14001=CARTESIAN_POINT('',(-0.0623738185584545,0.00408116951584816,-0.105));
#14002=CARTESIAN_POINT('',(-0.0623738185584545,0.0149145028491815,-0.105));
#14003=CARTESIAN_POINT('',(-0.0623738185584545,0.00824783618251484,-0.1));
#14004=CARTESIAN_POINT('',(-0.0623738185584545,0.00408116951584816,-0.096875));
#14005=CARTESIAN_POINT('',(-0.0623738185584545,0.0215811695158481,-0.0625));
#14006=CARTESIAN_POINT('',(-0.0623738185584545,0.0215811695158481,-0.055));
#14007=CARTESIAN_POINT('',(-0.0623738185584545,0.0215811695158481,-0.07));
#14008=CARTESIAN_POINT('',(-0.0623738185584545,0.0115811695158482,-0.06));
#14009=CARTESIAN_POINT('',(-0.0511738185584545,0.0174519982092351,-0.065870828693387));
#14010=CARTESIAN_POINT('',(-0.0623738185584545,-0.00841883048415184,-0.06));
#14011=CARTESIAN_POINT('',(-0.0511738185584545,-0.0142896591775388,-0.065870828693387));
#14012=CARTESIAN_POINT('',(-0.0623738185584545,-0.0184188304841518,-0.07));
#14013=CARTESIAN_POINT('',(-0.0623738185584545,-0.0184188304841518,-0.0625));
#14014=CARTESIAN_POINT('',(-0.0623738185584545,0.0190811695158481,-0.0525));
#14015=CARTESIAN_POINT('',(-0.0623738185584545,0.00408116951584815,-0.0375));
#14016=CARTESIAN_POINT('',(-0.0623738185584545,0.0115811695158482,-0.06));
#14017=CARTESIAN_POINT('',(-0.0511738185584545,0.0137103408224612,-0.062129171306613));
#14018=CARTESIAN_POINT('',(-0.0623738185584545,0.00408116951584816,-0.0525));
#14019=CARTESIAN_POINT('',(-0.0623738185584545,-0.00591883048415183,-0.0225));
#14020=CARTESIAN_POINT('',(-0.0511738185584545,-0.000918830484151841,-0.0175));
#14021=CARTESIAN_POINT('',(-0.0623738185584545,-0.0184188304841518,-0.035));
#14022=CARTESIAN_POINT('',(-0.0623738185584545,-0.0184188304841518,-0.0425));
#14023=CARTESIAN_POINT('',(-0.0623738185584545,0.0115811695158482,-0.04));
#14024=CARTESIAN_POINT('',(-0.0623738185584545,0.00408116951584816,-0.0325));
#14025=CARTESIAN_POINT('',(-0.0623738185584545,0.0215811695158481,-0.05));
#14026=CARTESIAN_POINT('',(-0.0623738185584545,0.0215811695158481,-0.0425));
#14027=CARTESIAN_POINT('',(-0.0623738185584545,0.0190811695158482,-0.0925));
#14028=CARTESIAN_POINT('',(-0.0623738185584545,0.00408116951584816,-0.0775));
#14029=CARTESIAN_POINT('',(-0.0623738185584545,0.0215811695158481,-0.095));
#14030=CARTESIAN_POINT('',(-0.0623738185584545,-0.0184188304841518,-0.1));
#14031=CARTESIAN_POINT('',(-0.0623738185584545,0.0115811695158482,-0.0975));
#14032=CARTESIAN_POINT('',(-0.0623738185584545,0.00408116951584816,-0.091875));
#14033=CARTESIAN_POINT('',(-0.0623738185584545,0.0215811695158481,-0.105));
#14034=CARTESIAN_POINT('',(-0.0623738185584545,0.0215811695158481,-0.1));
#14035=CARTESIAN_POINT('',(-0.0623738185584545,0.0190811695158482,-0.0725));
#14036=CARTESIAN_POINT('',(-0.0511738185584545,0.0145811695158482,-0.068));
#14037=CARTESIAN_POINT('',(-0.0623738185584545,0.0215811695158481,-0.075));
#14038=CARTESIAN_POINT('',(-0.0623738185584545,-0.0184188304841518,-0.0825));
#14039=CARTESIAN_POINT('',(-0.0623738185584545,0.0115811695158482,-0.08));
#14040=CARTESIAN_POINT('',(-0.0623738185584545,0.00408116951584816,-0.0725));
#14041=CARTESIAN_POINT('',(-0.0623738185584545,0.0215811695158481,-0.09));
#14042=CARTESIAN_POINT('',(-0.0623738185584545,0.0215811695158481,-0.0825));
#14043=CARTESIAN_POINT('',(-0.0623738185584545,-0.00841883048415184,-0.06));
#14044=CARTESIAN_POINT('',(0.0388261814415455,-0.0105480017907649,-0.062129171306613));
#14045=CARTESIAN_POINT('',(-0.0623738185584545,-0.000918830484151842,-0.0525));
#14046=CARTESIAN_POINT('',(-0.0511738185584545,-0.000918830484151842,-0.05));
#14047=CARTESIAN_POINT('',(-0.0511738185584545,-0.000918830484151842,-0.05));
#14048=CARTESIAN_POINT('',(-0.0511738185584545,-0.000918830484151841,-0.0175));
#14049=CARTESIAN_POINT('',(-0.0511738185584545,-0.000918830484151841,-0.0175));
#14050=CARTESIAN_POINT('',(-0.0511738185584545,0.00408116951584816,-0.05));
#14051=CARTESIAN_POINT('',(-0.0511738185584545,0.00408116951584816,-0.05));
#14052=CARTESIAN_POINT('',(-0.0511738185584545,0.00408116951584816,-0.0175));
#14053=CARTESIAN_POINT('',(-0.0511738185584545,0.00408116951584816,-0.0175));
#14054=CARTESIAN_POINT('',(-0.0511738185584545,-0.0381688304841519,-0.05475));
#14055=CARTESIAN_POINT('',(-0.0511738185584545,-0.0381688304841519,-0.05475));
#14056=CARTESIAN_POINT('',(-0.0511738185584545,0.00158116951584818,-0.015));
#14057=CARTESIAN_POINT('',(-0.0511738185584545,0.00158116951584818,-0.015));
#14058=CARTESIAN_POINT('',(-0.0511738185584545,0.0568311695158482,-0.07025));
#14059=CARTESIAN_POINT('',(-0.0511738185584545,0.0568311695158482,-0.07025));
#14060=CARTESIAN_POINT('',(-0.0511738185584545,0.00157750366351035,-0.0499999875));
#14061=CARTESIAN_POINT('',(0.0388261814415455,0.00408116951584816,-0.05));
#14062=CARTESIAN_POINT('',(0.0388261814415455,0.00408116951584816,-0.05));
#14063=CARTESIAN_POINT('',(0.0388261814415455,0.00408116951584816,-0.0175));
#14064=CARTESIAN_POINT('',(0.0388261814415455,0.00408116951584816,-0.0175));
#14065=CARTESIAN_POINT('',(0.0388261814415455,0.00908116951584817,-0.0225));
#14066=CARTESIAN_POINT('',(0.0388261814415455,0.00908116951584817,-0.0225));
#14067=CARTESIAN_POINT('',(0.0388261814415455,0.00158116951584817,-0.015));
#14068=CARTESIAN_POINT('',(0.0388261814415455,0.00158116951584817,-0.015));
#14069=CARTESIAN_POINT('',(0.0388261814415455,-0.00591883048415183,-0.0225));
#14070=CARTESIAN_POINT('',(0.0388261814415455,-0.00591883048415183,-0.0225));
#14071=CARTESIAN_POINT('',(0.0388261814415455,-0.000918830484151843,-0.0175));
#14072=CARTESIAN_POINT('',(0.0388261814415455,-0.000918830484151843,-0.0175));
#14073=CARTESIAN_POINT('',(0.0388261814415455,-0.000918830484151842,-0.05));
#14074=CARTESIAN_POINT('',(0.0388261814415455,-0.000918830484151842,-0.05));
#14075=CARTESIAN_POINT('',(0.0388261814415455,0.00158116951584817,-0.05));
#14076=CARTESIAN_POINT('',(-0.0246503685414791,-0.00666883048415183,-0.085));
#14077=CARTESIAN_POINT('',(-0.0109003685414791,0.00158116951584817,-0.085));
#14078=CARTESIAN_POINT('',(-0.0384003685414792,-0.0149188304841518,-0.085));
#14079=CARTESIAN_POINT('',(-0.0384003685414791,0.00158116951584817,-0.085));
#14080=CARTESIAN_POINT('',(-0.0384003685414791,0.0180811695158482,-0.085));
#14081=CARTESIAN_POINT('',(-0.0246503685414791,0.00983116951584816,-0.085));
#14082=CARTESIAN_POINT('',(0.0215996314585209,0.00158116951584817,-0.085));
#14083=CARTESIAN_POINT('',(0.0215996314585209,0.0180811695158482,-0.085));
#14084=CARTESIAN_POINT('',(0.0215996314585209,-0.0149188304841518,-0.085));
#14085=CARTESIAN_POINT('',(0.0078496314585209,-0.00666883048415182,-0.085));
#14086=CARTESIAN_POINT('',(-0.0059003685414791,0.00158116951584817,-0.085));
#14087=CARTESIAN_POINT('',(0.0078496314585209,0.00983116951584816,-0.085));
#14088=CARTESIAN_POINT('',(-0.0084003685414791,-0.0164188304841518,-0.085));
#14089=CARTESIAN_POINT('',(0.0190996314585209,-0.0164188304841518,-0.085));
#14090=CARTESIAN_POINT('',(-0.0359003685414791,-0.0164188304841518,-0.085));
#14091=CARTESIAN_POINT('',(-0.0221503685414791,-0.00816883048415182,-0.085));
#14092=CARTESIAN_POINT('',(-0.0084003685414791,8.11695158481694E-5,-0.085));
#14093=CARTESIAN_POINT('',(0.00534963145852087,-0.00816883048415181,-0.085));
#14094=CARTESIAN_POINT('',(-0.0221503685414791,0.0113311695158482,-0.085));
#14095=CARTESIAN_POINT('',(-0.0084003685414791,0.00308116951584816,-0.085));
#14096=CARTESIAN_POINT('',(-0.0359003685414791,0.0195811695158481,-0.085));
#14097=CARTESIAN_POINT('',(-0.0084003685414791,0.0195811695158481,-0.085));
#14098=CARTESIAN_POINT('',(0.0190996314585209,0.0195811695158481,-0.085));
#14099=CARTESIAN_POINT('',(0.00534963145852087,0.0113311695158481,-0.085));
#14100=CARTESIAN_POINT('',(0.0388261814415455,-0.0114188304841518,-0.065));
#14101=CARTESIAN_POINT('',(0.0388261814415455,-0.0114188304841518,-0.065));
#14102=CARTESIAN_POINT('',(0.0388261814415455,-0.0114188304841518,-0.068));
#14103=CARTESIAN_POINT('',(0.0388261814415455,0.00158116951584817,-0.0475));
#14104=CARTESIAN_POINT('',(0.0388261814415455,0.0145811695158482,-0.065));
#14105=CARTESIAN_POINT('',(0.0388261814415455,0.0145811695158482,-0.065));
#14106=CARTESIAN_POINT('',(0.0388261814415455,0.0145811695158482,-0.068));
#14107=CARTESIAN_POINT('',(0.0388261814415455,0.00158116951584817,-0.0475));
#14108=CARTESIAN_POINT('',(-0.0511738185584545,0.0145811695158482,-0.065));
#14109=CARTESIAN_POINT('',(-0.0511738185584545,0.0145811695158482,-0.065));
#14110=CARTESIAN_POINT('',(-0.0511738185584545,0.0145811695158482,-0.062));
#14111=CARTESIAN_POINT('',(-0.0511738185584545,0.00157750366351035,-0.0475286533523378));
#14112=CARTESIAN_POINT('',(-0.0511738185584545,-0.0114188304841518,-0.065));
#14113=CARTESIAN_POINT('',(-0.0511738185584545,-0.0114188304841518,-0.065));
#14114=CARTESIAN_POINT('',(-0.0511738185584545,-0.0114188304841518,-0.062));
#14115=CARTESIAN_POINT('',(-0.0511738185584545,0.00157750366351035,-0.0475286533523378));
#14116=MECHANICAL_DESIGN_GEOMETRIC_PRESENTATION_REPRESENTATION('',(#8931),
#14117);
#14117=(
GEOMETRIC_REPRESENTATION_CONTEXT(3)
GLOBAL_UNCERTAINTY_ASSIGNED_CONTEXT((#14118))
GLOBAL_UNIT_ASSIGNED_CONTEXT((#14121,#14120,#14119))
REPRESENTATION_CONTEXT('Part 1','TOP_LEVEL_ASSEMBLY_PART')
);
#14118=UNCERTAINTY_MEASURE_WITH_UNIT(LENGTH_MEASURE(2.2932681870258E-5),
#14121,'DISTANCE_ACCURACY_VALUE','Maximum Tolerance applied to model');
#14119=(
NAMED_UNIT(*)
SI_UNIT($,.STERADIAN.)
SOLID_ANGLE_UNIT()
);
#14120=(
NAMED_UNIT(*)
PLANE_ANGLE_UNIT()
SI_UNIT($,.RADIAN.)
);
#14121=(
LENGTH_UNIT()
NAMED_UNIT(*)
SI_UNIT($,.METRE.)
);
#14122=PRODUCT_DEFINITION_SHAPE('','',#14123);
#14123=PRODUCT_DEFINITION('','',#14125,#14124);
#14124=PRODUCT_DEFINITION_CONTEXT('',#14131,'design');
#14125=PRODUCT_DEFINITION_FORMATION_WITH_SPECIFIED_SOURCE('','',#14127,
 .NOT_KNOWN.);
#14126=PRODUCT_RELATED_PRODUCT_CATEGORY('','',(#14127));
#14127=PRODUCT('Part 1','Part 1','Part 1',(#14129));
#14128=PRODUCT_CATEGORY('','');
#14129=PRODUCT_CONTEXT('',#14131,'mechanical');
#14130=APPLICATION_PROTOCOL_DEFINITION('international standard',
'ap242_managed_model_based_3d_engineering',2020,#14131);
#14131=APPLICATION_CONTEXT('managed model based 3d engineering');
ENDSEC;
END-ISO-10303-21;
