ISO-10303-21;
HEADER;
/* Generated by software containing ST-Developer
 * from STEP Tools, Inc. (www.steptools.com) 
 */
/* OPTION: using custom renumber hook */

FILE_DESCRIPTION(
/* description */ ('STEP AP242 Edition 2',
'CAx-IF Rec.Pracs.---Representation and Presentation of Product Manufa
cturing Information (PMI)---4.0---2014-10-13',
'CAx-IF Rec.Pracs.---3D Tessellated Geometry---0.4---2014-09-14','2;1',
'CAx-IF Rec.Pracs.---User Defined Attributes---1.5---2016-08-15'),
/* implementation_level */ '2;1');

FILE_NAME(
/* name */ 'seq-gate',
/* time_stamp */ '2026-07-08T16:40:16Z',
/* author */ (''),
/* organization */ (''),
/* preprocessor_version */ 'ST-DEVELOPER v20',
/* originating_system */ 'ONSHAPE BY PTC INC, 1.217',
/* authorisation */ '  ');

FILE_SCHEMA (('AP242_MANAGED_MODEL_BASED_3D_ENGINEERING_MIM_LF { 1 0 10303 442 3 1 4 }'));
ENDSEC;

DATA;
#10=SHAPE_REPRESENTATION_RELATIONSHIP('','',#2052,#11);
#11=ADVANCED_BREP_SHAPE_REPRESENTATION('',(#2050),#3461);
#12=ELLIPSE('',#2259,0.00141421356237309,0.001);
#13=CONICAL_SURFACE('',#2116,0.002,0.785398163397448);
#14=CONICAL_SURFACE('',#2120,0.002,0.785398163397448);
#15=CONICAL_SURFACE('',#2122,0.007,0.785398163397449);
#16=CONICAL_SURFACE('',#2126,0.007,0.785398163397448);
#17=CONICAL_SURFACE('',#2127,0.007,0.785398163397449);
#18=CONICAL_SURFACE('',#2131,0.007,0.785398163397449);
#19=CONICAL_SURFACE('',#2132,0.007,0.785398163397448);
#20=CONICAL_SURFACE('',#2136,0.002,0.785398163397448);
#21=CONICAL_SURFACE('',#2138,0.007,0.785398163397448);
#22=CONICAL_SURFACE('',#2142,0.002,0.785398163397448);
#23=CONICAL_SURFACE('',#2144,0.002,0.785398163397448);
#24=CONICAL_SURFACE('',#2148,0.007,0.785398163397448);
#25=CONICAL_SURFACE('',#2150,0.002,0.785398163397448);
#26=CONICAL_SURFACE('',#2154,0.007,0.785398163397449);
#27=CONICAL_SURFACE('',#2156,0.007,0.785398163397448);
#28=CONICAL_SURFACE('',#2159,0.002,0.785398163397448);
#29=CONICAL_SURFACE('',#2161,0.007,0.785398163397448);
#30=CONICAL_SURFACE('',#2164,0.002,0.785398163397448);
#31=CONICAL_SURFACE('',#2166,0.002,0.785398163397448);
#32=CONICAL_SURFACE('',#2170,0.007,0.785398163397448);
#33=CONICAL_SURFACE('',#2172,0.002,0.785398163397448);
#34=CONICAL_SURFACE('',#2176,0.007,0.785398163397449);
#35=CONICAL_SURFACE('',#2178,0.007,0.785398163397448);
#36=CONICAL_SURFACE('',#2182,0.007,0.785398163397448);
#37=CONICAL_SURFACE('',#2184,0.007,0.785398163397448);
#38=CONICAL_SURFACE('',#2188,0.007,0.785398163397448);
#39=CONICAL_SURFACE('',#2190,0.002,0.785398163397448);
#40=CONICAL_SURFACE('',#2194,0.002,0.785398163397448);
#41=CYLINDRICAL_SURFACE('',#2070,0.01);
#42=CYLINDRICAL_SURFACE('',#2073,0.01);
#43=CYLINDRICAL_SURFACE('',#2076,0.01);
#44=CYLINDRICAL_SURFACE('',#2079,0.005);
#45=CYLINDRICAL_SURFACE('',#2082,0.005);
#46=CYLINDRICAL_SURFACE('',#2085,0.005);
#47=CYLINDRICAL_SURFACE('',#2088,0.005);
#48=CYLINDRICAL_SURFACE('',#2091,0.01);
#49=CYLINDRICAL_SURFACE('',#2196,0.002);
#50=CYLINDRICAL_SURFACE('',#2200,0.004125);
#51=CYLINDRICAL_SURFACE('',#2201,0.002);
#52=CYLINDRICAL_SURFACE('',#2205,0.004125);
#53=CYLINDRICAL_SURFACE('',#2206,0.002);
#54=CYLINDRICAL_SURFACE('',#2210,0.004125);
#55=CYLINDRICAL_SURFACE('',#2211,0.002);
#56=CYLINDRICAL_SURFACE('',#2215,0.004125);
#57=CYLINDRICAL_SURFACE('',#2216,0.002);
#58=CYLINDRICAL_SURFACE('',#2220,0.004125);
#59=CYLINDRICAL_SURFACE('',#2221,0.002);
#60=CYLINDRICAL_SURFACE('',#2225,0.004125);
#61=CYLINDRICAL_SURFACE('',#2256,0.001);
#62=CYLINDRICAL_SURFACE('',#2257,0.001);
#63=CYLINDRICAL_SURFACE('',#2258,0.001);
#64=CYLINDRICAL_SURFACE('',#2260,0.001);
#65=CYLINDRICAL_SURFACE('',#2261,0.001);
#66=CYLINDRICAL_SURFACE('',#2262,0.001);
#67=CYLINDRICAL_SURFACE('',#2263,0.001);
#68=CYLINDRICAL_SURFACE('',#2264,0.001);
#69=LINE('',#2880,#255);
#70=LINE('',#2884,#256);
#71=LINE('',#2888,#257);
#72=LINE('',#2892,#258);
#73=LINE('',#2905,#259);
#74=LINE('',#2910,#260);
#75=LINE('',#2914,#261);
#76=LINE('',#2918,#262);
#77=LINE('',#2921,#263);
#78=LINE('',#2924,#264);
#79=LINE('',#2926,#265);
#80=LINE('',#2928,#266);
#81=LINE('',#2929,#267);
#82=LINE('',#2932,#268);
#83=LINE('',#2934,#269);
#84=LINE('',#2936,#270);
#85=LINE('',#2938,#271);
#86=LINE('',#2941,#272);
#87=LINE('',#2942,#273);
#88=LINE('',#2946,#274);
#89=LINE('',#2948,#275);
#90=LINE('',#2950,#276);
#91=LINE('',#2954,#277);
#92=LINE('',#2956,#278);
#93=LINE('',#2958,#279);
#94=LINE('',#2962,#280);
#95=LINE('',#2964,#281);
#96=LINE('',#2966,#282);
#97=LINE('',#2968,#283);
#98=LINE('',#2972,#284);
#99=LINE('',#2974,#285);
#100=LINE('',#2976,#286);
#101=LINE('',#2980,#287);
#102=LINE('',#2982,#288);
#103=LINE('',#2984,#289);
#104=LINE('',#2986,#290);
#105=LINE('',#2988,#291);
#106=LINE('',#2992,#292);
#107=LINE('',#2994,#293);
#108=LINE('',#2996,#294);
#109=LINE('',#3000,#295);
#110=LINE('',#3002,#296);
#111=LINE('',#3004,#297);
#112=LINE('',#3006,#298);
#113=LINE('',#3022,#299);
#114=LINE('',#3025,#300);
#115=LINE('',#3029,#301);
#116=LINE('',#3033,#302);
#117=LINE('',#3037,#303);
#118=LINE('',#3041,#304);
#119=LINE('',#3043,#305);
#120=LINE('',#3045,#306);
#121=LINE('',#3049,#307);
#122=LINE('',#3053,#308);
#123=LINE('',#3055,#309);
#124=LINE('',#3057,#310);
#125=LINE('',#3061,#311);
#126=LINE('',#3065,#312);
#127=LINE('',#3067,#313);
#128=LINE('',#3069,#314);
#129=LINE('',#3073,#315);
#130=LINE('',#3077,#316);
#131=LINE('',#3081,#317);
#132=LINE('',#3085,#318);
#133=LINE('',#3087,#319);
#134=LINE('',#3089,#320);
#135=LINE('',#3093,#321);
#136=LINE('',#3097,#322);
#137=LINE('',#3099,#323);
#138=LINE('',#3101,#324);
#139=LINE('',#3105,#325);
#140=LINE('',#3109,#326);
#141=LINE('',#3111,#327);
#142=LINE('',#3113,#328);
#143=LINE('',#3117,#329);
#144=LINE('',#3119,#330);
#145=LINE('',#3121,#331);
#146=LINE('',#3123,#332);
#147=LINE('',#3126,#333);
#148=LINE('',#3130,#334);
#149=LINE('',#3132,#335);
#150=LINE('',#3134,#336);
#151=LINE('',#3136,#337);
#152=LINE('',#3138,#338);
#153=LINE('',#3142,#339);
#154=LINE('',#3144,#340);
#155=LINE('',#3146,#341);
#156=LINE('',#3148,#342);
#157=LINE('',#3150,#343);
#158=LINE('',#3154,#344);
#159=LINE('',#3156,#345);
#160=LINE('',#3158,#346);
#161=LINE('',#3160,#347);
#162=LINE('',#3164,#348);
#163=LINE('',#3168,#349);
#164=LINE('',#3170,#350);
#165=LINE('',#3172,#351);
#166=LINE('',#3174,#352);
#167=LINE('',#3176,#353);
#168=LINE('',#3180,#354);
#169=LINE('',#3184,#355);
#170=LINE('',#3186,#356);
#171=LINE('',#3188,#357);
#172=LINE('',#3190,#358);
#173=LINE('',#3192,#359);
#174=LINE('',#3194,#360);
#175=LINE('',#3199,#361);
#176=LINE('',#3201,#362);
#177=LINE('',#3203,#363);
#178=LINE('',#3205,#364);
#179=LINE('',#3207,#365);
#180=LINE('',#3211,#366);
#181=LINE('',#3213,#367);
#182=LINE('',#3215,#368);
#183=LINE('',#3217,#369);
#184=LINE('',#3221,#370);
#185=LINE('',#3223,#371);
#186=LINE('',#3225,#372);
#187=LINE('',#3227,#373);
#188=LINE('',#3229,#374);
#189=LINE('',#3233,#375);
#190=LINE('',#3237,#376);
#191=LINE('',#3239,#377);
#192=LINE('',#3241,#378);
#193=LINE('',#3243,#379);
#194=LINE('',#3245,#380);
#195=LINE('',#3247,#381);
#196=LINE('',#3253,#382);
#197=LINE('',#3255,#383);
#198=LINE('',#3257,#384);
#199=LINE('',#3259,#385);
#200=LINE('',#3261,#386);
#201=LINE('',#3263,#387);
#202=LINE('',#3269,#388);
#203=LINE('',#3271,#389);
#204=LINE('',#3273,#390);
#205=LINE('',#3275,#391);
#206=LINE('',#3277,#392);
#207=LINE('',#3279,#393);
#208=LINE('',#3285,#394);
#209=LINE('',#3287,#395);
#210=LINE('',#3289,#396);
#211=LINE('',#3291,#397);
#212=LINE('',#3293,#398);
#213=LINE('',#3295,#399);
#214=LINE('',#3301,#400);
#215=LINE('',#3303,#401);
#216=LINE('',#3305,#402);
#217=LINE('',#3307,#403);
#218=LINE('',#3309,#404);
#219=LINE('',#3357,#405);
#220=LINE('',#3359,#406);
#221=LINE('',#3361,#407);
#222=LINE('',#3363,#408);
#223=LINE('',#3368,#409);
#224=LINE('',#3370,#410);
#225=LINE('',#3373,#411);
#226=LINE('',#3377,#412);
#227=LINE('',#3379,#413);
#228=LINE('',#3381,#414);
#229=LINE('',#3383,#415);
#230=LINE('',#3385,#416);
#231=LINE('',#3387,#417);
#232=LINE('',#3392,#418);
#233=LINE('',#3395,#419);
#234=LINE('',#3397,#420);
#235=LINE('',#3399,#421);
#236=LINE('',#3401,#422);
#237=LINE('',#3406,#423);
#238=LINE('',#3408,#424);
#239=LINE('',#3412,#425);
#240=LINE('',#3416,#426);
#241=LINE('',#3418,#427);
#242=LINE('',#3422,#428);
#243=LINE('',#3426,#429);
#244=LINE('',#3430,#430);
#245=LINE('',#3433,#431);
#246=LINE('',#3435,#432);
#247=LINE('',#3436,#433);
#248=LINE('',#3438,#434);
#249=LINE('',#3439,#435);
#250=LINE('',#3441,#436);
#251=LINE('',#3443,#437);
#252=LINE('',#3445,#438);
#253=LINE('',#3447,#439);
#254=LINE('',#3448,#440);
#255=VECTOR('',#2271,1.);
#256=VECTOR('',#2274,1.);
#257=VECTOR('',#2277,1.);
#258=VECTOR('',#2280,1.);
#259=VECTOR('',#2293,1.);
#260=VECTOR('',#2296,1.);
#261=VECTOR('',#2299,1.);
#262=VECTOR('',#2302,1.);
#263=VECTOR('',#2305,1.);
#264=VECTOR('',#2306,1.);
#265=VECTOR('',#2307,1.);
#266=VECTOR('',#2308,1.);
#267=VECTOR('',#2309,1.);
#268=VECTOR('',#2310,1.);
#269=VECTOR('',#2311,1.);
#270=VECTOR('',#2312,1.);
#271=VECTOR('',#2315,1.);
#272=VECTOR('',#2316,1.);
#273=VECTOR('',#2317,1.);
#274=VECTOR('',#2322,1.);
#275=VECTOR('',#2325,1.);
#276=VECTOR('',#2326,1.);
#277=VECTOR('',#2331,1.);
#278=VECTOR('',#2334,1.);
#279=VECTOR('',#2335,1.);
#280=VECTOR('',#2340,1.);
#281=VECTOR('',#2343,1.);
#282=VECTOR('',#2344,1.);
#283=VECTOR('',#2347,1.);
#284=VECTOR('',#2350,1.);
#285=VECTOR('',#2353,1.);
#286=VECTOR('',#2354,1.);
#287=VECTOR('',#2359,1.);
#288=VECTOR('',#2362,1.);
#289=VECTOR('',#2363,1.);
#290=VECTOR('',#2364,1.);
#291=VECTOR('',#2365,1.);
#292=VECTOR('',#2370,1.);
#293=VECTOR('',#2373,1.);
#294=VECTOR('',#2374,1.);
#295=VECTOR('',#2379,1.);
#296=VECTOR('',#2382,1.);
#297=VECTOR('',#2383,1.);
#298=VECTOR('',#2384,1.);
#299=VECTOR('',#2403,1.);
#300=VECTOR('',#2404,1.);
#301=VECTOR('',#2407,1.);
#302=VECTOR('',#2410,1.);
#303=VECTOR('',#2413,1.);
#304=VECTOR('',#2416,1.);
#305=VECTOR('',#2417,1.);
#306=VECTOR('',#2418,1.);
#307=VECTOR('',#2421,1.);
#308=VECTOR('',#2424,1.);
#309=VECTOR('',#2425,1.);
#310=VECTOR('',#2426,1.);
#311=VECTOR('',#2429,1.);
#312=VECTOR('',#2432,1.);
#313=VECTOR('',#2433,1.);
#314=VECTOR('',#2434,1.);
#315=VECTOR('',#2437,1.);
#316=VECTOR('',#2440,1.);
#317=VECTOR('',#2443,1.);
#318=VECTOR('',#2446,1.);
#319=VECTOR('',#2447,1.);
#320=VECTOR('',#2448,1.);
#321=VECTOR('',#2451,1.);
#322=VECTOR('',#2454,1.);
#323=VECTOR('',#2455,1.);
#324=VECTOR('',#2456,1.);
#325=VECTOR('',#2459,1.);
#326=VECTOR('',#2462,1.);
#327=VECTOR('',#2465,1.);
#328=VECTOR('',#2466,1.);
#329=VECTOR('',#2471,1.);
#330=VECTOR('',#2472,1.);
#331=VECTOR('',#2475,1.);
#332=VECTOR('',#2476,1.);
#333=VECTOR('',#2481,1.);
#334=VECTOR('',#2486,1.);
#335=VECTOR('',#2489,1.);
#336=VECTOR('',#2492,1.);
#337=VECTOR('',#2493,1.);
#338=VECTOR('',#2496,1.);
#339=VECTOR('',#2501,1.);
#340=VECTOR('',#2504,1.);
#341=VECTOR('',#2507,1.);
#342=VECTOR('',#2508,1.);
#343=VECTOR('',#2511,1.);
#344=VECTOR('',#2516,1.);
#345=VECTOR('',#2519,1.);
#346=VECTOR('',#2522,1.);
#347=VECTOR('',#2523,1.);
#348=VECTOR('',#2528,1.);
#349=VECTOR('',#2533,1.);
#350=VECTOR('',#2536,1.);
#351=VECTOR('',#2537,1.);
#352=VECTOR('',#2540,1.);
#353=VECTOR('',#2541,1.);
#354=VECTOR('',#2546,1.);
#355=VECTOR('',#2551,1.);
#356=VECTOR('',#2554,1.);
#357=VECTOR('',#2555,1.);
#358=VECTOR('',#2558,1.);
#359=VECTOR('',#2559,1.);
#360=VECTOR('',#2562,1.);
#361=VECTOR('',#2569,1.);
#362=VECTOR('',#2572,1.);
#363=VECTOR('',#2573,1.);
#364=VECTOR('',#2576,1.);
#365=VECTOR('',#2579,1.);
#366=VECTOR('',#2584,1.);
#367=VECTOR('',#2587,1.);
#368=VECTOR('',#2588,1.);
#369=VECTOR('',#2591,1.);
#370=VECTOR('',#2596,1.);
#371=VECTOR('',#2599,1.);
#372=VECTOR('',#2602,1.);
#373=VECTOR('',#2603,1.);
#374=VECTOR('',#2606,1.);
#375=VECTOR('',#2611,1.);
#376=VECTOR('',#2616,1.);
#377=VECTOR('',#2619,1.);
#378=VECTOR('',#2620,1.);
#379=VECTOR('',#2623,1.);
#380=VECTOR('',#2624,1.);
#381=VECTOR('',#2627,1.);
#382=VECTOR('',#2634,1.);
#383=VECTOR('',#2637,1.);
#384=VECTOR('',#2638,1.);
#385=VECTOR('',#2641,1.);
#386=VECTOR('',#2642,1.);
#387=VECTOR('',#2645,1.);
#388=VECTOR('',#2652,1.);
#389=VECTOR('',#2655,1.);
#390=VECTOR('',#2656,1.);
#391=VECTOR('',#2659,1.);
#392=VECTOR('',#2660,1.);
#393=VECTOR('',#2663,1.);
#394=VECTOR('',#2670,1.);
#395=VECTOR('',#2673,1.);
#396=VECTOR('',#2674,1.);
#397=VECTOR('',#2677,1.);
#398=VECTOR('',#2678,1.);
#399=VECTOR('',#2681,1.);
#400=VECTOR('',#2688,1.);
#401=VECTOR('',#2691,1.);
#402=VECTOR('',#2692,1.);
#403=VECTOR('',#2695,1.);
#404=VECTOR('',#2696,1.);
#405=VECTOR('',#2767,1.);
#406=VECTOR('',#2768,1.);
#407=VECTOR('',#2769,1.);
#408=VECTOR('',#2772,1.);
#409=VECTOR('',#2775,1.);
#410=VECTOR('',#2776,1.);
#411=VECTOR('',#2779,1.);
#412=VECTOR('',#2784,1.);
#413=VECTOR('',#2785,1.);
#414=VECTOR('',#2786,1.);
#415=VECTOR('',#2789,1.);
#416=VECTOR('',#2790,1.);
#417=VECTOR('',#2791,1.);
#418=VECTOR('',#2798,1.);
#419=VECTOR('',#2799,1.);
#420=VECTOR('',#2800,1.);
#421=VECTOR('',#2801,1.);
#422=VECTOR('',#2804,1.);
#423=VECTOR('',#2809,1.);
#424=VECTOR('',#2810,1.);
#425=VECTOR('',#2813,1.);
#426=VECTOR('',#2818,1.);
#427=VECTOR('',#2819,1.);
#428=VECTOR('',#2824,1.);
#429=VECTOR('',#2827,1.);
#430=VECTOR('',#2830,1.);
#431=VECTOR('',#2835,1.);
#432=VECTOR('',#2838,1.);
#433=VECTOR('',#2839,1.);
#434=VECTOR('',#2842,1.);
#435=VECTOR('',#2843,1.);
#436=VECTOR('',#2846,1.);
#437=VECTOR('',#2847,1.);
#438=VECTOR('',#2848,1.);
#439=VECTOR('',#2851,1.);
#440=VECTOR('',#2852,1.);
#441=ORIENTED_EDGE('',*,*,#1003,.F.);
#442=ORIENTED_EDGE('',*,*,#1004,.F.);
#443=ORIENTED_EDGE('',*,*,#1005,.F.);
#444=ORIENTED_EDGE('',*,*,#1006,.F.);
#445=ORIENTED_EDGE('',*,*,#1007,.F.);
#446=ORIENTED_EDGE('',*,*,#1008,.T.);
#447=ORIENTED_EDGE('',*,*,#1009,.F.);
#448=ORIENTED_EDGE('',*,*,#1010,.T.);
#449=ORIENTED_EDGE('',*,*,#1011,.T.);
#450=ORIENTED_EDGE('',*,*,#1012,.T.);
#451=ORIENTED_EDGE('',*,*,#1013,.T.);
#452=ORIENTED_EDGE('',*,*,#1014,.T.);
#453=ORIENTED_EDGE('',*,*,#1015,.T.);
#454=ORIENTED_EDGE('',*,*,#1016,.T.);
#455=ORIENTED_EDGE('',*,*,#1017,.F.);
#456=ORIENTED_EDGE('',*,*,#1018,.T.);
#457=ORIENTED_EDGE('',*,*,#1019,.F.);
#458=ORIENTED_EDGE('',*,*,#1020,.T.);
#459=ORIENTED_EDGE('',*,*,#1021,.T.);
#460=ORIENTED_EDGE('',*,*,#1022,.T.);
#461=ORIENTED_EDGE('',*,*,#1023,.T.);
#462=ORIENTED_EDGE('',*,*,#1024,.T.);
#463=ORIENTED_EDGE('',*,*,#1025,.T.);
#464=ORIENTED_EDGE('',*,*,#1026,.T.);
#465=ORIENTED_EDGE('',*,*,#1027,.F.);
#466=ORIENTED_EDGE('',*,*,#1028,.T.);
#467=ORIENTED_EDGE('',*,*,#1029,.T.);
#468=ORIENTED_EDGE('',*,*,#1030,.T.);
#469=ORIENTED_EDGE('',*,*,#1031,.F.);
#470=ORIENTED_EDGE('',*,*,#1032,.F.);
#471=ORIENTED_EDGE('',*,*,#1033,.F.);
#472=ORIENTED_EDGE('',*,*,#1034,.F.);
#473=ORIENTED_EDGE('',*,*,#1017,.T.);
#474=ORIENTED_EDGE('',*,*,#1035,.T.);
#475=ORIENTED_EDGE('',*,*,#1036,.T.);
#476=ORIENTED_EDGE('',*,*,#1037,.F.);
#477=ORIENTED_EDGE('',*,*,#1018,.F.);
#478=ORIENTED_EDGE('',*,*,#1034,.T.);
#479=ORIENTED_EDGE('',*,*,#1038,.F.);
#480=ORIENTED_EDGE('',*,*,#1039,.F.);
#481=ORIENTED_EDGE('',*,*,#1019,.T.);
#482=ORIENTED_EDGE('',*,*,#1037,.T.);
#483=ORIENTED_EDGE('',*,*,#1040,.T.);
#484=ORIENTED_EDGE('',*,*,#1041,.F.);
#485=ORIENTED_EDGE('',*,*,#1020,.F.);
#486=ORIENTED_EDGE('',*,*,#1039,.T.);
#487=ORIENTED_EDGE('',*,*,#1042,.T.);
#488=ORIENTED_EDGE('',*,*,#1043,.F.);
#489=ORIENTED_EDGE('',*,*,#1021,.F.);
#490=ORIENTED_EDGE('',*,*,#1041,.T.);
#491=ORIENTED_EDGE('',*,*,#1044,.T.);
#492=ORIENTED_EDGE('',*,*,#1045,.F.);
#493=ORIENTED_EDGE('',*,*,#1022,.F.);
#494=ORIENTED_EDGE('',*,*,#1043,.T.);
#495=ORIENTED_EDGE('',*,*,#1046,.T.);
#496=ORIENTED_EDGE('',*,*,#1047,.F.);
#497=ORIENTED_EDGE('',*,*,#1023,.F.);
#498=ORIENTED_EDGE('',*,*,#1045,.T.);
#499=ORIENTED_EDGE('',*,*,#1048,.T.);
#500=ORIENTED_EDGE('',*,*,#1049,.T.);
#501=ORIENTED_EDGE('',*,*,#1050,.F.);
#502=ORIENTED_EDGE('',*,*,#1005,.T.);
#503=ORIENTED_EDGE('',*,*,#1050,.T.);
#504=ORIENTED_EDGE('',*,*,#1051,.T.);
#505=ORIENTED_EDGE('',*,*,#1052,.F.);
#506=ORIENTED_EDGE('',*,*,#1006,.T.);
#507=ORIENTED_EDGE('',*,*,#1052,.T.);
#508=ORIENTED_EDGE('',*,*,#1053,.T.);
#509=ORIENTED_EDGE('',*,*,#1054,.F.);
#510=ORIENTED_EDGE('',*,*,#1007,.T.);
#511=ORIENTED_EDGE('',*,*,#1055,.F.);
#512=ORIENTED_EDGE('',*,*,#1008,.F.);
#513=ORIENTED_EDGE('',*,*,#1054,.T.);
#514=ORIENTED_EDGE('',*,*,#1056,.T.);
#515=ORIENTED_EDGE('',*,*,#1057,.T.);
#516=ORIENTED_EDGE('',*,*,#1058,.T.);
#517=ORIENTED_EDGE('',*,*,#1055,.T.);
#518=ORIENTED_EDGE('',*,*,#1059,.T.);
#519=ORIENTED_EDGE('',*,*,#1060,.F.);
#520=ORIENTED_EDGE('',*,*,#1009,.T.);
#521=ORIENTED_EDGE('',*,*,#1060,.T.);
#522=ORIENTED_EDGE('',*,*,#1061,.T.);
#523=ORIENTED_EDGE('',*,*,#1062,.F.);
#524=ORIENTED_EDGE('',*,*,#1010,.F.);
#525=ORIENTED_EDGE('',*,*,#1062,.T.);
#526=ORIENTED_EDGE('',*,*,#1063,.T.);
#527=ORIENTED_EDGE('',*,*,#1064,.F.);
#528=ORIENTED_EDGE('',*,*,#1003,.T.);
#529=ORIENTED_EDGE('',*,*,#1064,.T.);
#530=ORIENTED_EDGE('',*,*,#1065,.T.);
#531=ORIENTED_EDGE('',*,*,#1066,.F.);
#532=ORIENTED_EDGE('',*,*,#1067,.T.);
#533=ORIENTED_EDGE('',*,*,#1048,.F.);
#534=ORIENTED_EDGE('',*,*,#1004,.T.);
#535=ORIENTED_EDGE('',*,*,#1068,.T.);
#536=ORIENTED_EDGE('',*,*,#1035,.F.);
#537=ORIENTED_EDGE('',*,*,#1024,.F.);
#538=ORIENTED_EDGE('',*,*,#1047,.T.);
#539=ORIENTED_EDGE('',*,*,#1069,.F.);
#540=ORIENTED_EDGE('',*,*,#1070,.F.);
#541=ORIENTED_EDGE('',*,*,#1071,.F.);
#542=ORIENTED_EDGE('',*,*,#1072,.F.);
#543=ORIENTED_EDGE('',*,*,#1073,.F.);
#544=ORIENTED_EDGE('',*,*,#1074,.F.);
#545=ORIENTED_EDGE('',*,*,#1075,.T.);
#546=ORIENTED_EDGE('',*,*,#1076,.T.);
#547=ORIENTED_EDGE('',*,*,#1077,.T.);
#548=ORIENTED_EDGE('',*,*,#1078,.T.);
#549=ORIENTED_EDGE('',*,*,#1079,.T.);
#550=ORIENTED_EDGE('',*,*,#1080,.T.);
#551=ORIENTED_EDGE('',*,*,#1081,.T.);
#552=ORIENTED_EDGE('',*,*,#1082,.T.);
#553=ORIENTED_EDGE('',*,*,#1083,.T.);
#554=ORIENTED_EDGE('',*,*,#1084,.T.);
#555=ORIENTED_EDGE('',*,*,#1085,.T.);
#556=ORIENTED_EDGE('',*,*,#1086,.T.);
#557=ORIENTED_EDGE('',*,*,#1087,.T.);
#558=ORIENTED_EDGE('',*,*,#1088,.T.);
#559=ORIENTED_EDGE('',*,*,#1089,.T.);
#560=ORIENTED_EDGE('',*,*,#1090,.T.);
#561=ORIENTED_EDGE('',*,*,#1091,.T.);
#562=ORIENTED_EDGE('',*,*,#1092,.T.);
#563=ORIENTED_EDGE('',*,*,#1093,.T.);
#564=ORIENTED_EDGE('',*,*,#1094,.T.);
#565=ORIENTED_EDGE('',*,*,#1095,.T.);
#566=ORIENTED_EDGE('',*,*,#1096,.T.);
#567=ORIENTED_EDGE('',*,*,#1097,.T.);
#568=ORIENTED_EDGE('',*,*,#1098,.T.);
#569=ORIENTED_EDGE('',*,*,#1099,.T.);
#570=ORIENTED_EDGE('',*,*,#1100,.T.);
#571=ORIENTED_EDGE('',*,*,#1101,.T.);
#572=ORIENTED_EDGE('',*,*,#1102,.T.);
#573=ORIENTED_EDGE('',*,*,#1103,.T.);
#574=ORIENTED_EDGE('',*,*,#1104,.T.);
#575=ORIENTED_EDGE('',*,*,#1105,.T.);
#576=ORIENTED_EDGE('',*,*,#1106,.T.);
#577=ORIENTED_EDGE('',*,*,#1107,.T.);
#578=ORIENTED_EDGE('',*,*,#1108,.T.);
#579=ORIENTED_EDGE('',*,*,#1109,.T.);
#580=ORIENTED_EDGE('',*,*,#1110,.T.);
#581=ORIENTED_EDGE('',*,*,#1111,.T.);
#582=ORIENTED_EDGE('',*,*,#1112,.T.);
#583=ORIENTED_EDGE('',*,*,#1113,.T.);
#584=ORIENTED_EDGE('',*,*,#1114,.T.);
#585=ORIENTED_EDGE('',*,*,#1115,.T.);
#586=ORIENTED_EDGE('',*,*,#1116,.T.);
#587=ORIENTED_EDGE('',*,*,#1117,.T.);
#588=ORIENTED_EDGE('',*,*,#1118,.T.);
#589=ORIENTED_EDGE('',*,*,#1033,.T.);
#590=ORIENTED_EDGE('',*,*,#1068,.F.);
#591=ORIENTED_EDGE('',*,*,#1046,.F.);
#592=ORIENTED_EDGE('',*,*,#1044,.F.);
#593=ORIENTED_EDGE('',*,*,#1042,.F.);
#594=ORIENTED_EDGE('',*,*,#1040,.F.);
#595=ORIENTED_EDGE('',*,*,#1038,.T.);
#596=ORIENTED_EDGE('',*,*,#1036,.F.);
#597=ORIENTED_EDGE('',*,*,#1119,.F.);
#598=ORIENTED_EDGE('',*,*,#1120,.F.);
#599=ORIENTED_EDGE('',*,*,#1121,.F.);
#600=ORIENTED_EDGE('',*,*,#1120,.T.);
#601=ORIENTED_EDGE('',*,*,#1097,.F.);
#602=ORIENTED_EDGE('',*,*,#1122,.F.);
#603=ORIENTED_EDGE('',*,*,#1123,.F.);
#604=ORIENTED_EDGE('',*,*,#1119,.T.);
#605=ORIENTED_EDGE('',*,*,#1124,.F.);
#606=ORIENTED_EDGE('',*,*,#1125,.F.);
#607=ORIENTED_EDGE('',*,*,#1098,.F.);
#608=ORIENTED_EDGE('',*,*,#1126,.F.);
#609=ORIENTED_EDGE('',*,*,#1122,.T.);
#610=ORIENTED_EDGE('',*,*,#1127,.F.);
#611=ORIENTED_EDGE('',*,*,#1125,.T.);
#612=ORIENTED_EDGE('',*,*,#1128,.F.);
#613=ORIENTED_EDGE('',*,*,#1129,.F.);
#614=ORIENTED_EDGE('',*,*,#1099,.F.);
#615=ORIENTED_EDGE('',*,*,#1127,.T.);
#616=ORIENTED_EDGE('',*,*,#1096,.F.);
#617=ORIENTED_EDGE('',*,*,#1130,.F.);
#618=ORIENTED_EDGE('',*,*,#1067,.F.);
#619=ORIENTED_EDGE('',*,*,#1129,.T.);
#620=ORIENTED_EDGE('',*,*,#1131,.F.);
#621=ORIENTED_EDGE('',*,*,#1132,.F.);
#622=ORIENTED_EDGE('',*,*,#1100,.F.);
#623=ORIENTED_EDGE('',*,*,#1130,.T.);
#624=ORIENTED_EDGE('',*,*,#1095,.F.);
#625=ORIENTED_EDGE('',*,*,#1133,.F.);
#626=ORIENTED_EDGE('',*,*,#1049,.F.);
#627=ORIENTED_EDGE('',*,*,#1132,.T.);
#628=ORIENTED_EDGE('',*,*,#1134,.F.);
#629=ORIENTED_EDGE('',*,*,#1135,.F.);
#630=ORIENTED_EDGE('',*,*,#1101,.F.);
#631=ORIENTED_EDGE('',*,*,#1133,.T.);
#632=ORIENTED_EDGE('',*,*,#1094,.F.);
#633=ORIENTED_EDGE('',*,*,#1136,.F.);
#634=ORIENTED_EDGE('',*,*,#1051,.F.);
#635=ORIENTED_EDGE('',*,*,#1135,.T.);
#636=ORIENTED_EDGE('',*,*,#1137,.F.);
#637=ORIENTED_EDGE('',*,*,#1138,.F.);
#638=ORIENTED_EDGE('',*,*,#1102,.F.);
#639=ORIENTED_EDGE('',*,*,#1136,.T.);
#640=ORIENTED_EDGE('',*,*,#1093,.F.);
#641=ORIENTED_EDGE('',*,*,#1139,.F.);
#642=ORIENTED_EDGE('',*,*,#1053,.F.);
#643=ORIENTED_EDGE('',*,*,#1138,.T.);
#644=ORIENTED_EDGE('',*,*,#1140,.F.);
#645=ORIENTED_EDGE('',*,*,#1141,.F.);
#646=ORIENTED_EDGE('',*,*,#1103,.F.);
#647=ORIENTED_EDGE('',*,*,#1139,.T.);
#648=ORIENTED_EDGE('',*,*,#1092,.F.);
#649=ORIENTED_EDGE('',*,*,#1142,.F.);
#650=ORIENTED_EDGE('',*,*,#1056,.F.);
#651=ORIENTED_EDGE('',*,*,#1141,.T.);
#652=ORIENTED_EDGE('',*,*,#1143,.F.);
#653=ORIENTED_EDGE('',*,*,#1144,.F.);
#654=ORIENTED_EDGE('',*,*,#1104,.F.);
#655=ORIENTED_EDGE('',*,*,#1145,.F.);
#656=ORIENTED_EDGE('',*,*,#1142,.T.);
#657=ORIENTED_EDGE('',*,*,#1146,.F.);
#658=ORIENTED_EDGE('',*,*,#1144,.T.);
#659=ORIENTED_EDGE('',*,*,#1147,.F.);
#660=ORIENTED_EDGE('',*,*,#1148,.F.);
#661=ORIENTED_EDGE('',*,*,#1105,.F.);
#662=ORIENTED_EDGE('',*,*,#1146,.T.);
#663=ORIENTED_EDGE('',*,*,#1091,.F.);
#664=ORIENTED_EDGE('',*,*,#1149,.F.);
#665=ORIENTED_EDGE('',*,*,#1150,.F.);
#666=ORIENTED_EDGE('',*,*,#1148,.T.);
#667=ORIENTED_EDGE('',*,*,#1151,.F.);
#668=ORIENTED_EDGE('',*,*,#1152,.F.);
#669=ORIENTED_EDGE('',*,*,#1106,.F.);
#670=ORIENTED_EDGE('',*,*,#1153,.F.);
#671=ORIENTED_EDGE('',*,*,#1149,.T.);
#672=ORIENTED_EDGE('',*,*,#1154,.F.);
#673=ORIENTED_EDGE('',*,*,#1152,.T.);
#674=ORIENTED_EDGE('',*,*,#1155,.F.);
#675=ORIENTED_EDGE('',*,*,#1156,.F.);
#676=ORIENTED_EDGE('',*,*,#1154,.T.);
#677=ORIENTED_EDGE('',*,*,#1090,.F.);
#678=ORIENTED_EDGE('',*,*,#1157,.F.);
#679=ORIENTED_EDGE('',*,*,#1158,.F.);
#680=ORIENTED_EDGE('',*,*,#1156,.T.);
#681=ORIENTED_EDGE('',*,*,#1159,.F.);
#682=ORIENTED_EDGE('',*,*,#1160,.F.);
#683=ORIENTED_EDGE('',*,*,#1107,.F.);
#684=ORIENTED_EDGE('',*,*,#1157,.T.);
#685=ORIENTED_EDGE('',*,*,#1089,.F.);
#686=ORIENTED_EDGE('',*,*,#1161,.F.);
#687=ORIENTED_EDGE('',*,*,#1162,.F.);
#688=ORIENTED_EDGE('',*,*,#1160,.T.);
#689=ORIENTED_EDGE('',*,*,#1163,.F.);
#690=ORIENTED_EDGE('',*,*,#1164,.F.);
#691=ORIENTED_EDGE('',*,*,#1161,.T.);
#692=ORIENTED_EDGE('',*,*,#1088,.F.);
#693=ORIENTED_EDGE('',*,*,#1165,.F.);
#694=ORIENTED_EDGE('',*,*,#1166,.F.);
#695=ORIENTED_EDGE('',*,*,#1164,.T.);
#696=ORIENTED_EDGE('',*,*,#1065,.F.);
#697=ORIENTED_EDGE('',*,*,#1167,.F.);
#698=ORIENTED_EDGE('',*,*,#1108,.F.);
#699=ORIENTED_EDGE('',*,*,#1165,.T.);
#700=ORIENTED_EDGE('',*,*,#1087,.F.);
#701=ORIENTED_EDGE('',*,*,#1168,.F.);
#702=ORIENTED_EDGE('',*,*,#1169,.F.);
#703=ORIENTED_EDGE('',*,*,#1167,.T.);
#704=ORIENTED_EDGE('',*,*,#1063,.F.);
#705=ORIENTED_EDGE('',*,*,#1170,.F.);
#706=ORIENTED_EDGE('',*,*,#1109,.F.);
#707=ORIENTED_EDGE('',*,*,#1168,.T.);
#708=ORIENTED_EDGE('',*,*,#1086,.F.);
#709=ORIENTED_EDGE('',*,*,#1171,.F.);
#710=ORIENTED_EDGE('',*,*,#1172,.F.);
#711=ORIENTED_EDGE('',*,*,#1170,.T.);
#712=ORIENTED_EDGE('',*,*,#1061,.F.);
#713=ORIENTED_EDGE('',*,*,#1173,.F.);
#714=ORIENTED_EDGE('',*,*,#1110,.F.);
#715=ORIENTED_EDGE('',*,*,#1174,.F.);
#716=ORIENTED_EDGE('',*,*,#1171,.T.);
#717=ORIENTED_EDGE('',*,*,#1175,.F.);
#718=ORIENTED_EDGE('',*,*,#1173,.T.);
#719=ORIENTED_EDGE('',*,*,#1059,.F.);
#720=ORIENTED_EDGE('',*,*,#1176,.F.);
#721=ORIENTED_EDGE('',*,*,#1111,.F.);
#722=ORIENTED_EDGE('',*,*,#1175,.T.);
#723=ORIENTED_EDGE('',*,*,#1085,.F.);
#724=ORIENTED_EDGE('',*,*,#1177,.F.);
#725=ORIENTED_EDGE('',*,*,#1178,.F.);
#726=ORIENTED_EDGE('',*,*,#1176,.T.);
#727=ORIENTED_EDGE('',*,*,#1058,.F.);
#728=ORIENTED_EDGE('',*,*,#1179,.F.);
#729=ORIENTED_EDGE('',*,*,#1112,.F.);
#730=ORIENTED_EDGE('',*,*,#1180,.F.);
#731=ORIENTED_EDGE('',*,*,#1177,.T.);
#732=ORIENTED_EDGE('',*,*,#1181,.F.);
#733=ORIENTED_EDGE('',*,*,#1179,.T.);
#734=ORIENTED_EDGE('',*,*,#1182,.F.);
#735=ORIENTED_EDGE('',*,*,#1183,.F.);
#736=ORIENTED_EDGE('',*,*,#1181,.T.);
#737=ORIENTED_EDGE('',*,*,#1084,.F.);
#738=ORIENTED_EDGE('',*,*,#1184,.F.);
#739=ORIENTED_EDGE('',*,*,#1185,.F.);
#740=ORIENTED_EDGE('',*,*,#1183,.T.);
#741=ORIENTED_EDGE('',*,*,#1186,.F.);
#742=ORIENTED_EDGE('',*,*,#1187,.F.);
#743=ORIENTED_EDGE('',*,*,#1113,.F.);
#744=ORIENTED_EDGE('',*,*,#1184,.T.);
#745=ORIENTED_EDGE('',*,*,#1083,.F.);
#746=ORIENTED_EDGE('',*,*,#1188,.F.);
#747=ORIENTED_EDGE('',*,*,#1189,.F.);
#748=ORIENTED_EDGE('',*,*,#1187,.T.);
#749=ORIENTED_EDGE('',*,*,#1190,.F.);
#750=ORIENTED_EDGE('',*,*,#1191,.F.);
#751=ORIENTED_EDGE('',*,*,#1188,.T.);
#752=ORIENTED_EDGE('',*,*,#1082,.F.);
#753=ORIENTED_EDGE('',*,*,#1192,.F.);
#754=ORIENTED_EDGE('',*,*,#1193,.F.);
#755=ORIENTED_EDGE('',*,*,#1191,.T.);
#756=ORIENTED_EDGE('',*,*,#1194,.F.);
#757=ORIENTED_EDGE('',*,*,#1195,.F.);
#758=ORIENTED_EDGE('',*,*,#1114,.F.);
#759=ORIENTED_EDGE('',*,*,#1192,.T.);
#760=ORIENTED_EDGE('',*,*,#1081,.F.);
#761=ORIENTED_EDGE('',*,*,#1196,.F.);
#762=ORIENTED_EDGE('',*,*,#1197,.F.);
#763=ORIENTED_EDGE('',*,*,#1195,.T.);
#764=ORIENTED_EDGE('',*,*,#1198,.F.);
#765=ORIENTED_EDGE('',*,*,#1199,.F.);
#766=ORIENTED_EDGE('',*,*,#1115,.F.);
#767=ORIENTED_EDGE('',*,*,#1196,.T.);
#768=ORIENTED_EDGE('',*,*,#1080,.F.);
#769=ORIENTED_EDGE('',*,*,#1200,.F.);
#770=ORIENTED_EDGE('',*,*,#1201,.F.);
#771=ORIENTED_EDGE('',*,*,#1199,.T.);
#772=ORIENTED_EDGE('',*,*,#1202,.F.);
#773=ORIENTED_EDGE('',*,*,#1203,.F.);
#774=ORIENTED_EDGE('',*,*,#1116,.F.);
#775=ORIENTED_EDGE('',*,*,#1200,.T.);
#776=ORIENTED_EDGE('',*,*,#1079,.F.);
#777=ORIENTED_EDGE('',*,*,#1204,.F.);
#778=ORIENTED_EDGE('',*,*,#1205,.F.);
#779=ORIENTED_EDGE('',*,*,#1203,.T.);
#780=ORIENTED_EDGE('',*,*,#1206,.F.);
#781=ORIENTED_EDGE('',*,*,#1207,.F.);
#782=ORIENTED_EDGE('',*,*,#1117,.F.);
#783=ORIENTED_EDGE('',*,*,#1204,.T.);
#784=ORIENTED_EDGE('',*,*,#1078,.F.);
#785=ORIENTED_EDGE('',*,*,#1208,.F.);
#786=ORIENTED_EDGE('',*,*,#1209,.F.);
#787=ORIENTED_EDGE('',*,*,#1207,.T.);
#788=ORIENTED_EDGE('',*,*,#1210,.F.);
#789=ORIENTED_EDGE('',*,*,#1211,.F.);
#790=ORIENTED_EDGE('',*,*,#1118,.F.);
#791=ORIENTED_EDGE('',*,*,#1208,.T.);
#792=ORIENTED_EDGE('',*,*,#1077,.F.);
#793=ORIENTED_EDGE('',*,*,#1212,.F.);
#794=ORIENTED_EDGE('',*,*,#1213,.F.);
#795=ORIENTED_EDGE('',*,*,#1211,.T.);
#796=ORIENTED_EDGE('',*,*,#1214,.F.);
#797=ORIENTED_EDGE('',*,*,#1215,.F.);
#798=ORIENTED_EDGE('',*,*,#1212,.T.);
#799=ORIENTED_EDGE('',*,*,#1076,.F.);
#800=ORIENTED_EDGE('',*,*,#1216,.F.);
#801=ORIENTED_EDGE('',*,*,#1217,.F.);
#802=ORIENTED_EDGE('',*,*,#1215,.T.);
#803=ORIENTED_EDGE('',*,*,#1218,.F.);
#804=ORIENTED_EDGE('',*,*,#1219,.F.);
#805=ORIENTED_EDGE('',*,*,#1075,.F.);
#806=ORIENTED_EDGE('',*,*,#1220,.F.);
#807=ORIENTED_EDGE('',*,*,#1216,.T.);
#808=ORIENTED_EDGE('',*,*,#1219,.T.);
#809=ORIENTED_EDGE('',*,*,#1221,.F.);
#810=ORIENTED_EDGE('',*,*,#1074,.T.);
#811=ORIENTED_EDGE('',*,*,#1221,.T.);
#812=ORIENTED_EDGE('',*,*,#1222,.F.);
#813=ORIENTED_EDGE('',*,*,#1222,.T.);
#814=ORIENTED_EDGE('',*,*,#1016,.F.);
#815=ORIENTED_EDGE('',*,*,#1223,.F.);
#816=ORIENTED_EDGE('',*,*,#1073,.T.);
#817=ORIENTED_EDGE('',*,*,#1223,.T.);
#818=ORIENTED_EDGE('',*,*,#1224,.F.);
#819=ORIENTED_EDGE('',*,*,#1224,.T.);
#820=ORIENTED_EDGE('',*,*,#1015,.F.);
#821=ORIENTED_EDGE('',*,*,#1225,.F.);
#822=ORIENTED_EDGE('',*,*,#1072,.T.);
#823=ORIENTED_EDGE('',*,*,#1225,.T.);
#824=ORIENTED_EDGE('',*,*,#1226,.F.);
#825=ORIENTED_EDGE('',*,*,#1226,.T.);
#826=ORIENTED_EDGE('',*,*,#1014,.F.);
#827=ORIENTED_EDGE('',*,*,#1227,.F.);
#828=ORIENTED_EDGE('',*,*,#1071,.T.);
#829=ORIENTED_EDGE('',*,*,#1227,.T.);
#830=ORIENTED_EDGE('',*,*,#1228,.F.);
#831=ORIENTED_EDGE('',*,*,#1228,.T.);
#832=ORIENTED_EDGE('',*,*,#1013,.F.);
#833=ORIENTED_EDGE('',*,*,#1229,.F.);
#834=ORIENTED_EDGE('',*,*,#1070,.T.);
#835=ORIENTED_EDGE('',*,*,#1229,.T.);
#836=ORIENTED_EDGE('',*,*,#1230,.F.);
#837=ORIENTED_EDGE('',*,*,#1230,.T.);
#838=ORIENTED_EDGE('',*,*,#1012,.F.);
#839=ORIENTED_EDGE('',*,*,#1231,.F.);
#840=ORIENTED_EDGE('',*,*,#1069,.T.);
#841=ORIENTED_EDGE('',*,*,#1231,.T.);
#842=ORIENTED_EDGE('',*,*,#1232,.F.);
#843=ORIENTED_EDGE('',*,*,#1232,.T.);
#844=ORIENTED_EDGE('',*,*,#1011,.F.);
#845=ORIENTED_EDGE('',*,*,#1134,.T.);
#846=ORIENTED_EDGE('',*,*,#1131,.T.);
#847=ORIENTED_EDGE('',*,*,#1128,.T.);
#848=ORIENTED_EDGE('',*,*,#1124,.T.);
#849=ORIENTED_EDGE('',*,*,#1121,.T.);
#850=ORIENTED_EDGE('',*,*,#1123,.T.);
#851=ORIENTED_EDGE('',*,*,#1126,.T.);
#852=ORIENTED_EDGE('',*,*,#1066,.T.);
#853=ORIENTED_EDGE('',*,*,#1163,.T.);
#854=ORIENTED_EDGE('',*,*,#1159,.T.);
#855=ORIENTED_EDGE('',*,*,#1155,.T.);
#856=ORIENTED_EDGE('',*,*,#1151,.T.);
#857=ORIENTED_EDGE('',*,*,#1147,.T.);
#858=ORIENTED_EDGE('',*,*,#1143,.T.);
#859=ORIENTED_EDGE('',*,*,#1140,.T.);
#860=ORIENTED_EDGE('',*,*,#1137,.T.);
#861=ORIENTED_EDGE('',*,*,#1145,.T.);
#862=ORIENTED_EDGE('',*,*,#1150,.T.);
#863=ORIENTED_EDGE('',*,*,#1153,.T.);
#864=ORIENTED_EDGE('',*,*,#1158,.T.);
#865=ORIENTED_EDGE('',*,*,#1162,.T.);
#866=ORIENTED_EDGE('',*,*,#1166,.T.);
#867=ORIENTED_EDGE('',*,*,#1169,.T.);
#868=ORIENTED_EDGE('',*,*,#1172,.T.);
#869=ORIENTED_EDGE('',*,*,#1174,.T.);
#870=ORIENTED_EDGE('',*,*,#1178,.T.);
#871=ORIENTED_EDGE('',*,*,#1180,.T.);
#872=ORIENTED_EDGE('',*,*,#1185,.T.);
#873=ORIENTED_EDGE('',*,*,#1189,.T.);
#874=ORIENTED_EDGE('',*,*,#1193,.T.);
#875=ORIENTED_EDGE('',*,*,#1197,.T.);
#876=ORIENTED_EDGE('',*,*,#1201,.T.);
#877=ORIENTED_EDGE('',*,*,#1205,.T.);
#878=ORIENTED_EDGE('',*,*,#1209,.T.);
#879=ORIENTED_EDGE('',*,*,#1213,.T.);
#880=ORIENTED_EDGE('',*,*,#1217,.T.);
#881=ORIENTED_EDGE('',*,*,#1220,.T.);
#882=ORIENTED_EDGE('',*,*,#1218,.T.);
#883=ORIENTED_EDGE('',*,*,#1214,.T.);
#884=ORIENTED_EDGE('',*,*,#1210,.T.);
#885=ORIENTED_EDGE('',*,*,#1206,.T.);
#886=ORIENTED_EDGE('',*,*,#1202,.T.);
#887=ORIENTED_EDGE('',*,*,#1198,.T.);
#888=ORIENTED_EDGE('',*,*,#1194,.T.);
#889=ORIENTED_EDGE('',*,*,#1190,.T.);
#890=ORIENTED_EDGE('',*,*,#1186,.T.);
#891=ORIENTED_EDGE('',*,*,#1182,.T.);
#892=ORIENTED_EDGE('',*,*,#1057,.F.);
#893=ORIENTED_EDGE('',*,*,#1028,.F.);
#894=ORIENTED_EDGE('',*,*,#1233,.F.);
#895=ORIENTED_EDGE('',*,*,#1234,.T.);
#896=ORIENTED_EDGE('',*,*,#1235,.T.);
#897=ORIENTED_EDGE('',*,*,#1236,.T.);
#898=ORIENTED_EDGE('',*,*,#1237,.T.);
#899=ORIENTED_EDGE('',*,*,#1238,.T.);
#900=ORIENTED_EDGE('',*,*,#1239,.F.);
#901=ORIENTED_EDGE('',*,*,#1233,.T.);
#902=ORIENTED_EDGE('',*,*,#1027,.T.);
#903=ORIENTED_EDGE('',*,*,#1240,.T.);
#904=ORIENTED_EDGE('',*,*,#1241,.F.);
#905=ORIENTED_EDGE('',*,*,#1242,.T.);
#906=ORIENTED_EDGE('',*,*,#1241,.T.);
#907=ORIENTED_EDGE('',*,*,#1243,.T.);
#908=ORIENTED_EDGE('',*,*,#1244,.F.);
#909=ORIENTED_EDGE('',*,*,#1245,.T.);
#910=ORIENTED_EDGE('',*,*,#1246,.T.);
#911=ORIENTED_EDGE('',*,*,#1247,.T.);
#912=ORIENTED_EDGE('',*,*,#1248,.F.);
#913=ORIENTED_EDGE('',*,*,#1249,.T.);
#914=ORIENTED_EDGE('',*,*,#1244,.T.);
#915=ORIENTED_EDGE('',*,*,#1250,.T.);
#916=ORIENTED_EDGE('',*,*,#1025,.F.);
#917=ORIENTED_EDGE('',*,*,#1235,.F.);
#918=ORIENTED_EDGE('',*,*,#1251,.T.);
#919=ORIENTED_EDGE('',*,*,#1252,.T.);
#920=ORIENTED_EDGE('',*,*,#1253,.F.);
#921=ORIENTED_EDGE('',*,*,#1254,.T.);
#922=ORIENTED_EDGE('',*,*,#1255,.F.);
#923=ORIENTED_EDGE('',*,*,#1256,.T.);
#924=ORIENTED_EDGE('',*,*,#1253,.T.);
#925=ORIENTED_EDGE('',*,*,#1257,.T.);
#926=ORIENTED_EDGE('',*,*,#1032,.T.);
#927=ORIENTED_EDGE('',*,*,#1258,.F.);
#928=ORIENTED_EDGE('',*,*,#1259,.T.);
#929=ORIENTED_EDGE('',*,*,#1260,.T.);
#930=ORIENTED_EDGE('',*,*,#1261,.F.);
#931=ORIENTED_EDGE('',*,*,#1262,.T.);
#932=ORIENTED_EDGE('',*,*,#1031,.T.);
#933=ORIENTED_EDGE('',*,*,#1263,.F.);
#934=ORIENTED_EDGE('',*,*,#1264,.F.);
#935=ORIENTED_EDGE('',*,*,#1258,.T.);
#936=ORIENTED_EDGE('',*,*,#1251,.F.);
#937=ORIENTED_EDGE('',*,*,#1265,.T.);
#938=ORIENTED_EDGE('',*,*,#1266,.T.);
#939=ORIENTED_EDGE('',*,*,#1267,.T.);
#940=ORIENTED_EDGE('',*,*,#1268,.T.);
#941=ORIENTED_EDGE('',*,*,#1269,.T.);
#942=ORIENTED_EDGE('',*,*,#1270,.F.);
#943=ORIENTED_EDGE('',*,*,#1263,.T.);
#944=ORIENTED_EDGE('',*,*,#1030,.F.);
#945=ORIENTED_EDGE('',*,*,#1271,.T.);
#946=ORIENTED_EDGE('',*,*,#1270,.T.);
#947=ORIENTED_EDGE('',*,*,#1272,.T.);
#948=ORIENTED_EDGE('',*,*,#1259,.F.);
#949=ORIENTED_EDGE('',*,*,#1264,.T.);
#950=ORIENTED_EDGE('',*,*,#1261,.T.);
#951=ORIENTED_EDGE('',*,*,#1273,.T.);
#952=ORIENTED_EDGE('',*,*,#1268,.F.);
#953=ORIENTED_EDGE('',*,*,#1274,.T.);
#954=ORIENTED_EDGE('',*,*,#1266,.F.);
#955=ORIENTED_EDGE('',*,*,#1275,.T.);
#956=ORIENTED_EDGE('',*,*,#1255,.T.);
#957=ORIENTED_EDGE('',*,*,#1276,.T.);
#958=ORIENTED_EDGE('',*,*,#1277,.T.);
#959=ORIENTED_EDGE('',*,*,#1278,.T.);
#960=ORIENTED_EDGE('',*,*,#1279,.F.);
#961=ORIENTED_EDGE('',*,*,#1238,.F.);
#962=ORIENTED_EDGE('',*,*,#1248,.T.);
#963=ORIENTED_EDGE('',*,*,#1280,.T.);
#964=ORIENTED_EDGE('',*,*,#1236,.F.);
#965=ORIENTED_EDGE('',*,*,#1281,.T.);
#966=ORIENTED_EDGE('',*,*,#1279,.T.);
#967=ORIENTED_EDGE('',*,*,#1282,.T.);
#968=ORIENTED_EDGE('',*,*,#1246,.F.);
#969=ORIENTED_EDGE('',*,*,#1234,.F.);
#970=ORIENTED_EDGE('',*,*,#1239,.T.);
#971=ORIENTED_EDGE('',*,*,#1240,.F.);
#972=ORIENTED_EDGE('',*,*,#1026,.F.);
#973=ORIENTED_EDGE('',*,*,#1250,.F.);
#974=ORIENTED_EDGE('',*,*,#1243,.F.);
#975=ORIENTED_EDGE('',*,*,#1257,.F.);
#976=ORIENTED_EDGE('',*,*,#1252,.F.);
#977=ORIENTED_EDGE('',*,*,#1271,.F.);
#978=ORIENTED_EDGE('',*,*,#1029,.F.);
#979=ORIENTED_EDGE('',*,*,#1237,.F.);
#980=ORIENTED_EDGE('',*,*,#1280,.F.);
#981=ORIENTED_EDGE('',*,*,#1283,.F.);
#982=ORIENTED_EDGE('',*,*,#1277,.F.);
#983=ORIENTED_EDGE('',*,*,#1283,.T.);
#984=ORIENTED_EDGE('',*,*,#1247,.F.);
#985=ORIENTED_EDGE('',*,*,#1282,.F.);
#986=ORIENTED_EDGE('',*,*,#1278,.F.);
#987=ORIENTED_EDGE('',*,*,#1242,.F.);
#988=ORIENTED_EDGE('',*,*,#1245,.F.);
#989=ORIENTED_EDGE('',*,*,#1249,.F.);
#990=ORIENTED_EDGE('',*,*,#1281,.F.);
#991=ORIENTED_EDGE('',*,*,#1256,.F.);
#992=ORIENTED_EDGE('',*,*,#1275,.F.);
#993=ORIENTED_EDGE('',*,*,#1265,.F.);
#994=ORIENTED_EDGE('',*,*,#1254,.F.);
#995=ORIENTED_EDGE('',*,*,#1260,.F.);
#996=ORIENTED_EDGE('',*,*,#1272,.F.);
#997=ORIENTED_EDGE('',*,*,#1269,.F.);
#998=ORIENTED_EDGE('',*,*,#1273,.F.);
#999=ORIENTED_EDGE('',*,*,#1262,.F.);
#1000=ORIENTED_EDGE('',*,*,#1274,.F.);
#1001=ORIENTED_EDGE('',*,*,#1267,.F.);
#1002=ORIENTED_EDGE('',*,*,#1276,.F.);
#1003=EDGE_CURVE('',#1284,#1285,#1471,.T.);
#1004=EDGE_CURVE('',#1286,#1284,#69,.T.);
#1005=EDGE_CURVE('',#1287,#1286,#1472,.T.);
#1006=EDGE_CURVE('',#1288,#1287,#70,.T.);
#1007=EDGE_CURVE('',#1289,#1288,#1473,.T.);
#1008=EDGE_CURVE('',#1289,#1290,#71,.T.);
#1009=EDGE_CURVE('',#1291,#1290,#1474,.T.);
#1010=EDGE_CURVE('',#1291,#1285,#72,.T.);
#1011=EDGE_CURVE('',#1292,#1292,#1475,.T.);
#1012=EDGE_CURVE('',#1293,#1293,#1476,.T.);
#1013=EDGE_CURVE('',#1294,#1294,#1477,.T.);
#1014=EDGE_CURVE('',#1295,#1295,#1478,.T.);
#1015=EDGE_CURVE('',#1296,#1296,#1479,.T.);
#1016=EDGE_CURVE('',#1297,#1297,#1480,.T.);
#1017=EDGE_CURVE('',#1298,#1299,#73,.T.);
#1018=EDGE_CURVE('',#1298,#1300,#1481,.T.);
#1019=EDGE_CURVE('',#1301,#1300,#74,.T.);
#1020=EDGE_CURVE('',#1301,#1302,#1482,.T.);
#1021=EDGE_CURVE('',#1302,#1303,#75,.T.);
#1022=EDGE_CURVE('',#1303,#1304,#1483,.T.);
#1023=EDGE_CURVE('',#1304,#1305,#76,.T.);
#1024=EDGE_CURVE('',#1305,#1299,#1484,.T.);
#1025=EDGE_CURVE('',#1306,#1307,#77,.T.);
#1026=EDGE_CURVE('',#1307,#1308,#78,.F.);
#1027=EDGE_CURVE('',#1309,#1308,#79,.T.);
#1028=EDGE_CURVE('',#1309,#1306,#80,.T.);
#1029=EDGE_CURVE('',#1310,#1311,#81,.T.);
#1030=EDGE_CURVE('',#1311,#1312,#82,.T.);
#1031=EDGE_CURVE('',#1313,#1312,#83,.T.);
#1032=EDGE_CURVE('',#1310,#1313,#84,.T.);
#1033=EDGE_CURVE('',#1314,#1315,#85,.T.);
#1034=EDGE_CURVE('',#1298,#1314,#86,.T.);
#1035=EDGE_CURVE('',#1299,#1315,#87,.T.);
#1036=EDGE_CURVE('',#1314,#1316,#1485,.T.);
#1037=EDGE_CURVE('',#1300,#1316,#88,.T.);
#1038=EDGE_CURVE('',#1317,#1316,#89,.T.);
#1039=EDGE_CURVE('',#1301,#1317,#90,.T.);
#1040=EDGE_CURVE('',#1317,#1318,#1486,.T.);
#1041=EDGE_CURVE('',#1302,#1318,#91,.T.);
#1042=EDGE_CURVE('',#1318,#1319,#92,.T.);
#1043=EDGE_CURVE('',#1303,#1319,#93,.T.);
#1044=EDGE_CURVE('',#1319,#1320,#1487,.T.);
#1045=EDGE_CURVE('',#1304,#1320,#94,.T.);
#1046=EDGE_CURVE('',#1320,#1321,#95,.T.);
#1047=EDGE_CURVE('',#1305,#1321,#96,.T.);
#1048=EDGE_CURVE('',#1286,#1322,#97,.T.);
#1049=EDGE_CURVE('',#1322,#1323,#1488,.F.);
#1050=EDGE_CURVE('',#1287,#1323,#98,.T.);
#1051=EDGE_CURVE('',#1323,#1324,#99,.T.);
#1052=EDGE_CURVE('',#1288,#1324,#100,.T.);
#1053=EDGE_CURVE('',#1324,#1325,#1489,.F.);
#1054=EDGE_CURVE('',#1289,#1325,#101,.T.);
#1055=EDGE_CURVE('',#1290,#1326,#102,.T.);
#1056=EDGE_CURVE('',#1325,#1327,#103,.T.);
#1057=EDGE_CURVE('',#1327,#1328,#104,.T.);
#1058=EDGE_CURVE('',#1328,#1326,#105,.T.);
#1059=EDGE_CURVE('',#1326,#1329,#1490,.F.);
#1060=EDGE_CURVE('',#1291,#1329,#106,.T.);
#1061=EDGE_CURVE('',#1329,#1330,#107,.T.);
#1062=EDGE_CURVE('',#1285,#1330,#108,.T.);
#1063=EDGE_CURVE('',#1330,#1331,#1491,.F.);
#1064=EDGE_CURVE('',#1284,#1331,#109,.T.);
#1065=EDGE_CURVE('',#1331,#1332,#110,.T.);
#1066=EDGE_CURVE('',#1333,#1332,#111,.T.);
#1067=EDGE_CURVE('',#1333,#1322,#112,.T.);
#1068=EDGE_CURVE('',#1321,#1315,#1492,.T.);
#1069=EDGE_CURVE('',#1334,#1334,#1493,.F.);
#1070=EDGE_CURVE('',#1335,#1335,#1494,.F.);
#1071=EDGE_CURVE('',#1336,#1336,#1495,.F.);
#1072=EDGE_CURVE('',#1337,#1337,#1496,.F.);
#1073=EDGE_CURVE('',#1338,#1338,#1497,.F.);
#1074=EDGE_CURVE('',#1339,#1339,#1498,.F.);
#1075=EDGE_CURVE('',#1340,#1341,#113,.T.);
#1076=EDGE_CURVE('',#1341,#1342,#114,.T.);
#1077=EDGE_CURVE('',#1342,#1343,#1499,.T.);
#1078=EDGE_CURVE('',#1343,#1344,#115,.T.);
#1079=EDGE_CURVE('',#1344,#1345,#1500,.T.);
#1080=EDGE_CURVE('',#1345,#1346,#116,.T.);
#1081=EDGE_CURVE('',#1346,#1347,#1501,.T.);
#1082=EDGE_CURVE('',#1347,#1348,#117,.T.);
#1083=EDGE_CURVE('',#1348,#1349,#1502,.T.);
#1084=EDGE_CURVE('',#1349,#1350,#118,.T.);
#1085=EDGE_CURVE('',#1350,#1351,#119,.T.);
#1086=EDGE_CURVE('',#1351,#1352,#120,.T.);
#1087=EDGE_CURVE('',#1352,#1353,#1503,.T.);
#1088=EDGE_CURVE('',#1353,#1354,#121,.T.);
#1089=EDGE_CURVE('',#1354,#1355,#1504,.T.);
#1090=EDGE_CURVE('',#1355,#1356,#122,.T.);
#1091=EDGE_CURVE('',#1356,#1357,#123,.T.);
#1092=EDGE_CURVE('',#1357,#1358,#124,.T.);
#1093=EDGE_CURVE('',#1358,#1359,#1505,.T.);
#1094=EDGE_CURVE('',#1359,#1360,#125,.T.);
#1095=EDGE_CURVE('',#1360,#1361,#1506,.T.);
#1096=EDGE_CURVE('',#1361,#1362,#126,.T.);
#1097=EDGE_CURVE('',#1362,#1363,#127,.T.);
#1098=EDGE_CURVE('',#1363,#1364,#128,.T.);
#1099=EDGE_CURVE('',#1364,#1365,#1507,.T.);
#1100=EDGE_CURVE('',#1365,#1366,#129,.T.);
#1101=EDGE_CURVE('',#1366,#1367,#1508,.T.);
#1102=EDGE_CURVE('',#1367,#1368,#130,.T.);
#1103=EDGE_CURVE('',#1368,#1369,#1509,.T.);
#1104=EDGE_CURVE('',#1369,#1370,#131,.T.);
#1105=EDGE_CURVE('',#1370,#1371,#1510,.T.);
#1106=EDGE_CURVE('',#1371,#1372,#132,.T.);
#1107=EDGE_CURVE('',#1372,#1373,#133,.T.);
#1108=EDGE_CURVE('',#1373,#1374,#134,.T.);
#1109=EDGE_CURVE('',#1374,#1375,#1511,.T.);
#1110=EDGE_CURVE('',#1375,#1376,#135,.T.);
#1111=EDGE_CURVE('',#1376,#1377,#1512,.T.);
#1112=EDGE_CURVE('',#1377,#1378,#136,.T.);
#1113=EDGE_CURVE('',#1378,#1379,#137,.T.);
#1114=EDGE_CURVE('',#1379,#1380,#138,.T.);
#1115=EDGE_CURVE('',#1380,#1381,#1513,.T.);
#1116=EDGE_CURVE('',#1381,#1382,#139,.T.);
#1117=EDGE_CURVE('',#1382,#1383,#1514,.T.);
#1118=EDGE_CURVE('',#1383,#1340,#140,.T.);
#1119=EDGE_CURVE('',#1363,#1384,#141,.T.);
#1120=EDGE_CURVE('',#1385,#1363,#142,.T.);
#1121=EDGE_CURVE('',#1384,#1385,#1515,.T.);
#1122=EDGE_CURVE('',#1386,#1362,#143,.T.);
#1123=EDGE_CURVE('',#1385,#1386,#144,.T.);
#1124=EDGE_CURVE('',#1387,#1384,#145,.T.);
#1125=EDGE_CURVE('',#1364,#1387,#146,.T.);
#1126=EDGE_CURVE('',#1386,#1333,#1516,.T.);
#1127=EDGE_CURVE('',#1333,#1362,#147,.T.);
#1128=EDGE_CURVE('',#1388,#1387,#1517,.F.);
#1129=EDGE_CURVE('',#1365,#1388,#148,.T.);
#1130=EDGE_CURVE('',#1322,#1361,#149,.T.);
#1131=EDGE_CURVE('',#1389,#1388,#150,.T.);
#1132=EDGE_CURVE('',#1366,#1389,#151,.T.);
#1133=EDGE_CURVE('',#1323,#1360,#152,.T.);
#1134=EDGE_CURVE('',#1390,#1389,#1518,.F.);
#1135=EDGE_CURVE('',#1367,#1390,#153,.T.);
#1136=EDGE_CURVE('',#1324,#1359,#154,.T.);
#1137=EDGE_CURVE('',#1391,#1390,#155,.T.);
#1138=EDGE_CURVE('',#1368,#1391,#156,.T.);
#1139=EDGE_CURVE('',#1325,#1358,#157,.T.);
#1140=EDGE_CURVE('',#1392,#1391,#1519,.F.);
#1141=EDGE_CURVE('',#1369,#1392,#158,.T.);
#1142=EDGE_CURVE('',#1327,#1357,#159,.T.);
#1143=EDGE_CURVE('',#1393,#1392,#160,.T.);
#1144=EDGE_CURVE('',#1370,#1393,#161,.T.);
#1145=EDGE_CURVE('',#1327,#1394,#1520,.T.);
#1146=EDGE_CURVE('',#1394,#1357,#162,.T.);
#1147=EDGE_CURVE('',#1395,#1393,#1521,.F.);
#1148=EDGE_CURVE('',#1371,#1395,#163,.T.);
#1149=EDGE_CURVE('',#1396,#1356,#164,.T.);
#1150=EDGE_CURVE('',#1394,#1396,#165,.T.);
#1151=EDGE_CURVE('',#1397,#1395,#166,.T.);
#1152=EDGE_CURVE('',#1372,#1397,#167,.T.);
#1153=EDGE_CURVE('',#1396,#1398,#1522,.T.);
#1154=EDGE_CURVE('',#1398,#1356,#168,.T.);
#1155=EDGE_CURVE('',#1399,#1397,#1523,.T.);
#1156=EDGE_CURVE('',#1372,#1399,#169,.T.);
#1157=EDGE_CURVE('',#1400,#1355,#170,.T.);
#1158=EDGE_CURVE('',#1398,#1400,#171,.T.);
#1159=EDGE_CURVE('',#1401,#1399,#172,.T.);
#1160=EDGE_CURVE('',#1373,#1401,#173,.T.);
#1161=EDGE_CURVE('',#1402,#1354,#174,.T.);
#1162=EDGE_CURVE('',#1400,#1402,#1524,.F.);
#1163=EDGE_CURVE('',#1332,#1401,#1525,.T.);
#1164=EDGE_CURVE('',#1373,#1332,#175,.T.);
#1165=EDGE_CURVE('',#1403,#1353,#176,.T.);
#1166=EDGE_CURVE('',#1402,#1403,#177,.T.);
#1167=EDGE_CURVE('',#1374,#1331,#178,.T.);
#1168=EDGE_CURVE('',#1404,#1352,#179,.T.);
#1169=EDGE_CURVE('',#1403,#1404,#1526,.F.);
#1170=EDGE_CURVE('',#1375,#1330,#180,.T.);
#1171=EDGE_CURVE('',#1405,#1351,#181,.T.);
#1172=EDGE_CURVE('',#1404,#1405,#182,.T.);
#1173=EDGE_CURVE('',#1376,#1329,#183,.T.);
#1174=EDGE_CURVE('',#1405,#1406,#1527,.T.);
#1175=EDGE_CURVE('',#1406,#1351,#184,.T.);
#1176=EDGE_CURVE('',#1377,#1326,#185,.T.);
#1177=EDGE_CURVE('',#1407,#1350,#186,.T.);
#1178=EDGE_CURVE('',#1406,#1407,#187,.T.);
#1179=EDGE_CURVE('',#1378,#1328,#188,.T.);
#1180=EDGE_CURVE('',#1407,#1408,#1528,.T.);
#1181=EDGE_CURVE('',#1408,#1350,#189,.T.);
#1182=EDGE_CURVE('',#1409,#1328,#1529,.T.);
#1183=EDGE_CURVE('',#1378,#1409,#190,.T.);
#1184=EDGE_CURVE('',#1410,#1349,#191,.T.);
#1185=EDGE_CURVE('',#1408,#1410,#192,.T.);
#1186=EDGE_CURVE('',#1411,#1409,#193,.T.);
#1187=EDGE_CURVE('',#1379,#1411,#194,.T.);
#1188=EDGE_CURVE('',#1412,#1348,#195,.T.);
#1189=EDGE_CURVE('',#1410,#1412,#1530,.F.);
#1190=EDGE_CURVE('',#1413,#1411,#1531,.T.);
#1191=EDGE_CURVE('',#1379,#1413,#196,.T.);
#1192=EDGE_CURVE('',#1414,#1347,#197,.T.);
#1193=EDGE_CURVE('',#1412,#1414,#198,.T.);
#1194=EDGE_CURVE('',#1415,#1413,#199,.T.);
#1195=EDGE_CURVE('',#1380,#1415,#200,.T.);
#1196=EDGE_CURVE('',#1416,#1346,#201,.T.);
#1197=EDGE_CURVE('',#1414,#1416,#1532,.F.);
#1198=EDGE_CURVE('',#1417,#1415,#1533,.F.);
#1199=EDGE_CURVE('',#1381,#1417,#202,.T.);
#1200=EDGE_CURVE('',#1418,#1345,#203,.T.);
#1201=EDGE_CURVE('',#1416,#1418,#204,.T.);
#1202=EDGE_CURVE('',#1419,#1417,#205,.T.);
#1203=EDGE_CURVE('',#1382,#1419,#206,.T.);
#1204=EDGE_CURVE('',#1420,#1344,#207,.T.);
#1205=EDGE_CURVE('',#1418,#1420,#1534,.F.);
#1206=EDGE_CURVE('',#1421,#1419,#1535,.F.);
#1207=EDGE_CURVE('',#1383,#1421,#208,.T.);
#1208=EDGE_CURVE('',#1422,#1343,#209,.T.);
#1209=EDGE_CURVE('',#1420,#1422,#210,.T.);
#1210=EDGE_CURVE('',#1423,#1421,#211,.T.);
#1211=EDGE_CURVE('',#1340,#1423,#212,.T.);
#1212=EDGE_CURVE('',#1424,#1342,#213,.T.);
#1213=EDGE_CURVE('',#1422,#1424,#1536,.F.);
#1214=EDGE_CURVE('',#1425,#1423,#1537,.T.);
#1215=EDGE_CURVE('',#1340,#1425,#214,.T.);
#1216=EDGE_CURVE('',#1426,#1341,#215,.T.);
#1217=EDGE_CURVE('',#1424,#1426,#216,.T.);
#1218=EDGE_CURVE('',#1427,#1425,#217,.T.);
#1219=EDGE_CURVE('',#1341,#1427,#218,.T.);
#1220=EDGE_CURVE('',#1426,#1427,#1538,.T.);
#1221=EDGE_CURVE('',#1428,#1428,#1539,.T.);
#1222=EDGE_CURVE('',#1429,#1429,#1540,.T.);
#1223=EDGE_CURVE('',#1430,#1430,#1541,.T.);
#1224=EDGE_CURVE('',#1431,#1431,#1542,.T.);
#1225=EDGE_CURVE('',#1432,#1432,#1543,.T.);
#1226=EDGE_CURVE('',#1433,#1433,#1544,.T.);
#1227=EDGE_CURVE('',#1434,#1434,#1545,.T.);
#1228=EDGE_CURVE('',#1435,#1435,#1546,.T.);
#1229=EDGE_CURVE('',#1436,#1436,#1547,.T.);
#1230=EDGE_CURVE('',#1437,#1437,#1548,.T.);
#1231=EDGE_CURVE('',#1438,#1438,#1549,.T.);
#1232=EDGE_CURVE('',#1439,#1439,#1550,.T.);
#1233=EDGE_CURVE('',#1440,#1309,#219,.T.);
#1234=EDGE_CURVE('',#1440,#1441,#220,.T.);
#1235=EDGE_CURVE('',#1441,#1306,#221,.T.);
#1236=EDGE_CURVE('',#1442,#1443,#222,.T.);
#1237=EDGE_CURVE('',#1443,#1444,#1551,.F.);
#1238=EDGE_CURVE('',#1444,#1445,#223,.T.);
#1239=EDGE_CURVE('',#1440,#1445,#224,.T.);
#1240=EDGE_CURVE('',#1308,#1446,#1552,.T.);
#1241=EDGE_CURVE('',#1447,#1446,#225,.T.);
#1242=EDGE_CURVE('',#1447,#1442,#1553,.F.);
#1243=EDGE_CURVE('',#1446,#1448,#226,.T.);
#1244=EDGE_CURVE('',#1449,#1448,#227,.T.);
#1245=EDGE_CURVE('',#1449,#1447,#228,.F.);
#1246=EDGE_CURVE('',#1441,#1450,#229,.T.);
#1247=EDGE_CURVE('',#1450,#1451,#230,.F.);
#1248=EDGE_CURVE('',#1452,#1451,#231,.T.);
#1249=EDGE_CURVE('',#1452,#1449,#1554,.T.);
#1250=EDGE_CURVE('',#1448,#1307,#1555,.F.);
#1251=EDGE_CURVE('',#1453,#1454,#232,.T.);
#1252=EDGE_CURVE('',#1454,#1455,#233,.F.);
#1253=EDGE_CURVE('',#1456,#1455,#234,.T.);
#1254=EDGE_CURVE('',#1456,#1453,#235,.T.);
#1255=EDGE_CURVE('',#1457,#1458,#236,.T.);
#1256=EDGE_CURVE('',#1457,#1456,#1556,.F.);
#1257=EDGE_CURVE('',#1455,#1310,#1557,.T.);
#1258=EDGE_CURVE('',#1459,#1313,#237,.T.);
#1259=EDGE_CURVE('',#1459,#1460,#238,.T.);
#1260=EDGE_CURVE('',#1460,#1461,#1558,.F.);
#1261=EDGE_CURVE('',#1462,#1461,#239,.T.);
#1262=EDGE_CURVE('',#1462,#1458,#1559,.F.);
#1263=EDGE_CURVE('',#1463,#1312,#240,.T.);
#1264=EDGE_CURVE('',#1459,#1463,#241,.T.);
#1265=EDGE_CURVE('',#1453,#1464,#1560,.T.);
#1266=EDGE_CURVE('',#1464,#1465,#242,.T.);
#1267=EDGE_CURVE('',#1465,#1466,#1561,.T.);
#1268=EDGE_CURVE('',#1466,#1467,#243,.T.);
#1269=EDGE_CURVE('',#1467,#1468,#1562,.T.);
#1270=EDGE_CURVE('',#1463,#1468,#244,.T.);
#1271=EDGE_CURVE('',#1311,#1454,#1563,.F.);
#1272=EDGE_CURVE('',#1468,#1460,#245,.F.);
#1273=EDGE_CURVE('',#1461,#1467,#246,.T.);
#1274=EDGE_CURVE('',#1466,#1462,#247,.F.);
#1275=EDGE_CURVE('',#1464,#1457,#248,.F.);
#1276=EDGE_CURVE('',#1458,#1465,#249,.T.);
#1277=EDGE_CURVE('',#1444,#1469,#250,.T.);
#1278=EDGE_CURVE('',#1469,#1470,#251,.T.);
#1279=EDGE_CURVE('',#1445,#1470,#252,.T.);
#1280=EDGE_CURVE('',#1451,#1443,#253,.F.);
#1281=EDGE_CURVE('',#1442,#1452,#254,.T.);
#1282=EDGE_CURVE('',#1470,#1450,#1564,.F.);
#1283=EDGE_CURVE('',#1469,#1451,#12,.T.);
#1284=VERTEX_POINT('',#2878);
#1285=VERTEX_POINT('',#2879);
#1286=VERTEX_POINT('',#2881);
#1287=VERTEX_POINT('',#2883);
#1288=VERTEX_POINT('',#2885);
#1289=VERTEX_POINT('',#2887);
#1290=VERTEX_POINT('',#2889);
#1291=VERTEX_POINT('',#2891);
#1292=VERTEX_POINT('',#2894);
#1293=VERTEX_POINT('',#2896);
#1294=VERTEX_POINT('',#2898);
#1295=VERTEX_POINT('',#2900);
#1296=VERTEX_POINT('',#2902);
#1297=VERTEX_POINT('',#2904);
#1298=VERTEX_POINT('',#2906);
#1299=VERTEX_POINT('',#2907);
#1300=VERTEX_POINT('',#2909);
#1301=VERTEX_POINT('',#2911);
#1302=VERTEX_POINT('',#2913);
#1303=VERTEX_POINT('',#2915);
#1304=VERTEX_POINT('',#2917);
#1305=VERTEX_POINT('',#2919);
#1306=VERTEX_POINT('',#2922);
#1307=VERTEX_POINT('',#2923);
#1308=VERTEX_POINT('',#2925);
#1309=VERTEX_POINT('',#2927);
#1310=VERTEX_POINT('',#2930);
#1311=VERTEX_POINT('',#2931);
#1312=VERTEX_POINT('',#2933);
#1313=VERTEX_POINT('',#2935);
#1314=VERTEX_POINT('',#2939);
#1315=VERTEX_POINT('',#2940);
#1316=VERTEX_POINT('',#2945);
#1317=VERTEX_POINT('',#2949);
#1318=VERTEX_POINT('',#2953);
#1319=VERTEX_POINT('',#2957);
#1320=VERTEX_POINT('',#2961);
#1321=VERTEX_POINT('',#2965);
#1322=VERTEX_POINT('',#2969);
#1323=VERTEX_POINT('',#2971);
#1324=VERTEX_POINT('',#2975);
#1325=VERTEX_POINT('',#2979);
#1326=VERTEX_POINT('',#2983);
#1327=VERTEX_POINT('',#2985);
#1328=VERTEX_POINT('',#2987);
#1329=VERTEX_POINT('',#2991);
#1330=VERTEX_POINT('',#2995);
#1331=VERTEX_POINT('',#2999);
#1332=VERTEX_POINT('',#3003);
#1333=VERTEX_POINT('',#3005);
#1334=VERTEX_POINT('',#3011);
#1335=VERTEX_POINT('',#3013);
#1336=VERTEX_POINT('',#3015);
#1337=VERTEX_POINT('',#3017);
#1338=VERTEX_POINT('',#3019);
#1339=VERTEX_POINT('',#3021);
#1340=VERTEX_POINT('',#3023);
#1341=VERTEX_POINT('',#3024);
#1342=VERTEX_POINT('',#3026);
#1343=VERTEX_POINT('',#3028);
#1344=VERTEX_POINT('',#3030);
#1345=VERTEX_POINT('',#3032);
#1346=VERTEX_POINT('',#3034);
#1347=VERTEX_POINT('',#3036);
#1348=VERTEX_POINT('',#3038);
#1349=VERTEX_POINT('',#3040);
#1350=VERTEX_POINT('',#3042);
#1351=VERTEX_POINT('',#3044);
#1352=VERTEX_POINT('',#3046);
#1353=VERTEX_POINT('',#3048);
#1354=VERTEX_POINT('',#3050);
#1355=VERTEX_POINT('',#3052);
#1356=VERTEX_POINT('',#3054);
#1357=VERTEX_POINT('',#3056);
#1358=VERTEX_POINT('',#3058);
#1359=VERTEX_POINT('',#3060);
#1360=VERTEX_POINT('',#3062);
#1361=VERTEX_POINT('',#3064);
#1362=VERTEX_POINT('',#3066);
#1363=VERTEX_POINT('',#3068);
#1364=VERTEX_POINT('',#3070);
#1365=VERTEX_POINT('',#3072);
#1366=VERTEX_POINT('',#3074);
#1367=VERTEX_POINT('',#3076);
#1368=VERTEX_POINT('',#3078);
#1369=VERTEX_POINT('',#3080);
#1370=VERTEX_POINT('',#3082);
#1371=VERTEX_POINT('',#3084);
#1372=VERTEX_POINT('',#3086);
#1373=VERTEX_POINT('',#3088);
#1374=VERTEX_POINT('',#3090);
#1375=VERTEX_POINT('',#3092);
#1376=VERTEX_POINT('',#3094);
#1377=VERTEX_POINT('',#3096);
#1378=VERTEX_POINT('',#3098);
#1379=VERTEX_POINT('',#3100);
#1380=VERTEX_POINT('',#3102);
#1381=VERTEX_POINT('',#3104);
#1382=VERTEX_POINT('',#3106);
#1383=VERTEX_POINT('',#3108);
#1384=VERTEX_POINT('',#3112);
#1385=VERTEX_POINT('',#3114);
#1386=VERTEX_POINT('',#3118);
#1387=VERTEX_POINT('',#3122);
#1388=VERTEX_POINT('',#3129);
#1389=VERTEX_POINT('',#3135);
#1390=VERTEX_POINT('',#3141);
#1391=VERTEX_POINT('',#3147);
#1392=VERTEX_POINT('',#3153);
#1393=VERTEX_POINT('',#3159);
#1394=VERTEX_POINT('',#3163);
#1395=VERTEX_POINT('',#3167);
#1396=VERTEX_POINT('',#3171);
#1397=VERTEX_POINT('',#3175);
#1398=VERTEX_POINT('',#3179);
#1399=VERTEX_POINT('',#3183);
#1400=VERTEX_POINT('',#3187);
#1401=VERTEX_POINT('',#3191);
#1402=VERTEX_POINT('',#3195);
#1403=VERTEX_POINT('',#3202);
#1404=VERTEX_POINT('',#3208);
#1405=VERTEX_POINT('',#3214);
#1406=VERTEX_POINT('',#3220);
#1407=VERTEX_POINT('',#3226);
#1408=VERTEX_POINT('',#3232);
#1409=VERTEX_POINT('',#3236);
#1410=VERTEX_POINT('',#3240);
#1411=VERTEX_POINT('',#3244);
#1412=VERTEX_POINT('',#3248);
#1413=VERTEX_POINT('',#3252);
#1414=VERTEX_POINT('',#3256);
#1415=VERTEX_POINT('',#3260);
#1416=VERTEX_POINT('',#3264);
#1417=VERTEX_POINT('',#3268);
#1418=VERTEX_POINT('',#3272);
#1419=VERTEX_POINT('',#3276);
#1420=VERTEX_POINT('',#3280);
#1421=VERTEX_POINT('',#3284);
#1422=VERTEX_POINT('',#3288);
#1423=VERTEX_POINT('',#3292);
#1424=VERTEX_POINT('',#3296);
#1425=VERTEX_POINT('',#3300);
#1426=VERTEX_POINT('',#3304);
#1427=VERTEX_POINT('',#3308);
#1428=VERTEX_POINT('',#3314);
#1429=VERTEX_POINT('',#3317);
#1430=VERTEX_POINT('',#3321);
#1431=VERTEX_POINT('',#3324);
#1432=VERTEX_POINT('',#3328);
#1433=VERTEX_POINT('',#3331);
#1434=VERTEX_POINT('',#3335);
#1435=VERTEX_POINT('',#3338);
#1436=VERTEX_POINT('',#3342);
#1437=VERTEX_POINT('',#3345);
#1438=VERTEX_POINT('',#3349);
#1439=VERTEX_POINT('',#3352);
#1440=VERTEX_POINT('',#3358);
#1441=VERTEX_POINT('',#3360);
#1442=VERTEX_POINT('',#3364);
#1443=VERTEX_POINT('',#3365);
#1444=VERTEX_POINT('',#3367);
#1445=VERTEX_POINT('',#3369);
#1446=VERTEX_POINT('',#3372);
#1447=VERTEX_POINT('',#3374);
#1448=VERTEX_POINT('',#3378);
#1449=VERTEX_POINT('',#3380);
#1450=VERTEX_POINT('',#3384);
#1451=VERTEX_POINT('',#3386);
#1452=VERTEX_POINT('',#3388);
#1453=VERTEX_POINT('',#3393);
#1454=VERTEX_POINT('',#3394);
#1455=VERTEX_POINT('',#3396);
#1456=VERTEX_POINT('',#3398);
#1457=VERTEX_POINT('',#3402);
#1458=VERTEX_POINT('',#3403);
#1459=VERTEX_POINT('',#3407);
#1460=VERTEX_POINT('',#3409);
#1461=VERTEX_POINT('',#3411);
#1462=VERTEX_POINT('',#3413);
#1463=VERTEX_POINT('',#3417);
#1464=VERTEX_POINT('',#3421);
#1465=VERTEX_POINT('',#3423);
#1466=VERTEX_POINT('',#3425);
#1467=VERTEX_POINT('',#3427);
#1468=VERTEX_POINT('',#3429);
#1469=VERTEX_POINT('',#3442);
#1470=VERTEX_POINT('',#3444);
#1471=CIRCLE('',#2055,0.005);
#1472=CIRCLE('',#2056,0.005);
#1473=CIRCLE('',#2057,0.005);
#1474=CIRCLE('',#2058,0.005);
#1475=CIRCLE('',#2059,0.004125);
#1476=CIRCLE('',#2060,0.004125);
#1477=CIRCLE('',#2061,0.004125);
#1478=CIRCLE('',#2062,0.004125);
#1479=CIRCLE('',#2063,0.004125);
#1480=CIRCLE('',#2064,0.004125);
#1481=CIRCLE('',#2065,0.01);
#1482=CIRCLE('',#2066,0.01);
#1483=CIRCLE('',#2067,0.01);
#1484=CIRCLE('',#2068,0.01);
#1485=CIRCLE('',#2071,0.01);
#1486=CIRCLE('',#2074,0.01);
#1487=CIRCLE('',#2077,0.01);
#1488=CIRCLE('',#2080,0.005);
#1489=CIRCLE('',#2083,0.005);
#1490=CIRCLE('',#2086,0.005);
#1491=CIRCLE('',#2089,0.005);
#1492=CIRCLE('',#2092,0.01);
#1493=CIRCLE('',#2094,0.002);
#1494=CIRCLE('',#2095,0.002);
#1495=CIRCLE('',#2096,0.002);
#1496=CIRCLE('',#2097,0.002);
#1497=CIRCLE('',#2098,0.002);
#1498=CIRCLE('',#2099,0.002);
#1499=CIRCLE('',#2100,0.007);
#1500=CIRCLE('',#2101,0.007);
#1501=CIRCLE('',#2102,0.007);
#1502=CIRCLE('',#2103,0.007);
#1503=CIRCLE('',#2104,0.007);
#1504=CIRCLE('',#2105,0.007);
#1505=CIRCLE('',#2106,0.007);
#1506=CIRCLE('',#2107,0.007);
#1507=CIRCLE('',#2108,0.007);
#1508=CIRCLE('',#2109,0.007);
#1509=CIRCLE('',#2110,0.007);
#1510=CIRCLE('',#2111,0.007);
#1511=CIRCLE('',#2112,0.007);
#1512=CIRCLE('',#2113,0.007);
#1513=CIRCLE('',#2114,0.007);
#1514=CIRCLE('',#2115,0.007);
#1515=CIRCLE('',#2117,0.002);
#1516=CIRCLE('',#2121,0.002);
#1517=CIRCLE('',#2123,0.005);
#1518=CIRCLE('',#2128,0.005);
#1519=CIRCLE('',#2133,0.005);
#1520=CIRCLE('',#2137,0.002);
#1521=CIRCLE('',#2139,0.005);
#1522=CIRCLE('',#2143,0.002);
#1523=CIRCLE('',#2145,0.002);
#1524=CIRCLE('',#2149,0.005);
#1525=CIRCLE('',#2151,0.002);
#1526=CIRCLE('',#2155,0.005);
#1527=CIRCLE('',#2160,0.002);
#1528=CIRCLE('',#2165,0.002);
#1529=CIRCLE('',#2167,0.002);
#1530=CIRCLE('',#2171,0.005);
#1531=CIRCLE('',#2173,0.002);
#1532=CIRCLE('',#2177,0.005);
#1533=CIRCLE('',#2179,0.005);
#1534=CIRCLE('',#2183,0.005);
#1535=CIRCLE('',#2185,0.005);
#1536=CIRCLE('',#2189,0.005);
#1537=CIRCLE('',#2191,0.002);
#1538=CIRCLE('',#2195,0.002);
#1539=CIRCLE('',#2197,0.002);
#1540=CIRCLE('',#2199,0.004125);
#1541=CIRCLE('',#2202,0.002);
#1542=CIRCLE('',#2204,0.004125);
#1543=CIRCLE('',#2207,0.002);
#1544=CIRCLE('',#2209,0.004125);
#1545=CIRCLE('',#2212,0.002);
#1546=CIRCLE('',#2214,0.004125);
#1547=CIRCLE('',#2217,0.002);
#1548=CIRCLE('',#2219,0.004125);
#1549=CIRCLE('',#2222,0.002);
#1550=CIRCLE('',#2224,0.004125);
#1551=CIRCLE('',#2230,0.001);
#1552=CIRCLE('',#2231,0.001);
#1553=CIRCLE('',#2232,0.001);
#1554=CIRCLE('',#2235,0.001);
#1555=CIRCLE('',#2236,0.001);
#1556=CIRCLE('',#2239,0.001);
#1557=CIRCLE('',#2240,0.001);
#1558=CIRCLE('',#2241,0.001);
#1559=CIRCLE('',#2242,0.001);
#1560=CIRCLE('',#2245,0.001);
#1561=CIRCLE('',#2246,0.001);
#1562=CIRCLE('',#2247,0.001);
#1563=CIRCLE('',#2248,0.001);
#1564=CIRCLE('',#2255,0.001);
#1565=EDGE_LOOP('',(#441,#442,#443,#444,#445,#446,#447,#448));
#1566=EDGE_LOOP('',(#449));
#1567=EDGE_LOOP('',(#450));
#1568=EDGE_LOOP('',(#451));
#1569=EDGE_LOOP('',(#452));
#1570=EDGE_LOOP('',(#453));
#1571=EDGE_LOOP('',(#454));
#1572=EDGE_LOOP('',(#455,#456,#457,#458,#459,#460,#461,#462));
#1573=EDGE_LOOP('',(#463,#464,#465,#466));
#1574=EDGE_LOOP('',(#467,#468,#469,#470));
#1575=EDGE_LOOP('',(#471,#472,#473,#474));
#1576=EDGE_LOOP('',(#475,#476,#477,#478));
#1577=EDGE_LOOP('',(#479,#480,#481,#482));
#1578=EDGE_LOOP('',(#483,#484,#485,#486));
#1579=EDGE_LOOP('',(#487,#488,#489,#490));
#1580=EDGE_LOOP('',(#491,#492,#493,#494));
#1581=EDGE_LOOP('',(#495,#496,#497,#498));
#1582=EDGE_LOOP('',(#499,#500,#501,#502));
#1583=EDGE_LOOP('',(#503,#504,#505,#506));
#1584=EDGE_LOOP('',(#507,#508,#509,#510));
#1585=EDGE_LOOP('',(#511,#512,#513,#514,#515,#516));
#1586=EDGE_LOOP('',(#517,#518,#519,#520));
#1587=EDGE_LOOP('',(#521,#522,#523,#524));
#1588=EDGE_LOOP('',(#525,#526,#527,#528));
#1589=EDGE_LOOP('',(#529,#530,#531,#532,#533,#534));
#1590=EDGE_LOOP('',(#535,#536,#537,#538));
#1591=EDGE_LOOP('',(#539));
#1592=EDGE_LOOP('',(#540));
#1593=EDGE_LOOP('',(#541));
#1594=EDGE_LOOP('',(#542));
#1595=EDGE_LOOP('',(#543));
#1596=EDGE_LOOP('',(#544));
#1597=EDGE_LOOP('',(#545,#546,#547,#548,#549,#550,#551,#552,#553,#554,#555,
#556,#557,#558,#559,#560,#561,#562,#563,#564,#565,#566,#567,#568,#569,#570,
#571,#572,#573,#574,#575,#576,#577,#578,#579,#580,#581,#582,#583,#584,#585,
#586,#587,#588));
#1598=EDGE_LOOP('',(#589,#590,#591,#592,#593,#594,#595,#596));
#1599=EDGE_LOOP('',(#597,#598,#599));
#1600=EDGE_LOOP('',(#600,#601,#602,#603));
#1601=EDGE_LOOP('',(#604,#605,#606,#607));
#1602=EDGE_LOOP('',(#608,#609,#610));
#1603=EDGE_LOOP('',(#611,#612,#613,#614));
#1604=EDGE_LOOP('',(#615,#616,#617,#618));
#1605=EDGE_LOOP('',(#619,#620,#621,#622));
#1606=EDGE_LOOP('',(#623,#624,#625,#626));
#1607=EDGE_LOOP('',(#627,#628,#629,#630));
#1608=EDGE_LOOP('',(#631,#632,#633,#634));
#1609=EDGE_LOOP('',(#635,#636,#637,#638));
#1610=EDGE_LOOP('',(#639,#640,#641,#642));
#1611=EDGE_LOOP('',(#643,#644,#645,#646));
#1612=EDGE_LOOP('',(#647,#648,#649,#650));
#1613=EDGE_LOOP('',(#651,#652,#653,#654));
#1614=EDGE_LOOP('',(#655,#656,#657));
#1615=EDGE_LOOP('',(#658,#659,#660,#661));
#1616=EDGE_LOOP('',(#662,#663,#664,#665));
#1617=EDGE_LOOP('',(#666,#667,#668,#669));
#1618=EDGE_LOOP('',(#670,#671,#672));
#1619=EDGE_LOOP('',(#673,#674,#675));
#1620=EDGE_LOOP('',(#676,#677,#678,#679));
#1621=EDGE_LOOP('',(#680,#681,#682,#683));
#1622=EDGE_LOOP('',(#684,#685,#686,#687));
#1623=EDGE_LOOP('',(#688,#689,#690));
#1624=EDGE_LOOP('',(#691,#692,#693,#694));
#1625=EDGE_LOOP('',(#695,#696,#697,#698));
#1626=EDGE_LOOP('',(#699,#700,#701,#702));
#1627=EDGE_LOOP('',(#703,#704,#705,#706));
#1628=EDGE_LOOP('',(#707,#708,#709,#710));
#1629=EDGE_LOOP('',(#711,#712,#713,#714));
#1630=EDGE_LOOP('',(#715,#716,#717));
#1631=EDGE_LOOP('',(#718,#719,#720,#721));
#1632=EDGE_LOOP('',(#722,#723,#724,#725));
#1633=EDGE_LOOP('',(#726,#727,#728,#729));
#1634=EDGE_LOOP('',(#730,#731,#732));
#1635=EDGE_LOOP('',(#733,#734,#735));
#1636=EDGE_LOOP('',(#736,#737,#738,#739));
#1637=EDGE_LOOP('',(#740,#741,#742,#743));
#1638=EDGE_LOOP('',(#744,#745,#746,#747));
#1639=EDGE_LOOP('',(#748,#749,#750));
#1640=EDGE_LOOP('',(#751,#752,#753,#754));
#1641=EDGE_LOOP('',(#755,#756,#757,#758));
#1642=EDGE_LOOP('',(#759,#760,#761,#762));
#1643=EDGE_LOOP('',(#763,#764,#765,#766));
#1644=EDGE_LOOP('',(#767,#768,#769,#770));
#1645=EDGE_LOOP('',(#771,#772,#773,#774));
#1646=EDGE_LOOP('',(#775,#776,#777,#778));
#1647=EDGE_LOOP('',(#779,#780,#781,#782));
#1648=EDGE_LOOP('',(#783,#784,#785,#786));
#1649=EDGE_LOOP('',(#787,#788,#789,#790));
#1650=EDGE_LOOP('',(#791,#792,#793,#794));
#1651=EDGE_LOOP('',(#795,#796,#797));
#1652=EDGE_LOOP('',(#798,#799,#800,#801));
#1653=EDGE_LOOP('',(#802,#803,#804,#805));
#1654=EDGE_LOOP('',(#806,#807,#808));
#1655=EDGE_LOOP('',(#809));
#1656=EDGE_LOOP('',(#810));
#1657=EDGE_LOOP('',(#811));
#1658=EDGE_LOOP('',(#812));
#1659=EDGE_LOOP('',(#813));
#1660=EDGE_LOOP('',(#814));
#1661=EDGE_LOOP('',(#815));
#1662=EDGE_LOOP('',(#816));
#1663=EDGE_LOOP('',(#817));
#1664=EDGE_LOOP('',(#818));
#1665=EDGE_LOOP('',(#819));
#1666=EDGE_LOOP('',(#820));
#1667=EDGE_LOOP('',(#821));
#1668=EDGE_LOOP('',(#822));
#1669=EDGE_LOOP('',(#823));
#1670=EDGE_LOOP('',(#824));
#1671=EDGE_LOOP('',(#825));
#1672=EDGE_LOOP('',(#826));
#1673=EDGE_LOOP('',(#827));
#1674=EDGE_LOOP('',(#828));
#1675=EDGE_LOOP('',(#829));
#1676=EDGE_LOOP('',(#830));
#1677=EDGE_LOOP('',(#831));
#1678=EDGE_LOOP('',(#832));
#1679=EDGE_LOOP('',(#833));
#1680=EDGE_LOOP('',(#834));
#1681=EDGE_LOOP('',(#835));
#1682=EDGE_LOOP('',(#836));
#1683=EDGE_LOOP('',(#837));
#1684=EDGE_LOOP('',(#838));
#1685=EDGE_LOOP('',(#839));
#1686=EDGE_LOOP('',(#840));
#1687=EDGE_LOOP('',(#841));
#1688=EDGE_LOOP('',(#842));
#1689=EDGE_LOOP('',(#843));
#1690=EDGE_LOOP('',(#844));
#1691=EDGE_LOOP('',(#845,#846,#847,#848,#849,#850,#851,#852,#853,#854,#855,
#856,#857,#858,#859,#860));
#1692=EDGE_LOOP('',(#861,#862,#863,#864,#865,#866,#867,#868,#869,#870,#871,
#872,#873,#874,#875,#876,#877,#878,#879,#880,#881,#882,#883,#884,#885,#886,
#887,#888,#889,#890,#891,#892));
#1693=EDGE_LOOP('',(#893,#894,#895,#896));
#1694=EDGE_LOOP('',(#897,#898,#899,#900,#901,#902,#903,#904,#905));
#1695=EDGE_LOOP('',(#906,#907,#908,#909));
#1696=EDGE_LOOP('',(#910,#911,#912,#913,#914,#915,#916,#917));
#1697=EDGE_LOOP('',(#918,#919,#920,#921));
#1698=EDGE_LOOP('',(#922,#923,#924,#925,#926,#927,#928,#929,#930,#931));
#1699=EDGE_LOOP('',(#932,#933,#934,#935));
#1700=EDGE_LOOP('',(#936,#937,#938,#939,#940,#941,#942,#943,#944,#945));
#1701=EDGE_LOOP('',(#946,#947,#948,#949));
#1702=EDGE_LOOP('',(#950,#951,#952,#953));
#1703=EDGE_LOOP('',(#954,#955,#956,#957));
#1704=EDGE_LOOP('',(#958,#959,#960,#961));
#1705=EDGE_LOOP('',(#962,#963,#964,#965));
#1706=EDGE_LOOP('',(#966,#967,#968,#969,#970));
#1707=EDGE_LOOP('',(#971,#972,#973,#974));
#1708=EDGE_LOOP('',(#975,#976,#977,#978));
#1709=EDGE_LOOP('',(#979,#980,#981,#982));
#1710=EDGE_LOOP('',(#983,#984,#985,#986));
#1711=EDGE_LOOP('',(#987,#988,#989,#990));
#1712=EDGE_LOOP('',(#991,#992,#993,#994));
#1713=EDGE_LOOP('',(#995,#996,#997,#998));
#1714=EDGE_LOOP('',(#999,#1000,#1001,#1002));
#1715=FACE_BOUND('',#1565,.T.);
#1716=FACE_BOUND('',#1566,.T.);
#1717=FACE_BOUND('',#1567,.T.);
#1718=FACE_BOUND('',#1568,.T.);
#1719=FACE_BOUND('',#1569,.T.);
#1720=FACE_BOUND('',#1570,.T.);
#1721=FACE_BOUND('',#1571,.T.);
#1722=FACE_BOUND('',#1572,.T.);
#1723=FACE_BOUND('',#1573,.T.);
#1724=FACE_BOUND('',#1574,.T.);
#1725=FACE_BOUND('',#1575,.T.);
#1726=FACE_BOUND('',#1576,.T.);
#1727=FACE_BOUND('',#1577,.T.);
#1728=FACE_BOUND('',#1578,.T.);
#1729=FACE_BOUND('',#1579,.T.);
#1730=FACE_BOUND('',#1580,.T.);
#1731=FACE_BOUND('',#1581,.T.);
#1732=FACE_BOUND('',#1582,.T.);
#1733=FACE_BOUND('',#1583,.T.);
#1734=FACE_BOUND('',#1584,.T.);
#1735=FACE_BOUND('',#1585,.T.);
#1736=FACE_BOUND('',#1586,.T.);
#1737=FACE_BOUND('',#1587,.T.);
#1738=FACE_BOUND('',#1588,.T.);
#1739=FACE_BOUND('',#1589,.T.);
#1740=FACE_BOUND('',#1590,.T.);
#1741=FACE_BOUND('',#1591,.T.);
#1742=FACE_BOUND('',#1592,.T.);
#1743=FACE_BOUND('',#1593,.T.);
#1744=FACE_BOUND('',#1594,.T.);
#1745=FACE_BOUND('',#1595,.T.);
#1746=FACE_BOUND('',#1596,.T.);
#1747=FACE_BOUND('',#1597,.T.);
#1748=FACE_BOUND('',#1598,.T.);
#1749=FACE_BOUND('',#1599,.T.);
#1750=FACE_BOUND('',#1600,.T.);
#1751=FACE_BOUND('',#1601,.T.);
#1752=FACE_BOUND('',#1602,.T.);
#1753=FACE_BOUND('',#1603,.T.);
#1754=FACE_BOUND('',#1604,.T.);
#1755=FACE_BOUND('',#1605,.T.);
#1756=FACE_BOUND('',#1606,.T.);
#1757=FACE_BOUND('',#1607,.T.);
#1758=FACE_BOUND('',#1608,.T.);
#1759=FACE_BOUND('',#1609,.T.);
#1760=FACE_BOUND('',#1610,.T.);
#1761=FACE_BOUND('',#1611,.T.);
#1762=FACE_BOUND('',#1612,.T.);
#1763=FACE_BOUND('',#1613,.T.);
#1764=FACE_BOUND('',#1614,.T.);
#1765=FACE_BOUND('',#1615,.T.);
#1766=FACE_BOUND('',#1616,.T.);
#1767=FACE_BOUND('',#1617,.T.);
#1768=FACE_BOUND('',#1618,.T.);
#1769=FACE_BOUND('',#1619,.T.);
#1770=FACE_BOUND('',#1620,.T.);
#1771=FACE_BOUND('',#1621,.T.);
#1772=FACE_BOUND('',#1622,.T.);
#1773=FACE_BOUND('',#1623,.T.);
#1774=FACE_BOUND('',#1624,.T.);
#1775=FACE_BOUND('',#1625,.T.);
#1776=FACE_BOUND('',#1626,.T.);
#1777=FACE_BOUND('',#1627,.T.);
#1778=FACE_BOUND('',#1628,.T.);
#1779=FACE_BOUND('',#1629,.T.);
#1780=FACE_BOUND('',#1630,.T.);
#1781=FACE_BOUND('',#1631,.T.);
#1782=FACE_BOUND('',#1632,.T.);
#1783=FACE_BOUND('',#1633,.T.);
#1784=FACE_BOUND('',#1634,.T.);
#1785=FACE_BOUND('',#1635,.T.);
#1786=FACE_BOUND('',#1636,.T.);
#1787=FACE_BOUND('',#1637,.T.);
#1788=FACE_BOUND('',#1638,.T.);
#1789=FACE_BOUND('',#1639,.T.);
#1790=FACE_BOUND('',#1640,.T.);
#1791=FACE_BOUND('',#1641,.T.);
#1792=FACE_BOUND('',#1642,.T.);
#1793=FACE_BOUND('',#1643,.T.);
#1794=FACE_BOUND('',#1644,.T.);
#1795=FACE_BOUND('',#1645,.T.);
#1796=FACE_BOUND('',#1646,.T.);
#1797=FACE_BOUND('',#1647,.T.);
#1798=FACE_BOUND('',#1648,.T.);
#1799=FACE_BOUND('',#1649,.T.);
#1800=FACE_BOUND('',#1650,.T.);
#1801=FACE_BOUND('',#1651,.T.);
#1802=FACE_BOUND('',#1652,.T.);
#1803=FACE_BOUND('',#1653,.T.);
#1804=FACE_BOUND('',#1654,.T.);
#1805=FACE_BOUND('',#1655,.T.);
#1806=FACE_BOUND('',#1656,.T.);
#1807=FACE_BOUND('',#1657,.T.);
#1808=FACE_BOUND('',#1658,.T.);
#1809=FACE_BOUND('',#1659,.T.);
#1810=FACE_BOUND('',#1660,.T.);
#1811=FACE_BOUND('',#1661,.T.);
#1812=FACE_BOUND('',#1662,.T.);
#1813=FACE_BOUND('',#1663,.T.);
#1814=FACE_BOUND('',#1664,.T.);
#1815=FACE_BOUND('',#1665,.T.);
#1816=FACE_BOUND('',#1666,.T.);
#1817=FACE_BOUND('',#1667,.T.);
#1818=FACE_BOUND('',#1668,.T.);
#1819=FACE_BOUND('',#1669,.T.);
#1820=FACE_BOUND('',#1670,.T.);
#1821=FACE_BOUND('',#1671,.T.);
#1822=FACE_BOUND('',#1672,.T.);
#1823=FACE_BOUND('',#1673,.T.);
#1824=FACE_BOUND('',#1674,.T.);
#1825=FACE_BOUND('',#1675,.T.);
#1826=FACE_BOUND('',#1676,.T.);
#1827=FACE_BOUND('',#1677,.T.);
#1828=FACE_BOUND('',#1678,.T.);
#1829=FACE_BOUND('',#1679,.T.);
#1830=FACE_BOUND('',#1680,.T.);
#1831=FACE_BOUND('',#1681,.T.);
#1832=FACE_BOUND('',#1682,.T.);
#1833=FACE_BOUND('',#1683,.T.);
#1834=FACE_BOUND('',#1684,.T.);
#1835=FACE_BOUND('',#1685,.T.);
#1836=FACE_BOUND('',#1686,.T.);
#1837=FACE_BOUND('',#1687,.T.);
#1838=FACE_BOUND('',#1688,.T.);
#1839=FACE_BOUND('',#1689,.T.);
#1840=FACE_BOUND('',#1690,.T.);
#1841=FACE_BOUND('',#1691,.T.);
#1842=FACE_BOUND('',#1692,.T.);
#1843=FACE_BOUND('',#1693,.T.);
#1844=FACE_BOUND('',#1694,.T.);
#1845=FACE_BOUND('',#1695,.T.);
#1846=FACE_BOUND('',#1696,.T.);
#1847=FACE_BOUND('',#1697,.T.);
#1848=FACE_BOUND('',#1698,.T.);
#1849=FACE_BOUND('',#1699,.T.);
#1850=FACE_BOUND('',#1700,.T.);
#1851=FACE_BOUND('',#1701,.T.);
#1852=FACE_BOUND('',#1702,.T.);
#1853=FACE_BOUND('',#1703,.T.);
#1854=FACE_BOUND('',#1704,.T.);
#1855=FACE_BOUND('',#1705,.T.);
#1856=FACE_BOUND('',#1706,.T.);
#1857=FACE_BOUND('',#1707,.T.);
#1858=FACE_BOUND('',#1708,.T.);
#1859=FACE_BOUND('',#1709,.T.);
#1860=FACE_BOUND('',#1710,.T.);
#1861=FACE_BOUND('',#1711,.T.);
#1862=FACE_BOUND('',#1712,.T.);
#1863=FACE_BOUND('',#1713,.T.);
#1864=FACE_BOUND('',#1714,.T.);
#1865=PLANE('',#2054);
#1866=PLANE('',#2069);
#1867=PLANE('',#2072);
#1868=PLANE('',#2075);
#1869=PLANE('',#2078);
#1870=PLANE('',#2081);
#1871=PLANE('',#2084);
#1872=PLANE('',#2087);
#1873=PLANE('',#2090);
#1874=PLANE('',#2093);
#1875=PLANE('',#2118);
#1876=PLANE('',#2119);
#1877=PLANE('',#2124);
#1878=PLANE('',#2125);
#1879=PLANE('',#2129);
#1880=PLANE('',#2130);
#1881=PLANE('',#2134);
#1882=PLANE('',#2135);
#1883=PLANE('',#2140);
#1884=PLANE('',#2141);
#1885=PLANE('',#2146);
#1886=PLANE('',#2147);
#1887=PLANE('',#2152);
#1888=PLANE('',#2153);
#1889=PLANE('',#2157);
#1890=PLANE('',#2158);
#1891=PLANE('',#2162);
#1892=PLANE('',#2163);
#1893=PLANE('',#2168);
#1894=PLANE('',#2169);
#1895=PLANE('',#2174);
#1896=PLANE('',#2175);
#1897=PLANE('',#2180);
#1898=PLANE('',#2181);
#1899=PLANE('',#2186);
#1900=PLANE('',#2187);
#1901=PLANE('',#2192);
#1902=PLANE('',#2193);
#1903=PLANE('',#2198);
#1904=PLANE('',#2203);
#1905=PLANE('',#2208);
#1906=PLANE('',#2213);
#1907=PLANE('',#2218);
#1908=PLANE('',#2223);
#1909=PLANE('',#2226);
#1910=PLANE('',#2227);
#1911=PLANE('',#2228);
#1912=PLANE('',#2229);
#1913=PLANE('',#2233);
#1914=PLANE('',#2234);
#1915=PLANE('',#2237);
#1916=PLANE('',#2238);
#1917=PLANE('',#2243);
#1918=PLANE('',#2244);
#1919=PLANE('',#2249);
#1920=PLANE('',#2250);
#1921=PLANE('',#2251);
#1922=PLANE('',#2252);
#1923=PLANE('',#2253);
#1924=PLANE('',#2254);
#1925=ADVANCED_FACE('',(#1715,#1716,#1717,#1718,#1719,#1720,#1721,#1722,
#1723,#1724),#1865,.T.);
#1926=ADVANCED_FACE('',(#1725),#1866,.T.);
#1927=ADVANCED_FACE('',(#1726),#41,.T.);
#1928=ADVANCED_FACE('',(#1727),#1867,.T.);
#1929=ADVANCED_FACE('',(#1728),#42,.T.);
#1930=ADVANCED_FACE('',(#1729),#1868,.F.);
#1931=ADVANCED_FACE('',(#1730),#43,.T.);
#1932=ADVANCED_FACE('',(#1731),#1869,.F.);
#1933=ADVANCED_FACE('',(#1732),#44,.F.);
#1934=ADVANCED_FACE('',(#1733),#1870,.T.);
#1935=ADVANCED_FACE('',(#1734),#45,.F.);
#1936=ADVANCED_FACE('',(#1735),#1871,.T.);
#1937=ADVANCED_FACE('',(#1736),#46,.F.);
#1938=ADVANCED_FACE('',(#1737),#1872,.F.);
#1939=ADVANCED_FACE('',(#1738),#47,.F.);
#1940=ADVANCED_FACE('',(#1739),#1873,.F.);
#1941=ADVANCED_FACE('',(#1740),#48,.T.);
#1942=ADVANCED_FACE('',(#1741,#1742,#1743,#1744,#1745,#1746,#1747,#1748),
#1874,.F.);
#1943=ADVANCED_FACE('',(#1749),#13,.T.);
#1944=ADVANCED_FACE('',(#1750),#1875,.T.);
#1945=ADVANCED_FACE('',(#1751),#1876,.T.);
#1946=ADVANCED_FACE('',(#1752),#14,.T.);
#1947=ADVANCED_FACE('',(#1753),#15,.F.);
#1948=ADVANCED_FACE('',(#1754),#1877,.T.);
#1949=ADVANCED_FACE('',(#1755),#1878,.T.);
#1950=ADVANCED_FACE('',(#1756),#16,.F.);
#1951=ADVANCED_FACE('',(#1757),#17,.F.);
#1952=ADVANCED_FACE('',(#1758),#1879,.T.);
#1953=ADVANCED_FACE('',(#1759),#1880,.F.);
#1954=ADVANCED_FACE('',(#1760),#18,.F.);
#1955=ADVANCED_FACE('',(#1761),#19,.F.);
#1956=ADVANCED_FACE('',(#1762),#1881,.F.);
#1957=ADVANCED_FACE('',(#1763),#1882,.F.);
#1958=ADVANCED_FACE('',(#1764),#20,.T.);
#1959=ADVANCED_FACE('',(#1765),#21,.F.);
#1960=ADVANCED_FACE('',(#1766),#1883,.F.);
#1961=ADVANCED_FACE('',(#1767),#1884,.T.);
#1962=ADVANCED_FACE('',(#1768),#22,.T.);
#1963=ADVANCED_FACE('',(#1769),#23,.T.);
#1964=ADVANCED_FACE('',(#1770),#1885,.T.);
#1965=ADVANCED_FACE('',(#1771),#1886,.F.);
#1966=ADVANCED_FACE('',(#1772),#24,.F.);
#1967=ADVANCED_FACE('',(#1773),#25,.T.);
#1968=ADVANCED_FACE('',(#1774),#1887,.T.);
#1969=ADVANCED_FACE('',(#1775),#1888,.F.);
#1970=ADVANCED_FACE('',(#1776),#26,.F.);
#1971=ADVANCED_FACE('',(#1777),#27,.F.);
#1972=ADVANCED_FACE('',(#1778),#1889,.F.);
#1973=ADVANCED_FACE('',(#1779),#1890,.F.);
#1974=ADVANCED_FACE('',(#1780),#28,.T.);
#1975=ADVANCED_FACE('',(#1781),#29,.F.);
#1976=ADVANCED_FACE('',(#1782),#1891,.F.);
#1977=ADVANCED_FACE('',(#1783),#1892,.T.);
#1978=ADVANCED_FACE('',(#1784),#30,.T.);
#1979=ADVANCED_FACE('',(#1785),#31,.T.);
#1980=ADVANCED_FACE('',(#1786),#1893,.T.);
#1981=ADVANCED_FACE('',(#1787),#1894,.F.);
#1982=ADVANCED_FACE('',(#1788),#32,.F.);
#1983=ADVANCED_FACE('',(#1789),#33,.T.);
#1984=ADVANCED_FACE('',(#1790),#1895,.T.);
#1985=ADVANCED_FACE('',(#1791),#1896,.F.);
#1986=ADVANCED_FACE('',(#1792),#34,.F.);
#1987=ADVANCED_FACE('',(#1793),#35,.F.);
#1988=ADVANCED_FACE('',(#1794),#1897,.F.);
#1989=ADVANCED_FACE('',(#1795),#1898,.F.);
#1990=ADVANCED_FACE('',(#1796),#36,.F.);
#1991=ADVANCED_FACE('',(#1797),#37,.F.);
#1992=ADVANCED_FACE('',(#1798),#1899,.F.);
#1993=ADVANCED_FACE('',(#1799),#1900,.T.);
#1994=ADVANCED_FACE('',(#1800),#38,.F.);
#1995=ADVANCED_FACE('',(#1801),#39,.T.);
#1996=ADVANCED_FACE('',(#1802),#1901,.F.);
#1997=ADVANCED_FACE('',(#1803),#1902,.T.);
#1998=ADVANCED_FACE('',(#1804),#40,.T.);
#1999=ADVANCED_FACE('',(#1805,#1806),#49,.F.);
#2000=ADVANCED_FACE('',(#1807,#1808),#1903,.T.);
#2001=ADVANCED_FACE('',(#1809,#1810),#50,.F.);
#2002=ADVANCED_FACE('',(#1811,#1812),#51,.F.);
#2003=ADVANCED_FACE('',(#1813,#1814),#1904,.T.);
#2004=ADVANCED_FACE('',(#1815,#1816),#52,.F.);
#2005=ADVANCED_FACE('',(#1817,#1818),#53,.F.);
#2006=ADVANCED_FACE('',(#1819,#1820),#1905,.T.);
#2007=ADVANCED_FACE('',(#1821,#1822),#54,.F.);
#2008=ADVANCED_FACE('',(#1823,#1824),#55,.F.);
#2009=ADVANCED_FACE('',(#1825,#1826),#1906,.T.);
#2010=ADVANCED_FACE('',(#1827,#1828),#56,.F.);
#2011=ADVANCED_FACE('',(#1829,#1830),#57,.F.);
#2012=ADVANCED_FACE('',(#1831,#1832),#1907,.T.);
#2013=ADVANCED_FACE('',(#1833,#1834),#58,.F.);
#2014=ADVANCED_FACE('',(#1835,#1836),#59,.F.);
#2015=ADVANCED_FACE('',(#1837,#1838),#1908,.T.);
#2016=ADVANCED_FACE('',(#1839,#1840),#60,.F.);
#2017=ADVANCED_FACE('',(#1841),#1909,.F.);
#2018=ADVANCED_FACE('',(#1842),#1910,.F.);
#2019=ADVANCED_FACE('',(#1843),#1911,.T.);
#2020=ADVANCED_FACE('',(#1844),#1912,.F.);
#2021=ADVANCED_FACE('',(#1845),#1913,.F.);
#2022=ADVANCED_FACE('',(#1846),#1914,.T.);
#2023=ADVANCED_FACE('',(#1847),#1915,.T.);
#2024=ADVANCED_FACE('',(#1848),#1916,.F.);
#2025=ADVANCED_FACE('',(#1849),#1917,.F.);
#2026=ADVANCED_FACE('',(#1850),#1918,.T.);
#2027=ADVANCED_FACE('',(#1851),#1919,.F.);
#2028=ADVANCED_FACE('',(#1852),#1920,.F.);
#2029=ADVANCED_FACE('',(#1853),#1921,.T.);
#2030=ADVANCED_FACE('',(#1854),#1922,.T.);
#2031=ADVANCED_FACE('',(#1855),#1923,.T.);
#2032=ADVANCED_FACE('',(#1856),#1924,.F.);
#2033=ADVANCED_FACE('',(#1857),#61,.F.);
#2034=ADVANCED_FACE('',(#1858),#62,.F.);
#2035=ADVANCED_FACE('',(#1859),#63,.T.);
#2036=ADVANCED_FACE('',(#1860),#64,.T.);
#2037=ADVANCED_FACE('',(#1861),#65,.T.);
#2038=ADVANCED_FACE('',(#1862),#66,.T.);
#2039=ADVANCED_FACE('',(#1863),#67,.T.);
#2040=ADVANCED_FACE('',(#1864),#68,.T.);
#2041=CLOSED_SHELL('',(#1925,#1926,#1927,#1928,#1929,#1930,#1931,#1932,
#1933,#1934,#1935,#1936,#1937,#1938,#1939,#1940,#1941,#1942,#1943,#1944,
#1945,#1946,#1947,#1948,#1949,#1950,#1951,#1952,#1953,#1954,#1955,#1956,
#1957,#1958,#1959,#1960,#1961,#1962,#1963,#1964,#1965,#1966,#1967,#1968,
#1969,#1970,#1971,#1972,#1973,#1974,#1975,#1976,#1977,#1978,#1979,#1980,
#1981,#1982,#1983,#1984,#1985,#1986,#1987,#1988,#1989,#1990,#1991,#1992,
#1993,#1994,#1995,#1996,#1997,#1998,#1999,#2000,#2001,#2002,#2003,#2004,
#2005,#2006,#2007,#2008,#2009,#2010,#2011,#2012,#2013,#2014,#2015,#2016,
#2017,#2018,#2019,#2020,#2021,#2022,#2023,#2024,#2025,#2026,#2027,#2028,
#2029,#2030,#2031,#2032,#2033,#2034,#2035,#2036,#2037,#2038,#2039,#2040));
#2042=STYLED_ITEM('',(#2043),#2050);
#2043=PRESENTATION_STYLE_ASSIGNMENT((#2044));
#2044=SURFACE_STYLE_USAGE(.BOTH.,#2045);
#2045=SURFACE_SIDE_STYLE('',(#2046));
#2046=SURFACE_STYLE_FILL_AREA(#2047);
#2047=FILL_AREA_STYLE('',(#2048));
#2048=FILL_AREA_STYLE_COLOUR('',#2049);
#2049=COLOUR_RGB('',0.701960784313725,0.701960784313725,0.701960784313725);
#2050=MANIFOLD_SOLID_BREP('Part 1',#2041);
#2051=SHAPE_DEFINITION_REPRESENTATION(#3466,#2052);
#2052=SHAPE_REPRESENTATION('Part 1',(#2053),#3461);
#2053=AXIS2_PLACEMENT_3D('',#2875,#2265,#2266);
#2054=AXIS2_PLACEMENT_3D('',#2876,#2267,#2268);
#2055=AXIS2_PLACEMENT_3D('',#2877,#2269,#2270);
#2056=AXIS2_PLACEMENT_3D('',#2882,#2272,#2273);
#2057=AXIS2_PLACEMENT_3D('',#2886,#2275,#2276);
#2058=AXIS2_PLACEMENT_3D('',#2890,#2278,#2279);
#2059=AXIS2_PLACEMENT_3D('',#2893,#2281,#2282);
#2060=AXIS2_PLACEMENT_3D('',#2895,#2283,#2284);
#2061=AXIS2_PLACEMENT_3D('',#2897,#2285,#2286);
#2062=AXIS2_PLACEMENT_3D('',#2899,#2287,#2288);
#2063=AXIS2_PLACEMENT_3D('',#2901,#2289,#2290);
#2064=AXIS2_PLACEMENT_3D('',#2903,#2291,#2292);
#2065=AXIS2_PLACEMENT_3D('',#2908,#2294,#2295);
#2066=AXIS2_PLACEMENT_3D('',#2912,#2297,#2298);
#2067=AXIS2_PLACEMENT_3D('',#2916,#2300,#2301);
#2068=AXIS2_PLACEMENT_3D('',#2920,#2303,#2304);
#2069=AXIS2_PLACEMENT_3D('',#2937,#2313,#2314);
#2070=AXIS2_PLACEMENT_3D('',#2943,#2318,#2319);
#2071=AXIS2_PLACEMENT_3D('',#2944,#2320,#2321);
#2072=AXIS2_PLACEMENT_3D('',#2947,#2323,#2324);
#2073=AXIS2_PLACEMENT_3D('',#2951,#2327,#2328);
#2074=AXIS2_PLACEMENT_3D('',#2952,#2329,#2330);
#2075=AXIS2_PLACEMENT_3D('',#2955,#2332,#2333);
#2076=AXIS2_PLACEMENT_3D('',#2959,#2336,#2337);
#2077=AXIS2_PLACEMENT_3D('',#2960,#2338,#2339);
#2078=AXIS2_PLACEMENT_3D('',#2963,#2341,#2342);
#2079=AXIS2_PLACEMENT_3D('',#2967,#2345,#2346);
#2080=AXIS2_PLACEMENT_3D('',#2970,#2348,#2349);
#2081=AXIS2_PLACEMENT_3D('',#2973,#2351,#2352);
#2082=AXIS2_PLACEMENT_3D('',#2977,#2355,#2356);
#2083=AXIS2_PLACEMENT_3D('',#2978,#2357,#2358);
#2084=AXIS2_PLACEMENT_3D('',#2981,#2360,#2361);
#2085=AXIS2_PLACEMENT_3D('',#2989,#2366,#2367);
#2086=AXIS2_PLACEMENT_3D('',#2990,#2368,#2369);
#2087=AXIS2_PLACEMENT_3D('',#2993,#2371,#2372);
#2088=AXIS2_PLACEMENT_3D('',#2997,#2375,#2376);
#2089=AXIS2_PLACEMENT_3D('',#2998,#2377,#2378);
#2090=AXIS2_PLACEMENT_3D('',#3001,#2380,#2381);
#2091=AXIS2_PLACEMENT_3D('',#3007,#2385,#2386);
#2092=AXIS2_PLACEMENT_3D('',#3008,#2387,#2388);
#2093=AXIS2_PLACEMENT_3D('',#3009,#2389,#2390);
#2094=AXIS2_PLACEMENT_3D('',#3010,#2391,#2392);
#2095=AXIS2_PLACEMENT_3D('',#3012,#2393,#2394);
#2096=AXIS2_PLACEMENT_3D('',#3014,#2395,#2396);
#2097=AXIS2_PLACEMENT_3D('',#3016,#2397,#2398);
#2098=AXIS2_PLACEMENT_3D('',#3018,#2399,#2400);
#2099=AXIS2_PLACEMENT_3D('',#3020,#2401,#2402);
#2100=AXIS2_PLACEMENT_3D('',#3027,#2405,#2406);
#2101=AXIS2_PLACEMENT_3D('',#3031,#2408,#2409);
#2102=AXIS2_PLACEMENT_3D('',#3035,#2411,#2412);
#2103=AXIS2_PLACEMENT_3D('',#3039,#2414,#2415);
#2104=AXIS2_PLACEMENT_3D('',#3047,#2419,#2420);
#2105=AXIS2_PLACEMENT_3D('',#3051,#2422,#2423);
#2106=AXIS2_PLACEMENT_3D('',#3059,#2427,#2428);
#2107=AXIS2_PLACEMENT_3D('',#3063,#2430,#2431);
#2108=AXIS2_PLACEMENT_3D('',#3071,#2435,#2436);
#2109=AXIS2_PLACEMENT_3D('',#3075,#2438,#2439);
#2110=AXIS2_PLACEMENT_3D('',#3079,#2441,#2442);
#2111=AXIS2_PLACEMENT_3D('',#3083,#2444,#2445);
#2112=AXIS2_PLACEMENT_3D('',#3091,#2449,#2450);
#2113=AXIS2_PLACEMENT_3D('',#3095,#2452,#2453);
#2114=AXIS2_PLACEMENT_3D('',#3103,#2457,#2458);
#2115=AXIS2_PLACEMENT_3D('',#3107,#2460,#2461);
#2116=AXIS2_PLACEMENT_3D('',#3110,#2463,#2464);
#2117=AXIS2_PLACEMENT_3D('',#3115,#2467,#2468);
#2118=AXIS2_PLACEMENT_3D('',#3116,#2469,#2470);
#2119=AXIS2_PLACEMENT_3D('',#3120,#2473,#2474);
#2120=AXIS2_PLACEMENT_3D('',#3124,#2477,#2478);
#2121=AXIS2_PLACEMENT_3D('',#3125,#2479,#2480);
#2122=AXIS2_PLACEMENT_3D('',#3127,#2482,#2483);
#2123=AXIS2_PLACEMENT_3D('',#3128,#2484,#2485);
#2124=AXIS2_PLACEMENT_3D('',#3131,#2487,#2488);
#2125=AXIS2_PLACEMENT_3D('',#3133,#2490,#2491);
#2126=AXIS2_PLACEMENT_3D('',#3137,#2494,#2495);
#2127=AXIS2_PLACEMENT_3D('',#3139,#2497,#2498);
#2128=AXIS2_PLACEMENT_3D('',#3140,#2499,#2500);
#2129=AXIS2_PLACEMENT_3D('',#3143,#2502,#2503);
#2130=AXIS2_PLACEMENT_3D('',#3145,#2505,#2506);
#2131=AXIS2_PLACEMENT_3D('',#3149,#2509,#2510);
#2132=AXIS2_PLACEMENT_3D('',#3151,#2512,#2513);
#2133=AXIS2_PLACEMENT_3D('',#3152,#2514,#2515);
#2134=AXIS2_PLACEMENT_3D('',#3155,#2517,#2518);
#2135=AXIS2_PLACEMENT_3D('',#3157,#2520,#2521);
#2136=AXIS2_PLACEMENT_3D('',#3161,#2524,#2525);
#2137=AXIS2_PLACEMENT_3D('',#3162,#2526,#2527);
#2138=AXIS2_PLACEMENT_3D('',#3165,#2529,#2530);
#2139=AXIS2_PLACEMENT_3D('',#3166,#2531,#2532);
#2140=AXIS2_PLACEMENT_3D('',#3169,#2534,#2535);
#2141=AXIS2_PLACEMENT_3D('',#3173,#2538,#2539);
#2142=AXIS2_PLACEMENT_3D('',#3177,#2542,#2543);
#2143=AXIS2_PLACEMENT_3D('',#3178,#2544,#2545);
#2144=AXIS2_PLACEMENT_3D('',#3181,#2547,#2548);
#2145=AXIS2_PLACEMENT_3D('',#3182,#2549,#2550);
#2146=AXIS2_PLACEMENT_3D('',#3185,#2552,#2553);
#2147=AXIS2_PLACEMENT_3D('',#3189,#2556,#2557);
#2148=AXIS2_PLACEMENT_3D('',#3193,#2560,#2561);
#2149=AXIS2_PLACEMENT_3D('',#3196,#2563,#2564);
#2150=AXIS2_PLACEMENT_3D('',#3197,#2565,#2566);
#2151=AXIS2_PLACEMENT_3D('',#3198,#2567,#2568);
#2152=AXIS2_PLACEMENT_3D('',#3200,#2570,#2571);
#2153=AXIS2_PLACEMENT_3D('',#3204,#2574,#2575);
#2154=AXIS2_PLACEMENT_3D('',#3206,#2577,#2578);
#2155=AXIS2_PLACEMENT_3D('',#3209,#2580,#2581);
#2156=AXIS2_PLACEMENT_3D('',#3210,#2582,#2583);
#2157=AXIS2_PLACEMENT_3D('',#3212,#2585,#2586);
#2158=AXIS2_PLACEMENT_3D('',#3216,#2589,#2590);
#2159=AXIS2_PLACEMENT_3D('',#3218,#2592,#2593);
#2160=AXIS2_PLACEMENT_3D('',#3219,#2594,#2595);
#2161=AXIS2_PLACEMENT_3D('',#3222,#2597,#2598);
#2162=AXIS2_PLACEMENT_3D('',#3224,#2600,#2601);
#2163=AXIS2_PLACEMENT_3D('',#3228,#2604,#2605);
#2164=AXIS2_PLACEMENT_3D('',#3230,#2607,#2608);
#2165=AXIS2_PLACEMENT_3D('',#3231,#2609,#2610);
#2166=AXIS2_PLACEMENT_3D('',#3234,#2612,#2613);
#2167=AXIS2_PLACEMENT_3D('',#3235,#2614,#2615);
#2168=AXIS2_PLACEMENT_3D('',#3238,#2617,#2618);
#2169=AXIS2_PLACEMENT_3D('',#3242,#2621,#2622);
#2170=AXIS2_PLACEMENT_3D('',#3246,#2625,#2626);
#2171=AXIS2_PLACEMENT_3D('',#3249,#2628,#2629);
#2172=AXIS2_PLACEMENT_3D('',#3250,#2630,#2631);
#2173=AXIS2_PLACEMENT_3D('',#3251,#2632,#2633);
#2174=AXIS2_PLACEMENT_3D('',#3254,#2635,#2636);
#2175=AXIS2_PLACEMENT_3D('',#3258,#2639,#2640);
#2176=AXIS2_PLACEMENT_3D('',#3262,#2643,#2644);
#2177=AXIS2_PLACEMENT_3D('',#3265,#2646,#2647);
#2178=AXIS2_PLACEMENT_3D('',#3266,#2648,#2649);
#2179=AXIS2_PLACEMENT_3D('',#3267,#2650,#2651);
#2180=AXIS2_PLACEMENT_3D('',#3270,#2653,#2654);
#2181=AXIS2_PLACEMENT_3D('',#3274,#2657,#2658);
#2182=AXIS2_PLACEMENT_3D('',#3278,#2661,#2662);
#2183=AXIS2_PLACEMENT_3D('',#3281,#2664,#2665);
#2184=AXIS2_PLACEMENT_3D('',#3282,#2666,#2667);
#2185=AXIS2_PLACEMENT_3D('',#3283,#2668,#2669);
#2186=AXIS2_PLACEMENT_3D('',#3286,#2671,#2672);
#2187=AXIS2_PLACEMENT_3D('',#3290,#2675,#2676);
#2188=AXIS2_PLACEMENT_3D('',#3294,#2679,#2680);
#2189=AXIS2_PLACEMENT_3D('',#3297,#2682,#2683);
#2190=AXIS2_PLACEMENT_3D('',#3298,#2684,#2685);
#2191=AXIS2_PLACEMENT_3D('',#3299,#2686,#2687);
#2192=AXIS2_PLACEMENT_3D('',#3302,#2689,#2690);
#2193=AXIS2_PLACEMENT_3D('',#3306,#2693,#2694);
#2194=AXIS2_PLACEMENT_3D('',#3310,#2697,#2698);
#2195=AXIS2_PLACEMENT_3D('',#3311,#2699,#2700);
#2196=AXIS2_PLACEMENT_3D('',#3312,#2701,#2702);
#2197=AXIS2_PLACEMENT_3D('',#3313,#2703,#2704);
#2198=AXIS2_PLACEMENT_3D('',#3315,#2705,#2706);
#2199=AXIS2_PLACEMENT_3D('',#3316,#2707,#2708);
#2200=AXIS2_PLACEMENT_3D('',#3318,#2709,#2710);
#2201=AXIS2_PLACEMENT_3D('',#3319,#2711,#2712);
#2202=AXIS2_PLACEMENT_3D('',#3320,#2713,#2714);
#2203=AXIS2_PLACEMENT_3D('',#3322,#2715,#2716);
#2204=AXIS2_PLACEMENT_3D('',#3323,#2717,#2718);
#2205=AXIS2_PLACEMENT_3D('',#3325,#2719,#2720);
#2206=AXIS2_PLACEMENT_3D('',#3326,#2721,#2722);
#2207=AXIS2_PLACEMENT_3D('',#3327,#2723,#2724);
#2208=AXIS2_PLACEMENT_3D('',#3329,#2725,#2726);
#2209=AXIS2_PLACEMENT_3D('',#3330,#2727,#2728);
#2210=AXIS2_PLACEMENT_3D('',#3332,#2729,#2730);
#2211=AXIS2_PLACEMENT_3D('',#3333,#2731,#2732);
#2212=AXIS2_PLACEMENT_3D('',#3334,#2733,#2734);
#2213=AXIS2_PLACEMENT_3D('',#3336,#2735,#2736);
#2214=AXIS2_PLACEMENT_3D('',#3337,#2737,#2738);
#2215=AXIS2_PLACEMENT_3D('',#3339,#2739,#2740);
#2216=AXIS2_PLACEMENT_3D('',#3340,#2741,#2742);
#2217=AXIS2_PLACEMENT_3D('',#3341,#2743,#2744);
#2218=AXIS2_PLACEMENT_3D('',#3343,#2745,#2746);
#2219=AXIS2_PLACEMENT_3D('',#3344,#2747,#2748);
#2220=AXIS2_PLACEMENT_3D('',#3346,#2749,#2750);
#2221=AXIS2_PLACEMENT_3D('',#3347,#2751,#2752);
#2222=AXIS2_PLACEMENT_3D('',#3348,#2753,#2754);
#2223=AXIS2_PLACEMENT_3D('',#3350,#2755,#2756);
#2224=AXIS2_PLACEMENT_3D('',#3351,#2757,#2758);
#2225=AXIS2_PLACEMENT_3D('',#3353,#2759,#2760);
#2226=AXIS2_PLACEMENT_3D('',#3354,#2761,#2762);
#2227=AXIS2_PLACEMENT_3D('',#3355,#2763,#2764);
#2228=AXIS2_PLACEMENT_3D('',#3356,#2765,#2766);
#2229=AXIS2_PLACEMENT_3D('',#3362,#2770,#2771);
#2230=AXIS2_PLACEMENT_3D('',#3366,#2773,#2774);
#2231=AXIS2_PLACEMENT_3D('',#3371,#2777,#2778);
#2232=AXIS2_PLACEMENT_3D('',#3375,#2780,#2781);
#2233=AXIS2_PLACEMENT_3D('',#3376,#2782,#2783);
#2234=AXIS2_PLACEMENT_3D('',#3382,#2787,#2788);
#2235=AXIS2_PLACEMENT_3D('',#3389,#2792,#2793);
#2236=AXIS2_PLACEMENT_3D('',#3390,#2794,#2795);
#2237=AXIS2_PLACEMENT_3D('',#3391,#2796,#2797);
#2238=AXIS2_PLACEMENT_3D('',#3400,#2802,#2803);
#2239=AXIS2_PLACEMENT_3D('',#3404,#2805,#2806);
#2240=AXIS2_PLACEMENT_3D('',#3405,#2807,#2808);
#2241=AXIS2_PLACEMENT_3D('',#3410,#2811,#2812);
#2242=AXIS2_PLACEMENT_3D('',#3414,#2814,#2815);
#2243=AXIS2_PLACEMENT_3D('',#3415,#2816,#2817);
#2244=AXIS2_PLACEMENT_3D('',#3419,#2820,#2821);
#2245=AXIS2_PLACEMENT_3D('',#3420,#2822,#2823);
#2246=AXIS2_PLACEMENT_3D('',#3424,#2825,#2826);
#2247=AXIS2_PLACEMENT_3D('',#3428,#2828,#2829);
#2248=AXIS2_PLACEMENT_3D('',#3431,#2831,#2832);
#2249=AXIS2_PLACEMENT_3D('',#3432,#2833,#2834);
#2250=AXIS2_PLACEMENT_3D('',#3434,#2836,#2837);
#2251=AXIS2_PLACEMENT_3D('',#3437,#2840,#2841);
#2252=AXIS2_PLACEMENT_3D('',#3440,#2844,#2845);
#2253=AXIS2_PLACEMENT_3D('',#3446,#2849,#2850);
#2254=AXIS2_PLACEMENT_3D('',#3449,#2853,#2854);
#2255=AXIS2_PLACEMENT_3D('',#3450,#2855,#2856);
#2256=AXIS2_PLACEMENT_3D('',#3451,#2857,#2858);
#2257=AXIS2_PLACEMENT_3D('',#3452,#2859,#2860);
#2258=AXIS2_PLACEMENT_3D('',#3453,#2861,#2862);
#2259=AXIS2_PLACEMENT_3D('',#3454,#2863,#2864);
#2260=AXIS2_PLACEMENT_3D('',#3455,#2865,#2866);
#2261=AXIS2_PLACEMENT_3D('',#3456,#2867,#2868);
#2262=AXIS2_PLACEMENT_3D('',#3457,#2869,#2870);
#2263=AXIS2_PLACEMENT_3D('',#3458,#2871,#2872);
#2264=AXIS2_PLACEMENT_3D('',#3459,#2873,#2874);
#2265=DIRECTION('',(0.,0.,1.));
#2266=DIRECTION('',(1.,0.,0.));
#2267=DIRECTION('',(0.,0.,1.));
#2268=DIRECTION('',(1.,0.,0.));
#2269=DIRECTION('',(0.,0.,1.));
#2270=DIRECTION('',(1.,0.,0.));
#2271=DIRECTION('',(-2.04085114820801E-16,-1.,0.));
#2272=DIRECTION('',(0.,0.,1.));
#2273=DIRECTION('',(1.,0.,0.));
#2274=DIRECTION('',(-1.,0.,0.));
#2275=DIRECTION('',(0.,0.,1.));
#2276=DIRECTION('',(1.,0.,0.));
#2277=DIRECTION('',(-2.04085114820801E-16,-1.,0.));
#2278=DIRECTION('',(0.,0.,1.));
#2279=DIRECTION('',(1.,0.,0.));
#2280=DIRECTION('',(-1.,0.,0.));
#2281=DIRECTION('',(0.,0.,-1.));
#2282=DIRECTION('',(-1.,0.,0.));
#2283=DIRECTION('',(0.,0.,-1.));
#2284=DIRECTION('',(-1.,0.,0.));
#2285=DIRECTION('',(0.,0.,-1.));
#2286=DIRECTION('',(-1.,0.,0.));
#2287=DIRECTION('',(0.,0.,-1.));
#2288=DIRECTION('',(-1.,0.,0.));
#2289=DIRECTION('',(0.,0.,-1.));
#2290=DIRECTION('',(-1.,0.,0.));
#2291=DIRECTION('',(0.,0.,-1.));
#2292=DIRECTION('',(-1.,0.,0.));
#2293=DIRECTION('',(0.,-1.,0.));
#2294=DIRECTION('',(0.,0.,1.));
#2295=DIRECTION('',(1.,0.,0.));
#2296=DIRECTION('',(1.,0.,0.));
#2297=DIRECTION('',(0.,0.,1.));
#2298=DIRECTION('',(1.,0.,0.));
#2299=DIRECTION('',(0.,-1.,0.));
#2300=DIRECTION('',(0.,0.,1.));
#2301=DIRECTION('',(1.,0.,0.));
#2302=DIRECTION('',(1.,0.,0.));
#2303=DIRECTION('',(0.,0.,1.));
#2304=DIRECTION('',(1.,0.,0.));
#2305=DIRECTION('',(-1.,-1.7347234759768E-16,0.));
#2306=DIRECTION('',(6.50521303491303E-17,-1.,0.));
#2307=DIRECTION('',(-1.,0.,0.));
#2308=DIRECTION('',(8.67361737988404E-17,-1.,0.));
#2309=DIRECTION('',(0.,-1.,0.));
#2310=DIRECTION('',(-1.,1.73472347597681E-16,0.));
#2311=DIRECTION('',(0.,-1.,0.));
#2312=DIRECTION('',(-1.,0.,0.));
#2313=DIRECTION('',(1.,0.,0.));
#2314=DIRECTION('',(0.,0.,-1.));
#2315=DIRECTION('',(0.,-1.,0.));
#2316=DIRECTION('',(0.,0.,-1.));
#2317=DIRECTION('',(0.,0.,-1.));
#2318=DIRECTION('',(0.,0.,-1.));
#2319=DIRECTION('',(-1.,0.,0.));
#2320=DIRECTION('',(0.,0.,1.));
#2321=DIRECTION('',(1.,0.,0.));
#2322=DIRECTION('',(0.,0.,-1.));
#2323=DIRECTION('',(0.,1.,0.));
#2324=DIRECTION('',(0.,0.,1.));
#2325=DIRECTION('',(1.,0.,0.));
#2326=DIRECTION('',(0.,0.,-1.));
#2327=DIRECTION('',(0.,0.,-1.));
#2328=DIRECTION('',(-1.,0.,0.));
#2329=DIRECTION('',(0.,0.,1.));
#2330=DIRECTION('',(1.,0.,0.));
#2331=DIRECTION('',(0.,0.,-1.));
#2332=DIRECTION('',(1.,0.,0.));
#2333=DIRECTION('',(0.,0.,-1.));
#2334=DIRECTION('',(0.,-1.,0.));
#2335=DIRECTION('',(0.,0.,-1.));
#2336=DIRECTION('',(0.,0.,-1.));
#2337=DIRECTION('',(-1.,0.,0.));
#2338=DIRECTION('',(0.,0.,1.));
#2339=DIRECTION('',(1.,0.,0.));
#2340=DIRECTION('',(0.,0.,-1.));
#2341=DIRECTION('',(0.,1.,0.));
#2342=DIRECTION('',(0.,0.,1.));
#2343=DIRECTION('',(1.,0.,0.));
#2344=DIRECTION('',(0.,0.,-1.));
#2345=DIRECTION('',(0.,0.,-1.));
#2346=DIRECTION('',(-1.,0.,0.));
#2347=DIRECTION('',(0.,0.,-1.));
#2348=DIRECTION('',(0.,0.,1.));
#2349=DIRECTION('',(1.,0.,0.));
#2350=DIRECTION('',(0.,0.,-1.));
#2351=DIRECTION('',(0.,-1.,0.));
#2352=DIRECTION('',(0.,0.,-1.));
#2353=DIRECTION('',(1.,0.,0.));
#2354=DIRECTION('',(0.,0.,-1.));
#2355=DIRECTION('',(0.,0.,-1.));
#2356=DIRECTION('',(-1.,0.,0.));
#2357=DIRECTION('',(0.,0.,1.));
#2358=DIRECTION('',(1.,0.,0.));
#2359=DIRECTION('',(0.,0.,-1.));
#2360=DIRECTION('',(-1.,2.04085114820801E-16,0.));
#2361=DIRECTION('',(-2.04085114820801E-16,-1.,0.));
#2362=DIRECTION('',(0.,0.,-1.));
#2363=DIRECTION('',(-2.04085114820801E-16,-1.,0.));
#2364=DIRECTION('',(0.,-1.,0.));
#2365=DIRECTION('',(-2.04085114820801E-16,-1.,0.));
#2366=DIRECTION('',(0.,0.,-1.));
#2367=DIRECTION('',(-1.,0.,0.));
#2368=DIRECTION('',(0.,0.,1.));
#2369=DIRECTION('',(1.,0.,0.));
#2370=DIRECTION('',(0.,0.,-1.));
#2371=DIRECTION('',(0.,-1.,0.));
#2372=DIRECTION('',(0.,0.,-1.));
#2373=DIRECTION('',(-1.,0.,0.));
#2374=DIRECTION('',(0.,0.,-1.));
#2375=DIRECTION('',(0.,0.,-1.));
#2376=DIRECTION('',(-1.,0.,0.));
#2377=DIRECTION('',(0.,0.,1.));
#2378=DIRECTION('',(1.,0.,0.));
#2379=DIRECTION('',(0.,0.,-1.));
#2380=DIRECTION('',(-1.,0.,0.));
#2381=DIRECTION('',(0.,0.,1.));
#2382=DIRECTION('',(0.,1.,0.));
#2383=DIRECTION('',(0.,-1.,0.));
#2384=DIRECTION('',(2.04085114820801E-16,1.,0.));
#2385=DIRECTION('',(0.,0.,-1.));
#2386=DIRECTION('',(-1.,0.,0.));
#2387=DIRECTION('',(0.,0.,1.));
#2388=DIRECTION('',(1.,0.,0.));
#2389=DIRECTION('',(0.,0.,1.));
#2390=DIRECTION('',(1.,0.,0.));
#2391=DIRECTION('',(0.,0.,1.));
#2392=DIRECTION('',(1.,0.,0.));
#2393=DIRECTION('',(0.,0.,1.));
#2394=DIRECTION('',(1.,0.,0.));
#2395=DIRECTION('',(0.,0.,1.));
#2396=DIRECTION('',(1.,0.,0.));
#2397=DIRECTION('',(0.,0.,1.));
#2398=DIRECTION('',(1.,0.,0.));
#2399=DIRECTION('',(0.,0.,1.));
#2400=DIRECTION('',(1.,0.,0.));
#2401=DIRECTION('',(0.,0.,1.));
#2402=DIRECTION('',(1.,0.,0.));
#2403=DIRECTION('',(1.,0.,0.));
#2404=DIRECTION('',(0.,-1.,0.));
#2405=DIRECTION('',(0.,0.,1.));
#2406=DIRECTION('',(1.,0.,0.));
#2407=DIRECTION('',(1.,0.,0.));
#2408=DIRECTION('',(0.,0.,1.));
#2409=DIRECTION('',(1.,0.,0.));
#2410=DIRECTION('',(0.,1.,0.));
#2411=DIRECTION('',(0.,0.,1.));
#2412=DIRECTION('',(1.,0.,0.));
#2413=DIRECTION('',(-1.,0.,0.));
#2414=DIRECTION('',(0.,0.,1.));
#2415=DIRECTION('',(1.,0.,0.));
#2416=DIRECTION('',(2.04085114820801E-16,-1.,0.));
#2417=DIRECTION('',(-1.,0.,0.));
#2418=DIRECTION('',(0.,1.,0.));
#2419=DIRECTION('',(0.,0.,1.));
#2420=DIRECTION('',(1.,0.,0.));
#2421=DIRECTION('',(-1.,0.,0.));
#2422=DIRECTION('',(0.,0.,1.));
#2423=DIRECTION('',(1.,0.,0.));
#2424=DIRECTION('',(7.65319180578002E-17,-1.,0.));
#2425=DIRECTION('',(-1.,0.,0.));
#2426=DIRECTION('',(2.04085114820801E-16,1.,0.));
#2427=DIRECTION('',(0.,0.,1.));
#2428=DIRECTION('',(1.,0.,0.));
#2429=DIRECTION('',(-1.,0.,0.));
#2430=DIRECTION('',(0.,0.,1.));
#2431=DIRECTION('',(1.,0.,0.));
#2432=DIRECTION('',(-2.04085114820801E-16,-1.,0.));
#2433=DIRECTION('',(-1.,4.33680868994203E-16,0.));
#2434=DIRECTION('',(2.04085114820801E-16,1.,0.));
#2435=DIRECTION('',(0.,0.,1.));
#2436=DIRECTION('',(1.,0.,0.));
#2437=DIRECTION('',(-1.,0.,0.));
#2438=DIRECTION('',(0.,0.,1.));
#2439=DIRECTION('',(1.,0.,0.));
#2440=DIRECTION('',(-2.77555756156289E-16,-1.,0.));
#2441=DIRECTION('',(0.,0.,1.));
#2442=DIRECTION('',(1.,0.,0.));
#2443=DIRECTION('',(1.,0.,0.));
#2444=DIRECTION('',(0.,0.,1.));
#2445=DIRECTION('',(1.,0.,0.));
#2446=DIRECTION('',(8.16340459283203E-16,1.,0.));
#2447=DIRECTION('',(1.,0.,0.));
#2448=DIRECTION('',(0.,-1.,0.));
#2449=DIRECTION('',(0.,0.,1.));
#2450=DIRECTION('',(1.,0.,0.));
#2451=DIRECTION('',(1.,0.,0.));
#2452=DIRECTION('',(0.,0.,1.));
#2453=DIRECTION('',(1.,0.,0.));
#2454=DIRECTION('',(2.04085114820801E-16,1.,0.));
#2455=DIRECTION('',(1.,0.,0.));
#2456=DIRECTION('',(2.29595754173401E-16,-1.,0.));
#2457=DIRECTION('',(0.,0.,1.));
#2458=DIRECTION('',(1.,0.,0.));
#2459=DIRECTION('',(1.,0.,0.));
#2460=DIRECTION('',(0.,0.,1.));
#2461=DIRECTION('',(1.,0.,0.));
#2462=DIRECTION('',(0.,1.,0.));
#2463=DIRECTION('',(0.,0.,1.));
#2464=DIRECTION('',(1.,0.,0.));
#2465=DIRECTION('',(-0.707106781186547,0.,0.707106781186548));
#2466=DIRECTION('',(0.,0.707106781186547,-0.707106781186548));
#2467=DIRECTION('',(0.,0.,1.));
#2468=DIRECTION('',(1.,0.,0.));
#2469=DIRECTION('',(-3.06658683336675E-16,-0.707106781186548,-0.707106781186548));
#2470=DIRECTION('',(1.,-4.33680868994203E-16,0.));
#2471=DIRECTION('',(0.,0.707106781186547,-0.707106781186548));
#2472=DIRECTION('',(1.,-4.33680868994203E-16,0.));
#2473=DIRECTION('',(-0.707106781186547,1.44309968629023E-16,-0.707106781186548));
#2474=DIRECTION('',(-2.04085114820801E-16,-1.,0.));
#2475=DIRECTION('',(-2.04085114820801E-16,-1.,0.));
#2476=DIRECTION('',(-0.707106781186548,0.,0.707106781186547));
#2477=DIRECTION('',(0.,0.,1.));
#2478=DIRECTION('',(1.,0.,0.));
#2479=DIRECTION('',(0.,0.,1.));
#2480=DIRECTION('',(1.,0.,0.));
#2481=DIRECTION('',(-0.707106781186548,0.,-0.707106781186547));
#2482=DIRECTION('',(0.,0.,-1.));
#2483=DIRECTION('',(-1.,0.,0.));
#2484=DIRECTION('',(0.,0.,1.));
#2485=DIRECTION('',(1.,0.,0.));
#2486=DIRECTION('',(0.,-0.707106781186548,0.707106781186547));
#2487=DIRECTION('',(0.707106781186547,-1.44309968629023E-16,-0.707106781186548));
#2488=DIRECTION('',(2.04085114820801E-16,1.,0.));
#2489=DIRECTION('',(-0.707106781186548,0.,-0.707106781186547));
#2490=DIRECTION('',(0.,-0.707106781186547,-0.707106781186548));
#2491=DIRECTION('',(1.,0.,0.));
#2492=DIRECTION('',(1.,0.,0.));
#2493=DIRECTION('',(0.,-0.707106781186548,0.707106781186547));
#2494=DIRECTION('',(0.,0.,-1.));
#2495=DIRECTION('',(-1.,0.,0.));
#2496=DIRECTION('',(0.,0.707106781186548,-0.707106781186547));
#2497=DIRECTION('',(0.,0.,-1.));
#2498=DIRECTION('',(-1.,0.,0.));
#2499=DIRECTION('',(0.,0.,1.));
#2500=DIRECTION('',(1.,0.,0.));
#2501=DIRECTION('',(0.707106781186548,-2.4532694666934E-15,0.707106781186547));
#2502=DIRECTION('',(0.,-0.707106781186547,-0.707106781186548));
#2503=DIRECTION('',(1.,0.,0.));
#2504=DIRECTION('',(0.,0.707106781186548,-0.707106781186547));
#2505=DIRECTION('',(-0.707106781186547,1.96261557335471E-16,0.707106781186548));
#2506=DIRECTION('',(2.77555756156289E-16,1.,0.));
#2507=DIRECTION('',(2.77555756156289E-16,1.,0.));
#2508=DIRECTION('',(0.707106781186549,0.,0.707106781186546));
#2509=DIRECTION('',(0.,0.,-1.));
#2510=DIRECTION('',(-1.,0.,0.));
#2511=DIRECTION('',(0.707106781186548,0.,-0.707106781186548));
#2512=DIRECTION('',(0.,0.,-1.));
#2513=DIRECTION('',(-1.,0.,0.));
#2514=DIRECTION('',(0.,0.,1.));
#2515=DIRECTION('',(1.,0.,0.));
#2516=DIRECTION('',(0.,0.707106781186547,0.707106781186548));
#2517=DIRECTION('',(0.707106781186548,-1.44309968629023E-16,0.707106781186548));
#2518=DIRECTION('',(-2.04085114820801E-16,-1.,0.));
#2519=DIRECTION('',(0.707106781186548,1.2266347333467E-15,-0.707106781186548));
#2520=DIRECTION('',(0.,-0.707106781186547,0.707106781186548));
#2521=DIRECTION('',(-1.,0.,0.));
#2522=DIRECTION('',(-1.,0.,0.));
#2523=DIRECTION('',(0.,0.707106781186548,0.707106781186547));
#2524=DIRECTION('',(0.,0.,1.));
#2525=DIRECTION('',(1.,0.,0.));
#2526=DIRECTION('',(0.,0.,1.));
#2527=DIRECTION('',(1.,0.,0.));
#2528=DIRECTION('',(0.,0.707106781186547,-0.707106781186549));
#2529=DIRECTION('',(0.,0.,-1.));
#2530=DIRECTION('',(-1.,0.,0.));
#2531=DIRECTION('',(0.,0.,1.));
#2532=DIRECTION('',(1.,0.,0.));
#2533=DIRECTION('',(-0.707106781186547,2.4532694666934E-15,0.707106781186548));
#2534=DIRECTION('',(0.,0.707106781186548,0.707106781186548));
#2535=DIRECTION('',(1.,0.,0.));
#2536=DIRECTION('',(6.1331736667335E-16,0.707106781186548,-0.707106781186548));
#2537=DIRECTION('',(1.,0.,0.));
#2538=DIRECTION('',(-0.707106781186547,5.77239874516093E-16,-0.707106781186548));
#2539=DIRECTION('',(-8.16340459283203E-16,-1.,0.));
#2540=DIRECTION('',(-8.16340459283203E-16,-1.,0.));
#2541=DIRECTION('',(-0.707106781186548,6.13317366673349E-16,0.707106781186547));
#2542=DIRECTION('',(0.,0.,1.));
#2543=DIRECTION('',(1.,0.,0.));
#2544=DIRECTION('',(0.,0.,1.));
#2545=DIRECTION('',(1.,0.,0.));
#2546=DIRECTION('',(-0.707106781186547,0.,-0.707106781186548));
#2547=DIRECTION('',(0.,0.,1.));
#2548=DIRECTION('',(1.,0.,0.));
#2549=DIRECTION('',(0.,0.,1.));
#2550=DIRECTION('',(1.,0.,0.));
#2551=DIRECTION('',(0.,0.707106781186548,0.707106781186548));
#2552=DIRECTION('',(0.707106781186548,5.41162382358837E-17,-0.707106781186547));
#2553=DIRECTION('',(-7.65319180578002E-17,1.,0.));
#2554=DIRECTION('',(-0.707106781186547,0.,-0.707106781186548));
#2555=DIRECTION('',(-7.65319180578002E-17,1.,0.));
#2556=DIRECTION('',(0.,-0.707106781186548,0.707106781186548));
#2557=DIRECTION('',(-1.,0.,0.));
#2558=DIRECTION('',(-1.,0.,0.));
#2559=DIRECTION('',(0.,0.707106781186548,0.707106781186548));
#2560=DIRECTION('',(0.,0.,-1.));
#2561=DIRECTION('',(-1.,0.,0.));
#2562=DIRECTION('',(0.,0.707106781186548,-0.707106781186547));
#2563=DIRECTION('',(0.,0.,1.));
#2564=DIRECTION('',(1.,0.,0.));
#2565=DIRECTION('',(0.,0.,1.));
#2566=DIRECTION('',(1.,0.,0.));
#2567=DIRECTION('',(0.,0.,1.));
#2568=DIRECTION('',(1.,0.,0.));
#2569=DIRECTION('',(0.707106781186548,-2.4532694666934E-15,0.707106781186547));
#2570=DIRECTION('',(0.,-0.707106781186547,-0.707106781186548));
#2571=DIRECTION('',(1.,0.,0.));
#2572=DIRECTION('',(0.,0.707106781186548,-0.707106781186547));
#2573=DIRECTION('',(1.,0.,0.));
#2574=DIRECTION('',(-0.707106781186547,0.,0.707106781186548));
#2575=DIRECTION('',(0.,1.,0.));
#2576=DIRECTION('',(0.707106781186548,0.,0.707106781186547));
#2577=DIRECTION('',(0.,0.,-1.));
#2578=DIRECTION('',(-1.,0.,0.));
#2579=DIRECTION('',(0.707106781186548,0.,-0.707106781186547));
#2580=DIRECTION('',(0.,0.,1.));
#2581=DIRECTION('',(1.,0.,0.));
#2582=DIRECTION('',(0.,0.,-1.));
#2583=DIRECTION('',(-1.,0.,0.));
#2584=DIRECTION('',(0.,0.707106781186547,0.707106781186548));
#2585=DIRECTION('',(0.707106781186547,0.,0.707106781186548));
#2586=DIRECTION('',(0.,-1.,0.));
#2587=DIRECTION('',(0.707106781186548,0.,-0.707106781186547));
#2588=DIRECTION('',(0.,-1.,0.));
#2589=DIRECTION('',(0.,-0.707106781186548,0.707106781186547));
#2590=DIRECTION('',(-1.,0.,0.));
#2591=DIRECTION('',(0.,0.707106781186547,0.707106781186548));
#2592=DIRECTION('',(0.,0.,1.));
#2593=DIRECTION('',(1.,0.,0.));
#2594=DIRECTION('',(0.,0.,1.));
#2595=DIRECTION('',(1.,0.,0.));
#2596=DIRECTION('',(0.,0.707106781186547,-0.707106781186548));
#2597=DIRECTION('',(0.,0.,-1.));
#2598=DIRECTION('',(-1.,0.,0.));
#2599=DIRECTION('',(-0.707106781186548,0.,0.707106781186548));
#2600=DIRECTION('',(0.,0.707106781186547,0.707106781186548));
#2601=DIRECTION('',(1.,0.,0.));
#2602=DIRECTION('',(0.,0.707106781186548,-0.707106781186547));
#2603=DIRECTION('',(1.,0.,0.));
#2604=DIRECTION('',(-0.707106781186548,1.44309968629023E-16,-0.707106781186548));
#2605=DIRECTION('',(-2.04085114820801E-16,-1.,0.));
#2606=DIRECTION('',(-0.707106781186548,0.,0.707106781186548));
#2607=DIRECTION('',(0.,0.,1.));
#2608=DIRECTION('',(1.,0.,0.));
#2609=DIRECTION('',(0.,0.,1.));
#2610=DIRECTION('',(1.,0.,0.));
#2611=DIRECTION('',(-0.707106781186547,0.,-0.707106781186548));
#2612=DIRECTION('',(0.,0.,1.));
#2613=DIRECTION('',(1.,0.,0.));
#2614=DIRECTION('',(0.,0.,1.));
#2615=DIRECTION('',(1.,0.,0.));
#2616=DIRECTION('',(0.,0.707106781186548,0.707106781186548));
#2617=DIRECTION('',(0.707106781186548,1.44309968629023E-16,-0.707106781186547));
#2618=DIRECTION('',(-2.04085114820801E-16,1.,0.));
#2619=DIRECTION('',(-0.707106781186548,0.,-0.707106781186548));
#2620=DIRECTION('',(-2.04085114820801E-16,1.,0.));
#2621=DIRECTION('',(0.,-0.707106781186548,0.707106781186548));
#2622=DIRECTION('',(-1.,0.,0.));
#2623=DIRECTION('',(-1.,0.,0.));
#2624=DIRECTION('',(0.,0.707106781186548,0.707106781186548));
#2625=DIRECTION('',(0.,0.,-1.));
#2626=DIRECTION('',(-1.,0.,0.));
#2627=DIRECTION('',(0.,0.707106781186548,-0.707106781186547));
#2628=DIRECTION('',(0.,0.,1.));
#2629=DIRECTION('',(1.,0.,0.));
#2630=DIRECTION('',(0.,0.,1.));
#2631=DIRECTION('',(1.,0.,0.));
#2632=DIRECTION('',(0.,0.,1.));
#2633=DIRECTION('',(1.,0.,0.));
#2634=DIRECTION('',(0.707106781186548,-3.06658683336675E-16,0.707106781186548));
#2635=DIRECTION('',(0.,-0.707106781186547,-0.707106781186548));
#2636=DIRECTION('',(1.,0.,0.));
#2637=DIRECTION('',(0.,0.707106781186548,-0.707106781186547));
#2638=DIRECTION('',(1.,0.,0.));
#2639=DIRECTION('',(-0.707106781186548,-1.62348714707652E-16,0.707106781186548));
#2640=DIRECTION('',(-2.29595754173401E-16,1.,0.));
#2641=DIRECTION('',(-2.29595754173401E-16,1.,0.));
#2642=DIRECTION('',(0.707106781186548,0.,0.707106781186548));
#2643=DIRECTION('',(0.,0.,-1.));
#2644=DIRECTION('',(-1.,0.,0.));
#2645=DIRECTION('',(0.707106781186549,0.,-0.707106781186546));
#2646=DIRECTION('',(0.,0.,1.));
#2647=DIRECTION('',(1.,0.,0.));
#2648=DIRECTION('',(0.,0.,-1.));
#2649=DIRECTION('',(-1.,0.,0.));
#2650=DIRECTION('',(0.,0.,1.));
#2651=DIRECTION('',(1.,0.,0.));
#2652=DIRECTION('',(-1.53329341668337E-16,0.707106781186547,0.707106781186548));
#2653=DIRECTION('',(0.707106781186547,0.,0.707106781186548));
#2654=DIRECTION('',(0.,-1.,0.));
#2655=DIRECTION('',(0.707106781186548,0.,-0.707106781186547));
#2656=DIRECTION('',(0.,-1.,0.));
#2657=DIRECTION('',(0.,-0.707106781186548,0.707106781186547));
#2658=DIRECTION('',(-1.,0.,0.));
#2659=DIRECTION('',(-1.,0.,0.));
#2660=DIRECTION('',(0.,0.707106781186547,0.707106781186548));
#2661=DIRECTION('',(0.,0.,-1.));
#2662=DIRECTION('',(-1.,0.,0.));
#2663=DIRECTION('',(0.,-0.707106781186547,-0.707106781186548));
#2664=DIRECTION('',(0.,0.,1.));
#2665=DIRECTION('',(1.,0.,0.));
#2666=DIRECTION('',(0.,0.,-1.));
#2667=DIRECTION('',(-1.,0.,0.));
#2668=DIRECTION('',(0.,0.,1.));
#2669=DIRECTION('',(1.,0.,0.));
#2670=DIRECTION('',(-0.707106781186547,0.,0.707106781186548));
#2671=DIRECTION('',(0.,-0.707106781186547,0.707106781186548));
#2672=DIRECTION('',(-1.,0.,0.));
#2673=DIRECTION('',(0.,-0.707106781186548,-0.707106781186547));
#2674=DIRECTION('',(-1.,0.,0.));
#2675=DIRECTION('',(-0.707106781186548,0.,-0.707106781186547));
#2676=DIRECTION('',(0.,-1.,0.));
#2677=DIRECTION('',(0.,-1.,0.));
#2678=DIRECTION('',(-0.707106781186547,0.,0.707106781186548));
#2679=DIRECTION('',(0.,0.,-1.));
#2680=DIRECTION('',(-1.,0.,0.));
#2681=DIRECTION('',(-0.707106781186548,0.,-0.707106781186547));
#2682=DIRECTION('',(0.,0.,1.));
#2683=DIRECTION('',(1.,0.,0.));
#2684=DIRECTION('',(0.,0.,1.));
#2685=DIRECTION('',(1.,0.,0.));
#2686=DIRECTION('',(0.,0.,1.));
#2687=DIRECTION('',(1.,0.,0.));
#2688=DIRECTION('',(0.,0.707106781186548,0.707106781186548));
#2689=DIRECTION('',(-0.707106781186548,0.,0.707106781186547));
#2690=DIRECTION('',(0.,1.,0.));
#2691=DIRECTION('',(-0.707106781186547,0.,-0.707106781186548));
#2692=DIRECTION('',(0.,1.,0.));
#2693=DIRECTION('',(0.,0.707106781186548,-0.707106781186548));
#2694=DIRECTION('',(-1.,0.,0.));
#2695=DIRECTION('',(-1.,0.,0.));
#2696=DIRECTION('',(0.,0.707106781186548,0.707106781186548));
#2697=DIRECTION('',(0.,0.,1.));
#2698=DIRECTION('',(1.,0.,0.));
#2699=DIRECTION('',(0.,0.,1.));
#2700=DIRECTION('',(1.,0.,0.));
#2701=DIRECTION('',(0.,0.,-1.));
#2702=DIRECTION('',(-1.,0.,0.));
#2703=DIRECTION('',(0.,0.,-1.));
#2704=DIRECTION('',(-1.,0.,0.));
#2705=DIRECTION('',(0.,0.,1.));
#2706=DIRECTION('',(1.,0.,0.));
#2707=DIRECTION('',(0.,0.,-1.));
#2708=DIRECTION('',(-1.,0.,0.));
#2709=DIRECTION('',(0.,0.,-1.));
#2710=DIRECTION('',(-1.,0.,0.));
#2711=DIRECTION('',(0.,0.,-1.));
#2712=DIRECTION('',(-1.,0.,0.));
#2713=DIRECTION('',(0.,0.,-1.));
#2714=DIRECTION('',(-1.,0.,0.));
#2715=DIRECTION('',(0.,0.,1.));
#2716=DIRECTION('',(1.,0.,0.));
#2717=DIRECTION('',(0.,0.,-1.));
#2718=DIRECTION('',(-1.,0.,0.));
#2719=DIRECTION('',(0.,0.,-1.));
#2720=DIRECTION('',(-1.,0.,0.));
#2721=DIRECTION('',(0.,0.,-1.));
#2722=DIRECTION('',(-1.,0.,0.));
#2723=DIRECTION('',(0.,0.,-1.));
#2724=DIRECTION('',(-1.,0.,0.));
#2725=DIRECTION('',(0.,0.,1.));
#2726=DIRECTION('',(1.,0.,0.));
#2727=DIRECTION('',(0.,0.,-1.));
#2728=DIRECTION('',(-1.,0.,0.));
#2729=DIRECTION('',(0.,0.,-1.));
#2730=DIRECTION('',(-1.,0.,0.));
#2731=DIRECTION('',(0.,0.,-1.));
#2732=DIRECTION('',(-1.,0.,0.));
#2733=DIRECTION('',(0.,0.,-1.));
#2734=DIRECTION('',(-1.,0.,0.));
#2735=DIRECTION('',(0.,0.,1.));
#2736=DIRECTION('',(1.,0.,0.));
#2737=DIRECTION('',(0.,0.,-1.));
#2738=DIRECTION('',(-1.,0.,0.));
#2739=DIRECTION('',(0.,0.,-1.));
#2740=DIRECTION('',(-1.,0.,0.));
#2741=DIRECTION('',(0.,0.,-1.));
#2742=DIRECTION('',(-1.,0.,0.));
#2743=DIRECTION('',(0.,0.,-1.));
#2744=DIRECTION('',(-1.,0.,0.));
#2745=DIRECTION('',(0.,0.,1.));
#2746=DIRECTION('',(1.,0.,0.));
#2747=DIRECTION('',(0.,0.,-1.));
#2748=DIRECTION('',(-1.,0.,0.));
#2749=DIRECTION('',(0.,0.,-1.));
#2750=DIRECTION('',(-1.,0.,0.));
#2751=DIRECTION('',(0.,0.,-1.));
#2752=DIRECTION('',(-1.,0.,0.));
#2753=DIRECTION('',(0.,0.,-1.));
#2754=DIRECTION('',(-1.,0.,0.));
#2755=DIRECTION('',(0.,0.,1.));
#2756=DIRECTION('',(1.,0.,0.));
#2757=DIRECTION('',(0.,0.,-1.));
#2758=DIRECTION('',(-1.,0.,0.));
#2759=DIRECTION('',(0.,0.,-1.));
#2760=DIRECTION('',(-1.,0.,0.));
#2761=DIRECTION('',(0.,0.,1.));
#2762=DIRECTION('',(1.,0.,0.));
#2763=DIRECTION('',(0.,0.,1.));
#2764=DIRECTION('',(1.,0.,0.));
#2765=DIRECTION('',(1.,8.67361737988404E-17,0.));
#2766=DIRECTION('',(-8.67361737988404E-17,1.,0.));
#2767=DIRECTION('',(0.,0.,-1.));
#2768=DIRECTION('',(8.67361737988404E-17,-1.,0.));
#2769=DIRECTION('',(0.,0.,-1.));
#2770=DIRECTION('',(0.,-1.,0.));
#2771=DIRECTION('',(0.,0.,-1.));
#2772=DIRECTION('',(1.,0.,0.));
#2773=DIRECTION('',(0.,-1.,0.));
#2774=DIRECTION('',(0.,0.,-1.));
#2775=DIRECTION('',(0.,0.,-1.));
#2776=DIRECTION('',(1.,0.,0.));
#2777=DIRECTION('',(0.,-1.,0.));
#2778=DIRECTION('',(0.,0.,-1.));
#2779=DIRECTION('',(0.,0.,-1.));
#2780=DIRECTION('',(0.,-1.,0.));
#2781=DIRECTION('',(0.,0.,-1.));
#2782=DIRECTION('',(1.,6.50521303491303E-17,0.));
#2783=DIRECTION('',(-6.50521303491303E-17,1.,0.));
#2784=DIRECTION('',(6.50521303491303E-17,-1.,0.));
#2785=DIRECTION('',(0.,0.,-1.));
#2786=DIRECTION('',(6.50521303491303E-17,-1.,0.));
#2787=DIRECTION('',(1.7347234759768E-16,-1.,0.));
#2788=DIRECTION('',(1.,1.7347234759768E-16,0.));
#2789=DIRECTION('',(1.,0.,0.));
#2790=DIRECTION('',(0.,0.,-1.));
#2791=DIRECTION('',(1.,0.,0.));
#2792=DIRECTION('',(1.7347234759768E-16,-1.,0.));
#2793=DIRECTION('',(1.,1.7347234759768E-16,0.));
#2794=DIRECTION('',(1.7347234759768E-16,-1.,0.));
#2795=DIRECTION('',(1.,1.7347234759768E-16,0.));
#2796=DIRECTION('',(1.,0.,0.));
#2797=DIRECTION('',(0.,0.,-1.));
#2798=DIRECTION('',(0.,0.,-1.));
#2799=DIRECTION('',(0.,-1.,0.));
#2800=DIRECTION('',(0.,0.,-1.));
#2801=DIRECTION('',(0.,-1.,0.));
#2802=DIRECTION('',(0.,-1.,0.));
#2803=DIRECTION('',(0.,0.,-1.));
#2804=DIRECTION('',(-1.,0.,0.));
#2805=DIRECTION('',(0.,-1.,0.));
#2806=DIRECTION('',(0.,0.,-1.));
#2807=DIRECTION('',(0.,-1.,0.));
#2808=DIRECTION('',(0.,0.,-1.));
#2809=DIRECTION('',(0.,0.,-1.));
#2810=DIRECTION('',(-1.,0.,0.));
#2811=DIRECTION('',(0.,-1.,0.));
#2812=DIRECTION('',(0.,0.,-1.));
#2813=DIRECTION('',(0.,0.,-1.));
#2814=DIRECTION('',(0.,-1.,0.));
#2815=DIRECTION('',(0.,0.,-1.));
#2816=DIRECTION('',(1.,0.,0.));
#2817=DIRECTION('',(0.,0.,-1.));
#2818=DIRECTION('',(0.,0.,-1.));
#2819=DIRECTION('',(0.,-1.,0.));
#2820=DIRECTION('',(-1.73472347597681E-16,-1.,0.));
#2821=DIRECTION('',(1.,-1.73472347597681E-16,0.));
#2822=DIRECTION('',(-1.73472347597681E-16,-1.,0.));
#2823=DIRECTION('',(1.,-1.73472347597681E-16,0.));
#2824=DIRECTION('',(-1.,0.,0.));
#2825=DIRECTION('',(-1.73472347597681E-16,-1.,0.));
#2826=DIRECTION('',(1.,-1.73472347597681E-16,0.));
#2827=DIRECTION('',(0.,0.,-1.));
#2828=DIRECTION('',(-1.73472347597681E-16,-1.,0.));
#2829=DIRECTION('',(1.,-1.73472347597681E-16,0.));
#2830=DIRECTION('',(-1.,0.,0.));
#2831=DIRECTION('',(-1.73472347597681E-16,-1.,0.));
#2832=DIRECTION('',(1.,-1.73472347597681E-16,0.));
#2833=DIRECTION('',(0.,0.,1.));
#2834=DIRECTION('',(1.,0.,0.));
#2835=DIRECTION('',(0.,-1.,0.));
#2836=DIRECTION('',(1.,0.,0.));
#2837=DIRECTION('',(0.,0.,-1.));
#2838=DIRECTION('',(0.,-1.,0.));
#2839=DIRECTION('',(0.,-1.,0.));
#2840=DIRECTION('',(0.,0.,1.));
#2841=DIRECTION('',(1.,0.,0.));
#2842=DIRECTION('',(0.,-1.,0.));
#2843=DIRECTION('',(0.,-1.,0.));
#2844=DIRECTION('',(1.,0.,0.));
#2845=DIRECTION('',(0.,0.,-1.));
#2846=DIRECTION('',(0.,-1.,0.));
#2847=DIRECTION('',(0.,0.,-1.));
#2848=DIRECTION('',(0.,-1.,0.));
#2849=DIRECTION('',(0.,0.,1.));
#2850=DIRECTION('',(1.,0.,0.));
#2851=DIRECTION('',(0.,-1.,0.));
#2852=DIRECTION('',(6.50521303491303E-17,-1.,0.));
#2853=DIRECTION('',(0.,0.,1.));
#2854=DIRECTION('',(1.,0.,0.));
#2855=DIRECTION('',(0.,0.,1.));
#2856=DIRECTION('',(1.,0.,0.));
#2857=DIRECTION('',(6.50521303491303E-17,-1.,0.));
#2858=DIRECTION('',(1.,6.50521303491303E-17,0.));
#2859=DIRECTION('',(0.,1.,0.));
#2860=DIRECTION('',(0.,0.,1.));
#2861=DIRECTION('',(0.,-1.,0.));
#2862=DIRECTION('',(0.,0.,-1.));
#2863=DIRECTION('',(0.,-0.707106781186548,-0.707106781186548));
#2864=DIRECTION('',(0.,-0.707106781186548,0.707106781186548));
#2865=DIRECTION('',(0.,0.,-1.));
#2866=DIRECTION('',(-1.,0.,0.));
#2867=DIRECTION('',(-6.50521303491303E-17,1.,0.));
#2868=DIRECTION('',(-1.,-6.50521303491303E-17,0.));
#2869=DIRECTION('',(0.,-1.,0.));
#2870=DIRECTION('',(0.,0.,-1.));
#2871=DIRECTION('',(0.,-1.,0.));
#2872=DIRECTION('',(0.,0.,-1.));
#2873=DIRECTION('',(0.,1.,0.));
#2874=DIRECTION('',(0.,0.,1.));
#2875=CARTESIAN_POINT('',(0.,0.,0.));
#2876=CARTESIAN_POINT('',(-0.00617381855845452,0.00158116951584817,0.005));
#2877=CARTESIAN_POINT('',(-0.0181738185584546,-0.0234188304841518,0.005));
#2878=CARTESIAN_POINT('',(-0.0231738185584545,-0.0234188304841518,0.005));
#2879=CARTESIAN_POINT('',(-0.0181738185584546,-0.0284188304841518,0.005));
#2880=CARTESIAN_POINT('',(-0.0231738185584545,0.0180811695158482,0.005));
#2881=CARTESIAN_POINT('',(-0.0231738185584545,0.0265811695158482,0.005));
#2882=CARTESIAN_POINT('',(-0.0181738185584546,0.0265811695158482,0.005));
#2883=CARTESIAN_POINT('',(-0.0181738185584546,0.0315811695158481,0.005));
#2884=CARTESIAN_POINT('',(-0.0161738185584545,0.0315811695158481,0.005));
#2885=CARTESIAN_POINT('',(-0.0141738185584545,0.0315811695158481,0.005));
#2886=CARTESIAN_POINT('',(-0.0141738185584545,0.0265811695158482,0.005));
#2887=CARTESIAN_POINT('',(-0.00917381855845454,0.0265811695158482,0.005));
#2888=CARTESIAN_POINT('',(-0.00917381855845454,0.0180811695158482,0.005));
#2889=CARTESIAN_POINT('',(-0.00917381855845455,-0.0234188304841518,0.005));
#2890=CARTESIAN_POINT('',(-0.0141738185584545,-0.0234188304841518,0.005));
#2891=CARTESIAN_POINT('',(-0.0141738185584545,-0.0284188304841518,0.005));
#2892=CARTESIAN_POINT('',(-0.0161738185584545,-0.0284188304841518,0.005));
#2893=CARTESIAN_POINT('',(0.0388261814415455,-0.0234188304841518,0.005));
#2894=CARTESIAN_POINT('',(0.0347011814415455,-0.0234188304841518,0.005));
#2895=CARTESIAN_POINT('',(0.0388261814415455,0.00158116951584815,0.005));
#2896=CARTESIAN_POINT('',(0.0347011814415455,0.00158116951584815,0.005));
#2897=CARTESIAN_POINT('',(0.0388261814415455,0.0265811695158482,0.005));
#2898=CARTESIAN_POINT('',(0.0347011814415455,0.0265811695158482,0.005));
#2899=CARTESIAN_POINT('',(-0.0511738185584545,0.0265811695158482,0.005));
#2900=CARTESIAN_POINT('',(-0.0552988185584545,0.0265811695158482,0.005));
#2901=CARTESIAN_POINT('',(-0.0511738185584545,0.00158116951584817,0.005));
#2902=CARTESIAN_POINT('',(-0.0552988185584545,0.00158116951584817,0.005));
#2903=CARTESIAN_POINT('',(-0.0511738185584545,-0.0234188304841518,0.005));
#2904=CARTESIAN_POINT('',(-0.0552988185584545,-0.0234188304841518,0.005));
#2905=CARTESIAN_POINT('',(0.0438261814415455,0.0170811695158481,0.005));
#2906=CARTESIAN_POINT('',(0.0438261814415455,0.0265811695158482,0.005));
#2907=CARTESIAN_POINT('',(0.0438261814415455,-0.0234188304841518,0.005));
#2908=CARTESIAN_POINT('',(0.0338261814415455,0.0265811695158482,0.005));
#2909=CARTESIAN_POINT('',(0.0338261814415455,0.0365811695158482,0.005));
#2910=CARTESIAN_POINT('',(-0.00617381855845452,0.0365811695158482,0.005));
#2911=CARTESIAN_POINT('',(-0.0461738185584545,0.0365811695158482,0.005));
#2912=CARTESIAN_POINT('',(-0.0461738185584545,0.0265811695158482,0.005));
#2913=CARTESIAN_POINT('',(-0.0561738185584545,0.0265811695158482,0.005));
#2914=CARTESIAN_POINT('',(-0.0561738185584545,0.0170811695158481,0.005));
#2915=CARTESIAN_POINT('',(-0.0561738185584545,-0.0234188304841518,0.005));
#2916=CARTESIAN_POINT('',(-0.0461738185584545,-0.0234188304841518,0.005));
#2917=CARTESIAN_POINT('',(-0.0461738185584545,-0.0334188304841519,0.005));
#2918=CARTESIAN_POINT('',(-0.00617381855845452,-0.0334188304841519,0.005));
#2919=CARTESIAN_POINT('',(0.0338261814415455,-0.0334188304841519,0.005));
#2920=CARTESIAN_POINT('',(0.0338261814415454,-0.0234188304841518,0.005));
#2921=CARTESIAN_POINT('',(0.00382618144154546,-0.00341883048415184,0.005));
#2922=CARTESIAN_POINT('',(0.00632618144154546,-0.00341883048415184,0.005));
#2923=CARTESIAN_POINT('',(0.000326181441545457,-0.00341883048415184,0.005));
#2924=CARTESIAN_POINT('',(0.000326181441545456,0.00158116951584817,0.005));
#2925=CARTESIAN_POINT('',(0.000326181441545456,0.00658116951584817,0.005));
#2926=CARTESIAN_POINT('',(0.00382618144154546,0.00658116951584817,0.005));
#2927=CARTESIAN_POINT('',(0.00632618144154546,0.00658116951584817,0.005));
#2928=CARTESIAN_POINT('',(0.00632618144154546,0.00158116951584817,0.005));
#2929=CARTESIAN_POINT('',(-0.0326738185584545,-0.00341883048415184,0.005));
#2930=CARTESIAN_POINT('',(-0.0326738185584545,0.00658116951584817,0.005));
#2931=CARTESIAN_POINT('',(-0.0326738185584545,-0.00341883048415184,0.005));
#2932=CARTESIAN_POINT('',(-0.0361738185584545,-0.00341883048415184,0.005));
#2933=CARTESIAN_POINT('',(-0.0386738185584545,-0.00341883048415184,0.005));
#2934=CARTESIAN_POINT('',(-0.0386738185584545,0.00158116951584817,0.005));
#2935=CARTESIAN_POINT('',(-0.0386738185584545,0.00658116951584817,0.005));
#2936=CARTESIAN_POINT('',(-0.0361738185584545,0.00658116951584817,0.005));
#2937=CARTESIAN_POINT('',(0.0438261814415455,0.0170811695158481,0.005));
#2938=CARTESIAN_POINT('',(0.0438261814415455,0.0170811695158481,0.));
#2939=CARTESIAN_POINT('',(0.0438261814415455,0.0265811695158482,0.));
#2940=CARTESIAN_POINT('',(0.0438261814415455,-0.0234188304841518,0.));
#2941=CARTESIAN_POINT('',(0.0438261814415455,0.0265811695158482,0.005));
#2942=CARTESIAN_POINT('',(0.0438261814415455,-0.0234188304841518,0.005));
#2943=CARTESIAN_POINT('',(0.0338261814415455,0.0265811695158482,0.005));
#2944=CARTESIAN_POINT('',(0.0338261814415455,0.0265811695158482,0.));
#2945=CARTESIAN_POINT('',(0.0338261814415455,0.0365811695158482,0.));
#2946=CARTESIAN_POINT('',(0.0338261814415455,0.0365811695158482,0.005));
#2947=CARTESIAN_POINT('',(-0.00617381855845452,0.0365811695158482,0.005));
#2948=CARTESIAN_POINT('',(-0.00617381855845452,0.0365811695158482,0.));
#2949=CARTESIAN_POINT('',(-0.0461738185584545,0.0365811695158482,0.));
#2950=CARTESIAN_POINT('',(-0.0461738185584545,0.0365811695158482,0.005));
#2951=CARTESIAN_POINT('',(-0.0461738185584545,0.0265811695158482,0.005));
#2952=CARTESIAN_POINT('',(-0.0461738185584545,0.0265811695158482,0.));
#2953=CARTESIAN_POINT('',(-0.0561738185584545,0.0265811695158482,0.));
#2954=CARTESIAN_POINT('',(-0.0561738185584545,0.0265811695158482,0.005));
#2955=CARTESIAN_POINT('',(-0.0561738185584545,0.0170811695158481,0.005));
#2956=CARTESIAN_POINT('',(-0.0561738185584545,0.0170811695158481,0.));
#2957=CARTESIAN_POINT('',(-0.0561738185584545,-0.0234188304841518,0.));
#2958=CARTESIAN_POINT('',(-0.0561738185584545,-0.0234188304841518,0.005));
#2959=CARTESIAN_POINT('',(-0.0461738185584545,-0.0234188304841518,0.005));
#2960=CARTESIAN_POINT('',(-0.0461738185584545,-0.0234188304841518,0.));
#2961=CARTESIAN_POINT('',(-0.0461738185584545,-0.0334188304841519,0.));
#2962=CARTESIAN_POINT('',(-0.0461738185584545,-0.0334188304841519,0.005));
#2963=CARTESIAN_POINT('',(-0.00617381855845452,-0.0334188304841519,0.005));
#2964=CARTESIAN_POINT('',(-0.00617381855845452,-0.0334188304841519,0.));
#2965=CARTESIAN_POINT('',(0.0338261814415455,-0.0334188304841519,0.));
#2966=CARTESIAN_POINT('',(0.0338261814415455,-0.0334188304841519,0.005));
#2967=CARTESIAN_POINT('',(-0.0181738185584546,0.0265811695158482,0.005));
#2968=CARTESIAN_POINT('',(-0.0231738185584545,0.0265811695158482,0.005));
#2969=CARTESIAN_POINT('',(-0.0231738185584545,0.0265811695158482,0.002));
#2970=CARTESIAN_POINT('',(-0.0181738185584546,0.0265811695158482,0.002));
#2971=CARTESIAN_POINT('',(-0.0181738185584546,0.0315811695158481,0.002));
#2972=CARTESIAN_POINT('',(-0.0181738185584546,0.0315811695158481,0.005));
#2973=CARTESIAN_POINT('',(-0.0161738185584545,0.0315811695158481,0.005));
#2974=CARTESIAN_POINT('',(-0.0141738185584545,0.0315811695158481,0.002));
#2975=CARTESIAN_POINT('',(-0.0141738185584545,0.0315811695158481,0.002));
#2976=CARTESIAN_POINT('',(-0.0141738185584545,0.0315811695158481,0.005));
#2977=CARTESIAN_POINT('',(-0.0141738185584545,0.0265811695158482,0.005));
#2978=CARTESIAN_POINT('',(-0.0141738185584545,0.0265811695158482,0.002));
#2979=CARTESIAN_POINT('',(-0.00917381855845454,0.0265811695158482,0.002));
#2980=CARTESIAN_POINT('',(-0.00917381855845454,0.0265811695158482,0.005));
#2981=CARTESIAN_POINT('',(-0.00917381855845455,-0.0149188304841518,0.005));
#2982=CARTESIAN_POINT('',(-0.00917381855845455,-0.0234188304841518,0.005));
#2983=CARTESIAN_POINT('',(-0.00917381855845455,-0.0234188304841518,0.002));
#2984=CARTESIAN_POINT('',(-0.00917381855845454,0.0180811695158482,0.002));
#2985=CARTESIAN_POINT('',(-0.00917381855845454,0.00958116951584816,0.002));
#2986=CARTESIAN_POINT('',(-0.00917381855845455,0.00158116951584816,0.002));
#2987=CARTESIAN_POINT('',(-0.00917381855845454,-0.00641883048415184,0.002));
#2988=CARTESIAN_POINT('',(-0.00917381855845455,-0.0234188304841518,0.002));
#2989=CARTESIAN_POINT('',(-0.0141738185584545,-0.0234188304841518,0.005));
#2990=CARTESIAN_POINT('',(-0.0141738185584545,-0.0234188304841518,0.002));
#2991=CARTESIAN_POINT('',(-0.0141738185584545,-0.0284188304841518,0.002));
#2992=CARTESIAN_POINT('',(-0.0141738185584545,-0.0284188304841518,0.005));
#2993=CARTESIAN_POINT('',(-0.0161738185584545,-0.0284188304841518,0.005));
#2994=CARTESIAN_POINT('',(-0.0161738185584545,-0.0284188304841518,0.002));
#2995=CARTESIAN_POINT('',(-0.0181738185584546,-0.0284188304841518,0.002));
#2996=CARTESIAN_POINT('',(-0.0181738185584546,-0.0284188304841518,0.005));
#2997=CARTESIAN_POINT('',(-0.0181738185584546,-0.0234188304841518,0.005));
#2998=CARTESIAN_POINT('',(-0.0181738185584546,-0.0234188304841518,0.002));
#2999=CARTESIAN_POINT('',(-0.0231738185584545,-0.0234188304841518,0.002));
#3000=CARTESIAN_POINT('',(-0.0231738185584545,-0.0234188304841518,0.005));
#3001=CARTESIAN_POINT('',(-0.0231738185584545,-0.0149188304841518,0.005));
#3002=CARTESIAN_POINT('',(-0.0231738185584545,-0.0149188304841518,0.002));
#3003=CARTESIAN_POINT('',(-0.0231738185584545,-0.00641883048415184,0.002));
#3004=CARTESIAN_POINT('',(-0.0231738185584545,0.00158116951584816,0.002));
#3005=CARTESIAN_POINT('',(-0.0231738185584545,0.00958116951584816,0.002));
#3006=CARTESIAN_POINT('',(-0.0231738185584545,0.0265811695158482,0.002));
#3007=CARTESIAN_POINT('',(0.0338261814415454,-0.0234188304841518,0.005));
#3008=CARTESIAN_POINT('',(0.0338261814415454,-0.0234188304841518,0.));
#3009=CARTESIAN_POINT('',(-0.00617381855845452,0.00158116951584817,0.));
#3010=CARTESIAN_POINT('',(0.0388261814415455,-0.0234188304841518,0.));
#3011=CARTESIAN_POINT('',(0.0408261814415455,-0.0234188304841518,0.));
#3012=CARTESIAN_POINT('',(0.0388261814415455,0.00158116951584815,0.));
#3013=CARTESIAN_POINT('',(0.0408261814415455,0.00158116951584815,0.));
#3014=CARTESIAN_POINT('',(0.0388261814415455,0.0265811695158482,0.));
#3015=CARTESIAN_POINT('',(0.0408261814415455,0.0265811695158482,0.));
#3016=CARTESIAN_POINT('',(-0.0511738185584545,0.0265811695158482,0.));
#3017=CARTESIAN_POINT('',(-0.0491738185584545,0.0265811695158482,0.));
#3018=CARTESIAN_POINT('',(-0.0511738185584545,0.00158116951584817,0.));
#3019=CARTESIAN_POINT('',(-0.0491738185584545,0.00158116951584817,0.));
#3020=CARTESIAN_POINT('',(-0.0511738185584545,-0.0234188304841518,0.));
#3021=CARTESIAN_POINT('',(-0.0491738185584545,-0.0234188304841518,0.));
#3022=CARTESIAN_POINT('',(0.0138261814415455,-0.00641883048415183,0.));
#3023=CARTESIAN_POINT('',(0.0128261814415455,-0.00641883048415183,0.));
#3024=CARTESIAN_POINT('',(0.0138261814415455,-0.00641883048415183,0.));
#3025=CARTESIAN_POINT('',(0.0138261814415455,0.00158116951584817,0.));
#3026=CARTESIAN_POINT('',(0.0138261814415455,-0.0234188304841518,0.));
#3027=CARTESIAN_POINT('',(0.0208261814415455,-0.0234188304841518,0.));
#3028=CARTESIAN_POINT('',(0.0208261814415455,-0.0304188304841518,0.));
#3029=CARTESIAN_POINT('',(-0.00617381855845452,-0.0304188304841518,0.));
#3030=CARTESIAN_POINT('',(0.0268261814415455,-0.0304188304841518,0.));
#3031=CARTESIAN_POINT('',(0.0268261814415455,-0.0234188304841518,0.));
#3032=CARTESIAN_POINT('',(0.0338261814415454,-0.0234188304841518,0.));
#3033=CARTESIAN_POINT('',(0.0338261814415454,0.00158116951584817,0.));
#3034=CARTESIAN_POINT('',(0.0338261814415454,0.0265811695158482,0.));
#3035=CARTESIAN_POINT('',(0.0268261814415455,0.0265811695158482,0.));
#3036=CARTESIAN_POINT('',(0.0268261814415455,0.0335811695158482,0.));
#3037=CARTESIAN_POINT('',(0.0208261814415455,0.0335811695158482,0.));
#3038=CARTESIAN_POINT('',(0.0208261814415455,0.0335811695158482,0.));
#3039=CARTESIAN_POINT('',(0.0208261814415455,0.0265811695158482,0.));
#3040=CARTESIAN_POINT('',(0.0138261814415455,0.0265811695158482,0.));
#3041=CARTESIAN_POINT('',(0.0138261814415455,0.00958116951584815,0.));
#3042=CARTESIAN_POINT('',(0.0138261814415455,0.00958116951584817,0.));
#3043=CARTESIAN_POINT('',(-0.00617381855845452,0.00958116951584817,0.));
#3044=CARTESIAN_POINT('',(0.0128261814415455,0.00958116951584817,0.));
#3045=CARTESIAN_POINT('',(0.0128261814415455,0.00158116951584817,0.));
#3046=CARTESIAN_POINT('',(0.0128261814415454,0.0265811695158482,0.));
#3047=CARTESIAN_POINT('',(0.00582618144154547,0.0265811695158482,0.));
#3048=CARTESIAN_POINT('',(0.00582618144154547,0.0335811695158482,0.));
#3049=CARTESIAN_POINT('',(0.00182618144154545,0.0335811695158482,0.));
#3050=CARTESIAN_POINT('',(0.00182618144154545,0.0335811695158481,0.));
#3051=CARTESIAN_POINT('',(0.00182618144154545,0.0265811695158482,0.));
#3052=CARTESIAN_POINT('',(-0.00517381855845454,0.0265811695158482,0.));
#3053=CARTESIAN_POINT('',(-0.00517381855845454,0.00958116951584816,0.));
#3054=CARTESIAN_POINT('',(-0.00517381855845454,0.00958116951584816,0.));
#3055=CARTESIAN_POINT('',(-0.00617381855845452,0.00958116951584816,0.));
#3056=CARTESIAN_POINT('',(-0.00717381855845454,0.00958116951584816,0.));
#3057=CARTESIAN_POINT('',(-0.00717381855845454,0.00158116951584817,0.));
#3058=CARTESIAN_POINT('',(-0.00717381855845454,0.0265811695158482,0.));
#3059=CARTESIAN_POINT('',(-0.0141738185584545,0.0265811695158482,0.));
#3060=CARTESIAN_POINT('',(-0.0141738185584545,0.0335811695158481,0.));
#3061=CARTESIAN_POINT('',(-0.0181738185584546,0.0335811695158481,0.));
#3062=CARTESIAN_POINT('',(-0.0181738185584546,0.0335811695158481,0.));
#3063=CARTESIAN_POINT('',(-0.0181738185584546,0.0265811695158482,0.));
#3064=CARTESIAN_POINT('',(-0.0251738185584546,0.0265811695158482,0.));
#3065=CARTESIAN_POINT('',(-0.0251738185584546,0.00958116951584816,0.));
#3066=CARTESIAN_POINT('',(-0.0251738185584546,0.00958116951584816,0.));
#3067=CARTESIAN_POINT('',(-0.0271738185584545,0.00958116951584816,0.));
#3068=CARTESIAN_POINT('',(-0.0271738185584545,0.00958116951584816,0.));
#3069=CARTESIAN_POINT('',(-0.0271738185584545,0.0265811695158482,0.));
#3070=CARTESIAN_POINT('',(-0.0271738185584545,0.0265811695158482,0.));
#3071=CARTESIAN_POINT('',(-0.0341738185584545,0.0265811695158482,0.));
#3072=CARTESIAN_POINT('',(-0.0341738185584545,0.0335811695158481,0.));
#3073=CARTESIAN_POINT('',(-0.0381738185584545,0.0335811695158481,0.));
#3074=CARTESIAN_POINT('',(-0.0381738185584545,0.0335811695158481,0.));
#3075=CARTESIAN_POINT('',(-0.0381738185584545,0.0265811695158482,0.));
#3076=CARTESIAN_POINT('',(-0.0451738185584545,0.0265811695158482,0.));
#3077=CARTESIAN_POINT('',(-0.0451738185584546,0.00158116951584818,0.));
#3078=CARTESIAN_POINT('',(-0.0451738185584545,-0.0234188304841518,0.));
#3079=CARTESIAN_POINT('',(-0.0381738185584545,-0.0234188304841518,0.));
#3080=CARTESIAN_POINT('',(-0.0381738185584545,-0.0304188304841518,0.));
#3081=CARTESIAN_POINT('',(-0.00617381855845452,-0.0304188304841518,0.));
#3082=CARTESIAN_POINT('',(-0.0341738185584545,-0.0304188304841518,0.));
#3083=CARTESIAN_POINT('',(-0.0341738185584545,-0.0234188304841518,0.));
#3084=CARTESIAN_POINT('',(-0.0271738185584545,-0.0234188304841518,0.));
#3085=CARTESIAN_POINT('',(-0.0271738185584545,-0.00641883048415184,0.));
#3086=CARTESIAN_POINT('',(-0.0271738185584545,-0.00641883048415184,0.));
#3087=CARTESIAN_POINT('',(-0.00617381855845452,-0.00641883048415184,0.));
#3088=CARTESIAN_POINT('',(-0.0251738185584546,-0.00641883048415183,0.));
#3089=CARTESIAN_POINT('',(-0.0251738185584546,0.00158116951584817,0.));
#3090=CARTESIAN_POINT('',(-0.0251738185584546,-0.0234188304841518,0.));
#3091=CARTESIAN_POINT('',(-0.0181738185584546,-0.0234188304841518,0.));
#3092=CARTESIAN_POINT('',(-0.0181738185584546,-0.0304188304841518,0.));
#3093=CARTESIAN_POINT('',(-0.00617381855845452,-0.0304188304841518,0.));
#3094=CARTESIAN_POINT('',(-0.0141738185584545,-0.0304188304841518,0.));
#3095=CARTESIAN_POINT('',(-0.0141738185584545,-0.0234188304841518,0.));
#3096=CARTESIAN_POINT('',(-0.00717381855845455,-0.0234188304841518,0.));
#3097=CARTESIAN_POINT('',(-0.00717381855845454,-0.00641883048415184,0.));
#3098=CARTESIAN_POINT('',(-0.00717381855845454,-0.00641883048415184,0.));
#3099=CARTESIAN_POINT('',(-0.00617381855845452,-0.00641883048415184,0.));
#3100=CARTESIAN_POINT('',(-0.00517381855845454,-0.00641883048415184,0.));
#3101=CARTESIAN_POINT('',(-0.00517381855845454,0.00158116951584817,0.));
#3102=CARTESIAN_POINT('',(-0.00517381855845454,-0.0234188304841518,0.));
#3103=CARTESIAN_POINT('',(0.00182618144154545,-0.0234188304841518,0.));
#3104=CARTESIAN_POINT('',(0.00182618144154545,-0.0304188304841518,0.));
#3105=CARTESIAN_POINT('',(-0.00617381855845452,-0.0304188304841518,0.));
#3106=CARTESIAN_POINT('',(0.00582618144154548,-0.0304188304841518,0.));
#3107=CARTESIAN_POINT('',(0.00582618144154547,-0.0234188304841518,0.));
#3108=CARTESIAN_POINT('',(0.0128261814415455,-0.0234188304841518,0.));
#3109=CARTESIAN_POINT('',(0.0128261814415455,-0.00641883048415183,0.));
#3110=CARTESIAN_POINT('',(-0.0271738185584545,0.00958116951584816,0.002));
#3111=CARTESIAN_POINT('',(-0.0271738185584545,0.00958116951584816,0.));
#3112=CARTESIAN_POINT('',(-0.0291738185584546,0.00958116951584816,0.002));
#3113=CARTESIAN_POINT('',(-0.0271738185584545,0.00758116951584816,0.002));
#3114=CARTESIAN_POINT('',(-0.0271738185584545,0.00758116951584816,0.002));
#3115=CARTESIAN_POINT('',(-0.0271738185584545,0.00958116951584816,0.002));
#3116=CARTESIAN_POINT('',(-0.00617381855845452,0.00958116951584815,0.));
#3117=CARTESIAN_POINT('',(-0.0251738185584546,0.00758116951584816,0.002));
#3118=CARTESIAN_POINT('',(-0.0251738185584546,0.00758116951584816,0.002));
#3119=CARTESIAN_POINT('',(-0.0251738185584546,0.00758116951584816,0.002));
#3120=CARTESIAN_POINT('',(-0.0271738185584545,0.00158116951584817,0.));
#3121=CARTESIAN_POINT('',(-0.0291738185584546,0.00958116951584816,0.002));
#3122=CARTESIAN_POINT('',(-0.0291738185584546,0.0265811695158482,0.002));
#3123=CARTESIAN_POINT('',(-0.0271738185584545,0.0265811695158482,0.));
#3124=CARTESIAN_POINT('',(-0.0251738185584546,0.00958116951584816,0.002));
#3125=CARTESIAN_POINT('',(-0.0251738185584546,0.00958116951584816,0.002));
#3126=CARTESIAN_POINT('',(-0.0231738185584545,0.00958116951584816,0.002));
#3127=CARTESIAN_POINT('',(-0.0341738185584545,0.0265811695158482,0.));
#3128=CARTESIAN_POINT('',(-0.0341738185584545,0.0265811695158482,0.002));
#3129=CARTESIAN_POINT('',(-0.0341738185584545,0.0315811695158481,0.002));
#3130=CARTESIAN_POINT('',(-0.0341738185584545,0.0335811695158481,0.));
#3131=CARTESIAN_POINT('',(-0.0251738185584546,0.00158116951584817,0.));
#3132=CARTESIAN_POINT('',(-0.0231738185584545,0.0265811695158482,0.002));
#3133=CARTESIAN_POINT('',(-0.00617381855845452,0.0335811695158481,0.));
#3134=CARTESIAN_POINT('',(-0.0341738185584545,0.0315811695158481,0.002));
#3135=CARTESIAN_POINT('',(-0.0381738185584545,0.0315811695158481,0.002));
#3136=CARTESIAN_POINT('',(-0.0381738185584545,0.0335811695158481,0.));
#3137=CARTESIAN_POINT('',(-0.0181738185584546,0.0265811695158482,0.));
#3138=CARTESIAN_POINT('',(-0.0181738185584546,0.0315811695158481,0.002));
#3139=CARTESIAN_POINT('',(-0.0381738185584545,0.0265811695158482,0.));
#3140=CARTESIAN_POINT('',(-0.0381738185584545,0.0265811695158482,0.002));
#3141=CARTESIAN_POINT('',(-0.0431738185584545,0.0265811695158482,0.002));
#3142=CARTESIAN_POINT('',(-0.0451738185584545,0.0265811695158482,0.));
#3143=CARTESIAN_POINT('',(-0.00617381855845452,0.0335811695158481,0.));
#3144=CARTESIAN_POINT('',(-0.0141738185584545,0.0315811695158481,0.002));
#3145=CARTESIAN_POINT('',(-0.0431738185584545,-0.0109188304841518,0.002));
#3146=CARTESIAN_POINT('',(-0.0431738185584545,-0.0109188304841518,0.002));
#3147=CARTESIAN_POINT('',(-0.0431738185584545,-0.0234188304841518,0.002));
#3148=CARTESIAN_POINT('',(-0.0451738185584546,-0.0234188304841518,0.));
#3149=CARTESIAN_POINT('',(-0.0141738185584545,0.0265811695158482,0.));
#3150=CARTESIAN_POINT('',(-0.00917381855845454,0.0265811695158482,0.002));
#3151=CARTESIAN_POINT('',(-0.0381738185584545,-0.0234188304841518,0.));
#3152=CARTESIAN_POINT('',(-0.0381738185584545,-0.0234188304841518,0.002));
#3153=CARTESIAN_POINT('',(-0.0381738185584545,-0.0284188304841518,0.002));
#3154=CARTESIAN_POINT('',(-0.0381738185584545,-0.0304188304841518,0.));
#3155=CARTESIAN_POINT('',(-0.00917381855845454,0.0180811695158482,0.002));
#3156=CARTESIAN_POINT('',(-0.00917381855845454,0.00958116951584816,0.002));
#3157=CARTESIAN_POINT('',(-0.0361738185584545,-0.0284188304841518,0.002));
#3158=CARTESIAN_POINT('',(-0.0361738185584545,-0.0284188304841518,0.002));
#3159=CARTESIAN_POINT('',(-0.0341738185584545,-0.0284188304841518,0.002));
#3160=CARTESIAN_POINT('',(-0.0341738185584545,-0.0304188304841518,0.));
#3161=CARTESIAN_POINT('',(-0.00717381855845454,0.00958116951584816,0.002));
#3162=CARTESIAN_POINT('',(-0.00717381855845454,0.00958116951584816,0.002));
#3163=CARTESIAN_POINT('',(-0.00717381855845454,0.00758116951584816,0.002));
#3164=CARTESIAN_POINT('',(-0.00717381855845454,0.00758116951584817,0.002));
#3165=CARTESIAN_POINT('',(-0.0341738185584545,-0.0234188304841518,0.));
#3166=CARTESIAN_POINT('',(-0.0341738185584545,-0.0234188304841518,0.002));
#3167=CARTESIAN_POINT('',(-0.0291738185584546,-0.0234188304841518,0.002));
#3168=CARTESIAN_POINT('',(-0.0271738185584545,-0.0234188304841518,0.));
#3169=CARTESIAN_POINT('',(-0.00617381855845454,0.00758116951584816,0.002));
#3170=CARTESIAN_POINT('',(-0.00517381855845454,0.00758116951584816,0.002));
#3171=CARTESIAN_POINT('',(-0.00517381855845454,0.00758116951584816,0.002));
#3172=CARTESIAN_POINT('',(-0.00617381855845454,0.00758116951584816,0.002));
#3173=CARTESIAN_POINT('',(-0.0271738185584545,0.00158116951584818,0.));
#3174=CARTESIAN_POINT('',(-0.0291738185584546,-0.0234188304841518,0.002));
#3175=CARTESIAN_POINT('',(-0.0291738185584546,-0.00641883048415183,0.002));
#3176=CARTESIAN_POINT('',(-0.0271738185584545,-0.00641883048415184,0.));
#3177=CARTESIAN_POINT('',(-0.00517381855845454,0.00958116951584816,0.002));
#3178=CARTESIAN_POINT('',(-0.00517381855845454,0.00958116951584816,0.002));
#3179=CARTESIAN_POINT('',(-0.00317381855845454,0.00958116951584816,0.002));
#3180=CARTESIAN_POINT('',(-0.00317381855845454,0.00958116951584816,0.002));
#3181=CARTESIAN_POINT('',(-0.0271738185584545,-0.00641883048415183,0.002));
#3182=CARTESIAN_POINT('',(-0.0271738185584545,-0.00641883048415183,0.002));
#3183=CARTESIAN_POINT('',(-0.0271738185584545,-0.00441883048415184,0.002));
#3184=CARTESIAN_POINT('',(-0.0271738185584545,-0.00641883048415183,0.));
#3185=CARTESIAN_POINT('',(-0.00517381855845454,0.00158116951584817,0.));
#3186=CARTESIAN_POINT('',(-0.00317381855845454,0.0265811695158482,0.002));
#3187=CARTESIAN_POINT('',(-0.00317381855845453,0.0265811695158482,0.002));
#3188=CARTESIAN_POINT('',(-0.00317381855845454,0.0265811695158482,0.002));
#3189=CARTESIAN_POINT('',(-0.0261738185584546,-0.00441883048415184,0.002));
#3190=CARTESIAN_POINT('',(-0.0261738185584546,-0.00441883048415184,0.002));
#3191=CARTESIAN_POINT('',(-0.0251738185584546,-0.00441883048415184,0.002));
#3192=CARTESIAN_POINT('',(-0.0251738185584546,-0.00641883048415184,0.));
#3193=CARTESIAN_POINT('',(0.00182618144154545,0.0265811695158482,0.));
#3194=CARTESIAN_POINT('',(0.00182618144154545,0.0315811695158481,0.002));
#3195=CARTESIAN_POINT('',(0.00182618144154545,0.0315811695158482,0.002));
#3196=CARTESIAN_POINT('',(0.00182618144154545,0.0265811695158482,0.002));
#3197=CARTESIAN_POINT('',(-0.0251738185584546,-0.00641883048415183,0.002));
#3198=CARTESIAN_POINT('',(-0.0251738185584546,-0.00641883048415183,0.002));
#3199=CARTESIAN_POINT('',(-0.0251738185584546,-0.00641883048415183,0.));
#3200=CARTESIAN_POINT('',(-0.00617381855845452,0.0335811695158482,0.));
#3201=CARTESIAN_POINT('',(0.00582618144154547,0.0315811695158482,0.002));
#3202=CARTESIAN_POINT('',(0.00582618144154547,0.0315811695158481,0.002));
#3203=CARTESIAN_POINT('',(0.00582618144154547,0.0315811695158482,0.002));
#3204=CARTESIAN_POINT('',(-0.0231738185584545,-0.0149188304841518,0.002));
#3205=CARTESIAN_POINT('',(-0.0251738185584546,-0.0234188304841518,0.));
#3206=CARTESIAN_POINT('',(0.00582618144154547,0.0265811695158482,0.));
#3207=CARTESIAN_POINT('',(0.0108261814415454,0.0265811695158482,0.002));
#3208=CARTESIAN_POINT('',(0.0108261814415455,0.0265811695158482,0.002));
#3209=CARTESIAN_POINT('',(0.00582618144154547,0.0265811695158482,0.002));
#3210=CARTESIAN_POINT('',(-0.0181738185584546,-0.0234188304841518,0.));
#3211=CARTESIAN_POINT('',(-0.0181738185584546,-0.0304188304841518,0.));
#3212=CARTESIAN_POINT('',(0.0108261814415455,0.0180811695158482,0.002));
#3213=CARTESIAN_POINT('',(0.0108261814415455,0.00958116951584817,0.002));
#3214=CARTESIAN_POINT('',(0.0108261814415455,0.00958116951584817,0.002));
#3215=CARTESIAN_POINT('',(0.0108261814415455,0.0180811695158482,0.002));
#3216=CARTESIAN_POINT('',(-0.0161738185584545,-0.0284188304841518,0.002));
#3217=CARTESIAN_POINT('',(-0.0141738185584545,-0.0304188304841518,0.));
#3218=CARTESIAN_POINT('',(0.0128261814415455,0.00958116951584817,0.002));
#3219=CARTESIAN_POINT('',(0.0128261814415455,0.00958116951584817,0.002));
#3220=CARTESIAN_POINT('',(0.0128261814415455,0.00758116951584817,0.002));
#3221=CARTESIAN_POINT('',(0.0128261814415455,0.00758116951584817,0.002));
#3222=CARTESIAN_POINT('',(-0.0141738185584545,-0.0234188304841518,0.));
#3223=CARTESIAN_POINT('',(-0.00717381855845455,-0.0234188304841518,0.));
#3224=CARTESIAN_POINT('',(0.0133261814415455,0.00758116951584817,0.002));
#3225=CARTESIAN_POINT('',(0.0138261814415455,0.00758116951584817,0.002));
#3226=CARTESIAN_POINT('',(0.0138261814415455,0.00758116951584816,0.002));
#3227=CARTESIAN_POINT('',(0.0133261814415455,0.00758116951584817,0.002));
#3228=CARTESIAN_POINT('',(-0.00717381855845454,0.00158116951584817,0.));
#3229=CARTESIAN_POINT('',(-0.00717381855845454,-0.00641883048415184,0.));
#3230=CARTESIAN_POINT('',(0.0138261814415455,0.00958116951584815,0.002));
#3231=CARTESIAN_POINT('',(0.0138261814415455,0.00958116951584815,0.002));
#3232=CARTESIAN_POINT('',(0.0158261814415455,0.00958116951584815,0.002));
#3233=CARTESIAN_POINT('',(0.0158261814415455,0.00958116951584815,0.002));
#3234=CARTESIAN_POINT('',(-0.00717381855845454,-0.00641883048415184,0.002));
#3235=CARTESIAN_POINT('',(-0.00717381855845454,-0.00641883048415184,0.002));
#3236=CARTESIAN_POINT('',(-0.00717381855845454,-0.00441883048415184,0.002));
#3237=CARTESIAN_POINT('',(-0.00717381855845454,-0.00641883048415184,0.));
#3238=CARTESIAN_POINT('',(0.0138261814415455,0.00158116951584817,0.));
#3239=CARTESIAN_POINT('',(0.0158261814415455,0.0265811695158482,0.002));
#3240=CARTESIAN_POINT('',(0.0158261814415455,0.0265811695158482,0.002));
#3241=CARTESIAN_POINT('',(0.0158261814415455,0.0265811695158482,0.002));
#3242=CARTESIAN_POINT('',(-0.00617381855845454,-0.00441883048415184,0.002));
#3243=CARTESIAN_POINT('',(-0.00617381855845454,-0.00441883048415184,0.002));
#3244=CARTESIAN_POINT('',(-0.00517381855845454,-0.00441883048415184,0.002));
#3245=CARTESIAN_POINT('',(-0.00517381855845454,-0.00641883048415184,0.));
#3246=CARTESIAN_POINT('',(0.0208261814415455,0.0265811695158482,0.));
#3247=CARTESIAN_POINT('',(0.0208261814415455,0.0315811695158482,0.002));
#3248=CARTESIAN_POINT('',(0.0208261814415455,0.0315811695158482,0.002));
#3249=CARTESIAN_POINT('',(0.0208261814415455,0.0265811695158482,0.002));
#3250=CARTESIAN_POINT('',(-0.00517381855845454,-0.00641883048415184,0.002));
#3251=CARTESIAN_POINT('',(-0.00517381855845454,-0.00641883048415184,0.002));
#3252=CARTESIAN_POINT('',(-0.00317381855845454,-0.00641883048415184,0.002));
#3253=CARTESIAN_POINT('',(-0.00517381855845454,-0.00641883048415184,0.));
#3254=CARTESIAN_POINT('',(-0.00617381855845452,0.0335811695158482,0.));
#3255=CARTESIAN_POINT('',(0.0268261814415455,0.0315811695158482,0.002));
#3256=CARTESIAN_POINT('',(0.0268261814415455,0.0315811695158482,0.002));
#3257=CARTESIAN_POINT('',(0.0268261814415455,0.0315811695158482,0.002));
#3258=CARTESIAN_POINT('',(-0.00317381855845454,-0.0149188304841518,0.002));
#3259=CARTESIAN_POINT('',(-0.00317381855845454,-0.0149188304841518,0.002));
#3260=CARTESIAN_POINT('',(-0.00317381855845453,-0.0234188304841518,0.002));
#3261=CARTESIAN_POINT('',(-0.00517381855845454,-0.0234188304841518,0.));
#3262=CARTESIAN_POINT('',(0.0268261814415455,0.0265811695158482,0.));
#3263=CARTESIAN_POINT('',(0.0318261814415454,0.0265811695158482,0.002));
#3264=CARTESIAN_POINT('',(0.0318261814415454,0.0265811695158482,0.002));
#3265=CARTESIAN_POINT('',(0.0268261814415455,0.0265811695158482,0.002));
#3266=CARTESIAN_POINT('',(0.00182618144154545,-0.0234188304841518,0.));
#3267=CARTESIAN_POINT('',(0.00182618144154545,-0.0234188304841518,0.002));
#3268=CARTESIAN_POINT('',(0.00182618144154545,-0.0284188304841518,0.002));
#3269=CARTESIAN_POINT('',(0.00182618144154545,-0.0304188304841518,0.));
#3270=CARTESIAN_POINT('',(0.0318261814415454,0.0170811695158481,0.002));
#3271=CARTESIAN_POINT('',(0.0318261814415454,-0.0234188304841518,0.002));
#3272=CARTESIAN_POINT('',(0.0318261814415454,-0.0234188304841518,0.002));
#3273=CARTESIAN_POINT('',(0.0318261814415454,0.0170811695158481,0.002));
#3274=CARTESIAN_POINT('',(0.00382618144154547,-0.0284188304841518,0.002));
#3275=CARTESIAN_POINT('',(0.00382618144154547,-0.0284188304841518,0.002));
#3276=CARTESIAN_POINT('',(0.00582618144154548,-0.0284188304841518,0.002));
#3277=CARTESIAN_POINT('',(0.00582618144154548,-0.0304188304841518,0.));
#3278=CARTESIAN_POINT('',(0.0268261814415455,-0.0234188304841518,0.));
#3279=CARTESIAN_POINT('',(0.0268261814415455,-0.0284188304841518,0.002));
#3280=CARTESIAN_POINT('',(0.0268261814415455,-0.0284188304841518,0.002));
#3281=CARTESIAN_POINT('',(0.0268261814415455,-0.0234188304841518,0.002));
#3282=CARTESIAN_POINT('',(0.00582618144154547,-0.0234188304841518,0.));
#3283=CARTESIAN_POINT('',(0.00582618144154547,-0.0234188304841518,0.002));
#3284=CARTESIAN_POINT('',(0.0108261814415455,-0.0234188304841518,0.002));
#3285=CARTESIAN_POINT('',(0.0128261814415455,-0.0234188304841518,0.));
#3286=CARTESIAN_POINT('',(0.0238261814415455,-0.0284188304841518,0.002));
#3287=CARTESIAN_POINT('',(0.0208261814415455,-0.0284188304841518,0.002));
#3288=CARTESIAN_POINT('',(0.0208261814415455,-0.0284188304841518,0.002));
#3289=CARTESIAN_POINT('',(0.0238261814415455,-0.0284188304841518,0.002));
#3290=CARTESIAN_POINT('',(0.0128261814415455,0.00158116951584817,0.));
#3291=CARTESIAN_POINT('',(0.0108261814415455,-0.0234188304841518,0.002));
#3292=CARTESIAN_POINT('',(0.0108261814415455,-0.00641883048415183,0.002));
#3293=CARTESIAN_POINT('',(0.0128261814415455,-0.00641883048415183,0.));
#3294=CARTESIAN_POINT('',(0.0208261814415455,-0.0234188304841518,0.));
#3295=CARTESIAN_POINT('',(0.0158261814415455,-0.0234188304841518,0.002));
#3296=CARTESIAN_POINT('',(0.0158261814415455,-0.0234188304841518,0.002));
#3297=CARTESIAN_POINT('',(0.0208261814415455,-0.0234188304841518,0.002));
#3298=CARTESIAN_POINT('',(0.0128261814415455,-0.00641883048415183,0.002));
#3299=CARTESIAN_POINT('',(0.0128261814415455,-0.00641883048415183,0.002));
#3300=CARTESIAN_POINT('',(0.0128261814415455,-0.00441883048415183,0.002));
#3301=CARTESIAN_POINT('',(0.0128261814415455,-0.00641883048415183,0.));
#3302=CARTESIAN_POINT('',(0.0158261814415455,-0.0149188304841518,0.002));
#3303=CARTESIAN_POINT('',(0.0158261814415455,-0.00641883048415184,0.002));
#3304=CARTESIAN_POINT('',(0.0158261814415455,-0.00641883048415184,0.002));
#3305=CARTESIAN_POINT('',(0.0158261814415455,-0.0149188304841518,0.002));
#3306=CARTESIAN_POINT('',(-0.00617381855845452,-0.00641883048415183,0.));
#3307=CARTESIAN_POINT('',(0.0128261814415455,-0.00441883048415183,0.002));
#3308=CARTESIAN_POINT('',(0.0138261814415455,-0.00441883048415184,0.002));
#3309=CARTESIAN_POINT('',(0.0138261814415455,-0.00641883048415183,0.));
#3310=CARTESIAN_POINT('',(0.0138261814415455,-0.00641883048415184,0.002));
#3311=CARTESIAN_POINT('',(0.0138261814415455,-0.00641883048415184,0.002));
#3312=CARTESIAN_POINT('',(-0.0511738185584545,-0.0234188304841518,0.005));
#3313=CARTESIAN_POINT('',(-0.0511738185584545,-0.0234188304841518,0.001));
#3314=CARTESIAN_POINT('',(-0.0531738185584545,-0.0234188304841518,0.001));
#3315=CARTESIAN_POINT('',(-0.0470488185584545,-0.0234188304841518,0.001));
#3316=CARTESIAN_POINT('',(-0.0511738185584545,-0.0234188304841518,0.001));
#3317=CARTESIAN_POINT('',(-0.0552988185584545,-0.0234188304841518,0.001));
#3318=CARTESIAN_POINT('',(-0.0511738185584545,-0.0234188304841518,0.005));
#3319=CARTESIAN_POINT('',(-0.0511738185584545,0.00158116951584817,0.005));
#3320=CARTESIAN_POINT('',(-0.0511738185584545,0.00158116951584817,0.001));
#3321=CARTESIAN_POINT('',(-0.0531738185584545,0.00158116951584817,0.001));
#3322=CARTESIAN_POINT('',(-0.0470488185584545,0.00158116951584817,0.001));
#3323=CARTESIAN_POINT('',(-0.0511738185584545,0.00158116951584817,0.001));
#3324=CARTESIAN_POINT('',(-0.0552988185584545,0.00158116951584817,0.001));
#3325=CARTESIAN_POINT('',(-0.0511738185584545,0.00158116951584817,0.005));
#3326=CARTESIAN_POINT('',(-0.0511738185584545,0.0265811695158482,0.005));
#3327=CARTESIAN_POINT('',(-0.0511738185584545,0.0265811695158482,0.001));
#3328=CARTESIAN_POINT('',(-0.0531738185584545,0.0265811695158482,0.001));
#3329=CARTESIAN_POINT('',(-0.0470488185584545,0.0265811695158482,0.001));
#3330=CARTESIAN_POINT('',(-0.0511738185584545,0.0265811695158482,0.001));
#3331=CARTESIAN_POINT('',(-0.0552988185584545,0.0265811695158482,0.001));
#3332=CARTESIAN_POINT('',(-0.0511738185584545,0.0265811695158482,0.005));
#3333=CARTESIAN_POINT('',(0.0388261814415455,0.0265811695158482,0.005));
#3334=CARTESIAN_POINT('',(0.0388261814415455,0.0265811695158482,0.001));
#3335=CARTESIAN_POINT('',(0.0368261814415455,0.0265811695158482,0.001));
#3336=CARTESIAN_POINT('',(0.0429511814415455,0.0265811695158482,0.001));
#3337=CARTESIAN_POINT('',(0.0388261814415455,0.0265811695158482,0.001));
#3338=CARTESIAN_POINT('',(0.0347011814415455,0.0265811695158482,0.001));
#3339=CARTESIAN_POINT('',(0.0388261814415455,0.0265811695158482,0.005));
#3340=CARTESIAN_POINT('',(0.0388261814415455,0.00158116951584815,0.005));
#3341=CARTESIAN_POINT('',(0.0388261814415455,0.00158116951584815,0.001));
#3342=CARTESIAN_POINT('',(0.0368261814415455,0.00158116951584815,0.001));
#3343=CARTESIAN_POINT('',(0.0429511814415455,0.00158116951584815,0.001));
#3344=CARTESIAN_POINT('',(0.0388261814415455,0.00158116951584815,0.001));
#3345=CARTESIAN_POINT('',(0.0347011814415455,0.00158116951584815,0.001));
#3346=CARTESIAN_POINT('',(0.0388261814415455,0.00158116951584815,0.005));
#3347=CARTESIAN_POINT('',(0.0388261814415455,-0.0234188304841518,0.005));
#3348=CARTESIAN_POINT('',(0.0388261814415455,-0.0234188304841518,0.001));
#3349=CARTESIAN_POINT('',(0.0368261814415455,-0.0234188304841518,0.001));
#3350=CARTESIAN_POINT('',(0.0429511814415455,-0.0234188304841518,0.001));
#3351=CARTESIAN_POINT('',(0.0388261814415455,-0.0234188304841518,0.001));
#3352=CARTESIAN_POINT('',(0.0347011814415455,-0.0234188304841518,0.001));
#3353=CARTESIAN_POINT('',(0.0388261814415455,-0.0234188304841518,0.005));
#3354=CARTESIAN_POINT('',(-0.00617381855845452,0.00158116951584817,0.002));
#3355=CARTESIAN_POINT('',(-0.00617381855845452,0.00158116951584817,0.002));
#3356=CARTESIAN_POINT('',(0.00632618144154546,0.00158116951584817,0.01));
#3357=CARTESIAN_POINT('',(0.00632618144154546,0.00658116951584817,0.01));
#3358=CARTESIAN_POINT('',(0.00632618144154546,0.00658116951584817,0.01));
#3359=CARTESIAN_POINT('',(0.00632618144154546,0.00158116951584817,0.01));
#3360=CARTESIAN_POINT('',(0.00632618144154546,-0.00341883048415184,0.01));
#3361=CARTESIAN_POINT('',(0.00632618144154546,-0.00341883048415184,0.01));
#3362=CARTESIAN_POINT('',(0.00382618144154546,0.00658116951584817,0.01));
#3363=CARTESIAN_POINT('',(0.00882618144154546,0.00658116951584817,0.013));
#3364=CARTESIAN_POINT('',(0.00232618144154546,0.00658116951584817,0.013));
#3365=CARTESIAN_POINT('',(0.0103261814415455,0.00658116951584817,0.013));
#3366=CARTESIAN_POINT('',(0.0103261814415455,0.00658116951584817,0.012));
#3367=CARTESIAN_POINT('',(0.0113261814415455,0.00658116951584817,0.012));
#3368=CARTESIAN_POINT('',(0.0113261814415455,0.00658116951584817,0.013));
#3369=CARTESIAN_POINT('',(0.0113261814415455,0.00658116951584817,0.01));
#3370=CARTESIAN_POINT('',(0.00882618144154546,0.00658116951584817,0.01));
#3371=CARTESIAN_POINT('',(0.000326181441545456,0.00658116951584817,0.006));
#3372=CARTESIAN_POINT('',(0.00132618144154546,0.00658116951584817,0.006));
#3373=CARTESIAN_POINT('',(0.00132618144154546,0.00658116951584817,0.01));
#3374=CARTESIAN_POINT('',(0.00132618144154546,0.00658116951584817,0.012));
#3375=CARTESIAN_POINT('',(0.00232618144154546,0.00658116951584817,0.012));
#3376=CARTESIAN_POINT('',(0.00132618144154546,0.00158116951584817,0.01));
#3377=CARTESIAN_POINT('',(0.00132618144154546,0.00158116951584817,0.006));
#3378=CARTESIAN_POINT('',(0.00132618144154546,-0.00341883048415184,0.006));
#3379=CARTESIAN_POINT('',(0.00132618144154546,-0.00341883048415184,0.01));
#3380=CARTESIAN_POINT('',(0.00132618144154546,-0.00341883048415184,0.012));
#3381=CARTESIAN_POINT('',(0.00132618144154546,0.00658116951584817,0.012));
#3382=CARTESIAN_POINT('',(0.00382618144154546,-0.00341883048415184,0.01));
#3383=CARTESIAN_POINT('',(0.00882618144154546,-0.00341883048415184,0.01));
#3384=CARTESIAN_POINT('',(0.0103261814415455,-0.00341883048415184,0.01));
#3385=CARTESIAN_POINT('',(0.0103261814415455,-0.00341883048415184,0.01));
#3386=CARTESIAN_POINT('',(0.0103261814415455,-0.00341883048415184,0.013));
#3387=CARTESIAN_POINT('',(0.00882618144154546,-0.00341883048415184,0.013));
#3388=CARTESIAN_POINT('',(0.00232618144154546,-0.00341883048415184,0.013));
#3389=CARTESIAN_POINT('',(0.00232618144154546,-0.00341883048415184,0.012));
#3390=CARTESIAN_POINT('',(0.000326181441545457,-0.00341883048415184,0.006));
#3391=CARTESIAN_POINT('',(-0.0336738185584545,0.00158116951584817,0.01));
#3392=CARTESIAN_POINT('',(-0.0336738185584545,-0.00341883048415184,0.01));
#3393=CARTESIAN_POINT('',(-0.0336738185584545,-0.00341883048415184,0.012));
#3394=CARTESIAN_POINT('',(-0.0336738185584545,-0.00341883048415184,0.006));
#3395=CARTESIAN_POINT('',(-0.0336738185584545,0.00658116951584817,0.006));
#3396=CARTESIAN_POINT('',(-0.0336738185584545,0.00658116951584817,0.006));
#3397=CARTESIAN_POINT('',(-0.0336738185584545,0.00658116951584817,0.01));
#3398=CARTESIAN_POINT('',(-0.0336738185584545,0.00658116951584817,0.012));
#3399=CARTESIAN_POINT('',(-0.0336738185584545,0.00158116951584817,0.012));
#3400=CARTESIAN_POINT('',(-0.0361738185584545,0.00658116951584817,0.01));
#3401=CARTESIAN_POINT('',(-0.0411738185584545,0.00658116951584817,0.013));
#3402=CARTESIAN_POINT('',(-0.0346738185584545,0.00658116951584817,0.013));
#3403=CARTESIAN_POINT('',(-0.0426738185584545,0.00658116951584817,0.013));
#3404=CARTESIAN_POINT('',(-0.0346738185584545,0.00658116951584817,0.012));
#3405=CARTESIAN_POINT('',(-0.0326738185584545,0.00658116951584817,0.006));
#3406=CARTESIAN_POINT('',(-0.0386738185584545,0.00658116951584817,0.01));
#3407=CARTESIAN_POINT('',(-0.0386738185584545,0.00658116951584817,0.01));
#3408=CARTESIAN_POINT('',(-0.0411738185584545,0.00658116951584817,0.01));
#3409=CARTESIAN_POINT('',(-0.0426738185584545,0.00658116951584817,0.01));
#3410=CARTESIAN_POINT('',(-0.0426738185584545,0.00658116951584817,0.011));
#3411=CARTESIAN_POINT('',(-0.0436738185584545,0.00658116951584816,0.011));
#3412=CARTESIAN_POINT('',(-0.0436738185584545,0.00658116951584816,0.013));
#3413=CARTESIAN_POINT('',(-0.0436738185584545,0.00658116951584816,0.012));
#3414=CARTESIAN_POINT('',(-0.0426738185584545,0.00658116951584817,0.012));
#3415=CARTESIAN_POINT('',(-0.0386738185584545,0.00158116951584817,0.01));
#3416=CARTESIAN_POINT('',(-0.0386738185584545,-0.00341883048415184,0.01));
#3417=CARTESIAN_POINT('',(-0.0386738185584545,-0.00341883048415184,0.01));
#3418=CARTESIAN_POINT('',(-0.0386738185584545,0.00158116951584817,0.01));
#3419=CARTESIAN_POINT('',(-0.0361738185584545,-0.00341883048415184,0.01));
#3420=CARTESIAN_POINT('',(-0.0346738185584545,-0.00341883048415184,0.012));
#3421=CARTESIAN_POINT('',(-0.0346738185584545,-0.00341883048415184,0.013));
#3422=CARTESIAN_POINT('',(-0.0411738185584545,-0.00341883048415184,0.013));
#3423=CARTESIAN_POINT('',(-0.0426738185584545,-0.00341883048415184,0.013));
#3424=CARTESIAN_POINT('',(-0.0426738185584545,-0.00341883048415184,0.012));
#3425=CARTESIAN_POINT('',(-0.0436738185584545,-0.00341883048415184,0.012));
#3426=CARTESIAN_POINT('',(-0.0436738185584545,-0.00341883048415184,0.013));
#3427=CARTESIAN_POINT('',(-0.0436738185584545,-0.00341883048415184,0.011));
#3428=CARTESIAN_POINT('',(-0.0426738185584545,-0.00341883048415184,0.011));
#3429=CARTESIAN_POINT('',(-0.0426738185584545,-0.00341883048415184,0.01));
#3430=CARTESIAN_POINT('',(-0.0411738185584545,-0.00341883048415184,0.01));
#3431=CARTESIAN_POINT('',(-0.0326738185584545,-0.00341883048415184,0.006));
#3432=CARTESIAN_POINT('',(-0.0161738185584545,0.00158116951584817,0.01));
#3433=CARTESIAN_POINT('',(-0.0426738185584545,0.00158116951584817,0.01));
#3434=CARTESIAN_POINT('',(-0.0436738185584545,0.00158116951584817,0.013));
#3435=CARTESIAN_POINT('',(-0.0436738185584545,0.00158116951584817,0.011));
#3436=CARTESIAN_POINT('',(-0.0436738185584545,0.00658116951584816,0.012));
#3437=CARTESIAN_POINT('',(-0.0161738185584545,0.00158116951584817,0.013));
#3438=CARTESIAN_POINT('',(-0.0346738185584545,0.00158116951584817,0.013));
#3439=CARTESIAN_POINT('',(-0.0426738185584545,-0.00341883048415184,0.013));
#3440=CARTESIAN_POINT('',(0.0113261814415455,0.00158116951584817,0.013));
#3441=CARTESIAN_POINT('',(0.0113261814415455,0.00158116951584817,0.012));
#3442=CARTESIAN_POINT('',(0.0113261814415455,-0.00241883048415184,0.012));
#3443=CARTESIAN_POINT('',(0.0113261814415455,-0.00241883048415184,0.013));
#3444=CARTESIAN_POINT('',(0.0113261814415455,-0.00241883048415184,0.01));
#3445=CARTESIAN_POINT('',(0.0113261814415455,0.00158116951584817,0.01));
#3446=CARTESIAN_POINT('',(-0.0161738185584545,0.00158116951584817,0.013));
#3447=CARTESIAN_POINT('',(0.0103261814415455,0.00158116951584817,0.013));
#3448=CARTESIAN_POINT('',(0.00232618144154546,-0.00341883048415184,0.013));
#3449=CARTESIAN_POINT('',(-0.0161738185584545,0.00158116951584817,0.01));
#3450=CARTESIAN_POINT('',(0.0103261814415455,-0.00241883048415184,0.01));
#3451=CARTESIAN_POINT('',(0.000326181441545456,0.00158116951584817,0.006));
#3452=CARTESIAN_POINT('',(-0.0326738185584545,0.00158116951584817,0.006));
#3453=CARTESIAN_POINT('',(0.0103261814415455,0.00158116951584817,0.012));
#3454=CARTESIAN_POINT('',(0.0103261814415455,-0.00241883048415184,0.012));
#3455=CARTESIAN_POINT('',(0.0103261814415455,-0.00241883048415184,0.013));
#3456=CARTESIAN_POINT('',(0.00232618144154546,0.00158116951584817,0.012));
#3457=CARTESIAN_POINT('',(-0.0346738185584545,0.00158116951584817,0.012));
#3458=CARTESIAN_POINT('',(-0.0426738185584545,0.00158116951584817,0.011));
#3459=CARTESIAN_POINT('',(-0.0426738185584545,0.00158116951584817,0.012));
#3460=MECHANICAL_DESIGN_GEOMETRIC_PRESENTATION_REPRESENTATION('',(#2042),
#3461);
#3461=(
GEOMETRIC_REPRESENTATION_CONTEXT(3)
GLOBAL_UNCERTAINTY_ASSIGNED_CONTEXT((#3462))
GLOBAL_UNIT_ASSIGNED_CONTEXT((#3465,#3464,#3463))
REPRESENTATION_CONTEXT('Part 1','TOP_LEVEL_ASSEMBLY_PART')
);
#3462=UNCERTAINTY_MEASURE_WITH_UNIT(LENGTH_MEASURE(1.E-8),#3465,
'DISTANCE_ACCURACY_VALUE','Maximum Tolerance applied to model');
#3463=(
NAMED_UNIT(*)
SI_UNIT($,.STERADIAN.)
SOLID_ANGLE_UNIT()
);
#3464=(
NAMED_UNIT(*)
PLANE_ANGLE_UNIT()
SI_UNIT($,.RADIAN.)
);
#3465=(
LENGTH_UNIT()
NAMED_UNIT(*)
SI_UNIT($,.METRE.)
);
#3466=PRODUCT_DEFINITION_SHAPE('','',#3467);
#3467=PRODUCT_DEFINITION('','',#3469,#3468);
#3468=PRODUCT_DEFINITION_CONTEXT('',#3475,'design');
#3469=PRODUCT_DEFINITION_FORMATION_WITH_SPECIFIED_SOURCE('','',#3471,
 .NOT_KNOWN.);
#3470=PRODUCT_RELATED_PRODUCT_CATEGORY('','',(#3471));
#3471=PRODUCT('Part 1','Part 1','Part 1',(#3473));
#3472=PRODUCT_CATEGORY('','');
#3473=PRODUCT_CONTEXT('',#3475,'mechanical');
#3474=APPLICATION_PROTOCOL_DEFINITION('international standard',
'ap242_managed_model_based_3d_engineering',2020,#3475);
#3475=APPLICATION_CONTEXT('managed model based 3d engineering');
ENDSEC;
END-ISO-10303-21;
