ISO-10303-21;
HEADER;
/* Generated by software containing ST-Developer
 * from STEP Tools, Inc. (www.steptools.com) 
 */
/* OPTION: using custom renumber hook */

FILE_DESCRIPTION(
/* description */ ('STEP AP242 Edition 2',
'CAx-IF Rec.Pracs.---Representation and Presentation of Product Manufa
cturing Information (PMI)---4.0---2014-10-13',
'CAx-IF Rec.Pracs.---3D Tessellated Geometry---0.4---2014-09-14','2;1',
'CAx-IF Rec.Pracs.---User Defined Attributes---1.5---2016-08-15'),
/* implementation_level */ '2;1');

FILE_NAME(
/* name */ 'y-axis-chamber',
/* time_stamp */ '2026-06-29T12:07:29Z',
/* author */ (''),
/* organization */ (''),
/* preprocessor_version */ 'ST-DEVELOPER v20',
/* originating_system */ 'ONSHAPE BY PTC INC, 1.217',
/* authorisation */ '  ');

FILE_SCHEMA (('AP242_MANAGED_MODEL_BASED_3D_ENGINEERING_MIM_LF { 1 0 10303 442 3 1 4 }'));
ENDSEC;

DATA;
#10=SHAPE_REPRESENTATION_RELATIONSHIP('','',#1571,#11);
#11=ADVANCED_BREP_SHAPE_REPRESENTATION('',(#1569),#2641);
#12=CYLINDRICAL_SURFACE('',#1578,0.0025);
#13=CYLINDRICAL_SURFACE('',#1582,0.0025);
#14=CYLINDRICAL_SURFACE('',#1589,0.0025);
#15=CYLINDRICAL_SURFACE('',#1593,0.0025);
#16=CYLINDRICAL_SURFACE('',#1598,0.001);
#17=CYLINDRICAL_SURFACE('',#1601,0.001);
#18=CYLINDRICAL_SURFACE('',#1605,0.001);
#19=CYLINDRICAL_SURFACE('',#1608,0.002);
#20=CYLINDRICAL_SURFACE('',#1612,0.001);
#21=CYLINDRICAL_SURFACE('',#1616,0.001);
#22=CYLINDRICAL_SURFACE('',#1619,0.001);
#23=CYLINDRICAL_SURFACE('',#1623,0.002);
#24=CYLINDRICAL_SURFACE('',#1628,0.004);
#25=CYLINDRICAL_SURFACE('',#1632,0.004);
#26=CYLINDRICAL_SURFACE('',#1644,0.004);
#27=CYLINDRICAL_SURFACE('',#1649,0.004);
#28=CYLINDRICAL_SURFACE('',#1654,0.011);
#29=CYLINDRICAL_SURFACE('',#1655,0.011);
#30=CYLINDRICAL_SURFACE('',#1656,0.001);
#31=CYLINDRICAL_SURFACE('',#1659,0.001);
#32=CYLINDRICAL_SURFACE('',#1662,0.001);
#33=CYLINDRICAL_SURFACE('',#1664,0.002);
#34=CYLINDRICAL_SURFACE('',#1667,0.001);
#35=CYLINDRICAL_SURFACE('',#1670,0.001);
#36=CYLINDRICAL_SURFACE('',#1673,0.001);
#37=CYLINDRICAL_SURFACE('',#1676,0.002);
#38=CYLINDRICAL_SURFACE('',#1691,0.02125);
#39=CYLINDRICAL_SURFACE('',#1694,0.0060625);
#40=CYLINDRICAL_SURFACE('',#1697,0.0060625);
#41=CYLINDRICAL_SURFACE('',#1700,0.02125);
#42=CYLINDRICAL_SURFACE('',#1710,0.02125);
#43=CYLINDRICAL_SURFACE('',#1713,0.0060625);
#44=CYLINDRICAL_SURFACE('',#1716,0.0060625);
#45=CYLINDRICAL_SURFACE('',#1719,0.02125);
#46=CYLINDRICAL_SURFACE('',#1724,0.004);
#47=CYLINDRICAL_SURFACE('',#1727,0.004);
#48=CIRCLE('',#1576,0.004);
#49=CIRCLE('',#1577,0.004);
#50=CIRCLE('',#1579,0.0025);
#51=CIRCLE('',#1580,0.0025);
#52=CIRCLE('',#1583,0.0025);
#53=CIRCLE('',#1584,0.0025);
#54=CIRCLE('',#1586,0.011);
#55=CIRCLE('',#1588,0.011);
#56=CIRCLE('',#1590,0.0025);
#57=CIRCLE('',#1591,0.0025);
#58=CIRCLE('',#1594,0.0025);
#59=CIRCLE('',#1595,0.0025);
#60=CIRCLE('',#1599,0.001);
#61=CIRCLE('',#1600,0.001);
#62=CIRCLE('',#1602,0.001);
#63=CIRCLE('',#1603,0.001);
#64=CIRCLE('',#1606,0.001);
#65=CIRCLE('',#1607,0.001);
#66=CIRCLE('',#1609,0.002);
#67=CIRCLE('',#1610,0.002);
#68=CIRCLE('',#1613,0.001);
#69=CIRCLE('',#1614,0.001);
#70=CIRCLE('',#1617,0.001);
#71=CIRCLE('',#1618,0.001);
#72=CIRCLE('',#1620,0.001);
#73=CIRCLE('',#1621,0.001);
#74=CIRCLE('',#1624,0.002);
#75=CIRCLE('',#1625,0.002);
#76=CIRCLE('',#1627,0.011);
#77=CIRCLE('',#1629,0.004);
#78=CIRCLE('',#1631,0.004);
#79=CIRCLE('',#1633,0.004);
#80=CIRCLE('',#1635,0.011);
#81=CIRCLE('',#1636,0.001);
#82=CIRCLE('',#1637,0.001);
#83=CIRCLE('',#1638,0.001);
#84=CIRCLE('',#1639,0.001);
#85=CIRCLE('',#1640,0.001);
#86=CIRCLE('',#1641,0.001);
#87=CIRCLE('',#1642,0.002);
#88=CIRCLE('',#1643,0.002);
#89=CIRCLE('',#1645,0.004);
#90=CIRCLE('',#1646,0.004);
#91=CIRCLE('',#1648,0.004);
#92=CIRCLE('',#1650,0.004);
#93=CIRCLE('',#1651,0.004);
#94=CIRCLE('',#1657,0.001);
#95=CIRCLE('',#1660,0.001);
#96=CIRCLE('',#1663,0.001);
#97=CIRCLE('',#1665,0.002);
#98=CIRCLE('',#1668,0.001);
#99=CIRCLE('',#1671,0.001);
#100=CIRCLE('',#1674,0.001);
#101=CIRCLE('',#1677,0.002);
#102=CIRCLE('',#1692,0.02125);
#103=CIRCLE('',#1693,0.02125);
#104=CIRCLE('',#1695,0.0060625);
#105=CIRCLE('',#1696,0.0060625);
#106=CIRCLE('',#1698,0.0060625);
#107=CIRCLE('',#1699,0.0060625);
#108=CIRCLE('',#1701,0.02125);
#109=CIRCLE('',#1702,0.02125);
#110=CIRCLE('',#1711,0.02125);
#111=CIRCLE('',#1712,0.02125);
#112=CIRCLE('',#1714,0.0060625);
#113=CIRCLE('',#1715,0.0060625);
#114=CIRCLE('',#1717,0.0060625);
#115=CIRCLE('',#1718,0.0060625);
#116=CIRCLE('',#1720,0.02125);
#117=CIRCLE('',#1721,0.02125);
#118=CIRCLE('',#1725,0.004);
#119=CIRCLE('',#1728,0.004);
#120=ORIENTED_EDGE('',*,*,#556,.F.);
#121=ORIENTED_EDGE('',*,*,#557,.F.);
#122=ORIENTED_EDGE('',*,*,#558,.T.);
#123=ORIENTED_EDGE('',*,*,#559,.T.);
#124=ORIENTED_EDGE('',*,*,#560,.T.);
#125=ORIENTED_EDGE('',*,*,#561,.F.);
#126=ORIENTED_EDGE('',*,*,#562,.F.);
#127=ORIENTED_EDGE('',*,*,#563,.T.);
#128=ORIENTED_EDGE('',*,*,#564,.F.);
#129=ORIENTED_EDGE('',*,*,#565,.T.);
#130=ORIENTED_EDGE('',*,*,#566,.F.);
#131=ORIENTED_EDGE('',*,*,#567,.F.);
#132=ORIENTED_EDGE('',*,*,#568,.T.);
#133=ORIENTED_EDGE('',*,*,#569,.T.);
#134=ORIENTED_EDGE('',*,*,#570,.T.);
#135=ORIENTED_EDGE('',*,*,#571,.F.);
#136=ORIENTED_EDGE('',*,*,#572,.T.);
#137=ORIENTED_EDGE('',*,*,#573,.F.);
#138=ORIENTED_EDGE('',*,*,#574,.T.);
#139=ORIENTED_EDGE('',*,*,#575,.F.);
#140=ORIENTED_EDGE('',*,*,#576,.F.);
#141=ORIENTED_EDGE('',*,*,#577,.T.);
#142=ORIENTED_EDGE('',*,*,#576,.T.);
#143=ORIENTED_EDGE('',*,*,#578,.F.);
#144=ORIENTED_EDGE('',*,*,#579,.F.);
#145=ORIENTED_EDGE('',*,*,#580,.T.);
#146=ORIENTED_EDGE('',*,*,#579,.T.);
#147=ORIENTED_EDGE('',*,*,#581,.F.);
#148=ORIENTED_EDGE('',*,*,#582,.F.);
#149=ORIENTED_EDGE('',*,*,#583,.T.);
#150=ORIENTED_EDGE('',*,*,#584,.F.);
#151=ORIENTED_EDGE('',*,*,#585,.F.);
#152=ORIENTED_EDGE('',*,*,#586,.T.);
#153=ORIENTED_EDGE('',*,*,#563,.F.);
#154=ORIENTED_EDGE('',*,*,#587,.F.);
#155=ORIENTED_EDGE('',*,*,#588,.F.);
#156=ORIENTED_EDGE('',*,*,#574,.F.);
#157=ORIENTED_EDGE('',*,*,#589,.T.);
#158=ORIENTED_EDGE('',*,*,#590,.T.);
#159=ORIENTED_EDGE('',*,*,#591,.T.);
#160=ORIENTED_EDGE('',*,*,#592,.T.);
#161=ORIENTED_EDGE('',*,*,#593,.T.);
#162=ORIENTED_EDGE('',*,*,#561,.T.);
#163=ORIENTED_EDGE('',*,*,#594,.F.);
#164=ORIENTED_EDGE('',*,*,#595,.T.);
#165=ORIENTED_EDGE('',*,*,#596,.F.);
#166=ORIENTED_EDGE('',*,*,#597,.F.);
#167=ORIENTED_EDGE('',*,*,#582,.T.);
#168=ORIENTED_EDGE('',*,*,#596,.T.);
#169=ORIENTED_EDGE('',*,*,#598,.F.);
#170=ORIENTED_EDGE('',*,*,#599,.F.);
#171=ORIENTED_EDGE('',*,*,#600,.T.);
#172=ORIENTED_EDGE('',*,*,#601,.T.);
#173=ORIENTED_EDGE('',*,*,#602,.F.);
#174=ORIENTED_EDGE('',*,*,#603,.F.);
#175=ORIENTED_EDGE('',*,*,#599,.T.);
#176=ORIENTED_EDGE('',*,*,#602,.T.);
#177=ORIENTED_EDGE('',*,*,#604,.F.);
#178=ORIENTED_EDGE('',*,*,#590,.F.);
#179=ORIENTED_EDGE('',*,*,#605,.T.);
#180=ORIENTED_EDGE('',*,*,#606,.T.);
#181=ORIENTED_EDGE('',*,*,#607,.T.);
#182=ORIENTED_EDGE('',*,*,#608,.F.);
#183=ORIENTED_EDGE('',*,*,#609,.T.);
#184=ORIENTED_EDGE('',*,*,#610,.T.);
#185=ORIENTED_EDGE('',*,*,#611,.T.);
#186=ORIENTED_EDGE('',*,*,#612,.F.);
#187=ORIENTED_EDGE('',*,*,#613,.T.);
#188=ORIENTED_EDGE('',*,*,#608,.T.);
#189=ORIENTED_EDGE('',*,*,#614,.T.);
#190=ORIENTED_EDGE('',*,*,#615,.F.);
#191=ORIENTED_EDGE('',*,*,#616,.T.);
#192=ORIENTED_EDGE('',*,*,#617,.T.);
#193=ORIENTED_EDGE('',*,*,#618,.T.);
#194=ORIENTED_EDGE('',*,*,#606,.F.);
#195=ORIENTED_EDGE('',*,*,#619,.T.);
#196=ORIENTED_EDGE('',*,*,#620,.F.);
#197=ORIENTED_EDGE('',*,*,#617,.F.);
#198=ORIENTED_EDGE('',*,*,#621,.F.);
#199=ORIENTED_EDGE('',*,*,#622,.T.);
#200=ORIENTED_EDGE('',*,*,#623,.F.);
#201=ORIENTED_EDGE('',*,*,#559,.F.);
#202=ORIENTED_EDGE('',*,*,#624,.F.);
#203=ORIENTED_EDGE('',*,*,#625,.T.);
#204=ORIENTED_EDGE('',*,*,#626,.F.);
#205=ORIENTED_EDGE('',*,*,#627,.F.);
#206=ORIENTED_EDGE('',*,*,#628,.F.);
#207=ORIENTED_EDGE('',*,*,#625,.F.);
#208=ORIENTED_EDGE('',*,*,#629,.F.);
#209=ORIENTED_EDGE('',*,*,#615,.T.);
#210=ORIENTED_EDGE('',*,*,#630,.F.);
#211=ORIENTED_EDGE('',*,*,#631,.F.);
#212=ORIENTED_EDGE('',*,*,#632,.F.);
#213=ORIENTED_EDGE('',*,*,#557,.T.);
#214=ORIENTED_EDGE('',*,*,#633,.T.);
#215=ORIENTED_EDGE('',*,*,#634,.T.);
#216=ORIENTED_EDGE('',*,*,#568,.F.);
#217=ORIENTED_EDGE('',*,*,#635,.T.);
#218=ORIENTED_EDGE('',*,*,#612,.T.);
#219=ORIENTED_EDGE('',*,*,#636,.T.);
#220=ORIENTED_EDGE('',*,*,#633,.F.);
#221=ORIENTED_EDGE('',*,*,#637,.T.);
#222=ORIENTED_EDGE('',*,*,#638,.T.);
#223=ORIENTED_EDGE('',*,*,#639,.T.);
#224=ORIENTED_EDGE('',*,*,#610,.F.);
#225=ORIENTED_EDGE('',*,*,#640,.T.);
#226=ORIENTED_EDGE('',*,*,#631,.T.);
#227=ORIENTED_EDGE('',*,*,#641,.T.);
#228=ORIENTED_EDGE('',*,*,#638,.F.);
#229=ORIENTED_EDGE('',*,*,#642,.T.);
#230=ORIENTED_EDGE('',*,*,#643,.F.);
#231=ORIENTED_EDGE('',*,*,#644,.F.);
#232=ORIENTED_EDGE('',*,*,#645,.F.);
#233=ORIENTED_EDGE('',*,*,#558,.F.);
#234=ORIENTED_EDGE('',*,*,#632,.T.);
#235=ORIENTED_EDGE('',*,*,#642,.F.);
#236=ORIENTED_EDGE('',*,*,#640,.F.);
#237=ORIENTED_EDGE('',*,*,#613,.F.);
#238=ORIENTED_EDGE('',*,*,#637,.F.);
#239=ORIENTED_EDGE('',*,*,#635,.F.);
#240=ORIENTED_EDGE('',*,*,#646,.F.);
#241=ORIENTED_EDGE('',*,*,#647,.T.);
#242=ORIENTED_EDGE('',*,*,#648,.T.);
#243=ORIENTED_EDGE('',*,*,#621,.T.);
#244=ORIENTED_EDGE('',*,*,#619,.F.);
#245=ORIENTED_EDGE('',*,*,#609,.F.);
#246=ORIENTED_EDGE('',*,*,#616,.F.);
#247=ORIENTED_EDGE('',*,*,#629,.T.);
#248=ORIENTED_EDGE('',*,*,#624,.T.);
#249=ORIENTED_EDGE('',*,*,#626,.T.);
#250=ORIENTED_EDGE('',*,*,#643,.T.);
#251=ORIENTED_EDGE('',*,*,#573,.T.);
#252=ORIENTED_EDGE('',*,*,#649,.F.);
#253=ORIENTED_EDGE('',*,*,#650,.F.);
#254=ORIENTED_EDGE('',*,*,#646,.T.);
#255=ORIENTED_EDGE('',*,*,#651,.F.);
#256=ORIENTED_EDGE('',*,*,#572,.F.);
#257=ORIENTED_EDGE('',*,*,#652,.F.);
#258=ORIENTED_EDGE('',*,*,#653,.T.);
#259=ORIENTED_EDGE('',*,*,#649,.T.);
#260=ORIENTED_EDGE('',*,*,#571,.T.);
#261=ORIENTED_EDGE('',*,*,#654,.F.);
#262=ORIENTED_EDGE('',*,*,#655,.F.);
#263=ORIENTED_EDGE('',*,*,#652,.T.);
#264=ORIENTED_EDGE('',*,*,#656,.T.);
#265=ORIENTED_EDGE('',*,*,#654,.T.);
#266=ORIENTED_EDGE('',*,*,#657,.T.);
#267=ORIENTED_EDGE('',*,*,#658,.T.);
#268=ORIENTED_EDGE('',*,*,#659,.T.);
#269=ORIENTED_EDGE('',*,*,#660,.T.);
#270=ORIENTED_EDGE('',*,*,#661,.T.);
#271=ORIENTED_EDGE('',*,*,#662,.F.);
#272=ORIENTED_EDGE('',*,*,#566,.T.);
#273=ORIENTED_EDGE('',*,*,#663,.F.);
#274=ORIENTED_EDGE('',*,*,#664,.F.);
#275=ORIENTED_EDGE('',*,*,#665,.T.);
#276=ORIENTED_EDGE('',*,*,#666,.T.);
#277=ORIENTED_EDGE('',*,*,#667,.T.);
#278=ORIENTED_EDGE('',*,*,#668,.F.);
#279=ORIENTED_EDGE('',*,*,#669,.F.);
#280=ORIENTED_EDGE('',*,*,#670,.F.);
#281=ORIENTED_EDGE('',*,*,#671,.F.);
#282=ORIENTED_EDGE('',*,*,#672,.F.);
#283=ORIENTED_EDGE('',*,*,#673,.T.);
#284=ORIENTED_EDGE('',*,*,#674,.F.);
#285=ORIENTED_EDGE('',*,*,#675,.F.);
#286=ORIENTED_EDGE('',*,*,#669,.T.);
#287=ORIENTED_EDGE('',*,*,#676,.F.);
#288=ORIENTED_EDGE('',*,*,#677,.T.);
#289=ORIENTED_EDGE('',*,*,#678,.F.);
#290=ORIENTED_EDGE('',*,*,#679,.F.);
#291=ORIENTED_EDGE('',*,*,#674,.T.);
#292=ORIENTED_EDGE('',*,*,#680,.T.);
#293=ORIENTED_EDGE('',*,*,#648,.F.);
#294=ORIENTED_EDGE('',*,*,#681,.F.);
#295=ORIENTED_EDGE('',*,*,#678,.T.);
#296=ORIENTED_EDGE('',*,*,#682,.F.);
#297=ORIENTED_EDGE('',*,*,#675,.T.);
#298=ORIENTED_EDGE('',*,*,#679,.T.);
#299=ORIENTED_EDGE('',*,*,#681,.T.);
#300=ORIENTED_EDGE('',*,*,#683,.F.);
#301=ORIENTED_EDGE('',*,*,#684,.F.);
#302=ORIENTED_EDGE('',*,*,#685,.T.);
#303=ORIENTED_EDGE('',*,*,#650,.T.);
#304=ORIENTED_EDGE('',*,*,#653,.F.);
#305=ORIENTED_EDGE('',*,*,#655,.T.);
#306=ORIENTED_EDGE('',*,*,#686,.T.);
#307=ORIENTED_EDGE('',*,*,#687,.T.);
#308=ORIENTED_EDGE('',*,*,#577,.F.);
#309=ORIENTED_EDGE('',*,*,#580,.F.);
#310=ORIENTED_EDGE('',*,*,#583,.F.);
#311=ORIENTED_EDGE('',*,*,#597,.T.);
#312=ORIENTED_EDGE('',*,*,#600,.F.);
#313=ORIENTED_EDGE('',*,*,#603,.T.);
#314=ORIENTED_EDGE('',*,*,#605,.F.);
#315=ORIENTED_EDGE('',*,*,#589,.F.);
#316=ORIENTED_EDGE('',*,*,#688,.F.);
#317=ORIENTED_EDGE('',*,*,#689,.F.);
#318=ORIENTED_EDGE('',*,*,#622,.F.);
#319=ORIENTED_EDGE('',*,*,#680,.F.);
#320=ORIENTED_EDGE('',*,*,#677,.F.);
#321=ORIENTED_EDGE('',*,*,#673,.F.);
#322=ORIENTED_EDGE('',*,*,#584,.T.);
#323=ORIENTED_EDGE('',*,*,#656,.F.);
#324=ORIENTED_EDGE('',*,*,#645,.T.);
#325=ORIENTED_EDGE('',*,*,#591,.F.);
#326=ORIENTED_EDGE('',*,*,#690,.F.);
#327=ORIENTED_EDGE('',*,*,#691,.T.);
#328=ORIENTED_EDGE('',*,*,#665,.F.);
#329=ORIENTED_EDGE('',*,*,#692,.F.);
#330=ORIENTED_EDGE('',*,*,#693,.F.);
#331=ORIENTED_EDGE('',*,*,#694,.T.);
#332=ORIENTED_EDGE('',*,*,#666,.F.);
#333=ORIENTED_EDGE('',*,*,#691,.F.);
#334=ORIENTED_EDGE('',*,*,#695,.F.);
#335=ORIENTED_EDGE('',*,*,#696,.T.);
#336=ORIENTED_EDGE('',*,*,#667,.F.);
#337=ORIENTED_EDGE('',*,*,#694,.F.);
#338=ORIENTED_EDGE('',*,*,#696,.F.);
#339=ORIENTED_EDGE('',*,*,#697,.T.);
#340=ORIENTED_EDGE('',*,*,#688,.T.);
#341=ORIENTED_EDGE('',*,*,#668,.T.);
#342=ORIENTED_EDGE('',*,*,#565,.F.);
#343=ORIENTED_EDGE('',*,*,#698,.T.);
#344=ORIENTED_EDGE('',*,*,#699,.T.);
#345=ORIENTED_EDGE('',*,*,#663,.T.);
#346=ORIENTED_EDGE('',*,*,#700,.T.);
#347=ORIENTED_EDGE('',*,*,#671,.T.);
#348=ORIENTED_EDGE('',*,*,#699,.F.);
#349=ORIENTED_EDGE('',*,*,#701,.T.);
#350=ORIENTED_EDGE('',*,*,#692,.T.);
#351=ORIENTED_EDGE('',*,*,#664,.T.);
#352=ORIENTED_EDGE('',*,*,#702,.F.);
#353=ORIENTED_EDGE('',*,*,#703,.T.);
#354=ORIENTED_EDGE('',*,*,#567,.T.);
#355=ORIENTED_EDGE('',*,*,#662,.T.);
#356=ORIENTED_EDGE('',*,*,#704,.F.);
#357=ORIENTED_EDGE('',*,*,#705,.T.);
#358=ORIENTED_EDGE('',*,*,#657,.F.);
#359=ORIENTED_EDGE('',*,*,#570,.F.);
#360=ORIENTED_EDGE('',*,*,#706,.F.);
#361=ORIENTED_EDGE('',*,*,#707,.T.);
#362=ORIENTED_EDGE('',*,*,#658,.F.);
#363=ORIENTED_EDGE('',*,*,#705,.F.);
#364=ORIENTED_EDGE('',*,*,#708,.F.);
#365=ORIENTED_EDGE('',*,*,#709,.T.);
#366=ORIENTED_EDGE('',*,*,#659,.F.);
#367=ORIENTED_EDGE('',*,*,#707,.F.);
#368=ORIENTED_EDGE('',*,*,#710,.F.);
#369=ORIENTED_EDGE('',*,*,#711,.T.);
#370=ORIENTED_EDGE('',*,*,#660,.F.);
#371=ORIENTED_EDGE('',*,*,#709,.F.);
#372=ORIENTED_EDGE('',*,*,#712,.F.);
#373=ORIENTED_EDGE('',*,*,#702,.T.);
#374=ORIENTED_EDGE('',*,*,#661,.F.);
#375=ORIENTED_EDGE('',*,*,#711,.F.);
#376=ORIENTED_EDGE('',*,*,#713,.T.);
#377=ORIENTED_EDGE('',*,*,#672,.T.);
#378=ORIENTED_EDGE('',*,*,#704,.T.);
#379=ORIENTED_EDGE('',*,*,#714,.F.);
#380=ORIENTED_EDGE('',*,*,#715,.F.);
#381=ORIENTED_EDGE('',*,*,#716,.T.);
#382=ORIENTED_EDGE('',*,*,#703,.F.);
#383=ORIENTED_EDGE('',*,*,#712,.T.);
#384=ORIENTED_EDGE('',*,*,#710,.T.);
#385=ORIENTED_EDGE('',*,*,#708,.T.);
#386=ORIENTED_EDGE('',*,*,#706,.T.);
#387=ORIENTED_EDGE('',*,*,#713,.F.);
#388=ORIENTED_EDGE('',*,*,#644,.T.);
#389=ORIENTED_EDGE('',*,*,#636,.F.);
#390=ORIENTED_EDGE('',*,*,#611,.F.);
#391=ORIENTED_EDGE('',*,*,#639,.F.);
#392=ORIENTED_EDGE('',*,*,#641,.F.);
#393=ORIENTED_EDGE('',*,*,#630,.T.);
#394=ORIENTED_EDGE('',*,*,#717,.F.);
#395=ORIENTED_EDGE('',*,*,#718,.T.);
#396=ORIENTED_EDGE('',*,*,#719,.T.);
#397=ORIENTED_EDGE('',*,*,#634,.F.);
#398=ORIENTED_EDGE('',*,*,#620,.T.);
#399=ORIENTED_EDGE('',*,*,#720,.F.);
#400=ORIENTED_EDGE('',*,*,#721,.T.);
#401=ORIENTED_EDGE('',*,*,#722,.T.);
#402=ORIENTED_EDGE('',*,*,#623,.T.);
#403=ORIENTED_EDGE('',*,*,#628,.T.);
#404=ORIENTED_EDGE('',*,*,#614,.F.);
#405=ORIENTED_EDGE('',*,*,#607,.F.);
#406=ORIENTED_EDGE('',*,*,#618,.F.);
#407=ORIENTED_EDGE('',*,*,#627,.T.);
#408=ORIENTED_EDGE('',*,*,#695,.T.);
#409=ORIENTED_EDGE('',*,*,#693,.T.);
#410=ORIENTED_EDGE('',*,*,#690,.T.);
#411=ORIENTED_EDGE('',*,*,#701,.F.);
#412=ORIENTED_EDGE('',*,*,#698,.F.);
#413=ORIENTED_EDGE('',*,*,#723,.F.);
#414=ORIENTED_EDGE('',*,*,#724,.F.);
#415=ORIENTED_EDGE('',*,*,#725,.T.);
#416=ORIENTED_EDGE('',*,*,#697,.F.);
#417=ORIENTED_EDGE('',*,*,#700,.F.);
#418=ORIENTED_EDGE('',*,*,#560,.F.);
#419=ORIENTED_EDGE('',*,*,#722,.F.);
#420=ORIENTED_EDGE('',*,*,#726,.T.);
#421=ORIENTED_EDGE('',*,*,#594,.T.);
#422=ORIENTED_EDGE('',*,*,#689,.T.);
#423=ORIENTED_EDGE('',*,*,#725,.F.);
#424=ORIENTED_EDGE('',*,*,#727,.F.);
#425=ORIENTED_EDGE('',*,*,#720,.T.);
#426=ORIENTED_EDGE('',*,*,#598,.T.);
#427=ORIENTED_EDGE('',*,*,#595,.F.);
#428=ORIENTED_EDGE('',*,*,#726,.F.);
#429=ORIENTED_EDGE('',*,*,#721,.F.);
#430=ORIENTED_EDGE('',*,*,#727,.T.);
#431=ORIENTED_EDGE('',*,*,#724,.T.);
#432=ORIENTED_EDGE('',*,*,#728,.T.);
#433=ORIENTED_EDGE('',*,*,#585,.T.);
#434=ORIENTED_EDGE('',*,*,#604,.T.);
#435=ORIENTED_EDGE('',*,*,#601,.F.);
#436=ORIENTED_EDGE('',*,*,#569,.F.);
#437=ORIENTED_EDGE('',*,*,#719,.F.);
#438=ORIENTED_EDGE('',*,*,#729,.T.);
#439=ORIENTED_EDGE('',*,*,#714,.T.);
#440=ORIENTED_EDGE('',*,*,#556,.T.);
#441=ORIENTED_EDGE('',*,*,#593,.F.);
#442=ORIENTED_EDGE('',*,*,#730,.F.);
#443=ORIENTED_EDGE('',*,*,#717,.T.);
#444=ORIENTED_EDGE('',*,*,#562,.T.);
#445=ORIENTED_EDGE('',*,*,#716,.F.);
#446=ORIENTED_EDGE('',*,*,#731,.F.);
#447=ORIENTED_EDGE('',*,*,#587,.T.);
#448=ORIENTED_EDGE('',*,*,#729,.F.);
#449=ORIENTED_EDGE('',*,*,#718,.F.);
#450=ORIENTED_EDGE('',*,*,#730,.T.);
#451=ORIENTED_EDGE('',*,*,#592,.F.);
#452=ORIENTED_EDGE('',*,*,#581,.T.);
#453=ORIENTED_EDGE('',*,*,#578,.T.);
#454=ORIENTED_EDGE('',*,*,#575,.T.);
#455=ORIENTED_EDGE('',*,*,#588,.T.);
#456=ORIENTED_EDGE('',*,*,#731,.T.);
#457=ORIENTED_EDGE('',*,*,#715,.T.);
#458=ORIENTED_EDGE('',*,*,#564,.T.);
#459=ORIENTED_EDGE('',*,*,#586,.F.);
#460=ORIENTED_EDGE('',*,*,#728,.F.);
#461=ORIENTED_EDGE('',*,*,#723,.T.);
#462=ORIENTED_EDGE('',*,*,#732,.F.);
#463=ORIENTED_EDGE('',*,*,#733,.F.);
#464=ORIENTED_EDGE('',*,*,#685,.F.);
#465=ORIENTED_EDGE('',*,*,#734,.T.);
#466=ORIENTED_EDGE('',*,*,#735,.T.);
#467=ORIENTED_EDGE('',*,*,#736,.T.);
#468=ORIENTED_EDGE('',*,*,#735,.F.);
#469=ORIENTED_EDGE('',*,*,#737,.F.);
#470=ORIENTED_EDGE('',*,*,#738,.T.);
#471=ORIENTED_EDGE('',*,*,#739,.F.);
#472=ORIENTED_EDGE('',*,*,#738,.F.);
#473=ORIENTED_EDGE('',*,*,#740,.T.);
#474=ORIENTED_EDGE('',*,*,#741,.T.);
#475=ORIENTED_EDGE('',*,*,#742,.F.);
#476=ORIENTED_EDGE('',*,*,#741,.F.);
#477=ORIENTED_EDGE('',*,*,#743,.T.);
#478=ORIENTED_EDGE('',*,*,#744,.T.);
#479=ORIENTED_EDGE('',*,*,#745,.T.);
#480=ORIENTED_EDGE('',*,*,#744,.F.);
#481=ORIENTED_EDGE('',*,*,#746,.F.);
#482=ORIENTED_EDGE('',*,*,#747,.T.);
#483=ORIENTED_EDGE('',*,*,#748,.T.);
#484=ORIENTED_EDGE('',*,*,#747,.F.);
#485=ORIENTED_EDGE('',*,*,#749,.F.);
#486=ORIENTED_EDGE('',*,*,#683,.T.);
#487=ORIENTED_EDGE('',*,*,#750,.T.);
#488=ORIENTED_EDGE('',*,*,#647,.F.);
#489=ORIENTED_EDGE('',*,*,#733,.T.);
#490=ORIENTED_EDGE('',*,*,#751,.T.);
#491=ORIENTED_EDGE('',*,*,#750,.F.);
#492=ORIENTED_EDGE('',*,*,#734,.F.);
#493=ORIENTED_EDGE('',*,*,#684,.T.);
#494=ORIENTED_EDGE('',*,*,#749,.T.);
#495=ORIENTED_EDGE('',*,*,#746,.T.);
#496=ORIENTED_EDGE('',*,*,#743,.F.);
#497=ORIENTED_EDGE('',*,*,#740,.F.);
#498=ORIENTED_EDGE('',*,*,#737,.T.);
#499=ORIENTED_EDGE('',*,*,#732,.T.);
#500=ORIENTED_EDGE('',*,*,#736,.F.);
#501=ORIENTED_EDGE('',*,*,#739,.T.);
#502=ORIENTED_EDGE('',*,*,#742,.T.);
#503=ORIENTED_EDGE('',*,*,#745,.F.);
#504=ORIENTED_EDGE('',*,*,#748,.F.);
#505=ORIENTED_EDGE('',*,*,#751,.F.);
#506=ORIENTED_EDGE('',*,*,#752,.F.);
#507=ORIENTED_EDGE('',*,*,#686,.F.);
#508=ORIENTED_EDGE('',*,*,#753,.F.);
#509=ORIENTED_EDGE('',*,*,#754,.T.);
#510=ORIENTED_EDGE('',*,*,#755,.T.);
#511=ORIENTED_EDGE('',*,*,#753,.T.);
#512=ORIENTED_EDGE('',*,*,#670,.T.);
#513=ORIENTED_EDGE('',*,*,#756,.F.);
#514=ORIENTED_EDGE('',*,*,#757,.F.);
#515=ORIENTED_EDGE('',*,*,#758,.F.);
#516=ORIENTED_EDGE('',*,*,#759,.F.);
#517=ORIENTED_EDGE('',*,*,#760,.T.);
#518=ORIENTED_EDGE('',*,*,#756,.T.);
#519=ORIENTED_EDGE('',*,*,#682,.T.);
#520=ORIENTED_EDGE('',*,*,#761,.F.);
#521=ORIENTED_EDGE('',*,*,#762,.F.);
#522=ORIENTED_EDGE('',*,*,#763,.T.);
#523=ORIENTED_EDGE('',*,*,#759,.T.);
#524=ORIENTED_EDGE('',*,*,#764,.T.);
#525=ORIENTED_EDGE('',*,*,#765,.F.);
#526=ORIENTED_EDGE('',*,*,#766,.F.);
#527=ORIENTED_EDGE('',*,*,#762,.T.);
#528=ORIENTED_EDGE('',*,*,#767,.T.);
#529=ORIENTED_EDGE('',*,*,#768,.F.);
#530=ORIENTED_EDGE('',*,*,#769,.F.);
#531=ORIENTED_EDGE('',*,*,#765,.T.);
#532=ORIENTED_EDGE('',*,*,#770,.F.);
#533=ORIENTED_EDGE('',*,*,#755,.F.);
#534=ORIENTED_EDGE('',*,*,#771,.T.);
#535=ORIENTED_EDGE('',*,*,#768,.T.);
#536=ORIENTED_EDGE('',*,*,#754,.F.);
#537=ORIENTED_EDGE('',*,*,#757,.T.);
#538=ORIENTED_EDGE('',*,*,#760,.F.);
#539=ORIENTED_EDGE('',*,*,#763,.F.);
#540=ORIENTED_EDGE('',*,*,#766,.T.);
#541=ORIENTED_EDGE('',*,*,#769,.T.);
#542=ORIENTED_EDGE('',*,*,#771,.F.);
#543=ORIENTED_EDGE('',*,*,#752,.T.);
#544=ORIENTED_EDGE('',*,*,#770,.T.);
#545=ORIENTED_EDGE('',*,*,#767,.F.);
#546=ORIENTED_EDGE('',*,*,#764,.F.);
#547=ORIENTED_EDGE('',*,*,#761,.T.);
#548=ORIENTED_EDGE('',*,*,#758,.T.);
#549=ORIENTED_EDGE('',*,*,#687,.F.);
#550=ORIENTED_EDGE('',*,*,#772,.F.);
#551=ORIENTED_EDGE('',*,*,#676,.T.);
#552=ORIENTED_EDGE('',*,*,#772,.T.);
#553=ORIENTED_EDGE('',*,*,#773,.F.);
#554=ORIENTED_EDGE('',*,*,#651,.T.);
#555=ORIENTED_EDGE('',*,*,#773,.T.);
#556=EDGE_CURVE('',#774,#775,#918,.T.);
#557=EDGE_CURVE('',#776,#774,#919,.T.);
#558=EDGE_CURVE('',#776,#777,#920,.T.);
#559=EDGE_CURVE('',#777,#778,#921,.T.);
#560=EDGE_CURVE('',#778,#779,#922,.T.);
#561=EDGE_CURVE('',#775,#779,#923,.T.);
#562=EDGE_CURVE('',#780,#781,#924,.T.);
#563=EDGE_CURVE('',#780,#782,#925,.T.);
#564=EDGE_CURVE('',#783,#782,#926,.T.);
#565=EDGE_CURVE('',#783,#784,#927,.T.);
#566=EDGE_CURVE('',#785,#784,#928,.T.);
#567=EDGE_CURVE('',#781,#785,#929,.T.);
#568=EDGE_CURVE('',#786,#787,#930,.T.);
#569=EDGE_CURVE('',#787,#788,#931,.T.);
#570=EDGE_CURVE('',#788,#789,#932,.T.);
#571=EDGE_CURVE('',#790,#789,#48,.T.);
#572=EDGE_CURVE('',#790,#791,#933,.T.);
#573=EDGE_CURVE('',#786,#791,#49,.T.);
#574=EDGE_CURVE('',#792,#793,#934,.T.);
#575=EDGE_CURVE('',#794,#793,#50,.T.);
#576=EDGE_CURVE('',#795,#794,#935,.T.);
#577=EDGE_CURVE('',#795,#792,#51,.T.);
#578=EDGE_CURVE('',#796,#794,#936,.T.);
#579=EDGE_CURVE('',#797,#796,#937,.T.);
#580=EDGE_CURVE('',#797,#795,#938,.T.);
#581=EDGE_CURVE('',#798,#796,#52,.T.);
#582=EDGE_CURVE('',#799,#798,#939,.T.);
#583=EDGE_CURVE('',#799,#797,#53,.T.);
#584=EDGE_CURVE('',#800,#800,#54,.T.);
#585=EDGE_CURVE('',#801,#802,#940,.T.);
#586=EDGE_CURVE('',#801,#782,#941,.T.);
#587=EDGE_CURVE('',#803,#780,#942,.T.);
#588=EDGE_CURVE('',#793,#803,#943,.T.);
#589=EDGE_CURVE('',#792,#804,#944,.T.);
#590=EDGE_CURVE('',#804,#802,#945,.T.);
#591=EDGE_CURVE('',#805,#805,#55,.T.);
#592=EDGE_CURVE('',#798,#806,#946,.T.);
#593=EDGE_CURVE('',#806,#775,#947,.T.);
#594=EDGE_CURVE('',#807,#779,#948,.T.);
#595=EDGE_CURVE('',#807,#808,#949,.T.);
#596=EDGE_CURVE('',#809,#808,#950,.T.);
#597=EDGE_CURVE('',#799,#809,#951,.T.);
#598=EDGE_CURVE('',#810,#808,#56,.T.);
#599=EDGE_CURVE('',#811,#810,#952,.T.);
#600=EDGE_CURVE('',#811,#809,#57,.T.);
#601=EDGE_CURVE('',#810,#812,#953,.T.);
#602=EDGE_CURVE('',#813,#812,#954,.T.);
#603=EDGE_CURVE('',#811,#813,#955,.T.);
#604=EDGE_CURVE('',#802,#812,#58,.T.);
#605=EDGE_CURVE('',#804,#813,#59,.T.);
#606=EDGE_CURVE('',#814,#815,#956,.T.);
#607=EDGE_CURVE('',#815,#816,#957,.T.);
#608=EDGE_CURVE('',#817,#816,#958,.T.);
#609=EDGE_CURVE('',#817,#814,#959,.T.);
#610=EDGE_CURVE('',#818,#819,#960,.T.);
#611=EDGE_CURVE('',#819,#820,#961,.T.);
#612=EDGE_CURVE('',#821,#820,#962,.T.);
#613=EDGE_CURVE('',#821,#818,#963,.T.);
#614=EDGE_CURVE('',#816,#822,#60,.F.);
#615=EDGE_CURVE('',#823,#822,#964,.T.);
#616=EDGE_CURVE('',#823,#817,#61,.T.);
#617=EDGE_CURVE('',#824,#825,#965,.T.);
#618=EDGE_CURVE('',#825,#815,#62,.F.);
#619=EDGE_CURVE('',#814,#824,#63,.T.);
#620=EDGE_CURVE('',#825,#826,#966,.T.);
#621=EDGE_CURVE('',#827,#824,#967,.T.);
#622=EDGE_CURVE('',#827,#826,#968,.T.);
#623=EDGE_CURVE('',#778,#828,#64,.F.);
#624=EDGE_CURVE('',#829,#777,#65,.T.);
#625=EDGE_CURVE('',#829,#828,#969,.T.);
#626=EDGE_CURVE('',#830,#830,#66,.T.);
#627=EDGE_CURVE('',#831,#831,#67,.F.);
#628=EDGE_CURVE('',#828,#822,#970,.T.);
#629=EDGE_CURVE('',#823,#829,#971,.T.);
#630=EDGE_CURVE('',#832,#774,#68,.F.);
#631=EDGE_CURVE('',#833,#832,#972,.T.);
#632=EDGE_CURVE('',#776,#833,#69,.T.);
#633=EDGE_CURVE('',#834,#835,#973,.T.);
#634=EDGE_CURVE('',#835,#787,#974,.T.);
#635=EDGE_CURVE('',#786,#834,#975,.T.);
#636=EDGE_CURVE('',#820,#835,#70,.F.);
#637=EDGE_CURVE('',#834,#821,#71,.T.);
#638=EDGE_CURVE('',#836,#837,#976,.T.);
#639=EDGE_CURVE('',#837,#819,#72,.F.);
#640=EDGE_CURVE('',#818,#836,#73,.T.);
#641=EDGE_CURVE('',#832,#837,#977,.T.);
#642=EDGE_CURVE('',#836,#833,#978,.T.);
#643=EDGE_CURVE('',#838,#838,#74,.T.);
#644=EDGE_CURVE('',#839,#839,#75,.F.);
#645=EDGE_CURVE('',#840,#840,#76,.T.);
#646=EDGE_CURVE('',#841,#786,#979,.T.);
#647=EDGE_CURVE('',#841,#842,#980,.T.);
#648=EDGE_CURVE('',#842,#827,#981,.T.);
#649=EDGE_CURVE('',#843,#791,#982,.T.);
#650=EDGE_CURVE('',#841,#843,#77,.T.);
#651=EDGE_CURVE('',#844,#844,#78,.T.);
#652=EDGE_CURVE('',#845,#790,#983,.T.);
#653=EDGE_CURVE('',#845,#843,#984,.T.);
#654=EDGE_CURVE('',#846,#789,#985,.T.);
#655=EDGE_CURVE('',#845,#846,#79,.T.);
#656=EDGE_CURVE('',#847,#847,#80,.T.);
#657=EDGE_CURVE('',#789,#848,#986,.T.);
#658=EDGE_CURVE('',#848,#849,#81,.T.);
#659=EDGE_CURVE('',#849,#850,#987,.T.);
#660=EDGE_CURVE('',#850,#851,#82,.T.);
#661=EDGE_CURVE('',#851,#852,#988,.T.);
#662=EDGE_CURVE('',#785,#852,#83,.T.);
#663=EDGE_CURVE('',#853,#784,#84,.T.);
#664=EDGE_CURVE('',#854,#853,#989,.T.);
#665=EDGE_CURVE('',#854,#855,#85,.T.);
#666=EDGE_CURVE('',#855,#856,#990,.T.);
#667=EDGE_CURVE('',#856,#857,#86,.T.);
#668=EDGE_CURVE('',#858,#857,#991,.T.);
#669=EDGE_CURVE('',#859,#858,#992,.T.);
#670=EDGE_CURVE('',#846,#859,#993,.T.);
#671=EDGE_CURVE('',#860,#860,#87,.T.);
#672=EDGE_CURVE('',#861,#861,#88,.T.);
#673=EDGE_CURVE('',#858,#862,#89,.T.);
#674=EDGE_CURVE('',#863,#862,#994,.T.);
#675=EDGE_CURVE('',#859,#863,#90,.T.);
#676=EDGE_CURVE('',#864,#864,#91,.T.);
#677=EDGE_CURVE('',#862,#865,#995,.T.);
#678=EDGE_CURVE('',#866,#865,#996,.T.);
#679=EDGE_CURVE('',#863,#866,#997,.T.);
#680=EDGE_CURVE('',#865,#827,#92,.T.);
#681=EDGE_CURVE('',#866,#842,#93,.T.);
#682=EDGE_CURVE('',#859,#867,#998,.T.);
#683=EDGE_CURVE('',#868,#842,#999,.T.);
#684=EDGE_CURVE('',#869,#868,#1000,.T.);
#685=EDGE_CURVE('',#869,#841,#1001,.T.);
#686=EDGE_CURVE('',#846,#870,#1002,.T.);
#687=EDGE_CURVE('',#870,#867,#1003,.T.);
#688=EDGE_CURVE('',#871,#858,#1004,.T.);
#689=EDGE_CURVE('',#826,#871,#1005,.T.);
#690=EDGE_CURVE('',#872,#873,#94,.F.);
#691=EDGE_CURVE('',#872,#855,#1006,.T.);
#692=EDGE_CURVE('',#873,#854,#1007,.T.);
#693=EDGE_CURVE('',#874,#872,#1008,.T.);
#694=EDGE_CURVE('',#874,#856,#1009,.T.);
#695=EDGE_CURVE('',#875,#874,#95,.F.);
#696=EDGE_CURVE('',#875,#857,#1010,.T.);
#697=EDGE_CURVE('',#875,#871,#1011,.T.);
#698=EDGE_CURVE('',#783,#876,#96,.F.);
#699=EDGE_CURVE('',#876,#853,#1012,.T.);
#700=EDGE_CURVE('',#877,#877,#97,.F.);
#701=EDGE_CURVE('',#876,#873,#1013,.T.);
#702=EDGE_CURVE('',#878,#852,#1014,.T.);
#703=EDGE_CURVE('',#878,#781,#98,.F.);
#704=EDGE_CURVE('',#879,#788,#1015,.T.);
#705=EDGE_CURVE('',#879,#848,#1016,.T.);
#706=EDGE_CURVE('',#880,#879,#99,.F.);
#707=EDGE_CURVE('',#880,#849,#1017,.T.);
#708=EDGE_CURVE('',#881,#880,#1018,.T.);
#709=EDGE_CURVE('',#881,#850,#1019,.T.);
#710=EDGE_CURVE('',#882,#881,#100,.F.);
#711=EDGE_CURVE('',#882,#851,#1020,.T.);
#712=EDGE_CURVE('',#878,#882,#1021,.T.);
#713=EDGE_CURVE('',#883,#883,#101,.F.);
#714=EDGE_CURVE('',#884,#788,#1022,.T.);
#715=EDGE_CURVE('',#885,#884,#1023,.T.);
#716=EDGE_CURVE('',#885,#781,#1024,.T.);
#717=EDGE_CURVE('',#886,#774,#1025,.T.);
#718=EDGE_CURVE('',#886,#887,#1026,.T.);
#719=EDGE_CURVE('',#887,#787,#1027,.T.);
#720=EDGE_CURVE('',#888,#826,#1028,.T.);
#721=EDGE_CURVE('',#888,#889,#1029,.T.);
#722=EDGE_CURVE('',#889,#778,#1030,.T.);
#723=EDGE_CURVE('',#890,#783,#1031,.T.);
#724=EDGE_CURVE('',#891,#890,#1032,.T.);
#725=EDGE_CURVE('',#891,#871,#1033,.T.);
#726=EDGE_CURVE('',#889,#807,#1034,.T.);
#727=EDGE_CURVE('',#888,#891,#1035,.T.);
#728=EDGE_CURVE('',#890,#801,#1036,.T.);
#729=EDGE_CURVE('',#887,#884,#1037,.T.);
#730=EDGE_CURVE('',#886,#806,#1038,.T.);
#731=EDGE_CURVE('',#803,#885,#1039,.T.);
#732=EDGE_CURVE('',#892,#893,#1040,.T.);
#733=EDGE_CURVE('',#841,#892,#1041,.T.);
#734=EDGE_CURVE('',#869,#894,#1042,.T.);
#735=EDGE_CURVE('',#894,#893,#1043,.T.);
#736=EDGE_CURVE('',#895,#893,#102,.T.);
#737=EDGE_CURVE('',#896,#894,#103,.T.);
#738=EDGE_CURVE('',#896,#895,#1044,.T.);
#739=EDGE_CURVE('',#895,#897,#104,.T.);
#740=EDGE_CURVE('',#896,#898,#105,.T.);
#741=EDGE_CURVE('',#898,#897,#1045,.T.);
#742=EDGE_CURVE('',#897,#899,#106,.T.);
#743=EDGE_CURVE('',#898,#900,#107,.T.);
#744=EDGE_CURVE('',#900,#899,#1046,.T.);
#745=EDGE_CURVE('',#901,#899,#108,.T.);
#746=EDGE_CURVE('',#902,#900,#109,.T.);
#747=EDGE_CURVE('',#902,#901,#1047,.T.);
#748=EDGE_CURVE('',#903,#901,#1048,.T.);
#749=EDGE_CURVE('',#868,#902,#1049,.T.);
#750=EDGE_CURVE('',#842,#903,#1050,.T.);
#751=EDGE_CURVE('',#892,#903,#1051,.T.);
#752=EDGE_CURVE('',#870,#904,#1052,.T.);
#753=EDGE_CURVE('',#905,#846,#1053,.T.);
#754=EDGE_CURVE('',#905,#906,#1054,.T.);
#755=EDGE_CURVE('',#906,#904,#1055,.T.);
#756=EDGE_CURVE('',#907,#859,#1056,.T.);
#757=EDGE_CURVE('',#905,#907,#1057,.T.);
#758=EDGE_CURVE('',#908,#867,#1058,.T.);
#759=EDGE_CURVE('',#909,#908,#1059,.T.);
#760=EDGE_CURVE('',#909,#907,#1060,.T.);
#761=EDGE_CURVE('',#910,#908,#110,.T.);
#762=EDGE_CURVE('',#911,#910,#1061,.T.);
#763=EDGE_CURVE('',#911,#909,#111,.T.);
#764=EDGE_CURVE('',#910,#912,#112,.T.);
#765=EDGE_CURVE('',#913,#912,#1062,.T.);
#766=EDGE_CURVE('',#911,#913,#113,.T.);
#767=EDGE_CURVE('',#912,#914,#114,.T.);
#768=EDGE_CURVE('',#915,#914,#1063,.T.);
#769=EDGE_CURVE('',#913,#915,#115,.T.);
#770=EDGE_CURVE('',#904,#914,#116,.T.);
#771=EDGE_CURVE('',#906,#915,#117,.T.);
#772=EDGE_CURVE('',#916,#916,#118,.T.);
#773=EDGE_CURVE('',#917,#917,#119,.T.);
#774=VERTEX_POINT('',#2195);
#775=VERTEX_POINT('',#2196);
#776=VERTEX_POINT('',#2198);
#777=VERTEX_POINT('',#2200);
#778=VERTEX_POINT('',#2202);
#779=VERTEX_POINT('',#2204);
#780=VERTEX_POINT('',#2208);
#781=VERTEX_POINT('',#2209);
#782=VERTEX_POINT('',#2211);
#783=VERTEX_POINT('',#2213);
#784=VERTEX_POINT('',#2215);
#785=VERTEX_POINT('',#2217);
#786=VERTEX_POINT('',#2221);
#787=VERTEX_POINT('',#2222);
#788=VERTEX_POINT('',#2224);
#789=VERTEX_POINT('',#2226);
#790=VERTEX_POINT('',#2228);
#791=VERTEX_POINT('',#2230);
#792=VERTEX_POINT('',#2234);
#793=VERTEX_POINT('',#2235);
#794=VERTEX_POINT('',#2237);
#795=VERTEX_POINT('',#2239);
#796=VERTEX_POINT('',#2243);
#797=VERTEX_POINT('',#2245);
#798=VERTEX_POINT('',#2249);
#799=VERTEX_POINT('',#2251);
#800=VERTEX_POINT('',#2255);
#801=VERTEX_POINT('',#2257);
#802=VERTEX_POINT('',#2258);
#803=VERTEX_POINT('',#2261);
#804=VERTEX_POINT('',#2264);
#805=VERTEX_POINT('',#2268);
#806=VERTEX_POINT('',#2270);
#807=VERTEX_POINT('',#2273);
#808=VERTEX_POINT('',#2275);
#809=VERTEX_POINT('',#2277);
#810=VERTEX_POINT('',#2281);
#811=VERTEX_POINT('',#2283);
#812=VERTEX_POINT('',#2287);
#813=VERTEX_POINT('',#2289);
#814=VERTEX_POINT('',#2296);
#815=VERTEX_POINT('',#2297);
#816=VERTEX_POINT('',#2299);
#817=VERTEX_POINT('',#2301);
#818=VERTEX_POINT('',#2305);
#819=VERTEX_POINT('',#2306);
#820=VERTEX_POINT('',#2308);
#821=VERTEX_POINT('',#2310);
#822=VERTEX_POINT('',#2314);
#823=VERTEX_POINT('',#2316);
#824=VERTEX_POINT('',#2320);
#825=VERTEX_POINT('',#2321);
#826=VERTEX_POINT('',#2326);
#827=VERTEX_POINT('',#2328);
#828=VERTEX_POINT('',#2332);
#829=VERTEX_POINT('',#2334);
#830=VERTEX_POINT('',#2338);
#831=VERTEX_POINT('',#2340);
#832=VERTEX_POINT('',#2346);
#833=VERTEX_POINT('',#2348);
#834=VERTEX_POINT('',#2352);
#835=VERTEX_POINT('',#2353);
#836=VERTEX_POINT('',#2361);
#837=VERTEX_POINT('',#2362);
#838=VERTEX_POINT('',#2370);
#839=VERTEX_POINT('',#2372);
#840=VERTEX_POINT('',#2375);
#841=VERTEX_POINT('',#2377);
#842=VERTEX_POINT('',#2379);
#843=VERTEX_POINT('',#2383);
#844=VERTEX_POINT('',#2387);
#845=VERTEX_POINT('',#2389);
#846=VERTEX_POINT('',#2393);
#847=VERTEX_POINT('',#2397);
#848=VERTEX_POINT('',#2399);
#849=VERTEX_POINT('',#2401);
#850=VERTEX_POINT('',#2403);
#851=VERTEX_POINT('',#2405);
#852=VERTEX_POINT('',#2407);
#853=VERTEX_POINT('',#2410);
#854=VERTEX_POINT('',#2412);
#855=VERTEX_POINT('',#2414);
#856=VERTEX_POINT('',#2416);
#857=VERTEX_POINT('',#2418);
#858=VERTEX_POINT('',#2420);
#859=VERTEX_POINT('',#2422);
#860=VERTEX_POINT('',#2425);
#861=VERTEX_POINT('',#2427);
#862=VERTEX_POINT('',#2430);
#863=VERTEX_POINT('',#2432);
#864=VERTEX_POINT('',#2436);
#865=VERTEX_POINT('',#2438);
#866=VERTEX_POINT('',#2440);
#867=VERTEX_POINT('',#2447);
#868=VERTEX_POINT('',#2449);
#869=VERTEX_POINT('',#2451);
#870=VERTEX_POINT('',#2454);
#871=VERTEX_POINT('',#2458);
#872=VERTEX_POINT('',#2464);
#873=VERTEX_POINT('',#2465);
#874=VERTEX_POINT('',#2470);
#875=VERTEX_POINT('',#2474);
#876=VERTEX_POINT('',#2480);
#877=VERTEX_POINT('',#2484);
#878=VERTEX_POINT('',#2489);
#879=VERTEX_POINT('',#2493);
#880=VERTEX_POINT('',#2497);
#881=VERTEX_POINT('',#2501);
#882=VERTEX_POINT('',#2505);
#883=VERTEX_POINT('',#2511);
#884=VERTEX_POINT('',#2514);
#885=VERTEX_POINT('',#2516);
#886=VERTEX_POINT('',#2520);
#887=VERTEX_POINT('',#2522);
#888=VERTEX_POINT('',#2526);
#889=VERTEX_POINT('',#2528);
#890=VERTEX_POINT('',#2532);
#891=VERTEX_POINT('',#2534);
#892=VERTEX_POINT('',#2552);
#893=VERTEX_POINT('',#2553);
#894=VERTEX_POINT('',#2556);
#895=VERTEX_POINT('',#2560);
#896=VERTEX_POINT('',#2562);
#897=VERTEX_POINT('',#2566);
#898=VERTEX_POINT('',#2568);
#899=VERTEX_POINT('',#2572);
#900=VERTEX_POINT('',#2574);
#901=VERTEX_POINT('',#2578);
#902=VERTEX_POINT('',#2580);
#903=VERTEX_POINT('',#2584);
#904=VERTEX_POINT('',#2593);
#905=VERTEX_POINT('',#2595);
#906=VERTEX_POINT('',#2597);
#907=VERTEX_POINT('',#2601);
#908=VERTEX_POINT('',#2605);
#909=VERTEX_POINT('',#2607);
#910=VERTEX_POINT('',#2611);
#911=VERTEX_POINT('',#2613);
#912=VERTEX_POINT('',#2617);
#913=VERTEX_POINT('',#2619);
#914=VERTEX_POINT('',#2623);
#915=VERTEX_POINT('',#2625);
#916=VERTEX_POINT('',#2634);
#917=VERTEX_POINT('',#2638);
#918=LINE('',#2194,#1064);
#919=LINE('',#2197,#1065);
#920=LINE('',#2199,#1066);
#921=LINE('',#2201,#1067);
#922=LINE('',#2203,#1068);
#923=LINE('',#2205,#1069);
#924=LINE('',#2207,#1070);
#925=LINE('',#2210,#1071);
#926=LINE('',#2212,#1072);
#927=LINE('',#2214,#1073);
#928=LINE('',#2216,#1074);
#929=LINE('',#2218,#1075);
#930=LINE('',#2220,#1076);
#931=LINE('',#2223,#1077);
#932=LINE('',#2225,#1078);
#933=LINE('',#2229,#1079);
#934=LINE('',#2233,#1080);
#935=LINE('',#2238,#1081);
#936=LINE('',#2242,#1082);
#937=LINE('',#2244,#1083);
#938=LINE('',#2246,#1084);
#939=LINE('',#2250,#1085);
#940=LINE('',#2256,#1086);
#941=LINE('',#2259,#1087);
#942=LINE('',#2260,#1088);
#943=LINE('',#2262,#1089);
#944=LINE('',#2263,#1090);
#945=LINE('',#2265,#1091);
#946=LINE('',#2269,#1092);
#947=LINE('',#2271,#1093);
#948=LINE('',#2272,#1094);
#949=LINE('',#2274,#1095);
#950=LINE('',#2276,#1096);
#951=LINE('',#2278,#1097);
#952=LINE('',#2282,#1098);
#953=LINE('',#2286,#1099);
#954=LINE('',#2288,#1100);
#955=LINE('',#2290,#1101);
#956=LINE('',#2295,#1102);
#957=LINE('',#2298,#1103);
#958=LINE('',#2300,#1104);
#959=LINE('',#2302,#1105);
#960=LINE('',#2304,#1106);
#961=LINE('',#2307,#1107);
#962=LINE('',#2309,#1108);
#963=LINE('',#2311,#1109);
#964=LINE('',#2315,#1110);
#965=LINE('',#2319,#1111);
#966=LINE('',#2325,#1112);
#967=LINE('',#2327,#1113);
#968=LINE('',#2329,#1114);
#969=LINE('',#2335,#1115);
#970=LINE('',#2342,#1116);
#971=LINE('',#2343,#1117);
#972=LINE('',#2347,#1118);
#973=LINE('',#2351,#1119);
#974=LINE('',#2354,#1120);
#975=LINE('',#2355,#1121);
#976=LINE('',#2360,#1122);
#977=LINE('',#2366,#1123);
#978=LINE('',#2367,#1124);
#979=LINE('',#2376,#1125);
#980=LINE('',#2378,#1126);
#981=LINE('',#2380,#1127);
#982=LINE('',#2382,#1128);
#983=LINE('',#2388,#1129);
#984=LINE('',#2390,#1130);
#985=LINE('',#2392,#1131);
#986=LINE('',#2398,#1132);
#987=LINE('',#2402,#1133);
#988=LINE('',#2406,#1134);
#989=LINE('',#2411,#1135);
#990=LINE('',#2415,#1136);
#991=LINE('',#2419,#1137);
#992=LINE('',#2421,#1138);
#993=LINE('',#2423,#1139);
#994=LINE('',#2431,#1140);
#995=LINE('',#2437,#1141);
#996=LINE('',#2439,#1142);
#997=LINE('',#2441,#1143);
#998=LINE('',#2446,#1144);
#999=LINE('',#2448,#1145);
#1000=LINE('',#2450,#1146);
#1001=LINE('',#2452,#1147);
#1002=LINE('',#2453,#1148);
#1003=LINE('',#2455,#1149);
#1004=LINE('',#2457,#1150);
#1005=LINE('',#2459,#1151);
#1006=LINE('',#2466,#1152);
#1007=LINE('',#2467,#1153);
#1008=LINE('',#2469,#1154);
#1009=LINE('',#2471,#1155);
#1010=LINE('',#2475,#1156);
#1011=LINE('',#2477,#1157);
#1012=LINE('',#2481,#1158);
#1013=LINE('',#2486,#1159);
#1014=LINE('',#2488,#1160);
#1015=LINE('',#2492,#1161);
#1016=LINE('',#2494,#1162);
#1017=LINE('',#2498,#1163);
#1018=LINE('',#2500,#1164);
#1019=LINE('',#2502,#1165);
#1020=LINE('',#2506,#1166);
#1021=LINE('',#2508,#1167);
#1022=LINE('',#2513,#1168);
#1023=LINE('',#2515,#1169);
#1024=LINE('',#2517,#1170);
#1025=LINE('',#2519,#1171);
#1026=LINE('',#2521,#1172);
#1027=LINE('',#2523,#1173);
#1028=LINE('',#2525,#1174);
#1029=LINE('',#2527,#1175);
#1030=LINE('',#2529,#1176);
#1031=LINE('',#2531,#1177);
#1032=LINE('',#2533,#1178);
#1033=LINE('',#2535,#1179);
#1034=LINE('',#2537,#1180);
#1035=LINE('',#2539,#1181);
#1036=LINE('',#2541,#1182);
#1037=LINE('',#2543,#1183);
#1038=LINE('',#2545,#1184);
#1039=LINE('',#2547,#1185);
#1040=LINE('',#2551,#1186);
#1041=LINE('',#2554,#1187);
#1042=LINE('',#2555,#1188);
#1043=LINE('',#2557,#1189);
#1044=LINE('',#2563,#1190);
#1045=LINE('',#2569,#1191);
#1046=LINE('',#2575,#1192);
#1047=LINE('',#2581,#1193);
#1048=LINE('',#2583,#1194);
#1049=LINE('',#2585,#1195);
#1050=LINE('',#2586,#1196);
#1051=LINE('',#2588,#1197);
#1052=LINE('',#2592,#1198);
#1053=LINE('',#2594,#1199);
#1054=LINE('',#2596,#1200);
#1055=LINE('',#2598,#1201);
#1056=LINE('',#2600,#1202);
#1057=LINE('',#2602,#1203);
#1058=LINE('',#2604,#1204);
#1059=LINE('',#2606,#1205);
#1060=LINE('',#2608,#1206);
#1061=LINE('',#2612,#1207);
#1062=LINE('',#2618,#1208);
#1063=LINE('',#2624,#1209);
#1064=VECTOR('',#1734,1.);
#1065=VECTOR('',#1735,1.);
#1066=VECTOR('',#1736,1.);
#1067=VECTOR('',#1737,1.);
#1068=VECTOR('',#1738,1.);
#1069=VECTOR('',#1739,1.);
#1070=VECTOR('',#1742,1.);
#1071=VECTOR('',#1743,1.);
#1072=VECTOR('',#1744,1.);
#1073=VECTOR('',#1745,1.);
#1074=VECTOR('',#1746,1.);
#1075=VECTOR('',#1747,1.);
#1076=VECTOR('',#1750,1.);
#1077=VECTOR('',#1751,1.);
#1078=VECTOR('',#1752,1.);
#1079=VECTOR('',#1755,1.);
#1080=VECTOR('',#1760,1.);
#1081=VECTOR('',#1763,1.);
#1082=VECTOR('',#1768,1.);
#1083=VECTOR('',#1769,1.);
#1084=VECTOR('',#1770,1.);
#1085=VECTOR('',#1775,1.);
#1086=VECTOR('',#1782,1.);
#1087=VECTOR('',#1783,1.);
#1088=VECTOR('',#1784,1.);
#1089=VECTOR('',#1785,1.);
#1090=VECTOR('',#1786,1.);
#1091=VECTOR('',#1787,1.);
#1092=VECTOR('',#1792,1.);
#1093=VECTOR('',#1793,1.);
#1094=VECTOR('',#1794,1.);
#1095=VECTOR('',#1795,1.);
#1096=VECTOR('',#1796,1.);
#1097=VECTOR('',#1797,1.);
#1098=VECTOR('',#1802,1.);
#1099=VECTOR('',#1807,1.);
#1100=VECTOR('',#1808,1.);
#1101=VECTOR('',#1809,1.);
#1102=VECTOR('',#1818,1.);
#1103=VECTOR('',#1819,1.);
#1104=VECTOR('',#1820,1.);
#1105=VECTOR('',#1821,1.);
#1106=VECTOR('',#1824,1.);
#1107=VECTOR('',#1825,1.);
#1108=VECTOR('',#1826,1.);
#1109=VECTOR('',#1827,1.);
#1110=VECTOR('',#1832,1.);
#1111=VECTOR('',#1837,1.);
#1112=VECTOR('',#1844,1.);
#1113=VECTOR('',#1845,1.);
#1114=VECTOR('',#1846,1.);
#1115=VECTOR('',#1853,1.);
#1116=VECTOR('',#1862,1.);
#1117=VECTOR('',#1863,1.);
#1118=VECTOR('',#1868,1.);
#1119=VECTOR('',#1873,1.);
#1120=VECTOR('',#1874,1.);
#1121=VECTOR('',#1875,1.);
#1122=VECTOR('',#1884,1.);
#1123=VECTOR('',#1891,1.);
#1124=VECTOR('',#1892,1.);
#1125=VECTOR('',#1903,1.);
#1126=VECTOR('',#1904,1.);
#1127=VECTOR('',#1905,1.);
#1128=VECTOR('',#1908,1.);
#1129=VECTOR('',#1915,1.);
#1130=VECTOR('',#1916,1.);
#1131=VECTOR('',#1919,1.);
#1132=VECTOR('',#1926,1.);
#1133=VECTOR('',#1929,1.);
#1134=VECTOR('',#1932,1.);
#1135=VECTOR('',#1937,1.);
#1136=VECTOR('',#1940,1.);
#1137=VECTOR('',#1943,1.);
#1138=VECTOR('',#1944,1.);
#1139=VECTOR('',#1945,1.);
#1140=VECTOR('',#1954,1.);
#1141=VECTOR('',#1961,1.);
#1142=VECTOR('',#1962,1.);
#1143=VECTOR('',#1963,1.);
#1144=VECTOR('',#1972,1.);
#1145=VECTOR('',#1973,1.);
#1146=VECTOR('',#1974,1.);
#1147=VECTOR('',#1975,1.);
#1148=VECTOR('',#1976,1.);
#1149=VECTOR('',#1977,1.);
#1150=VECTOR('',#1980,1.);
#1151=VECTOR('',#1981,1.);
#1152=VECTOR('',#1990,1.);
#1153=VECTOR('',#1991,1.);
#1154=VECTOR('',#1994,1.);
#1155=VECTOR('',#1995,1.);
#1156=VECTOR('',#2000,1.);
#1157=VECTOR('',#2003,1.);
#1158=VECTOR('',#2008,1.);
#1159=VECTOR('',#2015,1.);
#1160=VECTOR('',#2018,1.);
#1161=VECTOR('',#2023,1.);
#1162=VECTOR('',#2024,1.);
#1163=VECTOR('',#2029,1.);
#1164=VECTOR('',#2032,1.);
#1165=VECTOR('',#2033,1.);
#1166=VECTOR('',#2038,1.);
#1167=VECTOR('',#2041,1.);
#1168=VECTOR('',#2048,1.);
#1169=VECTOR('',#2049,1.);
#1170=VECTOR('',#2050,1.);
#1171=VECTOR('',#2053,1.);
#1172=VECTOR('',#2054,1.);
#1173=VECTOR('',#2055,1.);
#1174=VECTOR('',#2058,1.);
#1175=VECTOR('',#2059,1.);
#1176=VECTOR('',#2060,1.);
#1177=VECTOR('',#2063,1.);
#1178=VECTOR('',#2064,1.);
#1179=VECTOR('',#2065,1.);
#1180=VECTOR('',#2068,1.);
#1181=VECTOR('',#2071,1.);
#1182=VECTOR('',#2074,1.);
#1183=VECTOR('',#2077,1.);
#1184=VECTOR('',#2080,1.);
#1185=VECTOR('',#2083,1.);
#1186=VECTOR('',#2090,1.);
#1187=VECTOR('',#2091,1.);
#1188=VECTOR('',#2092,1.);
#1189=VECTOR('',#2093,1.);
#1190=VECTOR('',#2100,1.);
#1191=VECTOR('',#2107,1.);
#1192=VECTOR('',#2114,1.);
#1193=VECTOR('',#2121,1.);
#1194=VECTOR('',#2124,1.);
#1195=VECTOR('',#2125,1.);
#1196=VECTOR('',#2126,1.);
#1197=VECTOR('',#2129,1.);
#1198=VECTOR('',#2136,1.);
#1199=VECTOR('',#2137,1.);
#1200=VECTOR('',#2138,1.);
#1201=VECTOR('',#2139,1.);
#1202=VECTOR('',#2142,1.);
#1203=VECTOR('',#2143,1.);
#1204=VECTOR('',#2146,1.);
#1205=VECTOR('',#2147,1.);
#1206=VECTOR('',#2148,1.);
#1207=VECTOR('',#2153,1.);
#1208=VECTOR('',#2160,1.);
#1209=VECTOR('',#2167,1.);
#1210=EDGE_LOOP('',(#120,#121,#122,#123,#124,#125));
#1211=EDGE_LOOP('',(#126,#127,#128,#129,#130,#131));
#1212=EDGE_LOOP('',(#132,#133,#134,#135,#136,#137));
#1213=EDGE_LOOP('',(#138,#139,#140,#141));
#1214=EDGE_LOOP('',(#142,#143,#144,#145));
#1215=EDGE_LOOP('',(#146,#147,#148,#149));
#1216=EDGE_LOOP('',(#150));
#1217=EDGE_LOOP('',(#151,#152,#153,#154,#155,#156,#157,#158));
#1218=EDGE_LOOP('',(#159));
#1219=EDGE_LOOP('',(#160,#161,#162,#163,#164,#165,#166,#167));
#1220=EDGE_LOOP('',(#168,#169,#170,#171));
#1221=EDGE_LOOP('',(#172,#173,#174,#175));
#1222=EDGE_LOOP('',(#176,#177,#178,#179));
#1223=EDGE_LOOP('',(#180,#181,#182,#183));
#1224=EDGE_LOOP('',(#184,#185,#186,#187));
#1225=EDGE_LOOP('',(#188,#189,#190,#191));
#1226=EDGE_LOOP('',(#192,#193,#194,#195));
#1227=EDGE_LOOP('',(#196,#197,#198,#199));
#1228=EDGE_LOOP('',(#200,#201,#202,#203));
#1229=EDGE_LOOP('',(#204));
#1230=EDGE_LOOP('',(#205));
#1231=EDGE_LOOP('',(#206,#207,#208,#209));
#1232=EDGE_LOOP('',(#210,#211,#212,#213));
#1233=EDGE_LOOP('',(#214,#215,#216,#217));
#1234=EDGE_LOOP('',(#218,#219,#220,#221));
#1235=EDGE_LOOP('',(#222,#223,#224,#225));
#1236=EDGE_LOOP('',(#226,#227,#228,#229));
#1237=EDGE_LOOP('',(#230));
#1238=EDGE_LOOP('',(#231));
#1239=EDGE_LOOP('',(#232));
#1240=EDGE_LOOP('',(#233,#234,#235,#236,#237,#238,#239,#240,#241,#242,#243,
#244,#245,#246,#247,#248));
#1241=EDGE_LOOP('',(#249));
#1242=EDGE_LOOP('',(#250));
#1243=EDGE_LOOP('',(#251,#252,#253,#254));
#1244=EDGE_LOOP('',(#255));
#1245=EDGE_LOOP('',(#256,#257,#258,#259));
#1246=EDGE_LOOP('',(#260,#261,#262,#263));
#1247=EDGE_LOOP('',(#264));
#1248=EDGE_LOOP('',(#265,#266,#267,#268,#269,#270,#271,#272,#273,#274,#275,
#276,#277,#278,#279,#280));
#1249=EDGE_LOOP('',(#281));
#1250=EDGE_LOOP('',(#282));
#1251=EDGE_LOOP('',(#283,#284,#285,#286));
#1252=EDGE_LOOP('',(#287));
#1253=EDGE_LOOP('',(#288,#289,#290,#291));
#1254=EDGE_LOOP('',(#292,#293,#294,#295));
#1255=EDGE_LOOP('',(#296,#297,#298,#299,#300,#301,#302,#303,#304,#305,#306,
#307));
#1256=EDGE_LOOP('',(#308,#309,#310,#311,#312,#313,#314,#315));
#1257=EDGE_LOOP('',(#316,#317,#318,#319,#320,#321));
#1258=EDGE_LOOP('',(#322));
#1259=EDGE_LOOP('',(#323));
#1260=EDGE_LOOP('',(#324));
#1261=EDGE_LOOP('',(#325));
#1262=EDGE_LOOP('',(#326,#327,#328,#329));
#1263=EDGE_LOOP('',(#330,#331,#332,#333));
#1264=EDGE_LOOP('',(#334,#335,#336,#337));
#1265=EDGE_LOOP('',(#338,#339,#340,#341));
#1266=EDGE_LOOP('',(#342,#343,#344,#345));
#1267=EDGE_LOOP('',(#346));
#1268=EDGE_LOOP('',(#347));
#1269=EDGE_LOOP('',(#348,#349,#350,#351));
#1270=EDGE_LOOP('',(#352,#353,#354,#355));
#1271=EDGE_LOOP('',(#356,#357,#358,#359));
#1272=EDGE_LOOP('',(#360,#361,#362,#363));
#1273=EDGE_LOOP('',(#364,#365,#366,#367));
#1274=EDGE_LOOP('',(#368,#369,#370,#371));
#1275=EDGE_LOOP('',(#372,#373,#374,#375));
#1276=EDGE_LOOP('',(#376));
#1277=EDGE_LOOP('',(#377));
#1278=EDGE_LOOP('',(#378,#379,#380,#381,#382,#383,#384,#385,#386));
#1279=EDGE_LOOP('',(#387));
#1280=EDGE_LOOP('',(#388));
#1281=EDGE_LOOP('',(#389,#390,#391,#392,#393,#394,#395,#396,#397));
#1282=EDGE_LOOP('',(#398,#399,#400,#401,#402,#403,#404,#405,#406));
#1283=EDGE_LOOP('',(#407));
#1284=EDGE_LOOP('',(#408,#409,#410,#411,#412,#413,#414,#415,#416));
#1285=EDGE_LOOP('',(#417));
#1286=EDGE_LOOP('',(#418,#419,#420,#421));
#1287=EDGE_LOOP('',(#422,#423,#424,#425));
#1288=EDGE_LOOP('',(#426,#427,#428,#429,#430,#431,#432,#433,#434,#435));
#1289=EDGE_LOOP('',(#436,#437,#438,#439));
#1290=EDGE_LOOP('',(#440,#441,#442,#443));
#1291=EDGE_LOOP('',(#444,#445,#446,#447));
#1292=EDGE_LOOP('',(#448,#449,#450,#451,#452,#453,#454,#455,#456,#457));
#1293=EDGE_LOOP('',(#458,#459,#460,#461));
#1294=EDGE_LOOP('',(#462,#463,#464,#465,#466));
#1295=EDGE_LOOP('',(#467,#468,#469,#470));
#1296=EDGE_LOOP('',(#471,#472,#473,#474));
#1297=EDGE_LOOP('',(#475,#476,#477,#478));
#1298=EDGE_LOOP('',(#479,#480,#481,#482));
#1299=EDGE_LOOP('',(#483,#484,#485,#486,#487));
#1300=EDGE_LOOP('',(#488,#489,#490,#491));
#1301=EDGE_LOOP('',(#492,#493,#494,#495,#496,#497,#498));
#1302=EDGE_LOOP('',(#499,#500,#501,#502,#503,#504,#505));
#1303=EDGE_LOOP('',(#506,#507,#508,#509,#510));
#1304=EDGE_LOOP('',(#511,#512,#513,#514));
#1305=EDGE_LOOP('',(#515,#516,#517,#518,#519));
#1306=EDGE_LOOP('',(#520,#521,#522,#523));
#1307=EDGE_LOOP('',(#524,#525,#526,#527));
#1308=EDGE_LOOP('',(#528,#529,#530,#531));
#1309=EDGE_LOOP('',(#532,#533,#534,#535));
#1310=EDGE_LOOP('',(#536,#537,#538,#539,#540,#541,#542));
#1311=EDGE_LOOP('',(#543,#544,#545,#546,#547,#548,#549));
#1312=EDGE_LOOP('',(#550));
#1313=EDGE_LOOP('',(#551));
#1314=EDGE_LOOP('',(#552));
#1315=EDGE_LOOP('',(#553));
#1316=EDGE_LOOP('',(#554));
#1317=EDGE_LOOP('',(#555));
#1318=FACE_BOUND('',#1210,.T.);
#1319=FACE_BOUND('',#1211,.T.);
#1320=FACE_BOUND('',#1212,.T.);
#1321=FACE_BOUND('',#1213,.T.);
#1322=FACE_BOUND('',#1214,.T.);
#1323=FACE_BOUND('',#1215,.T.);
#1324=FACE_BOUND('',#1216,.T.);
#1325=FACE_BOUND('',#1217,.T.);
#1326=FACE_BOUND('',#1218,.T.);
#1327=FACE_BOUND('',#1219,.T.);
#1328=FACE_BOUND('',#1220,.T.);
#1329=FACE_BOUND('',#1221,.T.);
#1330=FACE_BOUND('',#1222,.T.);
#1331=FACE_BOUND('',#1223,.T.);
#1332=FACE_BOUND('',#1224,.T.);
#1333=FACE_BOUND('',#1225,.T.);
#1334=FACE_BOUND('',#1226,.T.);
#1335=FACE_BOUND('',#1227,.T.);
#1336=FACE_BOUND('',#1228,.T.);
#1337=FACE_BOUND('',#1229,.T.);
#1338=FACE_BOUND('',#1230,.T.);
#1339=FACE_BOUND('',#1231,.T.);
#1340=FACE_BOUND('',#1232,.T.);
#1341=FACE_BOUND('',#1233,.T.);
#1342=FACE_BOUND('',#1234,.T.);
#1343=FACE_BOUND('',#1235,.T.);
#1344=FACE_BOUND('',#1236,.T.);
#1345=FACE_BOUND('',#1237,.T.);
#1346=FACE_BOUND('',#1238,.T.);
#1347=FACE_BOUND('',#1239,.T.);
#1348=FACE_BOUND('',#1240,.T.);
#1349=FACE_BOUND('',#1241,.T.);
#1350=FACE_BOUND('',#1242,.T.);
#1351=FACE_BOUND('',#1243,.T.);
#1352=FACE_BOUND('',#1244,.T.);
#1353=FACE_BOUND('',#1245,.T.);
#1354=FACE_BOUND('',#1246,.T.);
#1355=FACE_BOUND('',#1247,.T.);
#1356=FACE_BOUND('',#1248,.T.);
#1357=FACE_BOUND('',#1249,.T.);
#1358=FACE_BOUND('',#1250,.T.);
#1359=FACE_BOUND('',#1251,.T.);
#1360=FACE_BOUND('',#1252,.T.);
#1361=FACE_BOUND('',#1253,.T.);
#1362=FACE_BOUND('',#1254,.T.);
#1363=FACE_BOUND('',#1255,.T.);
#1364=FACE_BOUND('',#1256,.T.);
#1365=FACE_BOUND('',#1257,.T.);
#1366=FACE_BOUND('',#1258,.T.);
#1367=FACE_BOUND('',#1259,.T.);
#1368=FACE_BOUND('',#1260,.T.);
#1369=FACE_BOUND('',#1261,.T.);
#1370=FACE_BOUND('',#1262,.T.);
#1371=FACE_BOUND('',#1263,.T.);
#1372=FACE_BOUND('',#1264,.T.);
#1373=FACE_BOUND('',#1265,.T.);
#1374=FACE_BOUND('',#1266,.T.);
#1375=FACE_BOUND('',#1267,.T.);
#1376=FACE_BOUND('',#1268,.T.);
#1377=FACE_BOUND('',#1269,.T.);
#1378=FACE_BOUND('',#1270,.T.);
#1379=FACE_BOUND('',#1271,.T.);
#1380=FACE_BOUND('',#1272,.T.);
#1381=FACE_BOUND('',#1273,.T.);
#1382=FACE_BOUND('',#1274,.T.);
#1383=FACE_BOUND('',#1275,.T.);
#1384=FACE_BOUND('',#1276,.T.);
#1385=FACE_BOUND('',#1277,.T.);
#1386=FACE_BOUND('',#1278,.T.);
#1387=FACE_BOUND('',#1279,.T.);
#1388=FACE_BOUND('',#1280,.T.);
#1389=FACE_BOUND('',#1281,.T.);
#1390=FACE_BOUND('',#1282,.T.);
#1391=FACE_BOUND('',#1283,.T.);
#1392=FACE_BOUND('',#1284,.T.);
#1393=FACE_BOUND('',#1285,.T.);
#1394=FACE_BOUND('',#1286,.T.);
#1395=FACE_BOUND('',#1287,.T.);
#1396=FACE_BOUND('',#1288,.T.);
#1397=FACE_BOUND('',#1289,.T.);
#1398=FACE_BOUND('',#1290,.T.);
#1399=FACE_BOUND('',#1291,.T.);
#1400=FACE_BOUND('',#1292,.T.);
#1401=FACE_BOUND('',#1293,.T.);
#1402=FACE_BOUND('',#1294,.T.);
#1403=FACE_BOUND('',#1295,.T.);
#1404=FACE_BOUND('',#1296,.T.);
#1405=FACE_BOUND('',#1297,.T.);
#1406=FACE_BOUND('',#1298,.T.);
#1407=FACE_BOUND('',#1299,.T.);
#1408=FACE_BOUND('',#1300,.T.);
#1409=FACE_BOUND('',#1301,.T.);
#1410=FACE_BOUND('',#1302,.T.);
#1411=FACE_BOUND('',#1303,.T.);
#1412=FACE_BOUND('',#1304,.T.);
#1413=FACE_BOUND('',#1305,.T.);
#1414=FACE_BOUND('',#1306,.T.);
#1415=FACE_BOUND('',#1307,.T.);
#1416=FACE_BOUND('',#1308,.T.);
#1417=FACE_BOUND('',#1309,.T.);
#1418=FACE_BOUND('',#1310,.T.);
#1419=FACE_BOUND('',#1311,.T.);
#1420=FACE_BOUND('',#1312,.T.);
#1421=FACE_BOUND('',#1313,.T.);
#1422=FACE_BOUND('',#1314,.T.);
#1423=FACE_BOUND('',#1315,.T.);
#1424=FACE_BOUND('',#1316,.T.);
#1425=FACE_BOUND('',#1317,.T.);
#1426=PLANE('',#1573);
#1427=PLANE('',#1574);
#1428=PLANE('',#1575);
#1429=PLANE('',#1581);
#1430=PLANE('',#1585);
#1431=PLANE('',#1587);
#1432=PLANE('',#1592);
#1433=PLANE('',#1596);
#1434=PLANE('',#1597);
#1435=PLANE('',#1604);
#1436=PLANE('',#1611);
#1437=PLANE('',#1615);
#1438=PLANE('',#1622);
#1439=PLANE('',#1626);
#1440=PLANE('',#1630);
#1441=PLANE('',#1634);
#1442=PLANE('',#1647);
#1443=PLANE('',#1652);
#1444=PLANE('',#1653);
#1445=PLANE('',#1658);
#1446=PLANE('',#1661);
#1447=PLANE('',#1666);
#1448=PLANE('',#1669);
#1449=PLANE('',#1672);
#1450=PLANE('',#1675);
#1451=PLANE('',#1678);
#1452=PLANE('',#1679);
#1453=PLANE('',#1680);
#1454=PLANE('',#1681);
#1455=PLANE('',#1682);
#1456=PLANE('',#1683);
#1457=PLANE('',#1684);
#1458=PLANE('',#1685);
#1459=PLANE('',#1686);
#1460=PLANE('',#1687);
#1461=PLANE('',#1688);
#1462=PLANE('',#1689);
#1463=PLANE('',#1690);
#1464=PLANE('',#1703);
#1465=PLANE('',#1704);
#1466=PLANE('',#1705);
#1467=PLANE('',#1706);
#1468=PLANE('',#1707);
#1469=PLANE('',#1708);
#1470=PLANE('',#1709);
#1471=PLANE('',#1722);
#1472=PLANE('',#1723);
#1473=PLANE('',#1726);
#1474=PLANE('',#1729);
#1475=ADVANCED_FACE('',(#1318),#1426,.F.);
#1476=ADVANCED_FACE('',(#1319),#1427,.F.);
#1477=ADVANCED_FACE('',(#1320),#1428,.F.);
#1478=ADVANCED_FACE('',(#1321),#12,.F.);
#1479=ADVANCED_FACE('',(#1322),#1429,.T.);
#1480=ADVANCED_FACE('',(#1323),#13,.F.);
#1481=ADVANCED_FACE('',(#1324,#1325),#1430,.T.);
#1482=ADVANCED_FACE('',(#1326,#1327),#1431,.F.);
#1483=ADVANCED_FACE('',(#1328),#14,.F.);
#1484=ADVANCED_FACE('',(#1329),#1432,.F.);
#1485=ADVANCED_FACE('',(#1330),#15,.F.);
#1486=ADVANCED_FACE('',(#1331),#1433,.T.);
#1487=ADVANCED_FACE('',(#1332),#1434,.T.);
#1488=ADVANCED_FACE('',(#1333),#16,.T.);
#1489=ADVANCED_FACE('',(#1334),#17,.T.);
#1490=ADVANCED_FACE('',(#1335),#1435,.F.);
#1491=ADVANCED_FACE('',(#1336),#18,.F.);
#1492=ADVANCED_FACE('',(#1337,#1338),#19,.F.);
#1493=ADVANCED_FACE('',(#1339),#1436,.F.);
#1494=ADVANCED_FACE('',(#1340),#20,.F.);
#1495=ADVANCED_FACE('',(#1341),#1437,.T.);
#1496=ADVANCED_FACE('',(#1342),#21,.T.);
#1497=ADVANCED_FACE('',(#1343),#22,.T.);
#1498=ADVANCED_FACE('',(#1344),#1438,.T.);
#1499=ADVANCED_FACE('',(#1345,#1346),#23,.F.);
#1500=ADVANCED_FACE('',(#1347,#1348,#1349,#1350),#1439,.T.);
#1501=ADVANCED_FACE('',(#1351),#24,.T.);
#1502=ADVANCED_FACE('',(#1352,#1353),#1440,.T.);
#1503=ADVANCED_FACE('',(#1354),#25,.T.);
#1504=ADVANCED_FACE('',(#1355,#1356,#1357,#1358),#1441,.F.);
#1505=ADVANCED_FACE('',(#1359),#26,.T.);
#1506=ADVANCED_FACE('',(#1360,#1361),#1442,.F.);
#1507=ADVANCED_FACE('',(#1362),#27,.T.);
#1508=ADVANCED_FACE('',(#1363,#1364),#1443,.T.);
#1509=ADVANCED_FACE('',(#1365),#1444,.F.);
#1510=ADVANCED_FACE('',(#1366,#1367),#28,.F.);
#1511=ADVANCED_FACE('',(#1368,#1369),#29,.F.);
#1512=ADVANCED_FACE('',(#1370),#30,.T.);
#1513=ADVANCED_FACE('',(#1371),#1445,.T.);
#1514=ADVANCED_FACE('',(#1372),#31,.T.);
#1515=ADVANCED_FACE('',(#1373),#1446,.F.);
#1516=ADVANCED_FACE('',(#1374),#32,.F.);
#1517=ADVANCED_FACE('',(#1375,#1376),#33,.F.);
#1518=ADVANCED_FACE('',(#1377),#1447,.F.);
#1519=ADVANCED_FACE('',(#1378),#34,.F.);
#1520=ADVANCED_FACE('',(#1379),#1448,.T.);
#1521=ADVANCED_FACE('',(#1380),#35,.T.);
#1522=ADVANCED_FACE('',(#1381),#1449,.T.);
#1523=ADVANCED_FACE('',(#1382),#36,.T.);
#1524=ADVANCED_FACE('',(#1383),#1450,.T.);
#1525=ADVANCED_FACE('',(#1384,#1385),#37,.F.);
#1526=ADVANCED_FACE('',(#1386,#1387),#1451,.F.);
#1527=ADVANCED_FACE('',(#1388,#1389),#1452,.T.);
#1528=ADVANCED_FACE('',(#1390,#1391),#1453,.T.);
#1529=ADVANCED_FACE('',(#1392,#1393),#1454,.F.);
#1530=ADVANCED_FACE('',(#1394),#1455,.T.);
#1531=ADVANCED_FACE('',(#1395),#1456,.F.);
#1532=ADVANCED_FACE('',(#1396),#1457,.T.);
#1533=ADVANCED_FACE('',(#1397),#1458,.T.);
#1534=ADVANCED_FACE('',(#1398),#1459,.F.);
#1535=ADVANCED_FACE('',(#1399),#1460,.F.);
#1536=ADVANCED_FACE('',(#1400),#1461,.T.);
#1537=ADVANCED_FACE('',(#1401),#1462,.F.);
#1538=ADVANCED_FACE('',(#1402),#1463,.T.);
#1539=ADVANCED_FACE('',(#1403),#38,.F.);
#1540=ADVANCED_FACE('',(#1404),#39,.T.);
#1541=ADVANCED_FACE('',(#1405),#40,.T.);
#1542=ADVANCED_FACE('',(#1406),#41,.F.);
#1543=ADVANCED_FACE('',(#1407),#1464,.F.);
#1544=ADVANCED_FACE('',(#1408),#1465,.F.);
#1545=ADVANCED_FACE('',(#1409),#1466,.F.);
#1546=ADVANCED_FACE('',(#1410),#1467,.T.);
#1547=ADVANCED_FACE('',(#1411),#1468,.T.);
#1548=ADVANCED_FACE('',(#1412),#1469,.F.);
#1549=ADVANCED_FACE('',(#1413),#1470,.T.);
#1550=ADVANCED_FACE('',(#1414),#42,.F.);
#1551=ADVANCED_FACE('',(#1415),#43,.T.);
#1552=ADVANCED_FACE('',(#1416),#44,.T.);
#1553=ADVANCED_FACE('',(#1417),#45,.F.);
#1554=ADVANCED_FACE('',(#1418),#1471,.T.);
#1555=ADVANCED_FACE('',(#1419),#1472,.F.);
#1556=ADVANCED_FACE('',(#1420,#1421),#46,.F.);
#1557=ADVANCED_FACE('',(#1422),#1473,.T.);
#1558=ADVANCED_FACE('',(#1423,#1424),#47,.F.);
#1559=ADVANCED_FACE('',(#1425),#1474,.T.);
#1560=CLOSED_SHELL('',(#1475,#1476,#1477,#1478,#1479,#1480,#1481,#1482,
#1483,#1484,#1485,#1486,#1487,#1488,#1489,#1490,#1491,#1492,#1493,#1494,
#1495,#1496,#1497,#1498,#1499,#1500,#1501,#1502,#1503,#1504,#1505,#1506,
#1507,#1508,#1509,#1510,#1511,#1512,#1513,#1514,#1515,#1516,#1517,#1518,
#1519,#1520,#1521,#1522,#1523,#1524,#1525,#1526,#1527,#1528,#1529,#1530,
#1531,#1532,#1533,#1534,#1535,#1536,#1537,#1538,#1539,#1540,#1541,#1542,
#1543,#1544,#1545,#1546,#1547,#1548,#1549,#1550,#1551,#1552,#1553,#1554,
#1555,#1556,#1557,#1558,#1559));
#1561=STYLED_ITEM('',(#1562),#1569);
#1562=PRESENTATION_STYLE_ASSIGNMENT((#1563));
#1563=SURFACE_STYLE_USAGE(.BOTH.,#1564);
#1564=SURFACE_SIDE_STYLE('',(#1565));
#1565=SURFACE_STYLE_FILL_AREA(#1566);
#1566=FILL_AREA_STYLE('',(#1567));
#1567=FILL_AREA_STYLE_COLOUR('',#1568);
#1568=COLOUR_RGB('',0.301960784313725,0.301960784313725,0.301960784313725);
#1569=MANIFOLD_SOLID_BREP('Part 1',#1560);
#1570=SHAPE_DEFINITION_REPRESENTATION(#2646,#1571);
#1571=SHAPE_REPRESENTATION('Part 1',(#1572),#2641);
#1572=AXIS2_PLACEMENT_3D('',#2192,#1730,#1731);
#1573=AXIS2_PLACEMENT_3D('',#2193,#1732,#1733);
#1574=AXIS2_PLACEMENT_3D('',#2206,#1740,#1741);
#1575=AXIS2_PLACEMENT_3D('',#2219,#1748,#1749);
#1576=AXIS2_PLACEMENT_3D('',#2227,#1753,#1754);
#1577=AXIS2_PLACEMENT_3D('',#2231,#1756,#1757);
#1578=AXIS2_PLACEMENT_3D('',#2232,#1758,#1759);
#1579=AXIS2_PLACEMENT_3D('',#2236,#1761,#1762);
#1580=AXIS2_PLACEMENT_3D('',#2240,#1764,#1765);
#1581=AXIS2_PLACEMENT_3D('',#2241,#1766,#1767);
#1582=AXIS2_PLACEMENT_3D('',#2247,#1771,#1772);
#1583=AXIS2_PLACEMENT_3D('',#2248,#1773,#1774);
#1584=AXIS2_PLACEMENT_3D('',#2252,#1776,#1777);
#1585=AXIS2_PLACEMENT_3D('',#2253,#1778,#1779);
#1586=AXIS2_PLACEMENT_3D('',#2254,#1780,#1781);
#1587=AXIS2_PLACEMENT_3D('',#2266,#1788,#1789);
#1588=AXIS2_PLACEMENT_3D('',#2267,#1790,#1791);
#1589=AXIS2_PLACEMENT_3D('',#2279,#1798,#1799);
#1590=AXIS2_PLACEMENT_3D('',#2280,#1800,#1801);
#1591=AXIS2_PLACEMENT_3D('',#2284,#1803,#1804);
#1592=AXIS2_PLACEMENT_3D('',#2285,#1805,#1806);
#1593=AXIS2_PLACEMENT_3D('',#2291,#1810,#1811);
#1594=AXIS2_PLACEMENT_3D('',#2292,#1812,#1813);
#1595=AXIS2_PLACEMENT_3D('',#2293,#1814,#1815);
#1596=AXIS2_PLACEMENT_3D('',#2294,#1816,#1817);
#1597=AXIS2_PLACEMENT_3D('',#2303,#1822,#1823);
#1598=AXIS2_PLACEMENT_3D('',#2312,#1828,#1829);
#1599=AXIS2_PLACEMENT_3D('',#2313,#1830,#1831);
#1600=AXIS2_PLACEMENT_3D('',#2317,#1833,#1834);
#1601=AXIS2_PLACEMENT_3D('',#2318,#1835,#1836);
#1602=AXIS2_PLACEMENT_3D('',#2322,#1838,#1839);
#1603=AXIS2_PLACEMENT_3D('',#2323,#1840,#1841);
#1604=AXIS2_PLACEMENT_3D('',#2324,#1842,#1843);
#1605=AXIS2_PLACEMENT_3D('',#2330,#1847,#1848);
#1606=AXIS2_PLACEMENT_3D('',#2331,#1849,#1850);
#1607=AXIS2_PLACEMENT_3D('',#2333,#1851,#1852);
#1608=AXIS2_PLACEMENT_3D('',#2336,#1854,#1855);
#1609=AXIS2_PLACEMENT_3D('',#2337,#1856,#1857);
#1610=AXIS2_PLACEMENT_3D('',#2339,#1858,#1859);
#1611=AXIS2_PLACEMENT_3D('',#2341,#1860,#1861);
#1612=AXIS2_PLACEMENT_3D('',#2344,#1864,#1865);
#1613=AXIS2_PLACEMENT_3D('',#2345,#1866,#1867);
#1614=AXIS2_PLACEMENT_3D('',#2349,#1869,#1870);
#1615=AXIS2_PLACEMENT_3D('',#2350,#1871,#1872);
#1616=AXIS2_PLACEMENT_3D('',#2356,#1876,#1877);
#1617=AXIS2_PLACEMENT_3D('',#2357,#1878,#1879);
#1618=AXIS2_PLACEMENT_3D('',#2358,#1880,#1881);
#1619=AXIS2_PLACEMENT_3D('',#2359,#1882,#1883);
#1620=AXIS2_PLACEMENT_3D('',#2363,#1885,#1886);
#1621=AXIS2_PLACEMENT_3D('',#2364,#1887,#1888);
#1622=AXIS2_PLACEMENT_3D('',#2365,#1889,#1890);
#1623=AXIS2_PLACEMENT_3D('',#2368,#1893,#1894);
#1624=AXIS2_PLACEMENT_3D('',#2369,#1895,#1896);
#1625=AXIS2_PLACEMENT_3D('',#2371,#1897,#1898);
#1626=AXIS2_PLACEMENT_3D('',#2373,#1899,#1900);
#1627=AXIS2_PLACEMENT_3D('',#2374,#1901,#1902);
#1628=AXIS2_PLACEMENT_3D('',#2381,#1906,#1907);
#1629=AXIS2_PLACEMENT_3D('',#2384,#1909,#1910);
#1630=AXIS2_PLACEMENT_3D('',#2385,#1911,#1912);
#1631=AXIS2_PLACEMENT_3D('',#2386,#1913,#1914);
#1632=AXIS2_PLACEMENT_3D('',#2391,#1917,#1918);
#1633=AXIS2_PLACEMENT_3D('',#2394,#1920,#1921);
#1634=AXIS2_PLACEMENT_3D('',#2395,#1922,#1923);
#1635=AXIS2_PLACEMENT_3D('',#2396,#1924,#1925);
#1636=AXIS2_PLACEMENT_3D('',#2400,#1927,#1928);
#1637=AXIS2_PLACEMENT_3D('',#2404,#1930,#1931);
#1638=AXIS2_PLACEMENT_3D('',#2408,#1933,#1934);
#1639=AXIS2_PLACEMENT_3D('',#2409,#1935,#1936);
#1640=AXIS2_PLACEMENT_3D('',#2413,#1938,#1939);
#1641=AXIS2_PLACEMENT_3D('',#2417,#1941,#1942);
#1642=AXIS2_PLACEMENT_3D('',#2424,#1946,#1947);
#1643=AXIS2_PLACEMENT_3D('',#2426,#1948,#1949);
#1644=AXIS2_PLACEMENT_3D('',#2428,#1950,#1951);
#1645=AXIS2_PLACEMENT_3D('',#2429,#1952,#1953);
#1646=AXIS2_PLACEMENT_3D('',#2433,#1955,#1956);
#1647=AXIS2_PLACEMENT_3D('',#2434,#1957,#1958);
#1648=AXIS2_PLACEMENT_3D('',#2435,#1959,#1960);
#1649=AXIS2_PLACEMENT_3D('',#2442,#1964,#1965);
#1650=AXIS2_PLACEMENT_3D('',#2443,#1966,#1967);
#1651=AXIS2_PLACEMENT_3D('',#2444,#1968,#1969);
#1652=AXIS2_PLACEMENT_3D('',#2445,#1970,#1971);
#1653=AXIS2_PLACEMENT_3D('',#2456,#1978,#1979);
#1654=AXIS2_PLACEMENT_3D('',#2460,#1982,#1983);
#1655=AXIS2_PLACEMENT_3D('',#2461,#1984,#1985);
#1656=AXIS2_PLACEMENT_3D('',#2462,#1986,#1987);
#1657=AXIS2_PLACEMENT_3D('',#2463,#1988,#1989);
#1658=AXIS2_PLACEMENT_3D('',#2468,#1992,#1993);
#1659=AXIS2_PLACEMENT_3D('',#2472,#1996,#1997);
#1660=AXIS2_PLACEMENT_3D('',#2473,#1998,#1999);
#1661=AXIS2_PLACEMENT_3D('',#2476,#2001,#2002);
#1662=AXIS2_PLACEMENT_3D('',#2478,#2004,#2005);
#1663=AXIS2_PLACEMENT_3D('',#2479,#2006,#2007);
#1664=AXIS2_PLACEMENT_3D('',#2482,#2009,#2010);
#1665=AXIS2_PLACEMENT_3D('',#2483,#2011,#2012);
#1666=AXIS2_PLACEMENT_3D('',#2485,#2013,#2014);
#1667=AXIS2_PLACEMENT_3D('',#2487,#2016,#2017);
#1668=AXIS2_PLACEMENT_3D('',#2490,#2019,#2020);
#1669=AXIS2_PLACEMENT_3D('',#2491,#2021,#2022);
#1670=AXIS2_PLACEMENT_3D('',#2495,#2025,#2026);
#1671=AXIS2_PLACEMENT_3D('',#2496,#2027,#2028);
#1672=AXIS2_PLACEMENT_3D('',#2499,#2030,#2031);
#1673=AXIS2_PLACEMENT_3D('',#2503,#2034,#2035);
#1674=AXIS2_PLACEMENT_3D('',#2504,#2036,#2037);
#1675=AXIS2_PLACEMENT_3D('',#2507,#2039,#2040);
#1676=AXIS2_PLACEMENT_3D('',#2509,#2042,#2043);
#1677=AXIS2_PLACEMENT_3D('',#2510,#2044,#2045);
#1678=AXIS2_PLACEMENT_3D('',#2512,#2046,#2047);
#1679=AXIS2_PLACEMENT_3D('',#2518,#2051,#2052);
#1680=AXIS2_PLACEMENT_3D('',#2524,#2056,#2057);
#1681=AXIS2_PLACEMENT_3D('',#2530,#2061,#2062);
#1682=AXIS2_PLACEMENT_3D('',#2536,#2066,#2067);
#1683=AXIS2_PLACEMENT_3D('',#2538,#2069,#2070);
#1684=AXIS2_PLACEMENT_3D('',#2540,#2072,#2073);
#1685=AXIS2_PLACEMENT_3D('',#2542,#2075,#2076);
#1686=AXIS2_PLACEMENT_3D('',#2544,#2078,#2079);
#1687=AXIS2_PLACEMENT_3D('',#2546,#2081,#2082);
#1688=AXIS2_PLACEMENT_3D('',#2548,#2084,#2085);
#1689=AXIS2_PLACEMENT_3D('',#2549,#2086,#2087);
#1690=AXIS2_PLACEMENT_3D('',#2550,#2088,#2089);
#1691=AXIS2_PLACEMENT_3D('',#2558,#2094,#2095);
#1692=AXIS2_PLACEMENT_3D('',#2559,#2096,#2097);
#1693=AXIS2_PLACEMENT_3D('',#2561,#2098,#2099);
#1694=AXIS2_PLACEMENT_3D('',#2564,#2101,#2102);
#1695=AXIS2_PLACEMENT_3D('',#2565,#2103,#2104);
#1696=AXIS2_PLACEMENT_3D('',#2567,#2105,#2106);
#1697=AXIS2_PLACEMENT_3D('',#2570,#2108,#2109);
#1698=AXIS2_PLACEMENT_3D('',#2571,#2110,#2111);
#1699=AXIS2_PLACEMENT_3D('',#2573,#2112,#2113);
#1700=AXIS2_PLACEMENT_3D('',#2576,#2115,#2116);
#1701=AXIS2_PLACEMENT_3D('',#2577,#2117,#2118);
#1702=AXIS2_PLACEMENT_3D('',#2579,#2119,#2120);
#1703=AXIS2_PLACEMENT_3D('',#2582,#2122,#2123);
#1704=AXIS2_PLACEMENT_3D('',#2587,#2127,#2128);
#1705=AXIS2_PLACEMENT_3D('',#2589,#2130,#2131);
#1706=AXIS2_PLACEMENT_3D('',#2590,#2132,#2133);
#1707=AXIS2_PLACEMENT_3D('',#2591,#2134,#2135);
#1708=AXIS2_PLACEMENT_3D('',#2599,#2140,#2141);
#1709=AXIS2_PLACEMENT_3D('',#2603,#2144,#2145);
#1710=AXIS2_PLACEMENT_3D('',#2609,#2149,#2150);
#1711=AXIS2_PLACEMENT_3D('',#2610,#2151,#2152);
#1712=AXIS2_PLACEMENT_3D('',#2614,#2154,#2155);
#1713=AXIS2_PLACEMENT_3D('',#2615,#2156,#2157);
#1714=AXIS2_PLACEMENT_3D('',#2616,#2158,#2159);
#1715=AXIS2_PLACEMENT_3D('',#2620,#2161,#2162);
#1716=AXIS2_PLACEMENT_3D('',#2621,#2163,#2164);
#1717=AXIS2_PLACEMENT_3D('',#2622,#2165,#2166);
#1718=AXIS2_PLACEMENT_3D('',#2626,#2168,#2169);
#1719=AXIS2_PLACEMENT_3D('',#2627,#2170,#2171);
#1720=AXIS2_PLACEMENT_3D('',#2628,#2172,#2173);
#1721=AXIS2_PLACEMENT_3D('',#2629,#2174,#2175);
#1722=AXIS2_PLACEMENT_3D('',#2630,#2176,#2177);
#1723=AXIS2_PLACEMENT_3D('',#2631,#2178,#2179);
#1724=AXIS2_PLACEMENT_3D('',#2632,#2180,#2181);
#1725=AXIS2_PLACEMENT_3D('',#2633,#2182,#2183);
#1726=AXIS2_PLACEMENT_3D('',#2635,#2184,#2185);
#1727=AXIS2_PLACEMENT_3D('',#2636,#2186,#2187);
#1728=AXIS2_PLACEMENT_3D('',#2637,#2188,#2189);
#1729=AXIS2_PLACEMENT_3D('',#2639,#2190,#2191);
#1730=DIRECTION('',(0.,0.,1.));
#1731=DIRECTION('',(1.,0.,0.));
#1732=DIRECTION('',(0.,0.,1.));
#1733=DIRECTION('',(1.,0.,0.));
#1734=DIRECTION('',(-1.,0.,0.));
#1735=DIRECTION('',(-1.,1.44560289664734E-16,0.));
#1736=DIRECTION('',(-1.44560289664734E-16,-1.,0.));
#1737=DIRECTION('',(-1.,1.44560289664734E-16,0.));
#1738=DIRECTION('',(-1.,0.,0.));
#1739=DIRECTION('',(-6.93889390390723E-17,-1.,0.));
#1740=DIRECTION('',(0.,0.,1.));
#1741=DIRECTION('',(1.,0.,0.));
#1742=DIRECTION('',(-1.,0.,0.));
#1743=DIRECTION('',(-6.93889390390723E-17,-1.,0.));
#1744=DIRECTION('',(1.,0.,0.));
#1745=DIRECTION('',(-1.,1.44560289664734E-16,0.));
#1746=DIRECTION('',(-1.44560289664734E-16,-1.,0.));
#1747=DIRECTION('',(-1.,1.44560289664734E-16,0.));
#1748=DIRECTION('',(0.,0.,1.));
#1749=DIRECTION('',(1.,0.,0.));
#1750=DIRECTION('',(-1.,1.44560289664734E-16,0.));
#1751=DIRECTION('',(-1.,0.,0.));
#1752=DIRECTION('',(-1.,1.44560289664734E-16,0.));
#1753=DIRECTION('',(0.,0.,1.));
#1754=DIRECTION('',(1.,0.,0.));
#1755=DIRECTION('',(1.,0.,0.));
#1756=DIRECTION('',(0.,0.,1.));
#1757=DIRECTION('',(1.,0.,0.));
#1758=DIRECTION('',(0.,0.,-1.));
#1759=DIRECTION('',(-1.,0.,0.));
#1760=DIRECTION('',(0.,0.,-1.));
#1761=DIRECTION('',(0.,0.,1.));
#1762=DIRECTION('',(1.,0.,0.));
#1763=DIRECTION('',(0.,0.,-1.));
#1764=DIRECTION('',(0.,0.,1.));
#1765=DIRECTION('',(1.,0.,0.));
#1766=DIRECTION('',(0.,-1.,0.));
#1767=DIRECTION('',(0.,0.,-1.));
#1768=DIRECTION('',(-1.,0.,0.));
#1769=DIRECTION('',(0.,0.,-1.));
#1770=DIRECTION('',(-1.,0.,0.));
#1771=DIRECTION('',(0.,0.,-1.));
#1772=DIRECTION('',(-1.,0.,0.));
#1773=DIRECTION('',(0.,0.,1.));
#1774=DIRECTION('',(1.,0.,0.));
#1775=DIRECTION('',(0.,0.,-1.));
#1776=DIRECTION('',(0.,0.,1.));
#1777=DIRECTION('',(1.,0.,0.));
#1778=DIRECTION('',(1.,-6.93889390390723E-17,0.));
#1779=DIRECTION('',(6.93889390390723E-17,1.,0.));
#1780=DIRECTION('',(1.,-6.93889390390723E-17,0.));
#1781=DIRECTION('',(6.93889390390723E-17,1.,0.));
#1782=DIRECTION('',(-6.93889390390723E-17,-1.,0.));
#1783=DIRECTION('',(0.,0.,-1.));
#1784=DIRECTION('',(0.,0.,-1.));
#1785=DIRECTION('',(-6.93889390390723E-17,-1.,0.));
#1786=DIRECTION('',(-6.93889390390723E-17,-1.,0.));
#1787=DIRECTION('',(0.,0.,-1.));
#1788=DIRECTION('',(1.,-6.93889390390723E-17,0.));
#1789=DIRECTION('',(6.93889390390723E-17,1.,0.));
#1790=DIRECTION('',(1.,-6.93889390390723E-17,0.));
#1791=DIRECTION('',(6.93889390390723E-17,1.,0.));
#1792=DIRECTION('',(-6.93889390390723E-17,-1.,0.));
#1793=DIRECTION('',(0.,0.,-1.));
#1794=DIRECTION('',(0.,0.,-1.));
#1795=DIRECTION('',(-6.93889390390723E-17,-1.,0.));
#1796=DIRECTION('',(0.,0.,-1.));
#1797=DIRECTION('',(-6.93889390390723E-17,-1.,0.));
#1798=DIRECTION('',(0.,0.,-1.));
#1799=DIRECTION('',(-1.,0.,0.));
#1800=DIRECTION('',(0.,0.,1.));
#1801=DIRECTION('',(1.,0.,0.));
#1802=DIRECTION('',(0.,0.,-1.));
#1803=DIRECTION('',(0.,0.,1.));
#1804=DIRECTION('',(1.,0.,0.));
#1805=DIRECTION('',(0.,-1.,0.));
#1806=DIRECTION('',(0.,0.,-1.));
#1807=DIRECTION('',(-1.,0.,0.));
#1808=DIRECTION('',(0.,0.,-1.));
#1809=DIRECTION('',(-1.,0.,0.));
#1810=DIRECTION('',(0.,0.,-1.));
#1811=DIRECTION('',(-1.,0.,0.));
#1812=DIRECTION('',(0.,0.,1.));
#1813=DIRECTION('',(1.,0.,0.));
#1814=DIRECTION('',(0.,0.,1.));
#1815=DIRECTION('',(1.,0.,0.));
#1816=DIRECTION('',(0.,0.,-1.));
#1817=DIRECTION('',(-1.,0.,0.));
#1818=DIRECTION('',(-1.,1.44560289664734E-16,0.));
#1819=DIRECTION('',(0.,1.,0.));
#1820=DIRECTION('',(-1.,1.44560289664734E-16,0.));
#1821=DIRECTION('',(-1.44560289664734E-16,-1.,0.));
#1822=DIRECTION('',(0.,0.,-1.));
#1823=DIRECTION('',(-1.,0.,0.));
#1824=DIRECTION('',(-1.,1.44560289664734E-16,0.));
#1825=DIRECTION('',(0.,1.,0.));
#1826=DIRECTION('',(-1.,1.44560289664734E-16,0.));
#1827=DIRECTION('',(-1.44560289664734E-16,-1.,0.));
#1828=DIRECTION('',(-1.,1.44560289664734E-16,0.));
#1829=DIRECTION('',(-1.44560289664734E-16,-1.,0.));
#1830=DIRECTION('',(-1.,0.,0.));
#1831=DIRECTION('',(0.,0.,1.));
#1832=DIRECTION('',(-1.,1.44560289664734E-16,0.));
#1833=DIRECTION('',(-1.,1.44560289664734E-16,0.));
#1834=DIRECTION('',(-1.44560289664734E-16,-1.,0.));
#1835=DIRECTION('',(-1.,1.44560289664734E-16,0.));
#1836=DIRECTION('',(-1.44560289664734E-16,-1.,0.));
#1837=DIRECTION('',(-1.,1.44560289664734E-16,0.));
#1838=DIRECTION('',(-1.,0.,0.));
#1839=DIRECTION('',(0.,0.,1.));
#1840=DIRECTION('',(-1.,1.44560289664734E-16,0.));
#1841=DIRECTION('',(-1.44560289664734E-16,-1.,0.));
#1842=DIRECTION('',(1.44560289664734E-16,1.,0.));
#1843=DIRECTION('',(-1.,1.44560289664734E-16,0.));
#1844=DIRECTION('',(0.,0.,1.));
#1845=DIRECTION('',(0.,0.,-1.));
#1846=DIRECTION('',(-1.,1.44560289664734E-16,0.));
#1847=DIRECTION('',(-1.,1.44560289664734E-16,0.));
#1848=DIRECTION('',(-1.44560289664734E-16,-1.,0.));
#1849=DIRECTION('',(-1.,0.,0.));
#1850=DIRECTION('',(0.,0.,1.));
#1851=DIRECTION('',(-1.,1.44560289664734E-16,0.));
#1852=DIRECTION('',(-1.44560289664734E-16,-1.,0.));
#1853=DIRECTION('',(-1.,1.44560289664734E-16,0.));
#1854=DIRECTION('',(-1.,1.44560289664734E-16,0.));
#1855=DIRECTION('',(-1.44560289664734E-16,-1.,0.));
#1856=DIRECTION('',(-1.,1.44560289664734E-16,0.));
#1857=DIRECTION('',(-1.44560289664734E-16,-1.,0.));
#1858=DIRECTION('',(-1.,0.,0.));
#1859=DIRECTION('',(0.,0.,1.));
#1860=DIRECTION('',(-1.44560289664734E-16,-1.,0.));
#1861=DIRECTION('',(1.,-1.44560289664734E-16,0.));
#1862=DIRECTION('',(0.,0.,-1.));
#1863=DIRECTION('',(0.,0.,1.));
#1864=DIRECTION('',(-1.,1.44560289664734E-16,0.));
#1865=DIRECTION('',(-1.44560289664734E-16,-1.,0.));
#1866=DIRECTION('',(-1.,0.,0.));
#1867=DIRECTION('',(0.,0.,1.));
#1868=DIRECTION('',(-1.,1.44560289664734E-16,0.));
#1869=DIRECTION('',(-1.,1.44560289664734E-16,0.));
#1870=DIRECTION('',(-1.44560289664734E-16,-1.,0.));
#1871=DIRECTION('',(1.44560289664734E-16,1.,0.));
#1872=DIRECTION('',(-1.,1.44560289664734E-16,0.));
#1873=DIRECTION('',(-1.,1.44560289664734E-16,0.));
#1874=DIRECTION('',(0.,0.,1.));
#1875=DIRECTION('',(0.,0.,-1.));
#1876=DIRECTION('',(-1.,1.44560289664734E-16,0.));
#1877=DIRECTION('',(-1.44560289664734E-16,-1.,0.));
#1878=DIRECTION('',(-1.,0.,0.));
#1879=DIRECTION('',(0.,0.,1.));
#1880=DIRECTION('',(-1.,1.44560289664734E-16,0.));
#1881=DIRECTION('',(-1.44560289664734E-16,-1.,0.));
#1882=DIRECTION('',(-1.,1.44560289664734E-16,0.));
#1883=DIRECTION('',(-1.44560289664734E-16,-1.,0.));
#1884=DIRECTION('',(-1.,1.44560289664734E-16,0.));
#1885=DIRECTION('',(-1.,0.,0.));
#1886=DIRECTION('',(0.,0.,1.));
#1887=DIRECTION('',(-1.,1.44560289664734E-16,0.));
#1888=DIRECTION('',(-1.44560289664734E-16,-1.,0.));
#1889=DIRECTION('',(-1.44560289664734E-16,-1.,0.));
#1890=DIRECTION('',(1.,-1.44560289664734E-16,0.));
#1891=DIRECTION('',(0.,0.,-1.));
#1892=DIRECTION('',(0.,0.,1.));
#1893=DIRECTION('',(-1.,1.44560289664734E-16,0.));
#1894=DIRECTION('',(-1.44560289664734E-16,-1.,0.));
#1895=DIRECTION('',(-1.,1.44560289664734E-16,0.));
#1896=DIRECTION('',(-1.44560289664734E-16,-1.,0.));
#1897=DIRECTION('',(-1.,0.,0.));
#1898=DIRECTION('',(0.,0.,1.));
#1899=DIRECTION('',(1.,-1.44560289664734E-16,0.));
#1900=DIRECTION('',(1.44560289664734E-16,1.,0.));
#1901=DIRECTION('',(1.,-1.44560289664734E-16,0.));
#1902=DIRECTION('',(1.44560289664734E-16,1.,0.));
#1903=DIRECTION('',(0.,0.,-1.));
#1904=DIRECTION('',(-1.44560289664734E-16,-1.,0.));
#1905=DIRECTION('',(0.,0.,-1.));
#1906=DIRECTION('',(0.,0.,-1.));
#1907=DIRECTION('',(-1.,0.,0.));
#1908=DIRECTION('',(0.,0.,-1.));
#1909=DIRECTION('',(0.,0.,1.));
#1910=DIRECTION('',(1.,0.,0.));
#1911=DIRECTION('',(0.,1.,0.));
#1912=DIRECTION('',(0.,0.,1.));
#1913=DIRECTION('',(0.,1.,0.));
#1914=DIRECTION('',(0.,0.,1.));
#1915=DIRECTION('',(0.,0.,-1.));
#1916=DIRECTION('',(1.,0.,0.));
#1917=DIRECTION('',(0.,0.,-1.));
#1918=DIRECTION('',(-1.,0.,0.));
#1919=DIRECTION('',(0.,0.,-1.));
#1920=DIRECTION('',(0.,0.,1.));
#1921=DIRECTION('',(1.,0.,0.));
#1922=DIRECTION('',(1.,-1.44560289664734E-16,0.));
#1923=DIRECTION('',(1.44560289664734E-16,1.,0.));
#1924=DIRECTION('',(1.,-1.44560289664734E-16,0.));
#1925=DIRECTION('',(1.44560289664734E-16,1.,0.));
#1926=DIRECTION('',(0.,0.,-1.));
#1927=DIRECTION('',(-1.,1.44560289664734E-16,0.));
#1928=DIRECTION('',(-1.44560289664734E-16,-1.,0.));
#1929=DIRECTION('',(-1.44560289664734E-16,-1.,0.));
#1930=DIRECTION('',(-1.,1.44560289664734E-16,0.));
#1931=DIRECTION('',(-1.44560289664734E-16,-1.,0.));
#1932=DIRECTION('',(0.,0.,1.));
#1933=DIRECTION('',(-1.,1.44560289664734E-16,0.));
#1934=DIRECTION('',(-1.44560289664734E-16,-1.,0.));
#1935=DIRECTION('',(-1.,1.44560289664734E-16,0.));
#1936=DIRECTION('',(-1.44560289664734E-16,-1.,0.));
#1937=DIRECTION('',(0.,0.,1.));
#1938=DIRECTION('',(-1.,1.44560289664734E-16,0.));
#1939=DIRECTION('',(-1.44560289664734E-16,-1.,0.));
#1940=DIRECTION('',(-1.44560289664734E-16,-1.,0.));
#1941=DIRECTION('',(-1.,1.44560289664734E-16,0.));
#1942=DIRECTION('',(-1.44560289664734E-16,-1.,0.));
#1943=DIRECTION('',(0.,0.,-1.));
#1944=DIRECTION('',(0.,0.,-1.));
#1945=DIRECTION('',(-1.44560289664734E-16,-1.,0.));
#1946=DIRECTION('',(-1.,1.44560289664734E-16,0.));
#1947=DIRECTION('',(-1.44560289664734E-16,-1.,0.));
#1948=DIRECTION('',(-1.,1.44560289664734E-16,0.));
#1949=DIRECTION('',(-1.44560289664734E-16,-1.,0.));
#1950=DIRECTION('',(0.,0.,-1.));
#1951=DIRECTION('',(-1.,0.,0.));
#1952=DIRECTION('',(0.,0.,1.));
#1953=DIRECTION('',(1.,0.,0.));
#1954=DIRECTION('',(0.,0.,-1.));
#1955=DIRECTION('',(0.,0.,1.));
#1956=DIRECTION('',(1.,0.,0.));
#1957=DIRECTION('',(0.,1.,0.));
#1958=DIRECTION('',(0.,0.,1.));
#1959=DIRECTION('',(0.,-1.,0.));
#1960=DIRECTION('',(0.,0.,-1.));
#1961=DIRECTION('',(1.,0.,0.));
#1962=DIRECTION('',(0.,0.,-1.));
#1963=DIRECTION('',(1.,0.,0.));
#1964=DIRECTION('',(0.,0.,-1.));
#1965=DIRECTION('',(-1.,0.,0.));
#1966=DIRECTION('',(0.,0.,1.));
#1967=DIRECTION('',(1.,0.,0.));
#1968=DIRECTION('',(0.,0.,1.));
#1969=DIRECTION('',(1.,0.,0.));
#1970=DIRECTION('',(0.,0.,1.));
#1971=DIRECTION('',(1.,0.,0.));
#1972=DIRECTION('',(1.,-1.44560289664734E-16,0.));
#1973=DIRECTION('',(1.,-1.44560289664734E-16,0.));
#1974=DIRECTION('',(-1.44560289664734E-16,-1.,0.));
#1975=DIRECTION('',(1.,-1.44560289664734E-16,0.));
#1976=DIRECTION('',(1.,-1.44560289664734E-16,0.));
#1977=DIRECTION('',(-1.44560289664734E-16,-1.,0.));
#1978=DIRECTION('',(0.,0.,1.));
#1979=DIRECTION('',(1.,0.,0.));
#1980=DIRECTION('',(-1.,1.44560289664734E-16,0.));
#1981=DIRECTION('',(-1.,0.,0.));
#1982=DIRECTION('',(1.,-1.44560289664734E-16,0.));
#1983=DIRECTION('',(1.44560289664734E-16,1.,0.));
#1984=DIRECTION('',(1.,-1.44560289664734E-16,0.));
#1985=DIRECTION('',(1.44560289664734E-16,1.,0.));
#1986=DIRECTION('',(-1.,1.44560289664734E-16,0.));
#1987=DIRECTION('',(-1.44560289664734E-16,-1.,0.));
#1988=DIRECTION('',(-1.,0.,0.));
#1989=DIRECTION('',(0.,0.,1.));
#1990=DIRECTION('',(-1.,1.44560289664734E-16,0.));
#1991=DIRECTION('',(-1.,1.44560289664734E-16,0.));
#1992=DIRECTION('',(0.,0.,-1.));
#1993=DIRECTION('',(-1.,0.,0.));
#1994=DIRECTION('',(0.,1.,0.));
#1995=DIRECTION('',(-1.,1.44560289664734E-16,0.));
#1996=DIRECTION('',(-1.,1.44560289664734E-16,0.));
#1997=DIRECTION('',(-1.44560289664734E-16,-1.,0.));
#1998=DIRECTION('',(-1.,0.,0.));
#1999=DIRECTION('',(0.,0.,1.));
#2000=DIRECTION('',(-1.,1.44560289664734E-16,0.));
#2001=DIRECTION('',(1.44560289664734E-16,1.,0.));
#2002=DIRECTION('',(-1.,1.44560289664734E-16,0.));
#2003=DIRECTION('',(0.,0.,1.));
#2004=DIRECTION('',(-1.,1.44560289664734E-16,0.));
#2005=DIRECTION('',(-1.44560289664734E-16,-1.,0.));
#2006=DIRECTION('',(-1.,0.,0.));
#2007=DIRECTION('',(0.,0.,1.));
#2008=DIRECTION('',(-1.,1.44560289664734E-16,0.));
#2009=DIRECTION('',(-1.,1.44560289664734E-16,0.));
#2010=DIRECTION('',(-1.44560289664734E-16,-1.,0.));
#2011=DIRECTION('',(-1.,0.,0.));
#2012=DIRECTION('',(0.,0.,1.));
#2013=DIRECTION('',(-1.44560289664734E-16,-1.,0.));
#2014=DIRECTION('',(1.,-1.44560289664734E-16,0.));
#2015=DIRECTION('',(0.,0.,-1.));
#2016=DIRECTION('',(-1.,1.44560289664734E-16,0.));
#2017=DIRECTION('',(-1.44560289664734E-16,-1.,0.));
#2018=DIRECTION('',(-1.,1.44560289664734E-16,0.));
#2019=DIRECTION('',(-1.,0.,0.));
#2020=DIRECTION('',(0.,0.,1.));
#2021=DIRECTION('',(1.44560289664734E-16,1.,0.));
#2022=DIRECTION('',(-1.,1.44560289664734E-16,0.));
#2023=DIRECTION('',(0.,0.,1.));
#2024=DIRECTION('',(-1.,1.44560289664734E-16,0.));
#2025=DIRECTION('',(-1.,1.44560289664734E-16,0.));
#2026=DIRECTION('',(-1.44560289664734E-16,-1.,0.));
#2027=DIRECTION('',(-1.,0.,0.));
#2028=DIRECTION('',(0.,0.,1.));
#2029=DIRECTION('',(-1.,1.44560289664734E-16,0.));
#2030=DIRECTION('',(0.,0.,-1.));
#2031=DIRECTION('',(-1.,0.,0.));
#2032=DIRECTION('',(0.,1.,0.));
#2033=DIRECTION('',(-1.,1.44560289664734E-16,0.));
#2034=DIRECTION('',(-1.,1.44560289664734E-16,0.));
#2035=DIRECTION('',(-1.44560289664734E-16,-1.,0.));
#2036=DIRECTION('',(-1.,0.,0.));
#2037=DIRECTION('',(0.,0.,1.));
#2038=DIRECTION('',(-1.,1.44560289664734E-16,0.));
#2039=DIRECTION('',(-1.44560289664734E-16,-1.,0.));
#2040=DIRECTION('',(1.,-1.44560289664734E-16,0.));
#2041=DIRECTION('',(0.,0.,-1.));
#2042=DIRECTION('',(-1.,1.44560289664734E-16,0.));
#2043=DIRECTION('',(-1.44560289664734E-16,-1.,0.));
#2044=DIRECTION('',(-1.,0.,0.));
#2045=DIRECTION('',(0.,0.,1.));
#2046=DIRECTION('',(-1.,0.,0.));
#2047=DIRECTION('',(0.,0.,1.));
#2048=DIRECTION('',(0.,0.,-1.));
#2049=DIRECTION('',(0.,1.,0.));
#2050=DIRECTION('',(0.,0.,-1.));
#2051=DIRECTION('',(-1.,0.,0.));
#2052=DIRECTION('',(0.,0.,1.));
#2053=DIRECTION('',(0.,0.,-1.));
#2054=DIRECTION('',(0.,1.,0.));
#2055=DIRECTION('',(0.,0.,-1.));
#2056=DIRECTION('',(-1.,0.,0.));
#2057=DIRECTION('',(0.,0.,1.));
#2058=DIRECTION('',(0.,0.,-1.));
#2059=DIRECTION('',(0.,1.,0.));
#2060=DIRECTION('',(0.,0.,-1.));
#2061=DIRECTION('',(-1.,0.,0.));
#2062=DIRECTION('',(0.,0.,1.));
#2063=DIRECTION('',(0.,0.,-1.));
#2064=DIRECTION('',(0.,1.,0.));
#2065=DIRECTION('',(0.,0.,-1.));
#2066=DIRECTION('',(0.,-1.,0.));
#2067=DIRECTION('',(0.,0.,-1.));
#2068=DIRECTION('',(-1.,0.,0.));
#2069=DIRECTION('',(0.,-1.,0.));
#2070=DIRECTION('',(0.,0.,-1.));
#2071=DIRECTION('',(-1.,0.,0.));
#2072=DIRECTION('',(0.,0.,-1.));
#2073=DIRECTION('',(1.,0.,0.));
#2074=DIRECTION('',(1.,0.,0.));
#2075=DIRECTION('',(0.,-1.,0.));
#2076=DIRECTION('',(0.,0.,-1.));
#2077=DIRECTION('',(-1.,0.,0.));
#2078=DIRECTION('',(0.,-1.,0.));
#2079=DIRECTION('',(0.,0.,-1.));
#2080=DIRECTION('',(-1.,0.,0.));
#2081=DIRECTION('',(0.,-1.,0.));
#2082=DIRECTION('',(0.,0.,-1.));
#2083=DIRECTION('',(-1.,0.,0.));
#2084=DIRECTION('',(0.,0.,-1.));
#2085=DIRECTION('',(1.,0.,0.));
#2086=DIRECTION('',(0.,1.,0.));
#2087=DIRECTION('',(0.,0.,1.));
#2088=DIRECTION('',(1.44560289664734E-16,1.,0.));
#2089=DIRECTION('',(-1.,1.44560289664734E-16,0.));
#2090=DIRECTION('',(0.,0.,1.));
#2091=DIRECTION('',(1.,-1.44560289664734E-16,0.));
#2092=DIRECTION('',(0.,0.,1.));
#2093=DIRECTION('',(1.,-1.44560289664734E-16,0.));
#2094=DIRECTION('',(1.,-1.44560289664734E-16,0.));
#2095=DIRECTION('',(1.44560289664734E-16,1.,0.));
#2096=DIRECTION('',(1.,-1.44560289664734E-16,0.));
#2097=DIRECTION('',(1.44560289664734E-16,1.,0.));
#2098=DIRECTION('',(1.,-1.44560289664734E-16,0.));
#2099=DIRECTION('',(1.44560289664734E-16,1.,0.));
#2100=DIRECTION('',(1.,-1.44560289664734E-16,0.));
#2101=DIRECTION('',(1.,-1.44560289664734E-16,0.));
#2102=DIRECTION('',(1.44560289664734E-16,1.,0.));
#2103=DIRECTION('',(1.,-1.44560289664734E-16,0.));
#2104=DIRECTION('',(1.44560289664734E-16,1.,0.));
#2105=DIRECTION('',(1.,-1.44560289664734E-16,0.));
#2106=DIRECTION('',(1.44560289664734E-16,1.,0.));
#2107=DIRECTION('',(1.,-1.44560289664734E-16,0.));
#2108=DIRECTION('',(1.,-1.44560289664734E-16,0.));
#2109=DIRECTION('',(1.44560289664734E-16,1.,0.));
#2110=DIRECTION('',(1.,-1.44560289664734E-16,0.));
#2111=DIRECTION('',(1.44560289664734E-16,1.,0.));
#2112=DIRECTION('',(1.,-1.44560289664734E-16,0.));
#2113=DIRECTION('',(1.44560289664734E-16,1.,0.));
#2114=DIRECTION('',(1.,-1.44560289664734E-16,0.));
#2115=DIRECTION('',(1.,-1.44560289664734E-16,0.));
#2116=DIRECTION('',(1.44560289664734E-16,1.,0.));
#2117=DIRECTION('',(1.,-1.44560289664734E-16,0.));
#2118=DIRECTION('',(1.44560289664734E-16,1.,0.));
#2119=DIRECTION('',(1.,-1.44560289664734E-16,0.));
#2120=DIRECTION('',(1.44560289664734E-16,1.,0.));
#2121=DIRECTION('',(1.,-1.44560289664734E-16,0.));
#2122=DIRECTION('',(1.44560289664734E-16,1.,0.));
#2123=DIRECTION('',(-1.,1.44560289664734E-16,0.));
#2124=DIRECTION('',(0.,0.,1.));
#2125=DIRECTION('',(0.,0.,1.));
#2126=DIRECTION('',(1.,-1.44560289664734E-16,0.));
#2127=DIRECTION('',(0.,0.,1.));
#2128=DIRECTION('',(1.,0.,0.));
#2129=DIRECTION('',(-1.44560289664734E-16,-1.,0.));
#2130=DIRECTION('',(1.,-1.44560289664734E-16,0.));
#2131=DIRECTION('',(1.44560289664734E-16,1.,0.));
#2132=DIRECTION('',(1.,-1.44560289664734E-16,0.));
#2133=DIRECTION('',(1.44560289664734E-16,1.,0.));
#2134=DIRECTION('',(1.44560289664734E-16,1.,0.));
#2135=DIRECTION('',(-1.,1.44560289664734E-16,0.));
#2136=DIRECTION('',(0.,0.,1.));
#2137=DIRECTION('',(1.,-1.44560289664734E-16,0.));
#2138=DIRECTION('',(0.,0.,1.));
#2139=DIRECTION('',(1.,-1.44560289664734E-16,0.));
#2140=DIRECTION('',(0.,0.,1.));
#2141=DIRECTION('',(1.,0.,0.));
#2142=DIRECTION('',(1.,-1.44560289664734E-16,0.));
#2143=DIRECTION('',(-1.44560289664734E-16,-1.,0.));
#2144=DIRECTION('',(-1.44560289664734E-16,-1.,0.));
#2145=DIRECTION('',(1.,-1.44560289664734E-16,0.));
#2146=DIRECTION('',(0.,0.,-1.));
#2147=DIRECTION('',(1.,-1.44560289664734E-16,0.));
#2148=DIRECTION('',(0.,0.,-1.));
#2149=DIRECTION('',(1.,-1.44560289664734E-16,0.));
#2150=DIRECTION('',(1.44560289664734E-16,1.,0.));
#2151=DIRECTION('',(-1.,1.44560289664734E-16,0.));
#2152=DIRECTION('',(-1.44560289664734E-16,-1.,0.));
#2153=DIRECTION('',(1.,-1.44560289664734E-16,0.));
#2154=DIRECTION('',(-1.,1.44560289664734E-16,0.));
#2155=DIRECTION('',(-1.44560289664734E-16,-1.,0.));
#2156=DIRECTION('',(1.,-1.44560289664734E-16,0.));
#2157=DIRECTION('',(1.44560289664734E-16,1.,0.));
#2158=DIRECTION('',(-1.,1.44560289664734E-16,0.));
#2159=DIRECTION('',(-1.44560289664734E-16,-1.,0.));
#2160=DIRECTION('',(1.,-1.44560289664734E-16,0.));
#2161=DIRECTION('',(-1.,1.44560289664734E-16,0.));
#2162=DIRECTION('',(-1.44560289664734E-16,-1.,0.));
#2163=DIRECTION('',(1.,-1.44560289664734E-16,0.));
#2164=DIRECTION('',(1.44560289664734E-16,1.,0.));
#2165=DIRECTION('',(-1.,1.44560289664734E-16,0.));
#2166=DIRECTION('',(-1.44560289664734E-16,-1.,0.));
#2167=DIRECTION('',(1.,-1.44560289664734E-16,0.));
#2168=DIRECTION('',(-1.,1.44560289664734E-16,0.));
#2169=DIRECTION('',(-1.44560289664734E-16,-1.,0.));
#2170=DIRECTION('',(1.,-1.44560289664734E-16,0.));
#2171=DIRECTION('',(1.44560289664734E-16,1.,0.));
#2172=DIRECTION('',(-1.,1.44560289664734E-16,0.));
#2173=DIRECTION('',(-1.44560289664734E-16,-1.,0.));
#2174=DIRECTION('',(-1.,1.44560289664734E-16,0.));
#2175=DIRECTION('',(-1.44560289664734E-16,-1.,0.));
#2176=DIRECTION('',(-1.,1.44560289664734E-16,0.));
#2177=DIRECTION('',(-1.44560289664734E-16,-1.,0.));
#2178=DIRECTION('',(-1.,1.44560289664734E-16,0.));
#2179=DIRECTION('',(-1.44560289664734E-16,-1.,0.));
#2180=DIRECTION('',(0.,-1.,0.));
#2181=DIRECTION('',(0.,0.,-1.));
#2182=DIRECTION('',(0.,-1.,0.));
#2183=DIRECTION('',(0.,0.,-1.));
#2184=DIRECTION('',(0.,-1.,0.));
#2185=DIRECTION('',(1.,0.,0.));
#2186=DIRECTION('',(0.,1.,0.));
#2187=DIRECTION('',(0.,0.,1.));
#2188=DIRECTION('',(0.,1.,0.));
#2189=DIRECTION('',(0.,0.,1.));
#2190=DIRECTION('',(0.,1.,0.));
#2191=DIRECTION('',(-1.,0.,0.));
#2192=CARTESIAN_POINT('',(0.,0.,0.));
#2193=CARTESIAN_POINT('',(-1.7347234759768E-18,0.,0.));
#2194=CARTESIAN_POINT('',(0.0085,0.007,0.));
#2195=CARTESIAN_POINT('',(0.011,0.007,0.));
#2196=CARTESIAN_POINT('',(0.006,0.007,0.));
#2197=CARTESIAN_POINT('',(0.013,0.007,0.));
#2198=CARTESIAN_POINT('',(0.013,0.007,0.));
#2199=CARTESIAN_POINT('',(0.013,3.46944695195361E-18,0.));
#2200=CARTESIAN_POINT('',(0.013,-0.007,0.));
#2201=CARTESIAN_POINT('',(0.013,-0.007,0.));
#2202=CARTESIAN_POINT('',(0.011,-0.007,0.));
#2203=CARTESIAN_POINT('',(0.0085,-0.007,0.));
#2204=CARTESIAN_POINT('',(0.006,-0.007,0.));
#2205=CARTESIAN_POINT('',(0.006,-2.60208521396521E-18,0.));
#2206=CARTESIAN_POINT('',(-1.7347234759768E-18,0.,0.));
#2207=CARTESIAN_POINT('',(-0.0085,0.007,0.));
#2208=CARTESIAN_POINT('',(-0.006,0.007,0.));
#2209=CARTESIAN_POINT('',(-0.011,0.007,0.));
#2210=CARTESIAN_POINT('',(-0.006,-2.60208521396521E-18,0.));
#2211=CARTESIAN_POINT('',(-0.006,-0.007,0.));
#2212=CARTESIAN_POINT('',(-0.0085,-0.007,0.));
#2213=CARTESIAN_POINT('',(-0.011,-0.007,0.));
#2214=CARTESIAN_POINT('',(0.013,-0.007,0.));
#2215=CARTESIAN_POINT('',(-0.013,-0.007,0.));
#2216=CARTESIAN_POINT('',(-0.013,0.,0.));
#2217=CARTESIAN_POINT('',(-0.013,0.007,0.));
#2218=CARTESIAN_POINT('',(0.013,0.007,0.));
#2219=CARTESIAN_POINT('',(-1.7347234759768E-18,0.,0.));
#2220=CARTESIAN_POINT('',(0.013,0.018,0.));
#2221=CARTESIAN_POINT('',(0.013,0.018,0.));
#2222=CARTESIAN_POINT('',(0.011,0.018,0.));
#2223=CARTESIAN_POINT('',(-7.80625564189563E-18,0.018,0.));
#2224=CARTESIAN_POINT('',(-0.011,0.018,0.));
#2225=CARTESIAN_POINT('',(0.013,0.018,0.));
#2226=CARTESIAN_POINT('',(-0.013,0.018,0.));
#2227=CARTESIAN_POINT('',(-0.009,0.018,0.));
#2228=CARTESIAN_POINT('',(-0.009,0.022,0.));
#2229=CARTESIAN_POINT('',(0.,0.022,0.));
#2230=CARTESIAN_POINT('',(0.009,0.022,0.));
#2231=CARTESIAN_POINT('',(0.009,0.018,0.));
#2232=CARTESIAN_POINT('',(-0.0035,0.0125,0.025));
#2233=CARTESIAN_POINT('',(-0.006,0.0125,0.025));
#2234=CARTESIAN_POINT('',(-0.006,0.0125,0.025));
#2235=CARTESIAN_POINT('',(-0.006,0.0125,0.003));
#2236=CARTESIAN_POINT('',(-0.0035,0.0125,0.003));
#2237=CARTESIAN_POINT('',(-0.0035,0.015,0.003));
#2238=CARTESIAN_POINT('',(-0.0035,0.015,0.025));
#2239=CARTESIAN_POINT('',(-0.0035,0.015,0.025));
#2240=CARTESIAN_POINT('',(-0.0035,0.0125,0.025));
#2241=CARTESIAN_POINT('',(-7.80625564189563E-18,0.015,0.025));
#2242=CARTESIAN_POINT('',(-7.80625564189563E-18,0.015,0.003));
#2243=CARTESIAN_POINT('',(0.0035,0.015,0.003));
#2244=CARTESIAN_POINT('',(0.0035,0.015,0.025));
#2245=CARTESIAN_POINT('',(0.0035,0.015,0.025));
#2246=CARTESIAN_POINT('',(-7.80625564189563E-18,0.015,0.025));
#2247=CARTESIAN_POINT('',(0.0035,0.0125,0.025));
#2248=CARTESIAN_POINT('',(0.0035,0.0125,0.003));
#2249=CARTESIAN_POINT('',(0.006,0.0125,0.003));
#2250=CARTESIAN_POINT('',(0.006,0.0125,0.025));
#2251=CARTESIAN_POINT('',(0.006,0.0125,0.025));
#2252=CARTESIAN_POINT('',(0.0035,0.0125,0.025));
#2253=CARTESIAN_POINT('',(-0.006,-2.60208521396521E-18,0.025));
#2254=CARTESIAN_POINT('',(-0.006,1.01192202765314E-18,0.0125));
#2255=CARTESIAN_POINT('',(-0.006,0.011,0.0125));
#2256=CARTESIAN_POINT('',(-0.006,-2.60208521396521E-18,0.003));
#2257=CARTESIAN_POINT('',(-0.006,-0.007,0.003));
#2258=CARTESIAN_POINT('',(-0.006,-0.0125,0.003));
#2259=CARTESIAN_POINT('',(-0.006,-0.007,0.003));
#2260=CARTESIAN_POINT('',(-0.006,0.007,0.003));
#2261=CARTESIAN_POINT('',(-0.006,0.007,0.003));
#2262=CARTESIAN_POINT('',(-0.006,-2.60208521396521E-18,0.003));
#2263=CARTESIAN_POINT('',(-0.006,-2.60208521396521E-18,0.025));
#2264=CARTESIAN_POINT('',(-0.006,-0.0125,0.025));
#2265=CARTESIAN_POINT('',(-0.006,-0.0125,0.025));
#2266=CARTESIAN_POINT('',(0.006,-2.60208521396521E-18,0.025));
#2267=CARTESIAN_POINT('',(0.006,-7.22801448323667E-19,0.0125));
#2268=CARTESIAN_POINT('',(0.006,0.011,0.0125));
#2269=CARTESIAN_POINT('',(0.006,-2.60208521396521E-18,0.003));
#2270=CARTESIAN_POINT('',(0.006,0.007,0.003));
#2271=CARTESIAN_POINT('',(0.006,0.007,0.003));
#2272=CARTESIAN_POINT('',(0.006,-0.007,0.003));
#2273=CARTESIAN_POINT('',(0.006,-0.007,0.003));
#2274=CARTESIAN_POINT('',(0.006,-2.60208521396521E-18,0.003));
#2275=CARTESIAN_POINT('',(0.006,-0.0125,0.003));
#2276=CARTESIAN_POINT('',(0.006,-0.0125,0.025));
#2277=CARTESIAN_POINT('',(0.006,-0.0125,0.025));
#2278=CARTESIAN_POINT('',(0.006,-2.60208521396521E-18,0.025));
#2279=CARTESIAN_POINT('',(0.0035,-0.0125,0.025));
#2280=CARTESIAN_POINT('',(0.0035,-0.0125,0.003));
#2281=CARTESIAN_POINT('',(0.0035,-0.015,0.003));
#2282=CARTESIAN_POINT('',(0.0035,-0.015,0.025));
#2283=CARTESIAN_POINT('',(0.0035,-0.015,0.025));
#2284=CARTESIAN_POINT('',(0.0035,-0.0125,0.025));
#2285=CARTESIAN_POINT('',(-9.54097911787244E-18,-0.015,0.025));
#2286=CARTESIAN_POINT('',(-9.54097911787244E-18,-0.015,0.003));
#2287=CARTESIAN_POINT('',(-0.0035,-0.015,0.003));
#2288=CARTESIAN_POINT('',(-0.0035,-0.015,0.025));
#2289=CARTESIAN_POINT('',(-0.0035,-0.015,0.025));
#2290=CARTESIAN_POINT('',(-9.54097911787244E-18,-0.015,0.025));
#2291=CARTESIAN_POINT('',(-0.0035,-0.0125,0.025));
#2292=CARTESIAN_POINT('',(-0.0035,-0.0125,0.003));
#2293=CARTESIAN_POINT('',(-0.0035,-0.0125,0.025));
#2294=CARTESIAN_POINT('',(0.013,-0.013,-0.005));
#2295=CARTESIAN_POINT('',(0.013,-0.017,-0.005));
#2296=CARTESIAN_POINT('',(0.013,-0.017,-0.005));
#2297=CARTESIAN_POINT('',(0.011,-0.017,-0.005));
#2298=CARTESIAN_POINT('',(0.011,0.0179855682269637,-0.005));
#2299=CARTESIAN_POINT('',(0.011,-0.009,-0.005));
#2300=CARTESIAN_POINT('',(0.013,-0.009,-0.005));
#2301=CARTESIAN_POINT('',(0.013,-0.009,-0.005));
#2302=CARTESIAN_POINT('',(0.013,-0.013,-0.005));
#2303=CARTESIAN_POINT('',(0.013,0.013,-0.005));
#2304=CARTESIAN_POINT('',(0.013,0.009,-0.005));
#2305=CARTESIAN_POINT('',(0.013,0.009,-0.005));
#2306=CARTESIAN_POINT('',(0.011,0.009,-0.005));
#2307=CARTESIAN_POINT('',(0.011,0.0179855682269637,-0.005));
#2308=CARTESIAN_POINT('',(0.011,0.017,-0.005));
#2309=CARTESIAN_POINT('',(0.013,0.017,-0.005));
#2310=CARTESIAN_POINT('',(0.013,0.017,-0.005));
#2311=CARTESIAN_POINT('',(0.013,0.013,-0.005));
#2312=CARTESIAN_POINT('',(0.013,-0.009,-0.004));
#2313=CARTESIAN_POINT('',(0.011,-0.009,-0.004));
#2314=CARTESIAN_POINT('',(0.011,-0.008,-0.004));
#2315=CARTESIAN_POINT('',(0.013,-0.008,-0.004));
#2316=CARTESIAN_POINT('',(0.013,-0.008,-0.004));
#2317=CARTESIAN_POINT('',(0.013,-0.009,-0.004));
#2318=CARTESIAN_POINT('',(0.013,-0.017,-0.004));
#2319=CARTESIAN_POINT('',(0.013,-0.018,-0.004));
#2320=CARTESIAN_POINT('',(0.013,-0.018,-0.004));
#2321=CARTESIAN_POINT('',(0.011,-0.018,-0.004));
#2322=CARTESIAN_POINT('',(0.011,-0.017,-0.004));
#2323=CARTESIAN_POINT('',(0.013,-0.017,-0.004));
#2324=CARTESIAN_POINT('',(0.013,-0.018,-0.002));
#2325=CARTESIAN_POINT('',(0.011,-0.018,-0.002));
#2326=CARTESIAN_POINT('',(0.011,-0.018,0.));
#2327=CARTESIAN_POINT('',(0.013,-0.018,-0.002));
#2328=CARTESIAN_POINT('',(0.013,-0.018,0.));
#2329=CARTESIAN_POINT('',(0.013,-0.018,0.));
#2330=CARTESIAN_POINT('',(0.013,-0.007,-0.001));
#2331=CARTESIAN_POINT('',(0.011,-0.007,-0.001));
#2332=CARTESIAN_POINT('',(0.011,-0.008,-0.001));
#2333=CARTESIAN_POINT('',(0.013,-0.007,-0.001));
#2334=CARTESIAN_POINT('',(0.013,-0.008,-0.001));
#2335=CARTESIAN_POINT('',(0.013,-0.008,-0.001));
#2336=CARTESIAN_POINT('',(0.013,-0.013,-0.0025));
#2337=CARTESIAN_POINT('',(0.013,-0.013,-0.0025));
#2338=CARTESIAN_POINT('',(0.013,-0.015,-0.0025));
#2339=CARTESIAN_POINT('',(0.011,-0.013,-0.0025));
#2340=CARTESIAN_POINT('',(0.011,-0.013,-0.0005));
#2341=CARTESIAN_POINT('',(0.013,-0.008,-0.0025));
#2342=CARTESIAN_POINT('',(0.011,-0.008,-0.0025));
#2343=CARTESIAN_POINT('',(0.013,-0.008,-0.0025));
#2344=CARTESIAN_POINT('',(0.013,0.007,-0.001));
#2345=CARTESIAN_POINT('',(0.011,0.007,-0.001));
#2346=CARTESIAN_POINT('',(0.011,0.008,-0.001));
#2347=CARTESIAN_POINT('',(0.013,0.008,-0.001));
#2348=CARTESIAN_POINT('',(0.013,0.008,-0.001));
#2349=CARTESIAN_POINT('',(0.013,0.007,-0.001));
#2350=CARTESIAN_POINT('',(0.013,0.018,-0.002));
#2351=CARTESIAN_POINT('',(0.013,0.018,-0.004));
#2352=CARTESIAN_POINT('',(0.013,0.018,-0.004));
#2353=CARTESIAN_POINT('',(0.011,0.018,-0.004));
#2354=CARTESIAN_POINT('',(0.011,0.018,-0.002));
#2355=CARTESIAN_POINT('',(0.013,0.018,-0.002));
#2356=CARTESIAN_POINT('',(0.013,0.017,-0.004));
#2357=CARTESIAN_POINT('',(0.011,0.017,-0.004));
#2358=CARTESIAN_POINT('',(0.013,0.017,-0.004));
#2359=CARTESIAN_POINT('',(0.013,0.009,-0.004));
#2360=CARTESIAN_POINT('',(0.013,0.008,-0.004));
#2361=CARTESIAN_POINT('',(0.013,0.008,-0.004));
#2362=CARTESIAN_POINT('',(0.011,0.008,-0.004));
#2363=CARTESIAN_POINT('',(0.011,0.009,-0.004));
#2364=CARTESIAN_POINT('',(0.013,0.009,-0.004));
#2365=CARTESIAN_POINT('',(0.013,0.008,-0.0025));
#2366=CARTESIAN_POINT('',(0.011,0.008,-0.0025));
#2367=CARTESIAN_POINT('',(0.013,0.008,-0.0025));
#2368=CARTESIAN_POINT('',(0.013,0.013,-0.0025));
#2369=CARTESIAN_POINT('',(0.013,0.013,-0.0025));
#2370=CARTESIAN_POINT('',(0.013,0.011,-0.0025));
#2371=CARTESIAN_POINT('',(0.011,0.013,-0.0025));
#2372=CARTESIAN_POINT('',(0.011,0.013,-0.0005));
#2373=CARTESIAN_POINT('',(0.013,3.46944695195361E-18,0.025));
#2374=CARTESIAN_POINT('',(0.013,-1.7347234759768E-18,0.0125));
#2375=CARTESIAN_POINT('',(0.013,0.011,0.0125));
#2376=CARTESIAN_POINT('',(0.013,0.018,0.025));
#2377=CARTESIAN_POINT('',(0.013,0.018,0.025));
#2378=CARTESIAN_POINT('',(0.013,3.46944695195361E-18,0.025));
#2379=CARTESIAN_POINT('',(0.013,-0.018,0.025));
#2380=CARTESIAN_POINT('',(0.013,-0.018,0.025));
#2381=CARTESIAN_POINT('',(0.009,0.018,0.025));
#2382=CARTESIAN_POINT('',(0.009,0.022,0.025));
#2383=CARTESIAN_POINT('',(0.009,0.022,0.025));
#2384=CARTESIAN_POINT('',(0.009,0.018,0.025));
#2385=CARTESIAN_POINT('',(0.,0.022,0.025));
#2386=CARTESIAN_POINT('',(0.,0.022,0.0125));
#2387=CARTESIAN_POINT('',(0.,0.022,0.0165));
#2388=CARTESIAN_POINT('',(-0.009,0.022,0.025));
#2389=CARTESIAN_POINT('',(-0.009,0.022,0.025));
#2390=CARTESIAN_POINT('',(0.,0.022,0.025));
#2391=CARTESIAN_POINT('',(-0.009,0.018,0.025));
#2392=CARTESIAN_POINT('',(-0.013,0.018,0.025));
#2393=CARTESIAN_POINT('',(-0.013,0.018,0.025));
#2394=CARTESIAN_POINT('',(-0.009,0.018,0.025));
#2395=CARTESIAN_POINT('',(-0.013,0.,0.025));
#2396=CARTESIAN_POINT('',(-0.013,2.02384405530627E-18,0.0125));
#2397=CARTESIAN_POINT('',(-0.013,0.011,0.0125));
#2398=CARTESIAN_POINT('',(-0.013,0.018,-0.002));
#2399=CARTESIAN_POINT('',(-0.013,0.018,-0.004));
#2400=CARTESIAN_POINT('',(-0.013,0.017,-0.004));
#2401=CARTESIAN_POINT('',(-0.013,0.017,-0.005));
#2402=CARTESIAN_POINT('',(-0.013,0.013,-0.005));
#2403=CARTESIAN_POINT('',(-0.013,0.009,-0.005));
#2404=CARTESIAN_POINT('',(-0.013,0.009,-0.004));
#2405=CARTESIAN_POINT('',(-0.013,0.008,-0.004));
#2406=CARTESIAN_POINT('',(-0.013,0.008,-0.0025));
#2407=CARTESIAN_POINT('',(-0.013,0.008,-0.001));
#2408=CARTESIAN_POINT('',(-0.013,0.007,-0.001));
#2409=CARTESIAN_POINT('',(-0.013,-0.007,-0.001));
#2410=CARTESIAN_POINT('',(-0.013,-0.008,-0.001));
#2411=CARTESIAN_POINT('',(-0.013,-0.008,-0.0025));
#2412=CARTESIAN_POINT('',(-0.013,-0.008,-0.004));
#2413=CARTESIAN_POINT('',(-0.013,-0.009,-0.004));
#2414=CARTESIAN_POINT('',(-0.013,-0.009,-0.005));
#2415=CARTESIAN_POINT('',(-0.013,-0.013,-0.005));
#2416=CARTESIAN_POINT('',(-0.013,-0.017,-0.005));
#2417=CARTESIAN_POINT('',(-0.013,-0.017,-0.004));
#2418=CARTESIAN_POINT('',(-0.013,-0.018,-0.004));
#2419=CARTESIAN_POINT('',(-0.013,-0.018,-0.002));
#2420=CARTESIAN_POINT('',(-0.013,-0.018,0.));
#2421=CARTESIAN_POINT('',(-0.013,-0.018,0.025));
#2422=CARTESIAN_POINT('',(-0.013,-0.018,0.025));
#2423=CARTESIAN_POINT('',(-0.013,0.,0.025));
#2424=CARTESIAN_POINT('',(-0.013,-0.013,-0.0025));
#2425=CARTESIAN_POINT('',(-0.013,-0.015,-0.0025));
#2426=CARTESIAN_POINT('',(-0.013,0.013,-0.0025));
#2427=CARTESIAN_POINT('',(-0.013,0.011,-0.0025));
#2428=CARTESIAN_POINT('',(-0.009,-0.018,0.025));
#2429=CARTESIAN_POINT('',(-0.009,-0.018,0.));
#2430=CARTESIAN_POINT('',(-0.009,-0.022,0.));
#2431=CARTESIAN_POINT('',(-0.009,-0.022,0.025));
#2432=CARTESIAN_POINT('',(-0.009,-0.022,0.025));
#2433=CARTESIAN_POINT('',(-0.009,-0.018,0.025));
#2434=CARTESIAN_POINT('',(-5.20417042793042E-18,-0.022,0.025));
#2435=CARTESIAN_POINT('',(-5.20417042793042E-18,-0.022,0.0125));
#2436=CARTESIAN_POINT('',(-5.20417042793042E-18,-0.022,0.0085));
#2437=CARTESIAN_POINT('',(-5.20417042793042E-18,-0.022,0.));
#2438=CARTESIAN_POINT('',(0.009,-0.022,0.));
#2439=CARTESIAN_POINT('',(0.009,-0.022,0.025));
#2440=CARTESIAN_POINT('',(0.009,-0.022,0.025));
#2441=CARTESIAN_POINT('',(-5.20417042793042E-18,-0.022,0.025));
#2442=CARTESIAN_POINT('',(0.009,-0.018,0.025));
#2443=CARTESIAN_POINT('',(0.009,-0.018,0.));
#2444=CARTESIAN_POINT('',(0.009,-0.018,0.025));
#2445=CARTESIAN_POINT('',(-1.7347234759768E-18,0.,0.025));
#2446=CARTESIAN_POINT('',(-0.0145,-0.018,0.025));
#2447=CARTESIAN_POINT('',(-0.0115,-0.018,0.025));
#2448=CARTESIAN_POINT('',(0.0115,-0.018,0.025));
#2449=CARTESIAN_POINT('',(0.0115,-0.018,0.025));
#2450=CARTESIAN_POINT('',(0.0115,3.68628738645072E-18,0.025));
#2451=CARTESIAN_POINT('',(0.0115,0.018,0.025));
#2452=CARTESIAN_POINT('',(0.0115,0.018,0.025));
#2453=CARTESIAN_POINT('',(-0.0145,0.018,0.025));
#2454=CARTESIAN_POINT('',(-0.0115,0.018,0.025));
#2455=CARTESIAN_POINT('',(-0.0115,-2.16840434497101E-19,0.025));
#2456=CARTESIAN_POINT('',(-1.7347234759768E-18,0.,0.));
#2457=CARTESIAN_POINT('',(0.013,-0.018,0.));
#2458=CARTESIAN_POINT('',(-0.011,-0.018,0.));
#2459=CARTESIAN_POINT('',(-8.67361737988404E-18,-0.018,0.));
#2460=CARTESIAN_POINT('',(-0.0264,3.96095193681371E-18,0.0125));
#2461=CARTESIAN_POINT('',(-0.0264,3.96095193681371E-18,0.0125));
#2462=CARTESIAN_POINT('',(0.013,-0.009,-0.004));
#2463=CARTESIAN_POINT('',(-0.011,-0.009,-0.004));
#2464=CARTESIAN_POINT('',(-0.011,-0.009,-0.005));
#2465=CARTESIAN_POINT('',(-0.011,-0.008,-0.004));
#2466=CARTESIAN_POINT('',(0.013,-0.009,-0.005));
#2467=CARTESIAN_POINT('',(0.013,-0.008,-0.004));
#2468=CARTESIAN_POINT('',(0.013,-0.013,-0.005));
#2469=CARTESIAN_POINT('',(-0.011,0.0049855682269637,-0.005));
#2470=CARTESIAN_POINT('',(-0.011,-0.017,-0.005));
#2471=CARTESIAN_POINT('',(0.013,-0.017,-0.005));
#2472=CARTESIAN_POINT('',(0.013,-0.017,-0.004));
#2473=CARTESIAN_POINT('',(-0.011,-0.017,-0.004));
#2474=CARTESIAN_POINT('',(-0.011,-0.018,-0.004));
#2475=CARTESIAN_POINT('',(0.013,-0.018,-0.004));
#2476=CARTESIAN_POINT('',(0.013,-0.018,-0.002));
#2477=CARTESIAN_POINT('',(-0.011,-0.018,-0.002));
#2478=CARTESIAN_POINT('',(0.013,-0.007,-0.001));
#2479=CARTESIAN_POINT('',(-0.011,-0.007,-0.001));
#2480=CARTESIAN_POINT('',(-0.011,-0.008,-0.001));
#2481=CARTESIAN_POINT('',(0.013,-0.008,-0.001));
#2482=CARTESIAN_POINT('',(0.013,-0.013,-0.0025));
#2483=CARTESIAN_POINT('',(-0.011,-0.013,-0.0025));
#2484=CARTESIAN_POINT('',(-0.011,-0.013,-0.0005));
#2485=CARTESIAN_POINT('',(0.013,-0.008,-0.0025));
#2486=CARTESIAN_POINT('',(-0.011,-0.008,-0.0025));
#2487=CARTESIAN_POINT('',(0.013,0.007,-0.001));
#2488=CARTESIAN_POINT('',(0.013,0.008,-0.001));
#2489=CARTESIAN_POINT('',(-0.011,0.008,-0.001));
#2490=CARTESIAN_POINT('',(-0.011,0.007,-0.001));
#2491=CARTESIAN_POINT('',(0.013,0.018,-0.002));
#2492=CARTESIAN_POINT('',(-0.011,0.018,-0.002));
#2493=CARTESIAN_POINT('',(-0.011,0.018,-0.004));
#2494=CARTESIAN_POINT('',(0.013,0.018,-0.004));
#2495=CARTESIAN_POINT('',(0.013,0.017,-0.004));
#2496=CARTESIAN_POINT('',(-0.011,0.017,-0.004));
#2497=CARTESIAN_POINT('',(-0.011,0.017,-0.005));
#2498=CARTESIAN_POINT('',(0.013,0.017,-0.005));
#2499=CARTESIAN_POINT('',(0.013,0.013,-0.005));
#2500=CARTESIAN_POINT('',(-0.011,0.0049855682269637,-0.005));
#2501=CARTESIAN_POINT('',(-0.011,0.009,-0.005));
#2502=CARTESIAN_POINT('',(0.013,0.009,-0.005));
#2503=CARTESIAN_POINT('',(0.013,0.009,-0.004));
#2504=CARTESIAN_POINT('',(-0.011,0.009,-0.004));
#2505=CARTESIAN_POINT('',(-0.011,0.008,-0.004));
#2506=CARTESIAN_POINT('',(0.013,0.008,-0.004));
#2507=CARTESIAN_POINT('',(0.013,0.008,-0.0025));
#2508=CARTESIAN_POINT('',(-0.011,0.008,-0.0025));
#2509=CARTESIAN_POINT('',(0.013,0.013,-0.0025));
#2510=CARTESIAN_POINT('',(-0.011,0.013,-0.0025));
#2511=CARTESIAN_POINT('',(-0.011,0.013,-0.0005));
#2512=CARTESIAN_POINT('',(-0.011,0.0049855682269637,0.));
#2513=CARTESIAN_POINT('',(-0.011,0.018,0.003));
#2514=CARTESIAN_POINT('',(-0.011,0.018,0.003));
#2515=CARTESIAN_POINT('',(-0.011,0.0049855682269637,0.003));
#2516=CARTESIAN_POINT('',(-0.011,0.007,0.003));
#2517=CARTESIAN_POINT('',(-0.011,0.007,0.003));
#2518=CARTESIAN_POINT('',(0.011,0.0179855682269637,0.));
#2519=CARTESIAN_POINT('',(0.011,0.007,0.003));
#2520=CARTESIAN_POINT('',(0.011,0.007,0.003));
#2521=CARTESIAN_POINT('',(0.011,0.0179855682269637,0.003));
#2522=CARTESIAN_POINT('',(0.011,0.018,0.003));
#2523=CARTESIAN_POINT('',(0.011,0.018,0.003));
#2524=CARTESIAN_POINT('',(0.011,0.0179855682269637,0.));
#2525=CARTESIAN_POINT('',(0.011,-0.018,0.003));
#2526=CARTESIAN_POINT('',(0.011,-0.018,0.003));
#2527=CARTESIAN_POINT('',(0.011,0.0179855682269637,0.003));
#2528=CARTESIAN_POINT('',(0.011,-0.007,0.003));
#2529=CARTESIAN_POINT('',(0.011,-0.007,0.003));
#2530=CARTESIAN_POINT('',(-0.011,0.0049855682269637,0.));
#2531=CARTESIAN_POINT('',(-0.011,-0.007,0.003));
#2532=CARTESIAN_POINT('',(-0.011,-0.007,0.003));
#2533=CARTESIAN_POINT('',(-0.011,0.0049855682269637,0.003));
#2534=CARTESIAN_POINT('',(-0.011,-0.018,0.003));
#2535=CARTESIAN_POINT('',(-0.011,-0.018,0.003));
#2536=CARTESIAN_POINT('',(0.0085,-0.007,0.003));
#2537=CARTESIAN_POINT('',(0.0085,-0.007,0.003));
#2538=CARTESIAN_POINT('',(-8.67361737988404E-18,-0.018,0.003));
#2539=CARTESIAN_POINT('',(-8.67361737988404E-18,-0.018,0.003));
#2540=CARTESIAN_POINT('',(0.,0.,0.003));
#2541=CARTESIAN_POINT('',(-0.0085,-0.007,0.003));
#2542=CARTESIAN_POINT('',(-7.80625564189563E-18,0.018,0.003));
#2543=CARTESIAN_POINT('',(-7.80625564189563E-18,0.018,0.003));
#2544=CARTESIAN_POINT('',(0.0085,0.007,0.003));
#2545=CARTESIAN_POINT('',(0.0085,0.007,0.003));
#2546=CARTESIAN_POINT('',(-0.0085,0.007,0.003));
#2547=CARTESIAN_POINT('',(-0.0085,0.007,0.003));
#2548=CARTESIAN_POINT('',(0.,0.,0.003));
#2549=CARTESIAN_POINT('',(-0.0085,-0.007,0.003));
#2550=CARTESIAN_POINT('',(0.0115,0.018,0.0255));
#2551=CARTESIAN_POINT('',(0.0145,0.018,0.0255));
#2552=CARTESIAN_POINT('',(0.0145,0.018,0.025));
#2553=CARTESIAN_POINT('',(0.0145,0.018,0.026));
#2554=CARTESIAN_POINT('',(0.0115,0.018,0.025));
#2555=CARTESIAN_POINT('',(0.0115,0.018,0.0255));
#2556=CARTESIAN_POINT('',(0.0115,0.018,0.026));
#2557=CARTESIAN_POINT('',(0.0115,0.018,0.026));
#2558=CARTESIAN_POINT('',(0.0115,0.018,0.04725));
#2559=CARTESIAN_POINT('',(0.0145,0.018,0.04725));
#2560=CARTESIAN_POINT('',(0.0145,0.009,0.028));
#2561=CARTESIAN_POINT('',(0.0115,0.018,0.04725));
#2562=CARTESIAN_POINT('',(0.0115,0.009,0.028));
#2563=CARTESIAN_POINT('',(0.0115,0.009,0.028));
#2564=CARTESIAN_POINT('',(0.0115,0.0045,0.0239375));
#2565=CARTESIAN_POINT('',(0.0145,0.0045,0.0239375));
#2566=CARTESIAN_POINT('',(0.0145,4.11996825544492E-18,0.028));
#2567=CARTESIAN_POINT('',(0.0115,0.0045,0.0239375));
#2568=CARTESIAN_POINT('',(0.0115,4.55364912443912E-18,0.028));
#2569=CARTESIAN_POINT('',(0.0115,4.55364912443912E-18,0.028));
#2570=CARTESIAN_POINT('',(0.0115,-0.0045,0.0239375));
#2571=CARTESIAN_POINT('',(0.0145,-0.0045,0.0239375));
#2572=CARTESIAN_POINT('',(0.0145,-0.009,0.028));
#2573=CARTESIAN_POINT('',(0.0115,-0.0045,0.0239375));
#2574=CARTESIAN_POINT('',(0.0115,-0.009,0.028));
#2575=CARTESIAN_POINT('',(0.0115,-0.009,0.028));
#2576=CARTESIAN_POINT('',(0.0115,-0.018,0.04725));
#2577=CARTESIAN_POINT('',(0.0145,-0.018,0.04725));
#2578=CARTESIAN_POINT('',(0.0145,-0.018,0.026));
#2579=CARTESIAN_POINT('',(0.0115,-0.018,0.04725));
#2580=CARTESIAN_POINT('',(0.0115,-0.018,0.026));
#2581=CARTESIAN_POINT('',(0.0115,-0.018,0.026));
#2582=CARTESIAN_POINT('',(0.0115,-0.018,0.0255));
#2583=CARTESIAN_POINT('',(0.0145,-0.018,0.0255));
#2584=CARTESIAN_POINT('',(0.0145,-0.018,0.025));
#2585=CARTESIAN_POINT('',(0.0115,-0.018,0.0255));
#2586=CARTESIAN_POINT('',(0.0115,-0.018,0.025));
#2587=CARTESIAN_POINT('',(0.0115,3.68628738645072E-18,0.025));
#2588=CARTESIAN_POINT('',(0.0145,3.25260651745651E-18,0.025));
#2589=CARTESIAN_POINT('',(0.0115,1.80700362080917E-18,0.0125));
#2590=CARTESIAN_POINT('',(0.0145,1.37332275181497E-18,0.0125));
#2591=CARTESIAN_POINT('',(-0.0145,0.018,0.0255));
#2592=CARTESIAN_POINT('',(-0.0115,0.018,0.0255));
#2593=CARTESIAN_POINT('',(-0.0115,0.018,0.026));
#2594=CARTESIAN_POINT('',(-0.0145,0.018,0.025));
#2595=CARTESIAN_POINT('',(-0.0145,0.018,0.025));
#2596=CARTESIAN_POINT('',(-0.0145,0.018,0.0255));
#2597=CARTESIAN_POINT('',(-0.0145,0.018,0.026));
#2598=CARTESIAN_POINT('',(-0.0145,0.018,0.026));
#2599=CARTESIAN_POINT('',(-0.0145,2.16840434497101E-19,0.025));
#2600=CARTESIAN_POINT('',(-0.0145,-0.018,0.025));
#2601=CARTESIAN_POINT('',(-0.0145,-0.018,0.025));
#2602=CARTESIAN_POINT('',(-0.0145,2.16840434497101E-19,0.025));
#2603=CARTESIAN_POINT('',(-0.0145,-0.018,0.0255));
#2604=CARTESIAN_POINT('',(-0.0115,-0.018,0.0255));
#2605=CARTESIAN_POINT('',(-0.0115,-0.018,0.026));
#2606=CARTESIAN_POINT('',(-0.0145,-0.018,0.026));
#2607=CARTESIAN_POINT('',(-0.0145,-0.018,0.026));
#2608=CARTESIAN_POINT('',(-0.0145,-0.018,0.0255));
#2609=CARTESIAN_POINT('',(-0.0145,-0.018,0.04725));
#2610=CARTESIAN_POINT('',(-0.0115,-0.018,0.04725));
#2611=CARTESIAN_POINT('',(-0.0115,-0.009,0.028));
#2612=CARTESIAN_POINT('',(-0.0145,-0.009,0.028));
#2613=CARTESIAN_POINT('',(-0.0145,-0.009,0.028));
#2614=CARTESIAN_POINT('',(-0.0145,-0.018,0.04725));
#2615=CARTESIAN_POINT('',(-0.0145,-0.0045,0.0239375));
#2616=CARTESIAN_POINT('',(-0.0115,-0.0045,0.0239375));
#2617=CARTESIAN_POINT('',(-0.0115,1.19262238973405E-17,0.028));
#2618=CARTESIAN_POINT('',(-0.0145,1.23599047663347E-17,0.028));
#2619=CARTESIAN_POINT('',(-0.0145,1.23599047663347E-17,0.028));
#2620=CARTESIAN_POINT('',(-0.0145,-0.0045,0.0239375));
#2621=CARTESIAN_POINT('',(-0.0145,0.0045,0.0239375));
#2622=CARTESIAN_POINT('',(-0.0115,0.0045,0.0239375));
#2623=CARTESIAN_POINT('',(-0.0115,0.009,0.028));
#2624=CARTESIAN_POINT('',(-0.0145,0.009,0.028));
#2625=CARTESIAN_POINT('',(-0.0145,0.009,0.028));
#2626=CARTESIAN_POINT('',(-0.0145,0.0045,0.0239375));
#2627=CARTESIAN_POINT('',(-0.0145,0.018,0.04725));
#2628=CARTESIAN_POINT('',(-0.0115,0.018,0.04725));
#2629=CARTESIAN_POINT('',(-0.0145,0.018,0.04725));
#2630=CARTESIAN_POINT('',(-0.0145,2.09612420013864E-18,0.0125));
#2631=CARTESIAN_POINT('',(-0.0115,1.66244333114444E-18,0.0125));
#2632=CARTESIAN_POINT('',(-5.20417042793042E-18,-0.021,0.0125));
#2633=CARTESIAN_POINT('',(-5.20417042793042E-18,-0.021,0.0125));
#2634=CARTESIAN_POINT('',(-5.20417042793042E-18,-0.021,0.0085));
#2635=CARTESIAN_POINT('',(-6.93889390390723E-18,-0.021,0.0125));
#2636=CARTESIAN_POINT('',(0.,0.021,0.0125));
#2637=CARTESIAN_POINT('',(0.,0.021,0.0125));
#2638=CARTESIAN_POINT('',(0.,0.021,0.0165));
#2639=CARTESIAN_POINT('',(0.,0.021,0.0125));
#2640=MECHANICAL_DESIGN_GEOMETRIC_PRESENTATION_REPRESENTATION('',(#1561),
#2641);
#2641=(
GEOMETRIC_REPRESENTATION_CONTEXT(3)
GLOBAL_UNCERTAINTY_ASSIGNED_CONTEXT((#2642))
GLOBAL_UNIT_ASSIGNED_CONTEXT((#2645,#2644,#2643))
REPRESENTATION_CONTEXT('Part 1','TOP_LEVEL_ASSEMBLY_PART')
);
#2642=UNCERTAINTY_MEASURE_WITH_UNIT(LENGTH_MEASURE(1.E-8),#2645,
'DISTANCE_ACCURACY_VALUE','Maximum Tolerance applied to model');
#2643=(
NAMED_UNIT(*)
SI_UNIT($,.STERADIAN.)
SOLID_ANGLE_UNIT()
);
#2644=(
NAMED_UNIT(*)
PLANE_ANGLE_UNIT()
SI_UNIT($,.RADIAN.)
);
#2645=(
LENGTH_UNIT()
NAMED_UNIT(*)
SI_UNIT($,.METRE.)
);
#2646=PRODUCT_DEFINITION_SHAPE('','',#2647);
#2647=PRODUCT_DEFINITION('','',#2649,#2648);
#2648=PRODUCT_DEFINITION_CONTEXT('',#2655,'design');
#2649=PRODUCT_DEFINITION_FORMATION_WITH_SPECIFIED_SOURCE('','',#2651,
 .NOT_KNOWN.);
#2650=PRODUCT_RELATED_PRODUCT_CATEGORY('','',(#2651));
#2651=PRODUCT('Part 1','Part 1','Part 1',(#2653));
#2652=PRODUCT_CATEGORY('','');
#2653=PRODUCT_CONTEXT('',#2655,'mechanical');
#2654=APPLICATION_PROTOCOL_DEFINITION('international standard',
'ap242_managed_model_based_3d_engineering',2020,#2655);
#2655=APPLICATION_CONTEXT('managed model based 3d engineering');
ENDSEC;
END-ISO-10303-21;
